algorithm,seed,angular_velocity
Vanilla_DQN,0,-0.006605303846299648
Vanilla_DQN,0,-0.01113833487033844
Vanilla_DQN,0,-0.013614584691822529
Vanilla_DQN,0,-0.013741850852966309
Vanilla_DQN,0,-0.012036442756652832
Vanilla_DQN,0,-0.008237173780798912
Vanilla_DQN,0,-0.003599617164582014
Vanilla_DQN,0,-0.0010919165797531605
Vanilla_DQN,0,0.0035071945749223232
Vanilla_DQN,0,0.009865982457995415
Vanilla_DQN,0,0.014429888688027859
Vanilla_DQN,0,0.02059037610888481
Vanilla_DQN,0,0.026504291221499443
Vanilla_DQN,0,0.03211170807480812
Vanilla_DQN,0,0.03744037076830864
Vanilla_DQN,0,0.04343884065747261
Vanilla_DQN,0,0.049647245556116104
Vanilla_DQN,0,0.056424204260110855
Vanilla_DQN,0,0.06275558471679688
Vanilla_DQN,0,0.06833520531654358
Vanilla_DQN,0,0.07332000881433487
Vanilla_DQN,0,0.0788082703948021
Vanilla_DQN,0,0.08353593945503235
Vanilla_DQN,0,0.08775418996810913
Vanilla_DQN,0,0.09210814535617828
Vanilla_DQN,0,0.09675198793411255
Vanilla_DQN,0,0.10214179754257202
Vanilla_DQN,0,0.10992009192705154
Vanilla_DQN,0,0.11841943114995956
Vanilla_DQN,0,0.12768587470054626
Vanilla_DQN,0,0.13682697713375092
Vanilla_DQN,0,0.1459680050611496
Vanilla_DQN,0,0.15504272282123566
Vanilla_DQN,0,0.16411399841308594
Vanilla_DQN,0,0.1736678183078766
Vanilla_DQN,0,0.18361766636371613
Vanilla_DQN,0,0.19429682195186615
Vanilla_DQN,0,0.2053624838590622
Vanilla_DQN,0,0.21721801161766052
Vanilla_DQN,0,0.22968697547912598
Vanilla_DQN,0,0.24292775988578796
Vanilla_DQN,0,0.253679484128952
Vanilla_DQN,0,0.2649756968021393
Vanilla_DQN,0,0.275821328163147
Vanilla_DQN,0,0.28738194704055786
Vanilla_DQN,0,0.2968776822090149
Vanilla_DQN,0,0.3071008026599884
Vanilla_DQN,0,0.31771543622016907
Vanilla_DQN,0,0.32753562927246094
Vanilla_DQN,0,0.3365406095981598
Vanilla_DQN,0,0.3455680310726166
Vanilla_DQN,0,0.35297900438308716
Vanilla_DQN,0,0.35966044664382935
Vanilla_DQN,0,0.3662250339984894
Vanilla_DQN,0,0.37289565801620483
Vanilla_DQN,0,0.3777809143066406
Vanilla_DQN,0,0.3822050094604492
Vanilla_DQN,0,0.38627269864082336
Vanilla_DQN,0,0.3904324173927307
Vanilla_DQN,0,0.39469507336616516
Vanilla_DQN,0,0.3988114595413208
Vanilla_DQN,0,0.40314212441444397
Vanilla_DQN,0,0.4055238664150238
Vanilla_DQN,0,0.4057362675666809
Vanilla_DQN,0,0.4042341113090515
Vanilla_DQN,0,0.4002406895160675
Vanilla_DQN,0,0.3938594460487366
Vanilla_DQN,0,0.3850741386413574
Vanilla_DQN,0,0.3743802011013031
Vanilla_DQN,0,0.3656007647514343
Vanilla_DQN,0,0.3545638918876648
Vanilla_DQN,0,0.3459492623806
Vanilla_DQN,0,0.335726797580719
Vanilla_DQN,0,0.3276251256465912
Vanilla_DQN,0,0.3169940710067749
Vanilla_DQN,0,0.3085905611515045
Vanilla_DQN,0,0.30186015367507935
Vanilla_DQN,0,0.2930743396282196
Vanilla_DQN,0,0.2858218550682068
Vanilla_DQN,0,0.2809262275695801
Vanilla_DQN,0,0.2736758887767792
Vanilla_DQN,0,0.2679841220378876
Vanilla_DQN,0,0.2627120018005371
Vanilla_DQN,0,0.2556638717651367
Vanilla_DQN,0,0.24890293180942535
Vanilla_DQN,0,0.24158158898353577
Vanilla_DQN,0,0.2318296730518341
Vanilla_DQN,0,0.22221069037914276
Vanilla_DQN,0,0.21263612806797028
Vanilla_DQN,0,0.20236937701702118
Vanilla_DQN,0,0.19001281261444092
Vanilla_DQN,0,0.17811645567417145
Vanilla_DQN,0,0.16637280583381653
Vanilla_DQN,0,0.1541031002998352
Vanilla_DQN,0,0.14132031798362732
Vanilla_DQN,0,0.12871085107326508
Vanilla_DQN,0,0.11452628672122955
Vanilla_DQN,0,0.10075422376394272
Vanilla_DQN,0,0.08679412305355072
Vanilla_DQN,0,0.07460499554872513
Vanilla_DQN,0,0.06451461464166641
Vanilla_DQN,0,0.056440528482198715
Vanilla_DQN,0,0.04610958695411682
Vanilla_DQN,0,0.0351516418159008
Vanilla_DQN,0,0.026611633598804474
Vanilla_DQN,0,0.018298739567399025
Vanilla_DQN,0,0.012309196405112743
Vanilla_DQN,0,0.004511781968176365
Vanilla_DQN,0,-0.0033515160903334618
Vanilla_DQN,0,-0.009514235891401768
Vanilla_DQN,0,-0.015543706715106964
Vanilla_DQN,0,-0.021053161472082138
Vanilla_DQN,0,-0.0257379412651062
Vanilla_DQN,0,-0.028894981369376183
Vanilla_DQN,0,-0.03208259493112564
Vanilla_DQN,0,-0.03509582579135895
Vanilla_DQN,0,-0.03653081879019737
Vanilla_DQN,0,-0.037400633096694946
Vanilla_DQN,0,-0.03856388479471207
Vanilla_DQN,0,-0.03801582008600235
Vanilla_DQN,0,-0.0375974141061306
Vanilla_DQN,0,-0.03787454962730408
Vanilla_DQN,0,-0.04042791575193405
Vanilla_DQN,0,-0.04327986016869545
Vanilla_DQN,0,-0.04659391567111015
Vanilla_DQN,0,-0.05181613191962242
Vanilla_DQN,0,-0.057690635323524475
Vanilla_DQN,0,-0.06440688669681549
Vanilla_DQN,0,-0.06948123872280121
Vanilla_DQN,0,-0.07421153783798218
Vanilla_DQN,0,-0.07812849432229996
Vanilla_DQN,0,-0.07997573912143707
Vanilla_DQN,0,-0.08102279901504517
Vanilla_DQN,0,-0.0803302600979805
Vanilla_DQN,0,-0.08160299807786942
Vanilla_DQN,0,-0.08253489434719086
Vanilla_DQN,0,-0.08301496505737305
Vanilla_DQN,0,-0.08417893946170807
Vanilla_DQN,0,-0.08606087416410446
Vanilla_DQN,0,-0.08587934076786041
Vanilla_DQN,0,-0.08555163443088531
Vanilla_DQN,0,-0.08449216932058334
Vanilla_DQN,0,-0.0828859731554985
Vanilla_DQN,0,-0.08113829046487808
Vanilla_DQN,0,-0.07761250436306
Vanilla_DQN,0,-0.07640257477760315
Vanilla_DQN,0,-0.07466374337673187
Vanilla_DQN,0,-0.07317575812339783
Vanilla_DQN,0,-0.07168775796890259
Vanilla_DQN,0,-0.07030129432678223
Vanilla_DQN,0,-0.06891483813524246
Vanilla_DQN,0,-0.06789819151163101
Vanilla_DQN,0,-0.06626908481121063
Vanilla_DQN,0,-0.0646653026342392
Vanilla_DQN,0,-0.06306152045726776
Vanilla_DQN,0,-0.06174679100513458
Vanilla_DQN,0,-0.060432083904743195
Vanilla_DQN,0,-0.059403497725725174
Vanilla_DQN,0,-0.05888081341981888
Vanilla_DQN,0,-0.05835812911391258
Vanilla_DQN,0,-0.057835448533296585
Vanilla_DQN,0,-0.05721593648195267
Vanilla_DQN,0,-0.05649852752685547
Vanilla_DQN,0,-0.05578111112117767
Vanilla_DQN,0,-0.05481654778122902
Vanilla_DQN,0,-0.05385198816657066
Vanilla_DQN,0,-0.05276147648692131
Vanilla_DQN,0,-0.05084078758955002
Vanilla_DQN,0,-0.04950568825006485
Vanilla_DQN,0,-0.04817059636116028
Vanilla_DQN,0,-0.04683549329638481
Vanilla_DQN,0,-0.045500386506319046
Vanilla_DQN,0,-0.044604793190956116
Vanilla_DQN,0,-0.04356493055820465
Vanilla_DQN,0,-0.04293540492653847
Vanilla_DQN,0,-0.021211978048086166
Vanilla_DQN,0,0.0002727886021602899
Vanilla_DQN,0,0.02109471708536148
Vanilla_DQN,0,0.04173833504319191
Vanilla_DQN,0,0.0495031513273716
Vanilla_DQN,0,0.04198324307799339
Vanilla_DQN,0,0.03537917509675026
Vanilla_DQN,0,0.029470693320035934
Vanilla_DQN,0,0.024388331919908524
Vanilla_DQN,0,0.020188746973872185
Vanilla_DQN,0,0.018753066658973694
Vanilla_DQN,0,0.019279122352600098
Vanilla_DQN,0,0.020298639312386513
Vanilla_DQN,0,0.021174561232328415
Vanilla_DQN,0,0.022050490602850914
Vanilla_DQN,0,0.022926416248083115
Vanilla_DQN,0,0.01717873103916645
Vanilla_DQN,0,0.015561571344733238
Vanilla_DQN,0,0.015566344372928143
Vanilla_DQN,0,0.015553819946944714
Vanilla_DQN,0,0.015541467815637589
Vanilla_DQN,0,0.015537118539214134
Vanilla_DQN,0,0.015538002364337444
Vanilla_DQN,0,0.015539742074906826
Vanilla_DQN,0,0.01554037630558014
Vanilla_DQN,0,0.0155400475487113
Vanilla_DQN,0,0.015539492480456829
Vanilla_DQN,0,0.015539138577878475
Vanilla_DQN,0,0.015538979321718216
Vanilla_DQN,0,0.015538908541202545
Vanilla_DQN,0,0.015538853593170643
Vanilla_DQN,0,0.015538773499429226
Vanilla_DQN,0,0.015538702718913555
Vanilla_DQN,0,0.015538634732365608
Vanilla_DQN,0,0.01553858257830143
Vanilla_DQN,0,0.015538551844656467
Vanilla_DQN,0,0.015538522973656654
Vanilla_DQN,0,0.015538496896624565
Vanilla_DQN,0,0.015538486652076244
Vanilla_DQN,0,0.015538470819592476
Vanilla_DQN,0,0.015538462437689304
Vanilla_DQN,0,0.01553844753652811
Vanilla_DQN,0,-0.006605303846299648
Vanilla_DQN,0,-0.01113833487033844
Vanilla_DQN,0,-0.013614584691822529
Vanilla_DQN,0,-0.013741850852966309
Vanilla_DQN,0,-0.012036442756652832
Vanilla_DQN,0,-0.008237173780798912
Vanilla_DQN,0,-0.003599617164582014
Vanilla_DQN,0,-0.0010919165797531605
Vanilla_DQN,0,0.0035071945749223232
Vanilla_DQN,0,0.009865982457995415
Vanilla_DQN,0,0.014429888688027859
Vanilla_DQN,0,0.02059037610888481
Vanilla_DQN,0,0.026504291221499443
Vanilla_DQN,0,0.03211170807480812
Vanilla_DQN,0,0.03744037076830864
Vanilla_DQN,0,0.04343884065747261
Vanilla_DQN,0,0.049647245556116104
Vanilla_DQN,0,0.056424204260110855
Vanilla_DQN,0,0.06275558471679688
Vanilla_DQN,0,0.06833520531654358
Vanilla_DQN,0,0.07332000881433487
Vanilla_DQN,0,0.0788082703948021
Vanilla_DQN,0,0.08353593945503235
Vanilla_DQN,0,0.08775418996810913
Vanilla_DQN,0,0.09210814535617828
Vanilla_DQN,0,0.09675198793411255
Vanilla_DQN,0,0.10214179754257202
Vanilla_DQN,0,0.10992009192705154
Vanilla_DQN,0,0.11841943114995956
Vanilla_DQN,0,0.12768587470054626
Vanilla_DQN,0,0.13682697713375092
Vanilla_DQN,0,0.1459680050611496
Vanilla_DQN,0,0.15504272282123566
Vanilla_DQN,0,0.16411399841308594
Vanilla_DQN,0,0.1736678183078766
Vanilla_DQN,0,0.18361766636371613
Vanilla_DQN,0,0.19429682195186615
Vanilla_DQN,0,0.2053624838590622
Vanilla_DQN,0,0.21721801161766052
Vanilla_DQN,0,0.22968697547912598
Vanilla_DQN,0,0.24292775988578796
Vanilla_DQN,0,0.253679484128952
Vanilla_DQN,0,0.2649756968021393
Vanilla_DQN,0,0.275821328163147
Vanilla_DQN,0,0.28738194704055786
Vanilla_DQN,0,0.2968776822090149
Vanilla_DQN,0,0.3071008026599884
Vanilla_DQN,0,0.31771543622016907
Vanilla_DQN,0,0.32753562927246094
Vanilla_DQN,0,0.3365406095981598
Vanilla_DQN,0,0.3455680310726166
Vanilla_DQN,0,0.35297900438308716
Vanilla_DQN,0,0.35966044664382935
Vanilla_DQN,0,0.3662250339984894
Vanilla_DQN,0,0.37289565801620483
Vanilla_DQN,0,0.3777809143066406
Vanilla_DQN,0,0.3822050094604492
Vanilla_DQN,0,0.38627269864082336
Vanilla_DQN,0,0.3904324173927307
Vanilla_DQN,0,0.39469507336616516
Vanilla_DQN,0,0.3988114595413208
Vanilla_DQN,0,0.40314212441444397
Vanilla_DQN,0,0.4055238664150238
Vanilla_DQN,0,0.4057362675666809
Vanilla_DQN,0,0.4042341113090515
Vanilla_DQN,0,0.4002406895160675
Vanilla_DQN,0,0.3938594460487366
Vanilla_DQN,0,0.3850741386413574
Vanilla_DQN,0,0.3743802011013031
Vanilla_DQN,0,0.3656007647514343
Vanilla_DQN,0,0.3545638918876648
Vanilla_DQN,0,0.3459492623806
Vanilla_DQN,0,0.335726797580719
Vanilla_DQN,0,0.3276251256465912
Vanilla_DQN,0,0.3169940710067749
Vanilla_DQN,0,0.3085905611515045
Vanilla_DQN,0,0.30186015367507935
Vanilla_DQN,0,0.2930743396282196
Vanilla_DQN,0,0.2858218550682068
Vanilla_DQN,0,0.2809262275695801
Vanilla_DQN,0,0.2736758887767792
Vanilla_DQN,0,0.2679841220378876
Vanilla_DQN,0,0.2627120018005371
Vanilla_DQN,0,0.2556638717651367
Vanilla_DQN,0,0.24890293180942535
Vanilla_DQN,0,0.24158158898353577
Vanilla_DQN,0,0.2318296730518341
Vanilla_DQN,0,0.22221069037914276
Vanilla_DQN,0,0.21263612806797028
Vanilla_DQN,0,0.20236937701702118
Vanilla_DQN,0,0.19001281261444092
Vanilla_DQN,0,0.17811645567417145
Vanilla_DQN,0,0.16637280583381653
Vanilla_DQN,0,0.1541031002998352
Vanilla_DQN,0,0.14132031798362732
Vanilla_DQN,0,0.12871085107326508
Vanilla_DQN,0,0.11452628672122955
Vanilla_DQN,0,0.10075422376394272
Vanilla_DQN,0,0.08679412305355072
Vanilla_DQN,0,0.07460499554872513
Vanilla_DQN,0,0.06451461464166641
Vanilla_DQN,0,0.056440528482198715
Vanilla_DQN,0,0.04610958695411682
Vanilla_DQN,0,0.0351516418159008
Vanilla_DQN,0,0.026611633598804474
Vanilla_DQN,0,0.018298739567399025
Vanilla_DQN,0,0.012309196405112743
Vanilla_DQN,0,0.004511781968176365
Vanilla_DQN,0,-0.0033515160903334618
Vanilla_DQN,0,-0.009514235891401768
Vanilla_DQN,0,-0.015543706715106964
Vanilla_DQN,0,-0.021053161472082138
Vanilla_DQN,0,-0.0257379412651062
Vanilla_DQN,0,-0.028894981369376183
Vanilla_DQN,0,-0.03208259493112564
Vanilla_DQN,0,-0.03509582579135895
Vanilla_DQN,0,-0.03653081879019737
Vanilla_DQN,0,-0.037400633096694946
Vanilla_DQN,0,-0.03856388479471207
Vanilla_DQN,0,-0.03801582008600235
Vanilla_DQN,0,-0.0375974141061306
Vanilla_DQN,0,-0.03787454962730408
Vanilla_DQN,0,-0.04042791575193405
Vanilla_DQN,0,-0.04327986016869545
Vanilla_DQN,0,-0.04659391567111015
Vanilla_DQN,0,-0.05181613191962242
Vanilla_DQN,0,-0.057690635323524475
Vanilla_DQN,0,-0.06440688669681549
Vanilla_DQN,0,-0.07346272468566895
Vanilla_DQN,0,-0.08217446506023407
Vanilla_DQN,0,-0.09007281810045242
Vanilla_DQN,0,-0.09809804707765579
Vanilla_DQN,0,-0.10459800809621811
Vanilla_DQN,0,-0.1093563437461853
Vanilla_DQN,0,-0.11415385454893112
Vanilla_DQN,0,-0.11715345084667206
Vanilla_DQN,0,-0.11970121413469315
Vanilla_DQN,0,-0.12293290346860886
Vanilla_DQN,0,-0.12688253819942474
Vanilla_DQN,0,-0.1309518963098526
Vanilla_DQN,0,-0.13311079144477844
Vanilla_DQN,0,-0.1345379501581192
Vanilla_DQN,0,-0.1354183703660965
Vanilla_DQN,0,-0.13615719974040985
Vanilla_DQN,0,-0.13511453568935394
Vanilla_DQN,0,-0.13352149724960327
Vanilla_DQN,0,-0.13139961659908295
Vanilla_DQN,0,-0.12952855229377747
Vanilla_DQN,0,-0.12555566430091858
Vanilla_DQN,0,-0.1215827688574791
Vanilla_DQN,0,-0.11823731660842896
Vanilla_DQN,0,-0.11489185690879822
Vanilla_DQN,0,-0.11093399673700333
Vanilla_DQN,0,-0.10700143873691559
Vanilla_DQN,0,-0.10376579314470291
Vanilla_DQN,0,-0.10053014010190964
Vanilla_DQN,0,-0.09729450196027756
Vanilla_DQN,0,-0.09434495866298676
Vanilla_DQN,0,-0.0919012501835823
Vanilla_DQN,0,-0.08945754915475845
Vanilla_DQN,0,-0.0863669216632843
Vanilla_DQN,0,-0.0831795185804367
Vanilla_DQN,0,-0.07999211549758911
Vanilla_DQN,0,-0.07644522935152054
Vanilla_DQN,0,-0.07265122979879379
Vanilla_DQN,0,-0.06885721534490585
Vanilla_DQN,0,-0.06493725627660751
Vanilla_DQN,0,-0.06101730465888977
Vanilla_DQN,0,-0.05768297612667084
Vanilla_DQN,0,-0.05434863269329071
Vanilla_DQN,0,-0.05132976546883583
Vanilla_DQN,0,-0.04763375595211983
Vanilla_DQN,0,-0.04393775388598442
Vanilla_DQN,0,-0.04009748622775078
Vanilla_DQN,0,-0.03625722974538803
Vanilla_DQN,0,-0.033229339867830276
Vanilla_DQN,0,-0.030721331015229225
Vanilla_DQN,0,-0.02887396700680256
Vanilla_DQN,0,-0.009726532734930515
Vanilla_DQN,0,0.009840372018516064
Vanilla_DQN,0,0.02978820912539959
Vanilla_DQN,0,0.030490977689623833
Vanilla_DQN,0,0.014193580485880375
Vanilla_DQN,0,0.006965336389839649
Vanilla_DQN,0,0.0033180597238242626
Vanilla_DQN,0,0.0032477271743118763
Vanilla_DQN,0,0.006255005020648241
Vanilla_DQN,0,0.01145460456609726
Vanilla_DQN,0,0.017825402319431305
Vanilla_DQN,0,0.024257762357592583
Vanilla_DQN,0,0.026689551770687103
Vanilla_DQN,0,0.02669316716492176
Vanilla_DQN,0,0.02669462375342846
Vanilla_DQN,0,0.026694200932979584
Vanilla_DQN,0,0.02669360488653183
Vanilla_DQN,0,0.026693355292081833
Vanilla_DQN,0,0.026693373918533325
Vanilla_DQN,0,0.026693491265177727
Vanilla_DQN,0,0.026693547144532204
Vanilla_DQN,0,0.026693549007177353
Vanilla_DQN,0,0.02669353038072586
Vanilla_DQN,0,0.026693515479564667
Vanilla_DQN,0,0.02669350616633892
Vanilla_DQN,0,0.02669350802898407
Vanilla_DQN,0,0.02669350989162922
Vanilla_DQN,0,0.02669351175427437
Vanilla_DQN,0,0.02669350989162922
Vanilla_DQN,0,0.026693500578403473
Vanilla_DQN,0,0.026693496853113174
Vanilla_DQN,0,0.026693478226661682
Vanilla_DQN,0,0.026693467050790787
Vanilla_DQN,0,0.026693468913435936
Vanilla_DQN,0,0.026693454012274742
Vanilla_DQN,0,0.026693448424339294
Vanilla_DQN,0,0.026693452149629593
Vanilla_DQN,0,-0.006605303846299648
Vanilla_DQN,0,-0.01113833487033844
Vanilla_DQN,0,-0.013614584691822529
Vanilla_DQN,0,-0.013741850852966309
Vanilla_DQN,0,-0.012036442756652832
Vanilla_DQN,0,-0.008237173780798912
Vanilla_DQN,0,-0.003599617164582014
Vanilla_DQN,0,-0.0010919165797531605
Vanilla_DQN,0,0.0035071945749223232
Vanilla_DQN,0,0.009865982457995415
Vanilla_DQN,0,0.014429888688027859
Vanilla_DQN,0,0.02059037610888481
Vanilla_DQN,0,0.026504291221499443
Vanilla_DQN,0,0.03211170807480812
Vanilla_DQN,0,0.03744037076830864
Vanilla_DQN,0,0.04343884065747261
Vanilla_DQN,0,0.049647245556116104
Vanilla_DQN,0,0.056424204260110855
Vanilla_DQN,0,0.06275558471679688
Vanilla_DQN,0,0.06833520531654358
Vanilla_DQN,0,0.07332000881433487
Vanilla_DQN,0,0.0788082703948021
Vanilla_DQN,0,0.08353593945503235
Vanilla_DQN,0,0.08775418996810913
Vanilla_DQN,0,0.09210814535617828
Vanilla_DQN,0,0.09675198793411255
Vanilla_DQN,0,0.10214179754257202
Vanilla_DQN,0,0.10992009192705154
Vanilla_DQN,0,0.11841943114995956
Vanilla_DQN,0,0.12768587470054626
Vanilla_DQN,0,0.13682697713375092
Vanilla_DQN,0,0.1459680050611496
Vanilla_DQN,0,0.15504272282123566
Vanilla_DQN,0,0.16411399841308594
Vanilla_DQN,0,0.1736678183078766
Vanilla_DQN,0,0.18361766636371613
Vanilla_DQN,0,0.19429682195186615
Vanilla_DQN,0,0.2053624838590622
Vanilla_DQN,0,0.21721801161766052
Vanilla_DQN,0,0.22968697547912598
Vanilla_DQN,0,0.24292775988578796
Vanilla_DQN,0,0.253679484128952
Vanilla_DQN,0,0.2649756968021393
Vanilla_DQN,0,0.275821328163147
Vanilla_DQN,0,0.28738194704055786
Vanilla_DQN,0,0.2968776822090149
Vanilla_DQN,0,0.3071008026599884
Vanilla_DQN,0,0.31771543622016907
Vanilla_DQN,0,0.32753562927246094
Vanilla_DQN,0,0.3365406095981598
Vanilla_DQN,0,0.3455680310726166
Vanilla_DQN,0,0.35297900438308716
Vanilla_DQN,0,0.35966044664382935
Vanilla_DQN,0,0.3662250339984894
Vanilla_DQN,0,0.37289565801620483
Vanilla_DQN,0,0.3777809143066406
Vanilla_DQN,0,0.3822050094604492
Vanilla_DQN,0,0.38627269864082336
Vanilla_DQN,0,0.3904324173927307
Vanilla_DQN,0,0.39469507336616516
Vanilla_DQN,0,0.3988114595413208
Vanilla_DQN,0,0.40314212441444397
Vanilla_DQN,0,0.4055238664150238
Vanilla_DQN,0,0.4057362675666809
Vanilla_DQN,0,0.4042341113090515
Vanilla_DQN,0,0.4002406895160675
Vanilla_DQN,0,0.3938594460487366
Vanilla_DQN,0,0.3850741386413574
Vanilla_DQN,0,0.3743802011013031
Vanilla_DQN,0,0.3656007647514343
Vanilla_DQN,0,0.3545638918876648
Vanilla_DQN,0,0.3459492623806
Vanilla_DQN,0,0.335726797580719
Vanilla_DQN,0,0.3276251256465912
Vanilla_DQN,0,0.3169940710067749
Vanilla_DQN,0,0.3085905611515045
Vanilla_DQN,0,0.30186015367507935
Vanilla_DQN,0,0.2930743396282196
Vanilla_DQN,0,0.2858218550682068
Vanilla_DQN,0,0.2809262275695801
Vanilla_DQN,0,0.2736758887767792
Vanilla_DQN,0,0.2679841220378876
Vanilla_DQN,0,0.2627120018005371
Vanilla_DQN,0,0.2556638717651367
Vanilla_DQN,0,0.24890293180942535
Vanilla_DQN,0,0.24158158898353577
Vanilla_DQN,0,0.2318296730518341
Vanilla_DQN,0,0.22221069037914276
Vanilla_DQN,0,0.21263612806797028
Vanilla_DQN,0,0.20236937701702118
Vanilla_DQN,0,0.19210270047187805
Vanilla_DQN,0,0.18229614198207855
Vanilla_DQN,0,0.172642320394516
Vanilla_DQN,0,0.16246233880519867
Vanilla_DQN,0,0.150582954287529
Vanilla_DQN,0,0.13887688517570496
Vanilla_DQN,0,0.12645092606544495
Vanilla_DQN,0,0.1117844507098198
Vanilla_DQN,0,0.09692997485399246
Vanilla_DQN,0,0.08245696872472763
Vanilla_DQN,0,0.07008376717567444
Vanilla_DQN,0,0.057665061205625534
Vanilla_DQN,0,0.046970076858997345
Vanilla_DQN,0,0.03863386809825897
Vanilla_DQN,0,0.03271587938070297
Vanilla_DQN,0,0.027024995535612106
Vanilla_DQN,0,0.019679786637425423
Vanilla_DQN,0,0.012028656899929047
Vanilla_DQN,0,0.004311623517423868
Vanilla_DQN,0,-0.001704831956885755
Vanilla_DQN,0,-0.005811057053506374
Vanilla_DQN,0,-0.00939725898206234
Vanilla_DQN,0,-0.012158801779150963
Vanilla_DQN,0,-0.017369719222187996
Vanilla_DQN,0,-0.02261122316122055
Vanilla_DQN,0,-0.02596552111208439
Vanilla_DQN,0,-0.028621505945920944
Vanilla_DQN,0,-0.029622728005051613
Vanilla_DQN,0,-0.030917387455701828
Vanilla_DQN,0,-0.03173686936497688
Vanilla_DQN,0,-0.03446853160858154
Vanilla_DQN,0,-0.037895724177360535
Vanilla_DQN,0,-0.03962050750851631
Vanilla_DQN,0,-0.04164395481348038
Vanilla_DQN,0,-0.045382559299468994
Vanilla_DQN,0,-0.04925967752933502
Vanilla_DQN,0,-0.05378912016749382
Vanilla_DQN,0,-0.05916030332446098
Vanilla_DQN,0,-0.06393727660179138
Vanilla_DQN,0,-0.06692840158939362
Vanilla_DQN,0,-0.07238820940256119
Vanilla_DQN,0,-0.07797495275735855
Vanilla_DQN,0,-0.08276147395372391
Vanilla_DQN,0,-0.08580825477838516
Vanilla_DQN,0,-0.08683572709560394
Vanilla_DQN,0,-0.08752238005399704
Vanilla_DQN,0,-0.0877571702003479
Vanilla_DQN,0,-0.08867587149143219
Vanilla_DQN,0,-0.0871780514717102
Vanilla_DQN,0,-0.0857999324798584
Vanilla_DQN,0,-0.08427561819553375
Vanilla_DQN,0,-0.08517847955226898
Vanilla_DQN,0,-0.08553455024957657
Vanilla_DQN,0,-0.08574908971786499
Vanilla_DQN,0,-0.08418536186218262
Vanilla_DQN,0,-0.08207129687070847
Vanilla_DQN,0,-0.07942837476730347
Vanilla_DQN,0,-0.07678545266389847
Vanilla_DQN,0,-0.07432465255260468
Vanilla_DQN,0,-0.07196531444787979
Vanilla_DQN,0,-0.0696059912443161
Vanilla_DQN,0,-0.06761646270751953
Vanilla_DQN,0,-0.06562694162130356
Vanilla_DQN,0,-0.06366272270679474
Vanilla_DQN,0,-0.06239538639783859
Vanilla_DQN,0,-0.06112805753946304
Vanilla_DQN,0,-0.05956549569964409
Vanilla_DQN,0,-0.0582890585064888
Vanilla_DQN,0,-0.05701262503862381
Vanilla_DQN,0,-0.05653787776827812
Vanilla_DQN,0,-0.05541624128818512
Vanilla_DQN,0,-0.054197851568460464
Vanilla_DQN,0,-0.05297945812344551
Vanilla_DQN,0,-0.05140157788991928
Vanilla_DQN,0,-0.04957655817270279
Vanilla_DQN,0,-0.047751534730196
Vanilla_DQN,0,-0.0458005852997303
Vanilla_DQN,0,-0.04301946237683296
Vanilla_DQN,0,-0.04023834317922592
Vanilla_DQN,0,-0.037125565111637115
Vanilla_DQN,0,-0.034012798219919205
Vanilla_DQN,0,-0.03022284433245659
Vanilla_DQN,0,-0.02687237039208412
Vanilla_DQN,0,-0.02352188155055046
Vanilla_DQN,0,-0.020581772550940514
Vanilla_DQN,0,-0.01845400407910347
Vanilla_DQN,0,-0.016846170648932457
Vanilla_DQN,0,0.003336413996294141
Vanilla_DQN,0,0.023539869114756584
Vanilla_DQN,0,0.033493585884571075
Vanilla_DQN,0,0.0321497842669487
Vanilla_DQN,0,0.028176136314868927
Vanilla_DQN,0,0.02248304896056652
Vanilla_DQN,0,0.020795051008462906
Vanilla_DQN,0,0.020789859816432
Vanilla_DQN,0,0.020798679441213608
Vanilla_DQN,0,0.02080594189465046
Vanilla_DQN,0,0.020807873457670212
Vanilla_DQN,0,0.02080678753554821
Vanilla_DQN,0,0.02080547623336315
Vanilla_DQN,0,0.020804982632398605
Vanilla_DQN,0,0.02080508880317211
Vanilla_DQN,0,0.020805319771170616
Vanilla_DQN,0,0.02080542966723442
Vanilla_DQN,0,0.020805424079298973
Vanilla_DQN,0,0.02080538310110569
Vanilla_DQN,0,0.02080535888671875
Vanilla_DQN,0,0.02080535516142845
Vanilla_DQN,0,0.02080536261200905
Vanilla_DQN,0,0.020805370062589645
Vanilla_DQN,0,0.020805377513170242
Vanilla_DQN,0,0.020805373787879944
Vanilla_DQN,0,0.020805366337299347
Vanilla_DQN,0,0.02080535888671875
Vanilla_DQN,0,0.020805351436138153
Vanilla_DQN,0,0.020805345848202705
Vanilla_DQN,0,0.020805342122912407
Vanilla_DQN,0,0.020805340260267258
Vanilla_DQN,0,-0.006605303846299648
Vanilla_DQN,0,-0.01113833487033844
Vanilla_DQN,0,-0.013614584691822529
Vanilla_DQN,0,-0.013741850852966309
Vanilla_DQN,0,-0.012036442756652832
Vanilla_DQN,0,-0.008237173780798912
Vanilla_DQN,0,-0.003599617164582014
Vanilla_DQN,0,-0.0010919165797531605
Vanilla_DQN,0,0.0035071945749223232
Vanilla_DQN,0,0.009865982457995415
Vanilla_DQN,0,0.014429888688027859
Vanilla_DQN,0,0.02059037610888481
Vanilla_DQN,0,0.026504291221499443
Vanilla_DQN,0,0.03211170807480812
Vanilla_DQN,0,0.03744037076830864
Vanilla_DQN,0,0.04343884065747261
Vanilla_DQN,0,0.049647245556116104
Vanilla_DQN,0,0.056424204260110855
Vanilla_DQN,0,0.06275558471679688
Vanilla_DQN,0,0.06833520531654358
Vanilla_DQN,0,0.07332000881433487
Vanilla_DQN,0,0.0788082703948021
Vanilla_DQN,0,0.08353593945503235
Vanilla_DQN,0,0.08775418996810913
Vanilla_DQN,0,0.09210814535617828
Vanilla_DQN,0,0.09675198793411255
Vanilla_DQN,0,0.10214179754257202
Vanilla_DQN,0,0.10992009192705154
Vanilla_DQN,0,0.11841943114995956
Vanilla_DQN,0,0.12768587470054626
Vanilla_DQN,0,0.13682697713375092
Vanilla_DQN,0,0.1459680050611496
Vanilla_DQN,0,0.15504272282123566
Vanilla_DQN,0,0.16411399841308594
Vanilla_DQN,0,0.1736678183078766
Vanilla_DQN,0,0.18361766636371613
Vanilla_DQN,0,0.19429682195186615
Vanilla_DQN,0,0.2053624838590622
Vanilla_DQN,0,0.21721801161766052
Vanilla_DQN,0,0.22968697547912598
Vanilla_DQN,0,0.24292775988578796
Vanilla_DQN,0,0.253679484128952
Vanilla_DQN,0,0.2649756968021393
Vanilla_DQN,0,0.275821328163147
Vanilla_DQN,0,0.28738194704055786
Vanilla_DQN,0,0.2968776822090149
Vanilla_DQN,0,0.3071008026599884
Vanilla_DQN,0,0.31771543622016907
Vanilla_DQN,0,0.32753562927246094
Vanilla_DQN,0,0.3365406095981598
Vanilla_DQN,0,0.3455680310726166
Vanilla_DQN,0,0.35297900438308716
Vanilla_DQN,0,0.35966044664382935
Vanilla_DQN,0,0.3662250339984894
Vanilla_DQN,0,0.37289565801620483
Vanilla_DQN,0,0.3777809143066406
Vanilla_DQN,0,0.3822050094604492
Vanilla_DQN,0,0.38627269864082336
Vanilla_DQN,0,0.3904324173927307
Vanilla_DQN,0,0.39469507336616516
Vanilla_DQN,0,0.3988114595413208
Vanilla_DQN,0,0.40314212441444397
Vanilla_DQN,0,0.4055238664150238
Vanilla_DQN,0,0.4057362675666809
Vanilla_DQN,0,0.4042341113090515
Vanilla_DQN,0,0.4002406895160675
Vanilla_DQN,0,0.3938594460487366
Vanilla_DQN,0,0.3850741386413574
Vanilla_DQN,0,0.3743802011013031
Vanilla_DQN,0,0.3656007647514343
Vanilla_DQN,0,0.3545638918876648
Vanilla_DQN,0,0.3459492623806
Vanilla_DQN,0,0.335726797580719
Vanilla_DQN,0,0.3276251256465912
Vanilla_DQN,0,0.3169940710067749
Vanilla_DQN,0,0.3085905611515045
Vanilla_DQN,0,0.30186015367507935
Vanilla_DQN,0,0.2930743396282196
Vanilla_DQN,0,0.2858218550682068
Vanilla_DQN,0,0.2809262275695801
Vanilla_DQN,0,0.2736758887767792
Vanilla_DQN,0,0.2679841220378876
Vanilla_DQN,0,0.2627120018005371
Vanilla_DQN,0,0.2556638717651367
Vanilla_DQN,0,0.24890293180942535
Vanilla_DQN,0,0.24158158898353577
Vanilla_DQN,0,0.2318296730518341
Vanilla_DQN,0,0.22221069037914276
Vanilla_DQN,0,0.21263612806797028
Vanilla_DQN,0,0.20236937701702118
Vanilla_DQN,0,0.19001281261444092
Vanilla_DQN,0,0.17811645567417145
Vanilla_DQN,0,0.16637280583381653
Vanilla_DQN,0,0.1541031002998352
Vanilla_DQN,0,0.14132031798362732
Vanilla_DQN,0,0.12871085107326508
Vanilla_DQN,0,0.11452628672122955
Vanilla_DQN,0,0.10075422376394272
Vanilla_DQN,0,0.08679412305355072
Vanilla_DQN,0,0.07460499554872513
Vanilla_DQN,0,0.06451461464166641
Vanilla_DQN,0,0.056440528482198715
Vanilla_DQN,0,0.04610958695411682
Vanilla_DQN,0,0.0351516418159008
Vanilla_DQN,0,0.026611633598804474
Vanilla_DQN,0,0.018298739567399025
Vanilla_DQN,0,0.012309196405112743
Vanilla_DQN,0,0.004511781968176365
Vanilla_DQN,0,-0.0033515160903334618
Vanilla_DQN,0,-0.009514235891401768
Vanilla_DQN,0,-0.015543706715106964
Vanilla_DQN,0,-0.021053161472082138
Vanilla_DQN,0,-0.0257379412651062
Vanilla_DQN,0,-0.03042270615696907
Vanilla_DQN,0,-0.03513805568218231
Vanilla_DQN,0,-0.03967903554439545
Vanilla_DQN,0,-0.04264158383011818
Vanilla_DQN,0,-0.04503892362117767
Vanilla_DQN,0,-0.047729723155498505
Vanilla_DQN,0,-0.04870843142271042
Vanilla_DQN,0,-0.04981684312224388
Vanilla_DQN,0,-0.05162080377340317
Vanilla_DQN,0,-0.051721569150686264
Vanilla_DQN,0,-0.05212094262242317
Vanilla_DQN,0,-0.05423565208911896
Vanilla_DQN,0,-0.05648888647556305
Vanilla_DQN,0,-0.05939444154500961
Vanilla_DQN,0,-0.06314175575971603
Vanilla_DQN,0,-0.06629493087530136
Vanilla_DQN,0,-0.07164391875267029
Vanilla_DQN,0,-0.07617955654859543
Vanilla_DQN,0,-0.07864570617675781
Vanilla_DQN,0,-0.08031169325113297
Vanilla_DQN,0,-0.08023813366889954
Vanilla_DQN,0,-0.08020365983247757
Vanilla_DQN,0,-0.0783754512667656
Vanilla_DQN,0,-0.07609538733959198
Vanilla_DQN,0,-0.07449926435947418
Vanilla_DQN,0,-0.0744708850979805
Vanilla_DQN,0,-0.07456228882074356
Vanilla_DQN,0,-0.07673157751560211
Vanilla_DQN,0,-0.07816910743713379
Vanilla_DQN,0,-0.07905985414981842
Vanilla_DQN,0,-0.07980912923812866
Vanilla_DQN,0,-0.08020145446062088
Vanilla_DQN,0,-0.08004344254732132
Vanilla_DQN,0,-0.07935658097267151
Vanilla_DQN,0,-0.07652556151151657
Vanilla_DQN,0,-0.07387666404247284
Vanilla_DQN,0,-0.07132929563522339
Vanilla_DQN,0,-0.06878191977739334
Vanilla_DQN,0,-0.06660439074039459
Vanilla_DQN,0,-0.06442686915397644
Vanilla_DQN,0,-0.06227467581629753
Vanilla_DQN,0,-0.0608193464577198
Vanilla_DQN,0,-0.059364013373851776
Vanilla_DQN,0,-0.05761345848441124
Vanilla_DQN,0,-0.05614904686808586
Vanilla_DQN,0,-0.05468463897705078
Vanilla_DQN,0,-0.0540219284594059
Vanilla_DQN,0,-0.052712321281433105
Vanilla_DQN,0,-0.05130593851208687
Vanilla_DQN,0,-0.04989958181977272
Vanilla_DQN,0,-0.04813374578952789
Vanilla_DQN,0,-0.0461207740008831
Vanilla_DQN,0,-0.04410780593752861
Vanilla_DQN,0,-0.041968896985054016
Vanilla_DQN,0,-0.0383303239941597
Vanilla_DQN,0,-0.0352773554623127
Vanilla_DQN,0,-0.0322243832051754
Vanilla_DQN,0,-0.02948688715696335
Vanilla_DQN,0,-0.026072241365909576
Vanilla_DQN,0,-0.022657601162791252
Vanilla_DQN,0,-0.019098689779639244
Vanilla_DQN,0,-0.015539796091616154
Vanilla_DQN,0,-0.012793246656656265
Vanilla_DQN,0,-0.01056663878262043
Vanilla_DQN,0,0.010243204422295094
Vanilla_DQN,0,0.04509223625063896
Vanilla_DQN,0,0.06287837028503418
Vanilla_DQN,0,0.0636914074420929
Vanilla_DQN,0,0.061624448746442795
Vanilla_DQN,0,0.057196564972400665
Vanilla_DQN,0,0.051340337842702866
Vanilla_DQN,0,0.04509168863296509
Vanilla_DQN,0,0.039341092109680176
Vanilla_DQN,0,0.034647662192583084
Vanilla_DQN,0,0.031174423173069954
Vanilla_DQN,0,0.03118116594851017
Vanilla_DQN,0,0.03119412623345852
Vanilla_DQN,0,0.031195521354675293
Vanilla_DQN,0,0.03119264915585518
Vanilla_DQN,0,0.031190501525998116
Vanilla_DQN,0,0.031190175563097
Vanilla_DQN,0,0.031190764158964157
Vanilla_DQN,0,0.031191347166895866
Vanilla_DQN,0,0.03119160793721676
Vanilla_DQN,0,0.031191639602184296
Vanilla_DQN,0,0.03119162656366825
Vanilla_DQN,0,0.031191641464829445
Vanilla_DQN,0,0.03119170293211937
Vanilla_DQN,0,0.031191768124699593
Vanilla_DQN,0,0.03119182214140892
Vanilla_DQN,0,0.031191853806376457
Vanilla_DQN,0,0.03119187243282795
Vanilla_DQN,0,0.031191883608698845
Vanilla_DQN,0,0.03119189664721489
Vanilla_DQN,0,0.03119189850986004
Vanilla_DQN,0,0.03119191713631153
Vanilla_DQN,0,0.031191926449537277
Vanilla_DQN,0,0.031191935762763023
Vanilla_DQN,0,0.031191932037472725
Vanilla_DQN,0,-0.006605303846299648
Vanilla_DQN,0,-0.01113833487033844
Vanilla_DQN,0,-0.013614584691822529
Vanilla_DQN,0,-0.013741850852966309
Vanilla_DQN,0,-0.012036442756652832
Vanilla_DQN,0,-0.008237173780798912
Vanilla_DQN,0,-0.003599617164582014
Vanilla_DQN,0,-0.0010919165797531605
Vanilla_DQN,0,0.0035071945749223232
Vanilla_DQN,0,0.009865982457995415
Vanilla_DQN,0,0.014429888688027859
Vanilla_DQN,0,0.02059037610888481
Vanilla_DQN,0,0.026504291221499443
Vanilla_DQN,0,0.03211170807480812
Vanilla_DQN,0,0.03744037076830864
Vanilla_DQN,0,0.04343884065747261
Vanilla_DQN,0,0.049647245556116104
Vanilla_DQN,0,0.056424204260110855
Vanilla_DQN,0,0.06275558471679688
Vanilla_DQN,0,0.06833520531654358
Vanilla_DQN,0,0.07332000881433487
Vanilla_DQN,0,0.0788082703948021
Vanilla_DQN,0,0.08353593945503235
Vanilla_DQN,0,0.08775418996810913
Vanilla_DQN,0,0.09210814535617828
Vanilla_DQN,0,0.09675198793411255
Vanilla_DQN,0,0.10214179754257202
Vanilla_DQN,0,0.10992009192705154
Vanilla_DQN,0,0.11841943114995956
Vanilla_DQN,0,0.12768587470054626
Vanilla_DQN,0,0.13682697713375092
Vanilla_DQN,0,0.1459680050611496
Vanilla_DQN,0,0.15504272282123566
Vanilla_DQN,0,0.16411399841308594
Vanilla_DQN,0,0.1736678183078766
Vanilla_DQN,0,0.18361766636371613
Vanilla_DQN,0,0.19429682195186615
Vanilla_DQN,0,0.2053624838590622
Vanilla_DQN,0,0.21721801161766052
Vanilla_DQN,0,0.22968697547912598
Vanilla_DQN,0,0.24292775988578796
Vanilla_DQN,0,0.253679484128952
Vanilla_DQN,0,0.2649756968021393
Vanilla_DQN,0,0.27451854944229126
Vanilla_DQN,0,0.2847764194011688
Vanilla_DQN,0,0.2951004207134247
Vanilla_DQN,0,0.30615171790122986
Vanilla_DQN,0,0.31759458780288696
Vanilla_DQN,0,0.3282429873943329
Vanilla_DQN,0,0.3380761742591858
Vanilla_DQN,0,0.34793177247047424
Vanilla_DQN,0,0.35705676674842834
Vanilla_DQN,0,0.36456382274627686
Vanilla_DQN,0,0.3719540238380432
Vanilla_DQN,0,0.3794502913951874
Vanilla_DQN,0,0.38651150465011597
Vanilla_DQN,0,0.39311161637306213
Vanilla_DQN,0,0.39935532212257385
Vanilla_DQN,0,0.40569108724594116
Vanilla_DQN,0,0.4121297001838684
Vanilla_DQN,0,0.41842207312583923
Vanilla_DQN,0,0.42249739170074463
Vanilla_DQN,0,0.424616277217865
Vanilla_DQN,0,0.42455801367759705
Vanilla_DQN,0,0.42277881503105164
Vanilla_DQN,0,0.4184997081756592
Vanilla_DQN,0,0.41182518005371094
Vanilla_DQN,0,0.4027387499809265
Vanilla_DQN,0,0.3917381167411804
Vanilla_DQN,0,0.3826582431793213
Vanilla_DQN,0,0.37543827295303345
Vanilla_DQN,0,0.36653000116348267
Vanilla_DQN,0,0.36012008786201477
Vanilla_DQN,0,0.35173189640045166
Vanilla_DQN,0,0.34490641951560974
Vanilla_DQN,0,0.3362204134464264
Vanilla_DQN,0,0.32921507954597473
Vanilla_DQN,0,0.32423219084739685
Vanilla_DQN,0,0.31670618057250977
Vanilla_DQN,0,0.3115480840206146
Vanilla_DQN,0,0.3040240705013275
Vanilla_DQN,0,0.2972738444805145
Vanilla_DQN,0,0.2909432649612427
Vanilla_DQN,0,0.28282907605171204
Vanilla_DQN,0,0.275002121925354
Vanilla_DQN,0,0.26661473512649536
Vanilla_DQN,0,0.25578922033309937
Vanilla_DQN,0,0.24509672820568085
Vanilla_DQN,0,0.2344043105840683
Vanilla_DQN,0,0.22301970422267914
Vanilla_DQN,0,0.21175670623779297
Vanilla_DQN,0,0.19821664690971375
Vanilla_DQN,0,0.184829443693161
Vanilla_DQN,0,0.17091616988182068
Vanilla_DQN,0,0.15648993849754333
Vanilla_DQN,0,0.13995926082134247
Vanilla_DQN,0,0.12270883470773697
Vanilla_DQN,0,0.10587102919816971
Vanilla_DQN,0,0.09114256501197815
Vanilla_DQN,0,0.07818563282489777
Vanilla_DQN,0,0.06334435194730759
Vanilla_DQN,0,0.05051948502659798
Vanilla_DQN,0,0.03941828012466431
Vanilla_DQN,0,0.027690071612596512
Vanilla_DQN,0,0.018379269167780876
Vanilla_DQN,0,0.0109233558177948
Vanilla_DQN,0,0.002901008352637291
Vanilla_DQN,0,-0.005427218973636627
Vanilla_DQN,0,-0.01172727532684803
Vanilla_DQN,0,-0.01753825508058071
Vanilla_DQN,0,-0.023215992376208305
Vanilla_DQN,0,-0.028373708948493004
Vanilla_DQN,0,-0.03270678594708443
Vanilla_DQN,0,-0.03949041664600372
Vanilla_DQN,0,-0.04630463197827339
Vanilla_DQN,0,-0.05123019218444824
Vanilla_DQN,0,-0.05545743182301521
Vanilla_DQN,0,-0.05802993103861809
Vanilla_DQN,0,-0.060895886272192
Vanilla_DQN,0,-0.06328665465116501
Vanilla_DQN,0,-0.06759116053581238
Vanilla_DQN,0,-0.07259120792150497
Vanilla_DQN,0,-0.07588650286197662
Vanilla_DQN,0,-0.07948044687509537
Vanilla_DQN,0,-0.0847906693816185
Vanilla_DQN,0,-0.09023939073085785
Vanilla_DQN,0,-0.0963403731584549
Vanilla_DQN,0,-0.0999506413936615
Vanilla_DQN,0,-0.10296674817800522
Vanilla_DQN,0,-0.10419514030218124
Vanilla_DQN,0,-0.10461021214723587
Vanilla_DQN,0,-0.10295218229293823
Vanilla_DQN,0,-0.10375655442476273
Vanilla_DQN,0,-0.10413286089897156
Vanilla_DQN,0,-0.10454832017421722
Vanilla_DQN,0,-0.10316714644432068
Vanilla_DQN,0,-0.10133416950702667
Vanilla_DQN,0,-0.1001850813627243
Vanilla_DQN,0,-0.09975393116474152
Vanilla_DQN,0,-0.0994425043463707
Vanilla_DQN,0,-0.10121152549982071
Vanilla_DQN,0,-0.10224878787994385
Vanilla_DQN,0,-0.10273932665586472
Vanilla_DQN,0,-0.10308835655450821
Vanilla_DQN,0,-0.10165826231241226
Vanilla_DQN,0,-0.09967780858278275
Vanilla_DQN,0,-0.09716849029064178
Vanilla_DQN,0,-0.09490995109081268
Double_DQN,0,-0.006605303846299648
Double_DQN,0,-0.01113833487033844
Double_DQN,0,-0.013614584691822529
Double_DQN,0,-0.013741850852966309
Double_DQN,0,-0.012036442756652832
Double_DQN,0,-0.008237173780798912
Double_DQN,0,-0.004439020529389381
Double_DQN,0,-0.0006409718189388514
Double_DQN,0,0.0031564652454108
Double_DQN,0,0.006953342817723751
Double_DQN,0,0.010749617591500282
Double_DQN,0,0.014545383863151073
Double_DQN,0,0.018340544775128365
Double_DQN,0,0.02213517762720585
Double_DQN,0,0.025651173666119576
Double_DQN,0,0.02983739599585533
Double_DQN,0,0.034022316336631775
Double_DQN,0,0.03877624124288559
Double_DQN,0,0.04308481141924858
Double_DQN,0,0.04664190113544464
Double_DQN,0,0.04960449039936066
Double_DQN,0,0.05307082086801529
Double_DQN,0,0.05577688664197922
Double_DQN,0,0.05797382444143295
Double_DQN,0,0.06030676141381264
Double_DQN,0,0.06292969733476639
Double_DQN,0,0.06629864126443863
Double_DQN,0,0.06900308281183243
Double_DQN,0,0.07242856174707413
Double_DQN,0,0.07662121206521988
Double_DQN,0,0.08068852126598358
Double_DQN,0,0.08559142798185349
Double_DQN,0,0.09042809158563614
Double_DQN,0,0.09526136517524719
Double_DQN,0,0.10057727247476578
Double_DQN,0,0.10628922283649445
Double_DQN,0,0.11273054033517838
Double_DQN,0,0.11955846846103668
Double_DQN,0,0.12717637419700623
Double_DQN,0,0.13540776073932648
Double_DQN,0,0.1444111317396164
Double_DQN,0,0.1542118340730667
Double_DQN,0,0.1645570695400238
Double_DQN,0,0.17445173859596252
Double_DQN,0,0.18506145477294922
Double_DQN,0,0.1957373172044754
Double_DQN,0,0.20714053511619568
Double_DQN,0,0.21893520653247833
Double_DQN,0,0.229935422539711
Double_DQN,0,0.24012041091918945
Double_DQN,0,0.25032779574394226
Double_DQN,0,0.2598046064376831
Double_DQN,0,0.2685518264770508
Double_DQN,0,0.27718207240104675
Double_DQN,0,0.28591835498809814
Double_DQN,0,0.29421961307525635
Double_DQN,0,0.30205971002578735
Double_DQN,0,0.30954334139823914
Double_DQN,0,0.31711897253990173
Double_DQN,0,0.32469457387924194
Double_DQN,0,0.33212390542030334
Double_DQN,0,0.33955320715904236
Double_DQN,0,0.34676337242126465
Double_DQN,0,0.3518264889717102
Double_DQN,0,0.35688960552215576
Double_DQN,0,0.36195269227027893
Double_DQN,0,0.3675602972507477
Double_DQN,0,0.37372463941574097
Double_DQN,0,0.37798380851745605
Double_DQN,0,0.38250070810317993
Double_DQN,0,0.3873598575592041
Double_DQN,0,0.3915909230709076
Double_DQN,0,0.3942003846168518
Double_DQN,0,0.39669209718704224
Double_DQN,0,0.3966246247291565
Double_DQN,0,0.39655712246894836
Double_DQN,0,0.3971024453639984
Double_DQN,0,0.39766690135002136
Double_DQN,0,0.3982313573360443
Double_DQN,0,0.39879581332206726
Double_DQN,0,0.39988788962364197
Double_DQN,0,0.39843234419822693
Double_DQN,0,0.397396445274353
Double_DQN,0,0.39454326033592224
Double_DQN,0,0.39169007539749146
Double_DQN,0,0.38710883259773254
Double_DQN,0,0.382527619600296
Double_DQN,0,0.37807926535606384
Double_DQN,0,0.3736753463745117
Double_DQN,0,0.36763519048690796
Double_DQN,0,0.36171653866767883
Double_DQN,0,0.35625797510147095
Double_DQN,0,0.3509520888328552
Double_DQN,0,0.343921035528183
Double_DQN,0,0.3351490795612335
Double_DQN,0,0.3265503942966461
Double_DQN,0,0.3172316551208496
Double_DQN,0,0.3056243360042572
Double_DQN,0,0.29210299253463745
Double_DQN,0,0.2803950607776642
Double_DQN,0,0.2685108184814453
Double_DQN,0,0.25658100843429565
Double_DQN,0,0.246396005153656
Double_DQN,0,0.23455889523029327
Double_DQN,0,0.2219979166984558
Double_DQN,0,0.20966416597366333
Double_DQN,0,0.19968032836914062
Double_DQN,0,0.1878671646118164
Double_DQN,0,0.17598818242549896
Double_DQN,0,0.1658235639333725
Double_DQN,0,0.1557922661304474
Double_DQN,0,0.14745797216892242
Double_DQN,0,0.13663530349731445
Double_DQN,0,0.12659384310245514
Double_DQN,0,0.11652185767889023
Double_DQN,0,0.10833979398012161
Double_DQN,0,0.10173843055963516
Double_DQN,0,0.0951370969414711
Double_DQN,0,0.08853577822446823
Double_DQN,0,0.08364319056272507
Double_DQN,0,0.0808200016617775
Double_DQN,0,0.07799682021141052
Double_DQN,0,0.07687599956989288
Double_DQN,0,0.07545652985572815
Double_DQN,0,0.07357495278120041
Double_DQN,0,0.06978507339954376
Double_DQN,0,0.0683717206120491
Double_DQN,0,0.06611659377813339
Double_DQN,0,0.06445561349391937
Double_DQN,0,0.0631386935710907
Double_DQN,0,0.059349801391363144
Double_DQN,0,0.05543398857116699
Double_DQN,0,0.053034376353025436
Double_DQN,0,0.05106281116604805
Double_DQN,0,0.04905209690332413
Double_DQN,0,0.0488291010260582
Double_DQN,0,0.0503305085003376
Double_DQN,0,0.051147960126399994
Double_DQN,0,0.05124744027853012
Double_DQN,0,0.051227230578660965
Double_DQN,0,0.05135321989655495
Double_DQN,0,0.049059342592954636
Double_DQN,0,0.04731222242116928
Double_DQN,0,0.04570663347840309
Double_DQN,0,0.0419028177857399
Double_DQN,0,0.03864937648177147
Double_DQN,0,0.033094920217990875
Double_DQN,0,0.02728966251015663
Double_DQN,0,0.021302348002791405
Double_DQN,0,0.015213539823889732
Double_DQN,0,0.0075064958073198795
Double_DQN,0,-0.0005703602801077068
Double_DQN,0,-0.010996628552675247
Double_DQN,0,-0.021448131650686264
Double_DQN,0,-0.03259642422199249
Double_DQN,0,-0.041583865880966187
Double_DQN,0,-0.050276029855012894
Double_DQN,0,-0.059254240244627
Double_DQN,0,-0.06873825937509537
Double_DQN,0,-0.07575726509094238
Double_DQN,0,-0.0821293294429779
Double_DQN,0,-0.0884045660495758
Double_DQN,0,-0.09274681657552719
Double_DQN,0,-0.0967295914888382
Double_DQN,0,-0.10046519339084625
Double_DQN,0,-0.10178098827600479
Double_DQN,0,-0.10297082364559174
Double_DQN,0,-0.10333045572042465
Double_DQN,0,-0.10533347725868225
Double_DQN,0,-0.10700485855340958
Double_DQN,0,-0.10899168252944946
Double_DQN,0,-0.11030135303735733
Double_DQN,0,-0.11334709823131561
Double_DQN,0,-0.11447915434837341
Double_DQN,0,-0.11602155864238739
Double_DQN,0,-0.11837632209062576
Double_DQN,0,-0.12125103175640106
Double_DQN,0,-0.12478635460138321
Double_DQN,0,-0.13021373748779297
Double_DQN,0,-0.13522116839885712
Double_DQN,0,-0.13845431804656982
Double_DQN,0,-0.1419353038072586
Double_DQN,0,-0.1455390602350235
Double_DQN,0,-0.14965824782848358
Double_DQN,0,-0.15434519946575165
Double_DQN,0,-0.16135074198246002
Double_DQN,0,-0.16841158270835876
Double_DQN,0,-0.17516681551933289
Double_DQN,0,-0.1841796636581421
Double_DQN,0,-0.19249534606933594
Double_DQN,0,-0.20249129831790924
Double_DQN,0,-0.21318306028842926
Double_DQN,0,-0.22404813766479492
Double_DQN,0,-0.23417432606220245
Double_DQN,0,-0.24513466656208038
Double_DQN,0,-0.2552669644355774
Double_DQN,0,-0.26484107971191406
Double_DQN,0,-0.2742690145969391
Double_DQN,0,-0.2833307385444641
Double_DQN,0,-0.2944864332675934
Double_DQN,0,-0.30507272481918335
Double_DQN,0,-0.31401142477989197
Double_DQN,0,-0.32076147198677063
Double_DQN,0,-0.32797178626060486
Double_DQN,0,-0.3327944576740265
Double_DQN,0,-0.33755576610565186
Double_DQN,0,-0.3405326008796692
Double_DQN,0,-0.3432983160018921
Double_DQN,0,-0.34587082266807556
Double_DQN,0,-0.3464764356613159
Double_DQN,0,-0.3470473885536194
Double_DQN,0,-0.3453513979911804
Double_DQN,0,-0.343325674533844
Double_DQN,0,-0.341812402009964
Double_DQN,0,-0.3384135961532593
Double_DQN,0,-0.33443886041641235
Double_DQN,0,-0.3283946216106415
Double_DQN,0,-0.3199622333049774
Double_DQN,0,-0.3109488785266876
Double_DQN,0,-0.29975950717926025
Double_DQN,0,-0.28659844398498535
Double_DQN,0,-0.27362585067749023
Double_DQN,0,-0.25901609659194946
Double_DQN,0,-0.24516703188419342
Double_DQN,0,-0.22944243252277374
Double_DQN,0,-0.21180419623851776
Double_DQN,0,-0.1948104202747345
Double_DQN,0,-0.1772843599319458
Double_DQN,0,-0.15733210742473602
Double_DQN,0,-0.13789913058280945
Double_DQN,0,-0.11800554394721985
Double_DQN,0,-0.0982828438282013
Double_DQN,0,-0.07634662836790085
Double_DQN,0,-0.054280836135149
Double_DQN,0,-0.03221578896045685
Double_DQN,0,-0.009854312986135483
Double_DQN,0,0.012317176908254623
Double_DQN,0,0.034643687307834625
Double_DQN,0,0.05517643690109253
Double_DQN,0,0.07589875906705856
Double_DQN,0,0.09642381966114044
Double_DQN,0,0.11447007209062576
Double_DQN,0,0.13309484720230103
Double_DQN,0,0.15235215425491333
Double_DQN,0,0.16312900185585022
Double_DQN,0,0.16943363845348358
Double_DQN,0,0.1711426079273224
Double_DQN,0,0.16862435638904572
Double_DQN,0,0.16613252460956573
Double_DQN,0,0.16364069283008575
Double_DQN,0,0.16272012889385223
Double_DQN,0,0.15187561511993408
Double_DQN,0,0.14049822092056274
Double_DQN,0,0.1292470097541809
Double_DQN,0,0.12048280984163284
Double_DQN,0,0.11216137558221817
Double_DQN,0,0.1035444587469101
Double_DQN,0,0.0929468497633934
Double_DQN,0,0.0828157365322113
Double_DQN,0,0.07092965394258499
Double_DQN,0,0.0585373193025589
Double_DQN,0,0.04616634547710419
Double_DQN,0,0.031528498977422714
Double_DQN,0,0.016581814736127853
Double_DQN,0,-0.00044726888881996274
Double_DQN,0,-0.01513687614351511
Double_DQN,0,-0.0280672125518322
Double_DQN,0,-0.03940598666667938
Double_DQN,0,-0.04866248741745949
Double_DQN,0,-0.03943413123488426
Double_DQN,0,-0.01650082692503929
Double_DQN,0,0.004862634930759668
Double_DQN,0,0.026225365698337555
Double_DQN,0,0.02638392709195614
Double_DQN,0,0.012552434578537941
Double_DQN,0,0.0018795335199683905
Double_DQN,0,-0.0018760382663458586
Double_DQN,0,-0.0019263928988948464
Double_DQN,0,-0.001930847647599876
Double_DQN,0,-0.0019414873095229268
Double_DQN,0,-0.001967505319043994
Double_DQN,0,-0.001981428824365139
Double_DQN,0,-0.0019823864568024874
Double_DQN,0,-0.0019787780474871397
Double_DQN,0,-0.0019763654563575983
Double_DQN,0,-0.0019761736039072275
Double_DQN,0,-0.0019769861828535795
Double_DQN,0,-0.001977738458663225
Double_DQN,0,-0.0019780658185482025
Double_DQN,0,-0.001978137996047735
Double_DQN,0,-0.0019781331066042185
Double_DQN,0,-0.001977598527446389
Double_DQN,0,-0.0019816020503640175
Double_DQN,0,-0.0020089081954210997
Double_DQN,0,-0.0020254289265722036
Double_DQN,0,-0.002027359325438738
Double_DQN,0,-0.002023265464231372
Double_DQN,0,-0.0020199886057525873
Double_DQN,0,-0.0020192107185721397
Double_DQN,0,-0.0020197895355522633
Double_DQN,0,-0.0020204398315399885
Double_DQN,0,-0.0020206915214657784
Double_DQN,0,-0.002020651940256357
Double_DQN,0,-0.002020556479692459
Double_DQN,0,-0.0020205124747008085
Double_DQN,0,-0.00202053040266037
Double_DQN,0,-0.002020561834797263
Double_DQN,0,-0.0020205797627568245
Double_DQN,0,-0.002020596293732524
Double_DQN,0,-0.002020607003942132
Double_DQN,0,-0.0020206081680953503
Double_DQN,0,-0.002020608400925994
Double_DQN,0,-0.0020206235349178314
Double_DQN,0,-0.0020206335466355085
Double_DQN,0,-0.002020644024014473
Double_DQN,0,-0.0020206505432724953
Double_DQN,0,-0.006605303846299648
Double_DQN,0,-0.01113833487033844
Double_DQN,0,-0.013614584691822529
Double_DQN,0,-0.013741850852966309
Double_DQN,0,-0.012036442756652832
Double_DQN,0,-0.008237173780798912
Double_DQN,0,-0.004439020529389381
Double_DQN,0,-0.0006409718189388514
Double_DQN,0,0.0031564652454108
Double_DQN,0,0.006953342817723751
Double_DQN,0,0.010749617591500282
Double_DQN,0,0.014545383863151073
Double_DQN,0,0.018340544775128365
Double_DQN,0,0.02213517762720585
Double_DQN,0,0.028073541820049286
Double_DQN,0,0.034680627286434174
Double_DQN,0,0.041498128324747086
Double_DQN,0,0.0488840788602829
Double_DQN,0,0.055824361741542816
Double_DQN,0,0.06201278045773506
Double_DQN,0,0.06760628521442413
Double_DQN,0,0.07370315492153168
Double_DQN,0,0.07903935760259628
Double_DQN,0,0.08386602252721786
Double_DQN,0,0.08882829546928406
Double_DQN,0,0.09408045560121536
Double_DQN,0,0.1000785306096077
Double_DQN,0,0.1054120734333992
Double_DQN,0,0.1114666685461998
Double_DQN,0,0.11828843504190445
Double_DQN,0,0.12498486042022705
Double_DQN,0,0.13251686096191406
Double_DQN,0,0.13998255133628845
Double_DQN,0,0.14744485914707184
Double_DQN,0,0.15538978576660156
Double_DQN,0,0.1637307107448578
Double_DQN,0,0.1728009730577469
Double_DQN,0,0.18225781619548798
Double_DQN,0,0.1925046145915985
Double_DQN,0,0.20336481928825378
Double_DQN,0,0.21499694883823395
Double_DQN,0,0.22742635011672974
Double_DQN,0,0.24040019512176514
Double_DQN,0,0.2529233992099762
Double_DQN,0,0.26616156101226807
Double_DQN,0,0.27946576476097107
Double_DQN,0,0.2934972047805786
Double_DQN,0,0.30792006850242615
Double_DQN,0,0.32154834270477295
Double_DQN,0,0.33436134457588196
Double_DQN,0,0.34719669818878174
Double_DQN,0,0.3593014180660248
Double_DQN,0,0.3706764876842499
Double_DQN,0,0.38193458318710327
Double_DQN,0,0.3910526633262634
Double_DQN,0,0.3997357487678528
Double_DQN,0,0.40795761346817017
Double_DQN,0,0.4143393337726593
Double_DQN,0,0.42081305384635925
Double_DQN,0,0.4251374900341034
Double_DQN,0,0.4293156564235687
Double_DQN,0,0.4337081015110016
Double_DQN,0,0.43613964319229126
Double_DQN,0,0.4387303292751312
Double_DQN,0,0.439595103263855
Double_DQN,0,0.4411517381668091
Double_DQN,0,0.4403030276298523
Double_DQN,0,0.44001108407974243
Double_DQN,0,0.43949198722839355
Double_DQN,0,0.43923065066337585
Double_DQN,0,0.4366821050643921
Double_DQN,0,0.43350550532341003
Double_DQN,0,0.4286938011646271
Double_DQN,0,0.42376434803009033
Double_DQN,0,0.4162628650665283
Double_DQN,0,0.40844011306762695
Double_DQN,0,0.3981770873069763
Double_DQN,0,0.38793322443962097
Double_DQN,0,0.3751196563243866
Double_DQN,0,0.3605792224407196
Double_DQN,0,0.34656664729118347
Double_DQN,0,0.3300306499004364
Double_DQN,0,0.31391456723213196
Double_DQN,0,0.30008599162101746
Double_DQN,0,0.28812798857688904
Double_DQN,0,0.27560970187187195
Double_DQN,0,0.2647055685520172
Double_DQN,0,0.25169631838798523
Double_DQN,0,0.23873160779476166
Double_DQN,0,0.2281993180513382
Double_DQN,0,0.21778857707977295
Double_DQN,0,0.20509947836399078
Double_DQN,0,0.19256316125392914
Double_DQN,0,0.1823515146970749
Double_DQN,0,0.17043714225292206
Double_DQN,0,0.15869608521461487
Double_DQN,0,0.14937861263751984
Double_DQN,0,0.13781683146953583
Double_DQN,0,0.12836936116218567
Double_DQN,0,0.1167040765285492
Double_DQN,0,0.10714344680309296
Double_DQN,0,0.09960160404443741
Double_DQN,0,0.0937848836183548
Double_DQN,0,0.09032930433750153
Double_DQN,0,0.08614977449178696
Double_DQN,0,0.08382637798786163
Double_DQN,0,0.0809364765882492
Double_DQN,0,0.07774064689874649
Double_DQN,0,0.07447893917560577
Double_DQN,0,0.0689372569322586
Double_DQN,0,0.06352882087230682
Double_DQN,0,0.05864042788743973
Double_DQN,0,0.05457669496536255
Double_DQN,0,0.05204387009143829
Double_DQN,0,0.04948044568300247
Double_DQN,0,0.047091398388147354
Double_DQN,0,0.04627988860011101
Double_DQN,0,0.04603354632854462
Double_DQN,0,0.04397156089544296
Double_DQN,0,0.04238477349281311
Double_DQN,0,0.03888550028204918
Double_DQN,0,0.034690700471401215
Double_DQN,0,0.030984310433268547
Double_DQN,0,0.02697930298745632
Double_DQN,0,0.0212577972561121
Double_DQN,0,0.015397796407341957
Double_DQN,0,0.008885525166988373
Double_DQN,0,0.0015315409982576966
Double_DQN,0,-0.005228214431554079
Double_DQN,0,-0.014179322868585587
Double_DQN,0,-0.02231709472835064
Double_DQN,0,-0.02838985249400139
Double_DQN,0,-0.03366236016154289
Double_DQN,0,-0.037197768688201904
Double_DQN,0,-0.03871879726648331
Double_DQN,0,-0.039898984134197235
Double_DQN,0,-0.04333551228046417
Double_DQN,0,-0.04745595529675484
Double_DQN,0,-0.04916302487254143
Double_DQN,0,-0.05098980665206909
Double_DQN,0,-0.052670400589704514
Double_DQN,0,-0.05361926183104515
Double_DQN,0,-0.054021336138248444
Double_DQN,0,-0.056494541466236115
Double_DQN,0,-0.05719022452831268
Double_DQN,0,-0.05733561888337135
Double_DQN,0,-0.0569520965218544
Double_DQN,0,-0.0544271245598793
Double_DQN,0,-0.05208425223827362
Double_DQN,0,-0.04984287917613983
Double_DQN,0,-0.04922022670507431
Double_DQN,0,-0.048967357724905014
Double_DQN,0,-0.05106677487492561
Double_DQN,0,-0.05319147929549217
Double_DQN,0,-0.05531617999076843
Double_DQN,0,-0.05773000046610832
Double_DQN,0,-0.059848591685295105
Double_DQN,0,-0.062253303825855255
Double_DQN,0,-0.06236569210886955
Double_DQN,0,-0.06327979266643524
Double_DQN,0,-0.06354698538780212
Double_DQN,0,-0.06371741741895676
Double_DQN,0,-0.0659375712275505
Double_DQN,0,-0.06779824942350388
Double_DQN,0,-0.06941180676221848
Double_DQN,0,-0.06860920786857605
Double_DQN,0,-0.06768064945936203
Double_DQN,0,-0.06592191755771637
Double_DQN,0,-0.06474880129098892
Double_DQN,0,-0.06576123088598251
Double_DQN,0,-0.06708914041519165
Double_DQN,0,-0.06773988902568817
Double_DQN,0,-0.07012268155813217
Double_DQN,0,-0.07236118614673615
Double_DQN,0,-0.07634836435317993
Double_DQN,0,-0.08114789426326752
Double_DQN,0,-0.08646731823682785
Double_DQN,0,-0.09338459372520447
Double_DQN,0,-0.10047871619462967
Double_DQN,0,-0.1098170280456543
Double_DQN,0,-0.11877379566431046
Double_DQN,0,-0.12797830998897552
Double_DQN,0,-0.13730555772781372
Double_DQN,0,-0.14714816212654114
Double_DQN,0,-0.14182452857494354
Double_DQN,0,-0.13595198094844818
Double_DQN,0,-0.13204577565193176
Double_DQN,0,-0.12443824112415314
Double_DQN,0,-0.11639565229415894
Double_DQN,0,-0.10765615850687027
Double_DQN,0,-0.10058819502592087
Double_DQN,0,-0.09509987384080887
Double_DQN,0,-0.09150254726409912
Double_DQN,0,-0.08790522068738937
Double_DQN,0,-0.0851423516869545
Double_DQN,0,-0.07409211248159409
Double_DQN,0,-0.06248193606734276
Double_DQN,0,-0.050724469125270844
Double_DQN,0,-0.038601551204919815
Double_DQN,0,-0.026478752493858337
Double_DQN,0,-0.01667896844446659
Double_DQN,0,-0.009253740310668945
Double_DQN,0,-0.002070413203909993
Double_DQN,0,0.003396326908841729
Double_DQN,0,0.004032562021166086
Double_DQN,0,0.0015479142311960459
Double_DQN,0,0.0015598662430420518
Double_DQN,0,0.0015698012430220842
Double_DQN,0,0.0015668651321902871
Double_DQN,0,0.001562675228342414
Double_DQN,0,-0.00544264679774642
Double_DQN,0,-0.008490494452416897
Double_DQN,0,-0.00849521066993475
Double_DQN,0,-0.008491165935993195
Double_DQN,0,-0.008487427607178688
Double_DQN,0,-0.008486202917993069
Double_DQN,0,-0.008486684411764145
Double_DQN,0,-0.008487475104629993
Double_DQN,0,-0.008487870916724205
Double_DQN,0,-0.008487924933433533
Double_DQN,0,-0.00848785974085331
Double_DQN,0,-0.008487822487950325
Double_DQN,0,-0.008487850427627563
Double_DQN,0,-0.00848662294447422
Double_DQN,0,-0.008486545644700527
Double_DQN,0,-0.008511553518474102
Double_DQN,0,-0.008531210944056511
Double_DQN,0,-0.008535932749509811
Double_DQN,0,-0.008532596752047539
Double_DQN,0,-0.008528867736458778
Double_DQN,0,-0.008527536876499653
Double_DQN,0,-0.008527887053787708
Double_DQN,0,-0.008528567850589752
Double_DQN,0,-0.00852889847010374
Double_DQN,0,-0.008528901264071465
Double_DQN,0,-0.008528794161975384
Double_DQN,0,-0.008528727106750011
Double_DQN,0,-0.00852871686220169
Double_DQN,0,-0.008528736419975758
Double_DQN,0,-0.008528755977749825
Double_DQN,0,-0.008528768084943295
Double_DQN,0,-0.008528763428330421
Double_DQN,0,-0.008528760634362698
Double_DQN,0,-0.0085287569090724
Double_DQN,0,-0.008528755977749825
Double_DQN,0,-0.008528768084943295
Double_DQN,0,-0.008528773672878742
Double_DQN,0,-0.008528778329491615
Double_DQN,0,-0.006605303846299648
Double_DQN,0,-0.01113833487033844
Double_DQN,0,-0.013614584691822529
Double_DQN,0,-0.013741850852966309
Double_DQN,0,-0.012036442756652832
Double_DQN,0,-0.008237173780798912
Double_DQN,0,-0.004439020529389381
Double_DQN,0,-0.0006409718189388514
Double_DQN,0,0.0031564652454108
Double_DQN,0,0.006953342817723751
Double_DQN,0,0.010749617591500282
Double_DQN,0,0.014545383863151073
Double_DQN,0,0.018340544775128365
Double_DQN,0,0.02213517762720585
Double_DQN,0,0.025651173666119576
Double_DQN,0,0.02983739599585533
Double_DQN,0,0.03423384577035904
Double_DQN,0,0.03919915109872818
Double_DQN,0,0.0437191016972065
Double_DQN,0,0.04748758301138878
Double_DQN,0,0.05125599354505539
Double_DQN,0,0.05552748590707779
Double_DQN,0,0.05903884768486023
Double_DQN,0,0.06204100325703621
Double_DQN,0,0.0651790127158165
Double_DQN,0,0.06860698014497757
Double_DQN,0,0.07278087735176086
Double_DQN,0,0.07629027962684631
Double_DQN,0,0.08052071928977966
Double_DQN,0,0.08551836013793945
Double_DQN,0,0.0903906524181366
Double_DQN,0,0.09609854966402054
Double_DQN,0,0.10174021124839783
Double_DQN,0,0.10737847536802292
Double_DQN,0,0.11349935829639435
Double_DQN,0,0.12001628428697586
Double_DQN,0,0.1272626370191574
Double_DQN,0,0.13489556312561035
Double_DQN,0,0.14331845939159393
Double_DQN,0,0.15235479176044464
Double_DQN,0,0.1621631383895874
Double_DQN,0,0.17276880145072937
Double_DQN,0,0.1839189976453781
Double_DQN,0,0.1946185976266861
Double_DQN,0,0.20603321492671967
Double_DQN,0,0.21751396358013153
Double_DQN,0,0.2297220528125763
Double_DQN,0,0.24232159554958344
Double_DQN,0,0.254126638174057
Double_DQN,0,0.265116423368454
Double_DQN,0,0.2761285901069641
Double_DQN,0,0.2864101231098175
Double_DQN,0,0.29596206545829773
Double_DQN,0,0.305397093296051
Double_DQN,0,0.31493812799453735
Double_DQN,0,0.3240441083908081
Double_DQN,0,0.3326888680458069
Double_DQN,0,0.3409772217273712
Double_DQN,0,0.3471603989601135
Double_DQN,0,0.35344651341438293
Double_DQN,0,0.35973262786865234
Double_DQN,0,0.36601871252059937
Double_DQN,0,0.37208569049835205
Double_DQN,0,0.37599635124206543
Double_DQN,0,0.37931033968925476
Double_DQN,0,0.38014405965805054
Double_DQN,0,0.3809777796268463
Double_DQN,0,0.382368266582489
Double_DQN,0,0.3837587535381317
Double_DQN,0,0.3854070007801056
Double_DQN,0,0.38739749789237976
Double_DQN,0,0.38875991106033325
Double_DQN,0,0.3885016441345215
Double_DQN,0,0.3882433772087097
Double_DQN,0,0.38878920674324036
Double_DQN,0,0.389335036277771
Double_DQN,0,0.3904936611652374
Double_DQN,0,0.3895646929740906
Double_DQN,0,0.38947081565856934
Double_DQN,0,0.3917745053768158
Double_DQN,0,0.3946058452129364
Double_DQN,0,0.39489203691482544
Double_DQN,0,0.39559781551361084
Double_DQN,0,0.3944869637489319
Double_DQN,0,0.391145259141922
Double_DQN,0,0.3872431814670563
Double_DQN,0,0.3808574080467224
Double_DQN,0,0.37460455298423767
Double_DQN,0,0.3662750720977783
Double_DQN,0,0.3572533130645752
Double_DQN,0,0.3460915982723236
Double_DQN,0,0.3353900909423828
Double_DQN,0,0.32484132051467896
Double_DQN,0,0.3125743865966797
Double_DQN,0,0.30265218019485474
Double_DQN,0,0.29290324449539185
Double_DQN,0,0.28561025857925415
Double_DQN,0,0.2787296175956726
Double_DQN,0,0.26994165778160095
Double_DQN,0,0.2615349292755127
Double_DQN,0,0.25295186042785645
Double_DQN,0,0.24432313442230225
Double_DQN,0,0.2333981692790985
Double_DQN,0,0.22184617817401886
Double_DQN,0,0.21274903416633606
Double_DQN,0,0.20149840414524078
Double_DQN,0,0.18968136608600616
Double_DQN,0,0.1800515204668045
Double_DQN,0,0.16845281422138214
Double_DQN,0,0.15734335780143738
Double_DQN,0,0.14816218614578247
Double_DQN,0,0.13667675852775574
Double_DQN,0,0.12601611018180847
Double_DQN,0,0.11689357459545135
Double_DQN,0,0.10978245735168457
Double_DQN,0,0.10057090222835541
Double_DQN,0,0.09293951094150543
Double_DQN,0,0.08697091042995453
Double_DQN,0,0.08316954970359802
Double_DQN,0,0.0810767114162445
Double_DQN,0,0.07885416597127914
Double_DQN,0,0.07593607902526855
Double_DQN,0,0.07472024857997894
Double_DQN,0,0.07168793678283691
Double_DQN,0,0.06819354742765427
Double_DQN,0,0.06677315384149551
Double_DQN,0,0.06470043212175369
Double_DQN,0,0.061785969883203506
Double_DQN,0,0.05946572870016098
Double_DQN,0,0.05893494933843613
Double_DQN,0,0.05921747907996178
Double_DQN,0,0.057583361864089966
Double_DQN,0,0.05674949660897255
Double_DQN,0,0.053673144429922104
Double_DQN,0,0.052608657628297806
Double_DQN,0,0.05188506096601486
Double_DQN,0,0.05288606509566307
Double_DQN,0,0.05320313200354576
Double_DQN,0,0.051954805850982666
Double_DQN,0,0.0505867600440979
Double_DQN,0,0.04936489090323448
Double_DQN,0,0.048874832689762115
Double_DQN,0,0.046072036027908325
Double_DQN,0,0.0434107668697834
Double_DQN,0,0.0411064587533474
Double_DQN,0,0.03935249522328377
Double_DQN,0,0.03529747575521469
Double_DQN,0,0.030991679057478905
Double_DQN,0,0.02650376968085766
Double_DQN,0,0.02191435731947422
Double_DQN,0,0.015706529840826988
Double_DQN,0,0.009128880687057972
Double_DQN,0,0.003163678804412484
Double_DQN,0,-0.0028268420137465
Double_DQN,0,-0.010394194163382053
Double_DQN,0,-0.018250608816742897
Double_DQN,0,-0.025811798870563507
Double_DQN,0,-0.033659081906080246
Double_DQN,0,-0.042012207210063934
Double_DQN,0,-0.051881253719329834
Double_DQN,0,-0.06110330671072006
Double_DQN,0,-0.07022851705551147
Double_DQN,0,-0.07742175459861755
Double_DQN,0,-0.08425547182559967
Double_DQN,0,-0.09084202349185944
Double_DQN,0,-0.09501000493764877
Double_DQN,0,-0.09905204176902771
Double_DQN,0,-0.10226388275623322
Double_DQN,0,-0.10313092917203903
Double_DQN,0,-0.10366637259721756
Double_DQN,0,-0.10451730340719223
Double_DQN,0,-0.1046910434961319
Double_DQN,0,-0.10261160880327225
Double_DQN,0,-0.1026081070303917
Double_DQN,0,-0.1030149906873703
Double_DQN,0,-0.1042342334985733
Double_DQN,0,-0.10597342997789383
Double_DQN,0,-0.10837321728467941
Double_DQN,0,-0.11266311258077621
Double_DQN,0,-0.1165330782532692
Double_DQN,0,-0.11863116174936295
Double_DQN,0,-0.12097705155611038
Double_DQN,0,-0.12344571948051453
Double_DQN,0,-0.12761041522026062
Double_DQN,0,-0.1323428750038147
Double_DQN,0,-0.13653123378753662
Double_DQN,0,-0.14268599450588226
Double_DQN,0,-0.1485351175069809
Double_DQN,0,-0.15663759410381317
Double_DQN,0,-0.16404284536838531
Double_DQN,0,-0.17312473058700562
Double_DQN,0,-0.18290244042873383
Double_DQN,0,-0.19285345077514648
Double_DQN,0,-0.2020656019449234
Double_DQN,0,-0.2121119350194931
Double_DQN,0,-0.22133024036884308
Double_DQN,0,-0.2299903929233551
Double_DQN,0,-0.2385043352842331
Double_DQN,0,-0.24665209650993347
Double_DQN,0,-0.2528451979160309
Double_DQN,0,-0.2573472261428833
Double_DQN,0,-0.26119330525398254
Double_DQN,0,-0.2628674805164337
Double_DQN,0,-0.2650020122528076
Double_DQN,0,-0.26713651418685913
Double_DQN,0,-0.2692096531391144
Double_DQN,0,-0.2695169746875763
Double_DQN,0,-0.26961320638656616
Double_DQN,0,-0.2695162296295166
Double_DQN,0,-0.26747560501098633
Double_DQN,0,-0.2618098258972168
Double_DQN,0,-0.2516494393348694
Double_DQN,0,-0.24115940928459167
Double_DQN,0,-0.23118190467357635
Double_DQN,0,-0.21935157477855682
Double_DQN,0,-0.20987772941589355
Double_DQN,0,-0.20044375956058502
Double_DQN,0,-0.18865908682346344
Double_DQN,0,-0.17629343271255493
Double_DQN,0,-0.16178901493549347
Double_DQN,0,-0.1471771001815796
Double_DQN,0,-0.1304476261138916
Double_DQN,0,-0.11308253556489944
Double_DQN,0,-0.09647828340530396
Double_DQN,0,-0.07801929116249084
Double_DQN,0,-0.05937986448407173
Double_DQN,0,-0.04235238954424858
Double_DQN,0,-0.02479260228574276
Double_DQN,0,-0.00880020298063755
Double_DQN,0,0.006673202849924564
Double_DQN,0,0.019886279478669167
Double_DQN,0,0.032928843051195145
Double_DQN,0,0.04420435056090355
Double_DQN,0,0.05561006814241409
Double_DQN,0,0.055098120123147964
Double_DQN,0,0.05098886415362358
Double_DQN,0,0.043342623859643936
Double_DQN,0,0.032470703125
Double_DQN,0,0.01845056377351284
Double_DQN,0,0.0013192977057769895
Double_DQN,0,-0.00393208023160696
Double_DQN,0,-0.0056601944379508495
Double_DQN,0,-0.00387190212495625
Double_DQN,0,0.0008877667714841664
Double_DQN,0,0.0016000032192096114
Double_DQN,0,0.0021669298876076937
Double_DQN,0,0.0026136867236346006
Double_DQN,0,0.002181299729272723
Double_DQN,0,0.0007976896595209837
Double_DQN,0,0.0007970592123456299
Double_DQN,0,0.0007981763919815421
Double_DQN,0,0.0007985864067450166
Double_DQN,0,0.0007985741249285638
Double_DQN,0,0.000798454973846674
Double_DQN,0,0.000798372901044786
Double_DQN,0,0.0007983734249137342
Double_DQN,0,0.000798409222625196
Double_DQN,0,0.00079843815183267
Double_DQN,0,0.0007984443800523877
Double_DQN,0,0.0003932398103643209
Double_DQN,0,-1.1963948963966686e-05
Double_DQN,0,0.0015592393465340137
Double_DQN,0,0.0015934616094455123
Double_DQN,0,0.0015817037783563137
Double_DQN,0,0.0015638103941455483
Double_DQN,0,0.0015557246515527368
Double_DQN,0,0.0015562769258394837
Double_DQN,0,0.001559278927743435
Double_DQN,0,0.0015610766131430864
Double_DQN,0,0.0015612542629241943
Double_DQN,0,0.0015607886016368866
Double_DQN,0,0.0015604213112965226
Double_DQN,0,0.001560316770337522
Double_DQN,0,0.0015603866195306182
Double_DQN,0,0.0015604491345584393
Double_DQN,0,0.001560473581776023
Double_DQN,0,0.0015604663640260696
Double_DQN,0,0.0015604555374011397
Double_DQN,0,0.0015604501822963357
Double_DQN,0,0.0015604523941874504
Double_DQN,0,0.0015604604268446565
Double_DQN,0,0.0015604686923325062
Double_DQN,0,0.0015604774234816432
Double_DQN,0,0.0015604805666953325
Double_DQN,0,0.0015604798682034016
Double_DQN,0,0.0015604799846187234
Double_DQN,0,0.0015604791697114706
Double_DQN,0,-0.006605303846299648
Double_DQN,0,-0.01113833487033844
Double_DQN,0,-0.013614584691822529
Double_DQN,0,-0.016749579459428787
Double_DQN,0,-0.01804978772997856
Double_DQN,0,-0.01725628785789013
Double_DQN,0,-0.01495890412479639
Double_DQN,0,-0.010830618441104889
Double_DQN,0,-0.004612646996974945
Double_DQN,0,0.001603820244781673
Double_DQN,0,0.007819764316082
Double_DQN,0,0.011666731908917427
Double_DQN,0,0.015514140017330647
Double_DQN,0,0.01936044543981552
Double_DQN,0,0.022928107529878616
Double_DQN,0,0.02649550884962082
Double_DQN,0,0.030273770913481712
Double_DQN,0,0.03462069109082222
Double_DQN,0,0.03852237015962601
Double_DQN,0,0.04167262837290764
Double_DQN,0,0.044228438287973404
Double_DQN,0,0.047288063913583755
Double_DQN,0,0.04958745092153549
Double_DQN,0,0.05137774720788002
Double_DQN,0,0.05330407992005348
Double_DQN,0,0.05552045628428459
Double_DQN,0,0.0584828220307827
Double_DQN,0,0.060780689120292664
Double_DQN,0,0.06379964202642441
Double_DQN,0,0.06758580356836319
Double_DQN,0,0.07124664634466171
Double_DQN,0,0.07574308663606644
Double_DQN,0,0.08017324656248093
Double_DQN,0,0.08460000902414322
Double_DQN,0,0.08950940519571304
Double_DQN,0,0.09481482952833176
Double_DQN,0,0.10084965080022812
Double_DQN,0,0.10727107524871826
Double_DQN,0,0.11448244750499725
Double_DQN,0,0.12230732291936874
Double_DQN,0,0.13090413808822632
Double_DQN,0,0.1402982622385025
Double_DQN,0,0.15023693442344666
Double_DQN,0,0.15972505509853363
Double_DQN,0,0.1699281930923462
Double_DQN,0,0.18019743263721466
Double_DQN,0,0.19119404256343842
Double_DQN,0,0.20258215069770813
Double_DQN,0,0.21317580342292786
Double_DQN,0,0.22295424342155457
Double_DQN,0,0.23275509476661682
Double_DQN,0,0.24182537198066711
Double_DQN,0,0.25016605854034424
Double_DQN,0,0.25838983058929443
Double_DQN,0,0.26671960949897766
Double_DQN,0,0.2746143341064453
Double_DQN,0,0.28204795718193054
Double_DQN,0,0.28912514448165894
Double_DQN,0,0.29629436135292053
Double_DQN,0,0.3013610541820526
Double_DQN,0,0.30642780661582947
Double_DQN,0,0.3117087781429291
Double_DQN,0,0.3169897198677063
Double_DQN,0,0.3222706615924835
Double_DQN,0,0.3269549012184143
Double_DQN,0,0.3316391408443451
Double_DQN,0,0.3363233506679535
Double_DQN,0,0.3410075604915619
Double_DQN,0,0.34546464681625366
Double_DQN,0,0.3501794636249542
Double_DQN,0,0.3552365303039551
Double_DQN,0,0.3596654534339905
Double_DQN,0,0.362482488155365
Double_DQN,0,0.3651817739009857
Double_DQN,0,0.36788105964660645
Double_DQN,0,0.37025904655456543
Double_DQN,0,0.3702128529548645
Double_DQN,0,0.3701666593551636
Double_DQN,0,0.37095552682876587
Double_DQN,0,0.37174439430236816
Double_DQN,0,0.373060941696167
Double_DQN,0,0.37184223532676697
Double_DQN,0,0.3710431456565857
Double_DQN,0,0.3684358298778534
Double_DQN,0,0.3658285140991211
Double_DQN,0,0.3626607656478882
Double_DQN,0,0.3570197820663452
Double_DQN,0,0.35151171684265137
Double_DQN,0,0.34393468499183655
Double_DQN,0,0.3356654942035675
Double_DQN,0,0.325264573097229
Double_DQN,0,0.31532377004623413
Double_DQN,0,0.3055357038974762
Double_DQN,0,0.29810652136802673
Double_DQN,0,0.29301711916923523
Double_DQN,0,0.288100928068161
Double_DQN,0,0.28157708048820496
Double_DQN,0,0.27277642488479614
Double_DQN,0,0.26378756761550903
Double_DQN,0,0.2551800608634949
Double_DQN,0,0.24639616906642914
Double_DQN,0,0.23756666481494904
Double_DQN,0,0.22644300758838654
Double_DQN,0,0.21469233930110931
Double_DQN,0,0.20539434254169464
Double_DQN,0,0.19394472241401672
Double_DQN,0,0.18192872405052185
Double_DQN,0,0.17209841310977936
Double_DQN,0,0.16220225393772125
Double_DQN,0,0.154018372297287
Double_DQN,0,0.14376020431518555
Double_DQN,0,0.13402213156223297
Double_DQN,0,0.12579399347305298
Double_DQN,0,0.11511024832725525
Double_DQN,0,0.10643775016069412
Double_DQN,0,0.09776529669761658
Double_DQN,0,0.09067279100418091
Double_DQN,0,0.08524281531572342
Double_DQN,0,0.08197987079620361
Double_DQN,0,0.079192154109478
Double_DQN,0,0.07640443742275238
Double_DQN,0,0.07601727545261383
Double_DQN,0,0.07334921509027481
Double_DQN,0,0.07284755259752274
Double_DQN,0,0.07188381254673004
Double_DQN,0,0.07078156620264053
Double_DQN,0,0.06902700662612915
Double_DQN,0,0.06643068790435791
Double_DQN,0,0.06442853808403015
Double_DQN,0,0.06023486703634262
Double_DQN,0,0.05755043402314186
Double_DQN,0,0.05473906919360161
Double_DQN,0,0.05272795632481575
Double_DQN,0,0.052454665303230286
Double_DQN,0,0.05021320655941963
Double_DQN,0,0.04831262677907944
Double_DQN,0,0.04813643544912338
Double_DQN,0,0.04727625101804733
Double_DQN,0,0.045698098838329315
Double_DQN,0,0.044000234454870224
Double_DQN,0,0.044206373393535614
Double_DQN,0,0.04514428600668907
Double_DQN,0,0.043769750744104385
Double_DQN,0,0.04253673553466797
Double_DQN,0,0.04166068881750107
Double_DQN,0,0.04133502021431923
Double_DQN,0,0.038708191365003586
Double_DQN,0,0.03583057224750519
Double_DQN,0,0.03277082368731499
Dueling_DQN,0,-0.006605303846299648
Dueling_DQN,0,-0.01113833487033844
Dueling_DQN,0,-0.013614584691822529
Dueling_DQN,0,-0.013741850852966309
Dueling_DQN,0,-0.012036442756652832
Dueling_DQN,0,-0.010534243658185005
Dueling_DQN,0,-0.008192280307412148
Dueling_DQN,0,-0.004020135384052992
Dueling_DQN,0,-4.1491861338727176e-05
Dueling_DQN,0,0.004321719519793987
Dueling_DQN,0,0.008355826139450073
Dueling_DQN,0,0.013063647784292698
Dueling_DQN,0,0.01752551458775997
Dueling_DQN,0,0.02414689213037491
Dueling_DQN,0,0.030488144606351852
Dueling_DQN,0,0.037499647587537766
Dueling_DQN,0,0.04472097381949425
Dueling_DQN,0,0.05251067876815796
Dueling_DQN,0,0.05985461175441742
Dueling_DQN,0,0.06644661724567413
Dueling_DQN,0,0.07537547498941422
Dueling_DQN,0,0.08480565994977951
Dueling_DQN,0,0.0926913395524025
Dueling_DQN,0,0.10006700456142426
Dueling_DQN,0,0.10757793486118317
Dueling_DQN,0,0.11537855118513107
Dueling_DQN,0,0.12392506003379822
Dueling_DQN,0,0.13180702924728394
Dueling_DQN,0,0.137263223528862
Dueling_DQN,0,0.1434866189956665
Dueling_DQN,0,0.14958466589450836
Dueling_DQN,0,0.15651829540729523
Dueling_DQN,0,0.161484494805336
Dueling_DQN,0,0.16644734144210815
Dueling_DQN,0,0.17189280688762665
Dueling_DQN,0,0.1751006692647934
Dueling_DQN,0,0.179037943482399
Dueling_DQN,0,0.18336179852485657
Dueling_DQN,0,0.18847565352916718
Dueling_DQN,0,0.19122537970542908
Dueling_DQN,0,0.19474710524082184
Dueling_DQN,0,0.1990661770105362
Dueling_DQN,0,0.2010456621646881
Dueling_DQN,0,0.20257462561130524
Dueling_DQN,0,0.20481868088245392
Dueling_DQN,0,0.207062765955925
Dueling_DQN,0,0.21003426611423492
Dueling_DQN,0,0.2133973389863968
Dueling_DQN,0,0.21596604585647583
Dueling_DQN,0,0.21700511872768402
Dueling_DQN,0,0.21806669235229492
Dueling_DQN,0,0.21912828087806702
Dueling_DQN,0,0.21946027874946594
Dueling_DQN,0,0.21979230642318726
Dueling_DQN,0,0.22023038566112518
Dueling_DQN,0,0.22066844999790192
Dueling_DQN,0,0.22064536809921265
Dueling_DQN,0,0.22062228620052338
Dueling_DQN,0,0.2206912636756897
Dueling_DQN,0,0.2208632081747055
Dueling_DQN,0,0.2210351675748825
Dueling_DQN,0,0.22142139077186584
Dueling_DQN,0,0.22180762887001038
Dueling_DQN,0,0.2200842946767807
Dueling_DQN,0,0.2177642583847046
Dueling_DQN,0,0.21544420719146729
Dueling_DQN,0,0.21366867423057556
Dueling_DQN,0,0.21244987845420837
Dueling_DQN,0,0.21100395917892456
Dueling_DQN,0,0.20981577038764954
Dueling_DQN,0,0.2089698612689972
Dueling_DQN,0,0.20749583840370178
Dueling_DQN,0,0.20602181553840637
Dueling_DQN,0,0.20443007349967957
Dueling_DQN,0,0.20283834636211395
Dueling_DQN,0,0.2009253054857254
Dueling_DQN,0,0.19962508976459503
Dueling_DQN,0,0.19832487404346466
Dueling_DQN,0,0.1978597342967987
Dueling_DQN,0,0.1957075446844101
Dueling_DQN,0,0.19408297538757324
Dueling_DQN,0,0.1924583911895752
Dueling_DQN,0,0.19125351309776306
Dueling_DQN,0,0.19004862010478973
Dueling_DQN,0,0.1888437271118164
Dueling_DQN,0,0.18707840144634247
Dueling_DQN,0,0.18600545823574066
Dueling_DQN,0,0.18284641206264496
Dueling_DQN,0,0.17973175644874573
Dueling_DQN,0,0.17592483758926392
Dueling_DQN,0,0.1721179187297821
Dueling_DQN,0,0.16877108812332153
Dueling_DQN,0,0.16557691991329193
Dueling_DQN,0,0.16238273680210114
Dueling_DQN,0,0.15918858349323273
Dueling_DQN,0,0.15616761147975922
Dueling_DQN,0,0.1531466394662857
Dueling_DQN,0,0.1501256823539734
Dueling_DQN,0,0.14691652357578278
Dueling_DQN,0,0.14408864080905914
Dueling_DQN,0,0.14108431339263916
Dueling_DQN,0,0.13803431391716003
Dueling_DQN,0,0.13543376326560974
Dueling_DQN,0,0.1322060525417328
Dueling_DQN,0,0.12897834181785583
Dueling_DQN,0,0.12597769498825073
Dueling_DQN,0,0.12297706305980682
Dueling_DQN,0,0.11967049539089203
Dueling_DQN,0,0.11629804223775864
Dueling_DQN,0,0.11292559653520584
Dueling_DQN,0,0.10968636721372604
Dueling_DQN,0,0.10696719586849213
Dueling_DQN,0,0.10424801707267761
Dueling_DQN,0,0.10231003910303116
Dueling_DQN,0,0.10037204623222351
Dueling_DQN,0,0.09843406081199646
Dueling_DQN,0,0.09719445556402206
Dueling_DQN,0,0.09595486521720886
Dueling_DQN,0,0.09289675951004028
Dueling_DQN,0,0.08983864635229111
Dueling_DQN,0,0.08665087074041367
Dueling_DQN,0,0.08276750892400742
Dueling_DQN,0,0.07937254756689072
Dueling_DQN,0,0.07597760856151581
Dueling_DQN,0,0.0725826546549797
Dueling_DQN,0,0.06904918700456619
Dueling_DQN,0,0.06486335396766663
Dueling_DQN,0,0.060677528381347656
Dueling_DQN,0,0.05649171024560928
Dueling_DQN,0,0.052305884659290314
Dueling_DQN,0,0.048933494836091995
Dueling_DQN,0,0.04556110501289368
Dueling_DQN,0,0.042989008128643036
Dueling_DQN,0,0.0404169075191021
Dueling_DQN,0,0.037844814360141754
Dueling_DQN,0,0.03527272120118141
Dueling_DQN,0,0.033152494579553604
Dueling_DQN,0,0.031032275408506393
Dueling_DQN,0,0.028194041922688484
Dueling_DQN,0,0.02523607760667801
Dueling_DQN,0,0.022424353286623955
Dueling_DQN,0,0.0196126326918602
Dueling_DQN,0,0.01680092141032219
Dueling_DQN,0,0.014130759984254837
Dueling_DQN,0,0.011460593901574612
Dueling_DQN,0,0.008790434338152409
Dueling_DQN,0,0.006649221293628216
Dueling_DQN,0,0.004508001729846001
Dueling_DQN,0,0.0023667810019105673
Dueling_DQN,0,0.00012404579319991171
Dueling_DQN,0,-0.0021187046077102423
Dueling_DQN,0,-0.004731287714093924
Dueling_DQN,0,-0.007343873381614685
Dueling_DQN,0,-0.009981770999729633
Dueling_DQN,0,-0.012619677931070328
Dueling_DQN,0,-0.015546692535281181
Dueling_DQN,0,-0.018473709002137184
Dueling_DQN,0,-0.021686840802431107
Dueling_DQN,0,-0.024899978190660477
Dueling_DQN,0,-0.028914887458086014
Dueling_DQN,0,-0.032282814383506775
Dueling_DQN,0,-0.035650745034217834
Dueling_DQN,0,-0.03892073407769203
Dueling_DQN,0,-0.04041491821408272
Dueling_DQN,0,-0.041661929339170456
Dueling_DQN,0,-0.040495049208402634
Dueling_DQN,0,-0.03741363435983658
Dueling_DQN,0,-0.03350197151303291
Dueling_DQN,0,-0.030175944790244102
Dueling_DQN,0,-0.02651827782392502
Dueling_DQN,0,-0.020686186850070953
Dueling_DQN,0,-0.014176905155181885
Dueling_DQN,0,-0.00810715276747942
Dueling_DQN,0,-0.0018931179074570537
Dueling_DQN,0,0.002574803540483117
Dueling_DQN,0,0.006230315193533897
Dueling_DQN,0,0.009365861304104328
Dueling_DQN,0,0.011840716004371643
Dueling_DQN,0,0.014138673432171345
Dueling_DQN,0,0.016856608912348747
Dueling_DQN,0,0.019956063479185104
Dueling_DQN,0,0.021213900297880173
Dueling_DQN,0,0.022348977625370026
Dueling_DQN,0,0.02348405309021473
Dueling_DQN,0,0.024051301181316376
Dueling_DQN,0,0.0251627154648304
Dueling_DQN,0,0.026274124160408974
Dueling_DQN,0,0.027691176161170006
Dueling_DQN,0,0.029108215123414993
Dueling_DQN,0,0.030525270849466324
Dueling_DQN,0,0.03194231912493706
Dueling_DQN,0,0.032663486897945404
Dueling_DQN,0,0.03321126475930214
Dueling_DQN,0,0.03375902771949768
Dueling_DQN,0,0.033472493290901184
Dueling_DQN,0,0.034013986587524414
Dueling_DQN,0,0.03455549106001854
Dueling_DQN,0,0.035243138670921326
Dueling_DQN,0,0.03629698231816292
Dueling_DQN,0,0.03735082224011421
Dueling_DQN,0,0.03897404298186302
Dueling_DQN,0,0.04059728607535362
Dueling_DQN,0,0.041979167610406876
Dueling_DQN,0,0.04336105287075043
Dueling_DQN,0,0.04418767988681793
Dueling_DQN,0,0.04501430317759514
Dueling_DQN,0,0.04584093019366264
Dueling_DQN,0,0.04687868431210518
Dueling_DQN,0,0.048109643161296844
Dueling_DQN,0,0.049485646188259125
Dueling_DQN,0,0.05086164548993111
Dueling_DQN,0,0.05187888815999031
Dueling_DQN,0,0.05289613455533981
Dueling_DQN,0,0.053400833159685135
Dueling_DQN,0,0.05390553921461105
Dueling_DQN,0,0.054410237818956375
Dueling_DQN,0,0.05487514287233353
Dueling_DQN,0,0.05534004792571068
Dueling_DQN,0,0.056386061012744904
Dueling_DQN,0,0.05721183121204376
Dueling_DQN,0,0.05803757533431053
Dueling_DQN,0,0.058863360434770584
Dueling_DQN,0,0.06032513827085495
Dueling_DQN,0,0.06102633476257324
Dueling_DQN,0,0.06172751262784004
Dueling_DQN,0,0.06033043563365936
Dueling_DQN,0,0.05828921124339104
Dueling_DQN,0,0.05624799430370331
Dueling_DQN,0,0.053490955382585526
Dueling_DQN,0,0.05021515116095543
Dueling_DQN,0,0.04693933576345444
Dueling_DQN,0,0.04366351664066315
Dueling_DQN,0,0.04001256823539734
Dueling_DQN,0,0.03636161983013153
Dueling_DQN,0,0.0324675627052784
Dueling_DQN,0,0.02857350930571556
Dueling_DQN,0,0.024490272626280785
Dueling_DQN,0,0.020562805235385895
Dueling_DQN,0,0.01663534715771675
Dueling_DQN,0,0.012707901187241077
Dueling_DQN,0,0.008583778515458107
Dueling_DQN,0,0.0044596558436751366
Dueling_DQN,0,0.0009145577787421644
Dueling_DQN,0,-0.0019974589813500643
Dueling_DQN,0,-0.005309869069606066
Dueling_DQN,0,-0.00661707017570734
Dueling_DQN,0,-0.006404825020581484
Dueling_DQN,0,-0.005414837971329689
Dueling_DQN,0,-0.004398423247039318
Dueling_DQN,0,-0.003382009221240878
Dueling_DQN,0,-0.0016328025376424193
Dueling_DQN,0,0.0005783709930256009
Dueling_DQN,0,0.005092909559607506
Dueling_DQN,0,0.009733505547046661
Dueling_DQN,0,0.013554742559790611
Dueling_DQN,0,0.015126721933484077
Dueling_DQN,0,0.01640305668115616
Dueling_DQN,0,0.017654212191700935
Dueling_DQN,0,0.018905354663729668
Dueling_DQN,0,0.020156508311629295
Dueling_DQN,0,0.020901186391711235
Dueling_DQN,0,0.021667033433914185
Dueling_DQN,0,0.022432899102568626
Dueling_DQN,0,0.022889573127031326
Dueling_DQN,0,0.02334623597562313
Dueling_DQN,0,0.0232094693928957
Dueling_DQN,0,0.02307269722223282
Dueling_DQN,0,0.022935934364795685
Dueling_DQN,0,0.02264244668185711
Dueling_DQN,0,0.02189668081700802
Dueling_DQN,0,0.02115090936422348
Dueling_DQN,0,0.02001950889825821
Dueling_DQN,0,0.01888810470700264
Dueling_DQN,0,0.017756687477231026
Dueling_DQN,0,0.016035355627536774
Dueling_DQN,0,0.013600349426269531
Dueling_DQN,0,0.009509040042757988
Dueling_DQN,0,0.004613844677805901
Dueling_DQN,0,-0.0002813496394082904
Dueling_DQN,0,-0.005176530685275793
Dueling_DQN,0,-0.010439001955091953
Dueling_DQN,0,-0.01584002748131752
Dueling_DQN,0,-0.021241048350930214
Dueling_DQN,0,-0.026370957493782043
Dueling_DQN,0,-0.03150084242224693
Dueling_DQN,0,-0.036131471395492554
Dueling_DQN,0,-0.040762100368738174
Dueling_DQN,0,-0.04569060727953911
Dueling_DQN,0,-0.050664205104112625
Dueling_DQN,0,-0.05563778057694435
Dueling_DQN,0,-0.0625854879617691
Dueling_DQN,0,-0.0698404610157013
Dueling_DQN,0,-0.07486866414546967
Dueling_DQN,0,-0.08211181312799454
Dueling_DQN,0,-0.07267729938030243
Dueling_DQN,0,-0.04676809534430504
Dueling_DQN,0,-0.004539072513580322
Dueling_DQN,0,0.049717728048563004
Dueling_DQN,0,0.09372642636299133
Dueling_DQN,0,0.12437577545642853
Dueling_DQN,0,0.1413787454366684
Dueling_DQN,0,0.1477176398038864
Dueling_DQN,0,0.14889107644557953
Dueling_DQN,0,0.1490674763917923
Dueling_DQN,0,0.14798840880393982
Dueling_DQN,0,0.14638178050518036
Dueling_DQN,0,0.14518362283706665
Dueling_DQN,0,0.14440368115901947
Dueling_DQN,0,0.14384596049785614
Dueling_DQN,0,0.14325781166553497
Dueling_DQN,0,0.13479430973529816
Dueling_DQN,0,0.12899693846702576
Dueling_DQN,0,0.1259666383266449
Dueling_DQN,0,0.12485853582620621
Dueling_DQN,0,0.1246788427233696
Dueling_DQN,0,0.12453337013721466
Dueling_DQN,0,0.1236826479434967
Dueling_DQN,0,0.12224064767360687
Dueling_DQN,0,0.11994703114032745
Dueling_DQN,0,0.11683810502290726
Dueling_DQN,0,0.11313049495220184
Dueling_DQN,0,0.10913046449422836
Dueling_DQN,0,0.10514266043901443
Dueling_DQN,0,0.10139913111925125
Dueling_DQN,0,0.09802079200744629
Dueling_DQN,0,0.09501364082098007
Dueling_DQN,0,0.092293381690979
Dueling_DQN,0,0.08972620964050293
Dueling_DQN,0,0.08717226982116699
Dueling_DQN,0,0.08452047407627106
Dueling_DQN,0,0.0817084014415741
Dueling_DQN,0,0.07872603088617325
Dueling_DQN,0,0.0756058469414711
Dueling_DQN,0,0.07240526378154755
Dueling_DQN,0,0.06918872892856598
Dueling_DQN,0,0.0660119503736496
Dueling_DQN,0,0.06290186941623688
Dueling_DQN,0,0.05986335501074791
Dueling_DQN,0,0.05688405781984329
Dueling_DQN,0,0.053941406309604645
Dueling_DQN,0,0.05100994184613228
Dueling_DQN,0,0.04806755483150482
Dueling_DQN,0,0.045099616050720215
Dueling_DQN,0,0.04210063815116882
Dueling_DQN,0,0.04205575957894325
Dueling_DQN,0,0.04207056388258934
Dueling_DQN,0,0.04206269234418869
Dueling_DQN,0,0.042048048228025436
Dueling_DQN,0,0.042041197419166565
Dueling_DQN,0,0.04204149544239044
Dueling_DQN,0,0.042043887078762054
Dueling_DQN,0,0.042045317590236664
Dueling_DQN,0,0.0420454666018486
Dueling_DQN,0,0.04204509034752846
Dueling_DQN,0,0.04204481095075607
Dueling_DQN,0,0.0420447401702404
Dueling_DQN,0,0.04204478859901428
Dueling_DQN,0,0.04204484447836876
Dueling_DQN,0,0.04204487055540085
Dueling_DQN,0,0.04204486310482025
Dueling_DQN,0,0.042044855654239655
Dueling_DQN,0,0.042044851928949356
Dueling_DQN,0,0.042044851928949356
Dueling_DQN,0,0.04204485937952995
Dueling_DQN,0,0.04204486683011055
Dueling_DQN,0,0.04204487428069115
Dueling_DQN,0,0.042044878005981445
Dueling_DQN,0,0.042044878005981445
Dueling_DQN,0,0.04204487428069115
Dueling_DQN,0,-0.006605303846299648
Dueling_DQN,0,-0.01113833487033844
Dueling_DQN,0,-0.013614584691822529
Dueling_DQN,0,-0.013741850852966309
Dueling_DQN,0,-0.012036442756652832
Dueling_DQN,0,-0.012195476330816746
Dueling_DQN,0,-0.011513832025229931
Dueling_DQN,0,-0.010570738464593887
Dueling_DQN,0,-0.007536879740655422
Dueling_DQN,0,-0.004119683522731066
Dueling_DQN,0,-0.001030913321301341
Dueling_DQN,0,0.0027317225467413664
Dueling_DQN,0,0.006248507648706436
Dueling_DQN,0,0.011924861930310726
Dueling_DQN,0,0.017321253195405006
Dueling_DQN,0,0.02338803932070732
Dueling_DQN,0,0.029664751142263412
Dueling_DQN,0,0.03651001304388046
Dueling_DQN,0,0.042909685522317886
Dueling_DQN,0,0.048557549715042114
Dueling_DQN,0,0.05654096603393555
Dueling_DQN,0,0.06502583622932434
Dueling_DQN,0,0.07275042682886124
Dueling_DQN,0,0.07996515184640884
Dueling_DQN,0,0.08731511235237122
Dueling_DQN,0,0.09495479613542557
Dueling_DQN,0,0.10334041714668274
Dueling_DQN,0,0.11106148362159729
Dueling_DQN,0,0.11950361728668213
Dueling_DQN,0,0.12549665570259094
Dueling_DQN,0,0.13136433064937592
Dueling_DQN,0,0.1380676031112671
Dueling_DQN,0,0.14470459520816803
Dueling_DQN,0,0.14934144914150238
Dueling_DQN,0,0.15446089208126068
Dueling_DQN,0,0.15997636318206787
Dueling_DQN,0,0.16305455565452576
Dueling_DQN,0,0.16651931405067444
Dueling_DQN,0,0.17077413201332092
Dueling_DQN,0,0.1756424456834793
Dueling_DQN,0,0.18128274381160736
Dueling_DQN,0,0.18846014142036438
Dueling_DQN,0,0.19330072402954102
Dueling_DQN,0,0.19769079983234406
Dueling_DQN,0,0.20279599726200104
Dueling_DQN,0,0.20585620403289795
Dueling_DQN,0,0.20964385569095612
Dueling_DQN,0,0.2138230800628662
Dueling_DQN,0,0.2172078788280487
Dueling_DQN,0,0.21977759897708893
Dueling_DQN,0,0.22031612694263458
Dueling_DQN,0,0.22012411057949066
Dueling_DQN,0,0.21993209421634674
Dueling_DQN,0,0.21962320804595947
Dueling_DQN,0,0.21942032873630524
Dueling_DQN,0,0.219217449426651
Dueling_DQN,0,0.21855342388153076
Dueling_DQN,0,0.21788938343524933
Dueling_DQN,0,0.2173173874616623
Dueling_DQN,0,0.21674539148807526
Dueling_DQN,0,0.2160271555185318
Dueling_DQN,0,0.21552319824695587
Dueling_DQN,0,0.21501924097537994
Dueling_DQN,0,0.21467450261116028
Dueling_DQN,0,0.2137329876422882
Dueling_DQN,0,0.21279148757457733
Dueling_DQN,0,0.21239450573921204
Dueling_DQN,0,0.20965535938739777
Dueling_DQN,0,0.20668908953666687
Dueling_DQN,0,0.20398056507110596
Dueling_DQN,0,0.20161433517932892
Dueling_DQN,0,0.19861996173858643
Dueling_DQN,0,0.19562558829784393
Dueling_DQN,0,0.19251351058483124
Dueling_DQN,0,0.19020548462867737
Dueling_DQN,0,0.1878974884748459
Dueling_DQN,0,0.18620231747627258
Dueling_DQN,0,0.18450714647769928
Dueling_DQN,0,0.18364708125591278
Dueling_DQN,0,0.18278701603412628
Dueling_DQN,0,0.18245460093021393
Dueling_DQN,0,0.18212217092514038
Dueling_DQN,0,0.18220941722393036
Dueling_DQN,0,0.18229667842388153
Dueling_DQN,0,0.18021313846111298
Dueling_DQN,0,0.17756915092468262
Dueling_DQN,0,0.1756175309419632
Dueling_DQN,0,0.17366591095924377
Dueling_DQN,0,0.17175869643688202
Dueling_DQN,0,0.1691591739654541
Dueling_DQN,0,0.16655965149402618
Dueling_DQN,0,0.1644202172756195
Dueling_DQN,0,0.16243338584899902
Dueling_DQN,0,0.16044655442237854
Dueling_DQN,0,0.156760573387146
Dueling_DQN,0,0.15324775874614716
Dueling_DQN,0,0.1497349739074707
Dueling_DQN,0,0.14663448929786682
Dueling_DQN,0,0.14353401958942413
Dueling_DQN,0,0.14081481099128723
Dueling_DQN,0,0.13791917264461517
Dueling_DQN,0,0.13502351939678192
Dueling_DQN,0,0.13257728517055511
Dueling_DQN,0,0.1301310807466507
Dueling_DQN,0,0.1269608587026596
Dueling_DQN,0,0.12401776760816574
Dueling_DQN,0,0.12050814926624298
Dueling_DQN,0,0.11669257283210754
Dueling_DQN,0,0.11281110346317291
Dueling_DQN,0,0.10941879451274872
Dueling_DQN,0,0.10615971684455872
Dueling_DQN,0,0.10290064662694931
Dueling_DQN,0,0.09964156150817871
Dueling_DQN,0,0.09716366231441498
Dueling_DQN,0,0.09468576312065125
Dueling_DQN,0,0.09220786392688751
Dueling_DQN,0,0.09042833745479584
Dueling_DQN,0,0.08864881843328476
Dueling_DQN,0,0.08686929196119308
Dueling_DQN,0,0.085564985871315
Dueling_DQN,0,0.08426068723201752
Dueling_DQN,0,0.08295638114213943
Dueling_DQN,0,0.0821404978632927
Dueling_DQN,0,0.08132462203502655
Dueling_DQN,0,0.07878819108009338
Dueling_DQN,0,0.0761132463812828
Dueling_DQN,0,0.07278597354888916
Dueling_DQN,0,0.06861685961484909
Dueling_DQN,0,0.0650419294834137
Dueling_DQN,0,0.0614670030772686
Dueling_DQN,0,0.058705445379018784
Dueling_DQN,0,0.05594388023018837
Dueling_DQN,0,0.053182315081357956
Dueling_DQN,0,0.050420764833688736
Dueling_DQN,0,0.047620076686143875
Dueling_DQN,0,0.04481939971446991
Dueling_DQN,0,0.04201873019337654
Dueling_DQN,0,0.038534048944711685
Dueling_DQN,0,0.03433138504624367
Dueling_DQN,0,0.030008969828486443
Dueling_DQN,0,0.025686562061309814
Dueling_DQN,0,0.022095948457717896
Dueling_DQN,0,0.018505360931158066
Dueling_DQN,0,0.015056322328746319
Dueling_DQN,0,0.011607288382947445
Dueling_DQN,0,0.008158249780535698
Dueling_DQN,0,0.005238172598183155
Dueling_DQN,0,0.002318094251677394
Dueling_DQN,0,-0.000601987645495683
Dueling_DQN,0,-0.003623565658926964
Dueling_DQN,0,-0.006645151413977146
Dueling_DQN,0,-0.009666727855801582
Dueling_DQN,0,-0.012075836770236492
Dueling_DQN,0,-0.014484940096735954
Dueling_DQN,0,-0.01759098656475544
Dueling_DQN,0,-0.02069702371954918
Dueling_DQN,0,-0.023507822304964066
Dueling_DQN,0,-0.02416091598570347
Dueling_DQN,0,-0.025319909676909447
Dueling_DQN,0,-0.024016642943024635
Dueling_DQN,0,-0.02206641063094139
Dueling_DQN,0,-0.018183331936597824
Dueling_DQN,0,-0.014202358201146126
Dueling_DQN,0,-0.009861884638667107
Dueling_DQN,0,-0.005274259950965643
Dueling_DQN,0,-0.0014045099960640073
Dueling_DQN,0,0.0025912148412317038
Dueling_DQN,0,0.007417161483317614
Dueling_DQN,0,0.011657478287816048
Dueling_DQN,0,0.016229411587119102
Dueling_DQN,0,0.018999530002474785
Dueling_DQN,0,0.022446826100349426
Dueling_DQN,0,0.025454595685005188
Dueling_DQN,0,0.028606688603758812
Dueling_DQN,0,0.031348396092653275
Dueling_DQN,0,0.03409009054303169
Dueling_DQN,0,0.03631185367703438
Dueling_DQN,0,0.03853359818458557
Dueling_DQN,0,0.04057842865586281
Dueling_DQN,0,0.043043214827775955
Dueling_DQN,0,0.04588951915502548
Dueling_DQN,0,0.04873582348227501
Dueling_DQN,0,0.05145937204360962
Dueling_DQN,0,0.054182909429073334
Dueling_DQN,0,0.056338656693696976
Dueling_DQN,0,0.058494411408901215
Dueling_DQN,0,0.060594815760850906
Dueling_DQN,0,0.0630008652806282
Dueling_DQN,0,0.0654069110751152
Dueling_DQN,0,0.06851018220186234
Dueling_DQN,0,0.07161343097686768
Dueling_DQN,0,0.07402078062295914
Dueling_DQN,0,0.0764281302690506
Dueling_DQN,0,0.0795743390917778
Dueling_DQN,0,0.08188623189926147
Dueling_DQN,0,0.08171852678060532
Dueling_DQN,0,0.08210897445678711
Dueling_DQN,0,0.08264554291963577
Dueling_DQN,0,0.08354827016592026
Dueling_DQN,0,0.08445101231336594
Dueling_DQN,0,0.08592312037944794
Dueling_DQN,0,0.08739522099494934
Dueling_DQN,0,0.08886733651161194
Dueling_DQN,0,0.0898791253566742
Dueling_DQN,0,0.09089092165231705
Dueling_DQN,0,0.09196403622627258
Dueling_DQN,0,0.09303715080022812
Dueling_DQN,0,0.09432139992713928
Dueling_DQN,0,0.09579890221357346
Dueling_DQN,0,0.09742141515016556
Dueling_DQN,0,0.09904392063617706
Dueling_DQN,0,0.09888563305139542
Dueling_DQN,0,0.0990571528673172
Dueling_DQN,0,0.09871618449687958
Dueling_DQN,0,0.09837521612644196
Dueling_DQN,0,0.09803424030542374
Dueling_DQN,0,0.09765343368053436
Dueling_DQN,0,0.09669344127178192
Dueling_DQN,0,0.09573347121477127
Dueling_DQN,0,0.09455318748950958
Dueling_DQN,0,0.09337291121482849
Dueling_DQN,0,0.09219266474246979
Dueling_DQN,0,0.09164843708276749
Dueling_DQN,0,0.09034361690282822
Dueling_DQN,0,0.08903880417346954
Dueling_DQN,0,0.08773399144411087
Dueling_DQN,0,0.08578504621982574
Dueling_DQN,0,0.08383612334728241
Dueling_DQN,0,0.08117137849330902
Dueling_DQN,0,0.07850662618875504
Dueling_DQN,0,0.07630304992198944
Dueling_DQN,0,0.0739290863275528
Dueling_DQN,0,0.07155513018369675
Dueling_DQN,0,0.0693114846944809
Dueling_DQN,0,0.06706782430410385
Dueling_DQN,0,0.06512138992547989
Dueling_DQN,0,0.06317494809627533
Dueling_DQN,0,0.061384350061416626
Dueling_DQN,0,0.05959375947713852
Dueling_DQN,0,0.05799339339137077
Dueling_DQN,0,0.05619633570313454
Dueling_DQN,0,0.0543992817401886
Dueling_DQN,0,0.05260223150253296
Dueling_DQN,0,0.051438260823488235
Dueling_DQN,0,0.04987386614084244
Dueling_DQN,0,0.04830947890877724
Dueling_DQN,0,0.047540776431560516
Dueling_DQN,0,0.04754979908466339
Dueling_DQN,0,0.047558821737766266
Dueling_DQN,0,0.04782571271061897
Dueling_DQN,0,0.048092588782310486
Dueling_DQN,0,0.04882141202688217
Dueling_DQN,0,0.049550238996744156
Dueling_DQN,0,0.050405103713274
Dueling_DQN,0,0.050440602004528046
Dueling_DQN,0,0.050476107746362686
Dueling_DQN,0,0.050215985625982285
Dueling_DQN,0,0.04995586350560188
Dueling_DQN,0,0.05016232281923294
Dueling_DQN,0,0.05036880075931549
Dueling_DQN,0,0.050068750977516174
Dueling_DQN,0,0.049768704921007156
Dueling_DQN,0,0.049941204488277435
Dueling_DQN,0,0.04980452358722687
Dueling_DQN,0,0.049667831510305405
Dueling_DQN,0,0.048937730491161346
Dueling_DQN,0,0.04820762947201729
Dueling_DQN,0,0.047477517277002335
Dueling_DQN,0,0.046590689569711685
Dueling_DQN,0,0.04570385068655014
Dueling_DQN,0,0.044421128928661346
Dueling_DQN,0,0.043138403445482254
Dueling_DQN,0,0.04197154566645622
Dueling_DQN,0,0.040804699063301086
Dueling_DQN,0,0.03904791548848152
Dueling_DQN,0,0.03572438657283783
Dueling_DQN,0,0.0318380706012249
Dueling_DQN,0,0.027951769530773163
Dueling_DQN,0,0.02402096427977085
Dueling_DQN,0,0.020090153440833092
Dueling_DQN,0,0.01579204387962818
Dueling_DQN,0,0.011355345137417316
Dueling_DQN,0,0.006918657571077347
Dueling_DQN,0,0.002481982111930847
Dueling_DQN,0,-0.0018161453772336245
Dueling_DQN,0,-0.005615017842501402
Dueling_DQN,0,-0.010035889223217964
Dueling_DQN,0,-0.014456751756370068
Dueling_DQN,0,-0.020838482305407524
Dueling_DQN,0,-0.029168160632252693
Dueling_DQN,0,-0.037521880120038986
Dueling_DQN,0,-0.04768230766057968
Dueling_DQN,0,-0.03708374872803688
Dueling_DQN,0,-0.01013969723135233
Dueling_DQN,0,0.033241525292396545
Dueling_DQN,0,0.07451431453227997
Dueling_DQN,0,0.11016692221164703
Dueling_DQN,0,0.13675104081630707
Dueling_DQN,0,0.1542501300573349
Dueling_DQN,0,0.16591913998126984
Dueling_DQN,0,0.1749064326286316
Dueling_DQN,0,0.18291354179382324
Dueling_DQN,0,0.18958750367164612
Dueling_DQN,0,0.1945314258337021
Dueling_DQN,0,0.1965935081243515
Dueling_DQN,0,0.19634538888931274
Dueling_DQN,0,0.1881718933582306
Dueling_DQN,0,0.1804480403661728
Dueling_DQN,0,0.17410321533679962
Dueling_DQN,0,0.16956497728824615
Dueling_DQN,0,0.16644664108753204
Dueling_DQN,0,0.16446591913700104
Dueling_DQN,0,0.16313214600086212
Dueling_DQN,0,0.1619766354560852
Dueling_DQN,0,0.16048355400562286
Dueling_DQN,0,0.15826329588890076
Dueling_DQN,0,0.15533703565597534
Dueling_DQN,0,0.15225939452648163
Dueling_DQN,0,0.14913970232009888
Dueling_DQN,0,0.14603056013584137
Dueling_DQN,0,0.1429697722196579
Dueling_DQN,0,0.13997510075569153
Dueling_DQN,0,0.13704459369182587
Dueling_DQN,0,0.13416136801242828
Dueling_DQN,0,0.1313009411096573
Dueling_DQN,0,0.12843841314315796
Dueling_DQN,0,0.12555451691150665
Dueling_DQN,0,0.12263868749141693
Dueling_DQN,0,0.11968961358070374
Dueling_DQN,0,0.11671347171068192
Dueling_DQN,0,0.11372078210115433
Dueling_DQN,0,0.11072293668985367
Dueling_DQN,0,0.10772936046123505
Dueling_DQN,0,0.1047457680106163
Dueling_DQN,0,0.10177352279424667
Dueling_DQN,0,0.09881047159433365
Dueling_DQN,0,0.09042765945196152
Dueling_DQN,0,0.08421244472265244
Dueling_DQN,0,0.08100338280200958
Dueling_DQN,0,0.08015555143356323
Dueling_DQN,0,0.08041296899318695
Dueling_DQN,0,0.08062422275543213
Dueling_DQN,0,0.08011391758918762
Dueling_DQN,0,0.07863122969865799
Dueling_DQN,0,0.0761566162109375
Dueling_DQN,0,0.07275868207216263
Dueling_DQN,0,0.06876067072153091
Dueling_DQN,0,0.06455431133508682
Dueling_DQN,0,0.0604894682765007
Dueling_DQN,0,0.056798603385686874
Dueling_DQN,0,0.05356677621603012
Dueling_DQN,0,0.05074498802423477
Dueling_DQN,0,0.04819392412900925
Dueling_DQN,0,0.04816785082221031
Dueling_DQN,0,0.04816846176981926
Dueling_DQN,0,0.04816112294793129
Dueling_DQN,0,0.04814104735851288
Dueling_DQN,0,0.04813054949045181
Dueling_DQN,0,0.04813024774193764
Dueling_DQN,0,0.04813341051340103
Dueling_DQN,0,0.048135533928871155
Dueling_DQN,0,0.048135850578546524
Dueling_DQN,0,0.04813539609313011
Dueling_DQN,0,0.04813499003648758
Dueling_DQN,0,0.048134882003068924
Dueling_DQN,0,0.0481349378824234
Dueling_DQN,0,0.048135023564100266
Dueling_DQN,0,0.04813505336642265
Dueling_DQN,0,0.04813503846526146
Dueling_DQN,0,0.04813501238822937
Dueling_DQN,0,0.048134997487068176
Dueling_DQN,0,0.04813499376177788
Dueling_DQN,0,0.04813499376177788
Dueling_DQN,0,0.048134997487068176
Dueling_DQN,0,0.048134997487068176
Dueling_DQN,0,0.048135001212358475
Dueling_DQN,0,0.04813499003648758
Dueling_DQN,0,0.04813498258590698
Dueling_DQN,0,0.048134975135326385
Dueling_DQN,0,-0.006605303846299648
Dueling_DQN,0,-0.01113833487033844
Dueling_DQN,0,-0.013614584691822529
Dueling_DQN,0,-0.013741850852966309
Dueling_DQN,0,-0.012036442756652832
Dueling_DQN,0,-0.010534243658185005
Dueling_DQN,0,-0.008192280307412148
Dueling_DQN,0,-0.004020135384052992
Dueling_DQN,0,-4.1491861338727176e-05
Dueling_DQN,0,0.004321719519793987
Dueling_DQN,0,0.008355826139450073
Dueling_DQN,0,0.013063647784292698
Dueling_DQN,0,0.01752551458775997
Dueling_DQN,0,0.02414689213037491
Dueling_DQN,0,0.030488144606351852
Dueling_DQN,0,0.037499647587537766
Dueling_DQN,0,0.04472097381949425
Dueling_DQN,0,0.05251067876815796
Dueling_DQN,0,0.05985461175441742
Dueling_DQN,0,0.06644661724567413
Dueling_DQN,0,0.07537547498941422
Dueling_DQN,0,0.08480565994977951
Dueling_DQN,0,0.0926913395524025
Dueling_DQN,0,0.10006700456142426
Dueling_DQN,0,0.10757793486118317
Dueling_DQN,0,0.11537855118513107
Dueling_DQN,0,0.12392506003379822
Dueling_DQN,0,0.13180702924728394
Dueling_DQN,0,0.137263223528862
Dueling_DQN,0,0.1434866189956665
Dueling_DQN,0,0.14958466589450836
Dueling_DQN,0,0.15651829540729523
Dueling_DQN,0,0.161484494805336
Dueling_DQN,0,0.16644734144210815
Dueling_DQN,0,0.17189280688762665
Dueling_DQN,0,0.1751006692647934
Dueling_DQN,0,0.179037943482399
Dueling_DQN,0,0.18336179852485657
Dueling_DQN,0,0.18847565352916718
Dueling_DQN,0,0.19122537970542908
Dueling_DQN,0,0.19474710524082184
Dueling_DQN,0,0.1990661770105362
Dueling_DQN,0,0.2010456621646881
Dueling_DQN,0,0.20257462561130524
Dueling_DQN,0,0.20481868088245392
Dueling_DQN,0,0.207062765955925
Dueling_DQN,0,0.21003426611423492
Dueling_DQN,0,0.2133973389863968
Dueling_DQN,0,0.21596604585647583
Dueling_DQN,0,0.21700511872768402
Dueling_DQN,0,0.21806669235229492
Dueling_DQN,0,0.21912828087806702
Dueling_DQN,0,0.21946027874946594
Dueling_DQN,0,0.21979230642318726
Dueling_DQN,0,0.22023038566112518
Dueling_DQN,0,0.22066844999790192
Dueling_DQN,0,0.22064536809921265
Dueling_DQN,0,0.22062228620052338
Dueling_DQN,0,0.2206912636756897
Dueling_DQN,0,0.2208632081747055
Dueling_DQN,0,0.2210351675748825
Dueling_DQN,0,0.22142139077186584
Dueling_DQN,0,0.22394442558288574
Dueling_DQN,0,0.22435738146305084
Dueling_DQN,0,0.2241736352443695
Dueling_DQN,0,0.2246817946434021
Dueling_DQN,0,0.22285890579223633
Dueling_DQN,0,0.2215927690267563
Dueling_DQN,0,0.22009947896003723
Dueling_DQN,0,0.21886391937732697
Dueling_DQN,0,0.217970609664917
Dueling_DQN,0,0.21644924581050873
Dueling_DQN,0,0.21492788195610046
Dueling_DQN,0,0.21328876912593842
Dueling_DQN,0,0.21164967119693756
Dueling_DQN,0,0.20968928933143616
Dueling_DQN,0,0.20834171772003174
Dueling_DQN,0,0.20699413120746613
Dueling_DQN,0,0.20648165047168732
Dueling_DQN,0,0.20428073406219482
Dueling_DQN,0,0.20260749757289886
Dueling_DQN,0,0.20170804858207703
Dueling_DQN,0,0.2008085995912552
Dueling_DQN,0,0.19990915060043335
Dueling_DQN,0,0.19683566689491272
Dueling_DQN,0,0.19320179522037506
Dueling_DQN,0,0.19026032090187073
Dueling_DQN,0,0.1873188465833664
Dueling_DQN,0,0.18442174792289734
Dueling_DQN,0,0.18083235621452332
Dueling_DQN,0,0.1772429645061493
Dueling_DQN,0,0.1741136610507965
Dueling_DQN,0,0.1711369901895523
Dueling_DQN,0,0.1681603193283081
Dueling_DQN,0,0.1651836335659027
Dueling_DQN,0,0.1623801440000534
Dueling_DQN,0,0.1595766544342041
Dueling_DQN,0,0.15718549489974976
Dueling_DQN,0,0.15479432046413422
Dueling_DQN,0,0.15278442203998566
Dueling_DQN,0,0.14888417720794678
Dueling_DQN,0,0.14493827521800995
Dueling_DQN,0,0.14099234342575073
Dueling_DQN,0,0.1370464265346527
Dueling_DQN,0,0.1323765069246292
Dueling_DQN,0,0.12793369591236115
Dueling_DQN,0,0.12292435020208359
Dueling_DQN,0,0.11760906875133514
Dueling_DQN,0,0.1122279092669487
Dueling_DQN,0,0.10733593255281448
Dueling_DQN,0,0.10244397073984146
Dueling_DQN,0,0.09807204455137253
Dueling_DQN,0,0.09370013326406479
Dueling_DQN,0,0.08932822942733765
Dueling_DQN,0,0.08492572605609894
Dueling_DQN,0,0.08052322268486023
Dueling_DQN,0,0.07681910693645477
Dueling_DQN,0,0.07311500608921051
Dueling_DQN,0,0.06941089779138565
Dueling_DQN,0,0.06570680439472198
Dueling_DQN,0,0.06187301129102707
Dueling_DQN,0,0.05803921818733215
Dueling_DQN,0,0.05469389632344246
Dueling_DQN,0,0.05134856700897217
Dueling_DQN,0,0.048003241419792175
Dueling_DQN,0,0.044657908380031586
Dueling_DQN,0,0.040660206228494644
Dueling_DQN,0,0.035820696502923965
Dueling_DQN,0,0.03157541900873184
Dueling_DQN,0,0.02733014151453972
Dueling_DQN,0,0.023898258805274963
Dueling_DQN,0,0.020466385409235954
Dueling_DQN,0,0.017034513875842094
Dueling_DQN,0,0.013602656312286854
Dueling_DQN,0,0.010170795023441315
Dueling_DQN,0,0.007079795468598604
Dueling_DQN,0,0.003988802433013916
Dueling_DQN,0,0.0008978182449936867
Dueling_DQN,0,-0.0021931736264377832
Dueling_DQN,0,-0.005403907038271427
Dueling_DQN,0,-0.008614645339548588
Dueling_DQN,0,-0.011093541979789734
Dueling_DQN,0,-0.013572455383837223
Dueling_DQN,0,-0.015909811481833458
Dueling_DQN,0,-0.016469420865178108
Dueling_DQN,0,-0.015364361926913261
Dueling_DQN,0,-0.013730383478105068
Dueling_DQN,0,-0.012347286567091942
Dueling_DQN,0,-0.008868208155035973
Dueling_DQN,0,-0.005490673705935478
Dueling_DQN,0,-0.002740558935329318
Dueling_DQN,0,-0.000360318721504882
Dueling_DQN,0,0.0026323972269892693
Dueling_DQN,0,0.0036519737914204597
Dueling_DQN,0,0.003974631428718567
Dueling_DQN,0,0.004297279287129641
Dueling_DQN,0,0.004915159195661545
Dueling_DQN,0,0.005246886983513832
Dueling_DQN,0,0.005072680301964283
Dueling_DQN,0,0.004898482467979193
Dueling_DQN,0,0.005371238570660353
Dueling_DQN,0,0.005843999329954386
Dueling_DQN,0,0.006414665374904871
Dueling_DQN,0,0.007344821467995644
Dueling_DQN,0,0.008522110991179943
Dueling_DQN,0,0.009699411690235138
Dueling_DQN,0,0.011002668179571629
Dueling_DQN,0,0.0131361810490489
Dueling_DQN,0,0.017603859305381775
Dueling_DQN,0,0.022403186187148094
Dueling_DQN,0,0.02688702940940857
Dueling_DQN,0,0.03204809129238129
Dueling_DQN,0,0.03548011556267738
Dueling_DQN,0,0.03905639424920082
Dueling_DQN,0,0.04222232848405838
Dueling_DQN,0,0.044575851410627365
Dueling_DQN,0,0.046409402042627335
Dueling_DQN,0,0.04758225008845329
Dueling_DQN,0,0.04875510185956955
Dueling_DQN,0,0.05034790560603142
Dueling_DQN,0,0.05232222005724907
Dueling_DQN,0,0.05429653823375702
Dueling_DQN,0,0.05614808201789856
Dueling_DQN,0,0.0579996220767498
Dueling_DQN,0,0.05928332358598709
Dueling_DQN,0,0.06056704744696617
Dueling_DQN,0,0.061795465648174286
Dueling_DQN,0,0.06332951039075851
Dueling_DQN,0,0.06486357003450394
Dueling_DQN,0,0.0670948326587677
Dueling_DQN,0,0.06932607293128967
Dueling_DQN,0,0.07086137682199478
Dueling_DQN,0,0.0723966732621193
Dueling_DQN,0,0.07467082142829895
Dueling_DQN,0,0.07611066848039627
Dueling_DQN,0,0.07755051553249359
Dueling_DQN,0,0.07954851537942886
Dueling_DQN,0,0.07947086542844772
Dueling_DQN,0,0.07975933700799942
Dueling_DQN,0,0.08004783093929291
Dueling_DQN,0,0.08090568333864212
Dueling_DQN,0,0.08176352828741074
Dueling_DQN,0,0.08238007128238678
Dueling_DQN,0,0.08299660682678223
Dueling_DQN,0,0.08305784314870834
Dueling_DQN,0,0.08311906456947327
Dueling_DQN,0,0.08318029344081879
Dueling_DQN,0,0.08345263451337814
Dueling_DQN,0,0.0839182436466217
Dueling_DQN,0,0.0845288634300232
Dueling_DQN,0,0.08513951301574707
Dueling_DQN,0,0.08575015515089035
Dueling_DQN,0,0.08669061958789825
Dueling_DQN,0,0.08711855858564377
Dueling_DQN,0,0.08754651248455048
Dueling_DQN,0,0.08855045586824417
Dueling_DQN,0,0.08955440670251846
Dueling_DQN,0,0.08997917920351028
Dueling_DQN,0,0.0904039591550827
Dueling_DQN,0,0.09060844779014587
Dueling_DQN,0,0.09081293642520905
Dueling_DQN,0,0.09082914143800735
Dueling_DQN,0,0.09084533900022507
Dueling_DQN,0,0.08931566774845123
Dueling_DQN,0,0.08801628649234772
Dueling_DQN,0,0.08689778298139572
Dueling_DQN,0,0.08577927201986313
Dueling_DQN,0,0.08466076105833054
Dueling_DQN,0,0.08282648026943207
Dueling_DQN,0,0.0809922143816948
Dueling_DQN,0,0.07961905747652054
Dueling_DQN,0,0.07807552069425583
Dueling_DQN,0,0.07653196901082993
Dueling_DQN,0,0.0751187652349472
Dueling_DQN,0,0.07370555400848389
Dueling_DQN,0,0.07258959114551544
Dueling_DQN,0,0.0714736357331276
Dueling_DQN,0,0.07051347196102142
Dueling_DQN,0,0.06955327838659286
Dueling_DQN,0,0.06878333538770676
Dueling_DQN,0,0.06781671941280365
Dueling_DQN,0,0.06685011088848114
Dueling_DQN,0,0.06588348746299744
Dueling_DQN,0,0.06554997712373734
Dueling_DQN,0,0.06481600552797318
Dueling_DQN,0,0.06408202648162842
Dueling_DQN,0,0.06414379179477692
Dueling_DQN,0,0.06498326361179352
Dueling_DQN,0,0.06582274287939072
Dueling_DQN,0,0.06692009419202805
Dueling_DQN,0,0.06801744550466537
Dueling_DQN,0,0.06685185432434082
PER_DQN,0,-0.006605303846299648
PER_DQN,0,-0.01113833487033844
PER_DQN,0,-0.013614584691822529
PER_DQN,0,-0.013741850852966309
PER_DQN,0,-0.012036442756652832
PER_DQN,0,-0.008237173780798912
PER_DQN,0,-0.002934987423941493
PER_DQN,0,0.004197319038212299
PER_DQN,0,0.013418526388704777
PER_DQN,0,0.024399885907769203
PER_DQN,0,0.03754900023341179
PER_DQN,0,0.04832656681537628
PER_DQN,0,0.06122681498527527
PER_DQN,0,0.07231501489877701
PER_DQN,0,0.0855492427945137
PER_DQN,0,0.09640515595674515
PER_DQN,0,0.10515125840902328
PER_DQN,0,0.11446577310562134
PER_DQN,0,0.12333372980356216
PER_DQN,0,0.13144949078559875
PER_DQN,0,0.13956455886363983
PER_DQN,0,0.14818201959133148
PER_DQN,0,0.15603870153427124
PER_DQN,0,0.16338549554347992
PER_DQN,0,0.17086750268936157
PER_DQN,0,0.17863918840885162
PER_DQN,0,0.1871568262577057
PER_DQN,0,0.19500987231731415
PER_DQN,0,0.2035839706659317
PER_DQN,0,0.21292519569396973
PER_DQN,0,0.22214104235172272
PER_DQN,0,0.23219242691993713
PER_DQN,0,0.24217741191387177
PER_DQN,0,0.25215891003608704
PER_DQN,0,0.2626229226589203
PER_DQN,0,0.27308687567710876
PER_DQN,0,0.2835507392883301
PER_DQN,0,0.2940145432949066
PER_DQN,0,0.304478257894516
PER_DQN,0,0.3155553638935089
PER_DQN,0,0.3274044394493103
PER_DQN,0,0.33925336599349976
PER_DQN,0,0.3516467809677124
PER_DQN,0,0.3640400469303131
PER_DQN,0,0.37714827060699463
PER_DQN,0,0.3902563452720642
PER_DQN,0,0.40409165620803833
PER_DQN,0,0.41831836104393005
PER_DQN,0,0.4317505955696106
PER_DQN,0,0.4451826512813568
PER_DQN,0,0.458636999130249
PER_DQN,0,0.4720911979675293
PER_DQN,0,0.48554521799087524
PER_DQN,0,0.4969748854637146
PER_DQN,0,0.5062135457992554
PER_DQN,0,0.5136216878890991
PER_DQN,0,0.5191896557807922
PER_DQN,0,0.5228778123855591
PER_DQN,0,0.5243856310844421
PER_DQN,0,0.5236971378326416
PER_DQN,0,0.5209888815879822
PER_DQN,0,0.5160156488418579
PER_DQN,0,0.5108233690261841
PER_DQN,0,0.5057902336120605
PER_DQN,0,0.5001603960990906
PER_DQN,0,0.4952224791049957
PER_DQN,0,0.4908290505409241
PER_DQN,0,0.48699232935905457
PER_DQN,0,0.48292848467826843
PER_DQN,0,0.4791224002838135
PER_DQN,0,0.4756585955619812
PER_DQN,0,0.47156667709350586
PER_DQN,0,0.46673306822776794
PER_DQN,0,0.461781769990921
PER_DQN,0,0.4576345384120941
PER_DQN,0,0.45316600799560547
PER_DQN,0,0.4493102729320526
PER_DQN,0,0.42957308888435364
PER_DQN,0,0.3922445774078369
PER_DQN,0,0.3354707956314087
PER_DQN,0,0.2604421377182007
PER_DQN,0,-0.006605303846299648
PER_DQN,0,-0.01113833487033844
PER_DQN,0,-0.013614584691822529
PER_DQN,0,-0.013741850852966309
PER_DQN,0,-0.012036442756652832
PER_DQN,0,-0.008237173780798912
PER_DQN,0,-0.002934987423941493
PER_DQN,0,0.004197319038212299
PER_DQN,0,0.013418526388704777
PER_DQN,0,0.024399885907769203
PER_DQN,0,0.03754900023341179
PER_DQN,0,0.04832656681537628
PER_DQN,0,0.06122681498527527
PER_DQN,0,0.07231501489877701
PER_DQN,0,0.0855492427945137
PER_DQN,0,0.09640515595674515
PER_DQN,0,0.10515125840902328
PER_DQN,0,0.11446577310562134
PER_DQN,0,0.12333372980356216
PER_DQN,0,0.13144949078559875
PER_DQN,0,0.13956455886363983
PER_DQN,0,0.14818201959133148
PER_DQN,0,0.15603870153427124
PER_DQN,0,0.16338549554347992
PER_DQN,0,0.17086750268936157
PER_DQN,0,0.17863918840885162
PER_DQN,0,0.1871568262577057
PER_DQN,0,0.19500987231731415
PER_DQN,0,0.2035839706659317
PER_DQN,0,0.21292519569396973
PER_DQN,0,0.22214104235172272
PER_DQN,0,0.23219242691993713
PER_DQN,0,0.24217741191387177
PER_DQN,0,0.25215891003608704
PER_DQN,0,0.2626229226589203
PER_DQN,0,0.27308687567710876
PER_DQN,0,0.2835507392883301
PER_DQN,0,0.2940145432949066
PER_DQN,0,0.304478257894516
PER_DQN,0,0.3155553638935089
PER_DQN,0,0.3274044394493103
PER_DQN,0,0.33925336599349976
PER_DQN,0,0.3516467809677124
PER_DQN,0,0.3640400469303131
PER_DQN,0,0.37714827060699463
PER_DQN,0,0.3902563452720642
PER_DQN,0,0.40409165620803833
PER_DQN,0,0.41831836104393005
PER_DQN,0,0.4317505955696106
PER_DQN,0,0.4451826512813568
PER_DQN,0,0.458636999130249
PER_DQN,0,0.4720911979675293
PER_DQN,0,0.48554521799087524
PER_DQN,0,0.4969748854637146
PER_DQN,0,0.5062135457992554
PER_DQN,0,0.5136216878890991
PER_DQN,0,0.5191896557807922
PER_DQN,0,0.5228778123855591
PER_DQN,0,0.5243856310844421
PER_DQN,0,0.5236971378326416
PER_DQN,0,0.5209888815879822
PER_DQN,0,0.5160156488418579
PER_DQN,0,0.5108233690261841
PER_DQN,0,0.5057902336120605
PER_DQN,0,0.5001603960990906
PER_DQN,0,0.4952224791049957
PER_DQN,0,0.4908290505409241
PER_DQN,0,0.48699232935905457
PER_DQN,0,0.48292848467826843
PER_DQN,0,0.4791224002838135
PER_DQN,0,0.4756585955619812
PER_DQN,0,0.47156667709350586
PER_DQN,0,0.46673306822776794
PER_DQN,0,0.461781769990921
PER_DQN,0,0.4576345384120941
PER_DQN,0,0.45316600799560547
PER_DQN,0,0.4493102729320526
PER_DQN,0,0.42957308888435364
PER_DQN,0,0.3922445774078369
PER_DQN,0,0.3354707956314087
PER_DQN,0,0.2604421377182007
PER_DQN,0,-0.006605303846299648
PER_DQN,0,-0.01113833487033844
PER_DQN,0,-0.013614584691822529
PER_DQN,0,-0.013741850852966309
PER_DQN,0,-0.012036442756652832
PER_DQN,0,-0.008237173780798912
PER_DQN,0,-0.002934987423941493
PER_DQN,0,0.004197319038212299
PER_DQN,0,0.013418526388704777
PER_DQN,0,0.024399885907769203
PER_DQN,0,0.03754900023341179
PER_DQN,0,0.04832656681537628
PER_DQN,0,0.06122681498527527
PER_DQN,0,0.07231501489877701
PER_DQN,0,0.0855492427945137
PER_DQN,0,0.09640515595674515
PER_DQN,0,0.10515125840902328
PER_DQN,0,0.11446577310562134
PER_DQN,0,0.12333372980356216
PER_DQN,0,0.13144949078559875
PER_DQN,0,0.13956455886363983
PER_DQN,0,0.14818201959133148
PER_DQN,0,0.15603870153427124
PER_DQN,0,0.16338549554347992
PER_DQN,0,0.17086750268936157
PER_DQN,0,0.17863918840885162
PER_DQN,0,0.1871568262577057
PER_DQN,0,0.19500987231731415
PER_DQN,0,0.2035839706659317
PER_DQN,0,0.21292519569396973
PER_DQN,0,0.22214104235172272
PER_DQN,0,0.23219242691993713
PER_DQN,0,0.24217741191387177
PER_DQN,0,0.25215891003608704
PER_DQN,0,0.2626229226589203
PER_DQN,0,0.27308687567710876
PER_DQN,0,0.2835507392883301
PER_DQN,0,0.2940145432949066
PER_DQN,0,0.304478257894516
PER_DQN,0,0.3155553638935089
PER_DQN,0,0.3274044394493103
PER_DQN,0,0.33925336599349976
PER_DQN,0,0.3516467809677124
PER_DQN,0,0.3640400469303131
PER_DQN,0,0.37714827060699463
PER_DQN,0,0.3902563452720642
PER_DQN,0,0.40409165620803833
PER_DQN,0,0.41831836104393005
PER_DQN,0,0.4317505955696106
PER_DQN,0,0.4451826512813568
PER_DQN,0,0.458636999130249
PER_DQN,0,0.4720911979675293
PER_DQN,0,0.48554521799087524
PER_DQN,0,0.4969748854637146
PER_DQN,0,0.5062135457992554
PER_DQN,0,0.5136216878890991
PER_DQN,0,0.5191896557807922
PER_DQN,0,0.5228778123855591
PER_DQN,0,0.5243856310844421
PER_DQN,0,0.5236971378326416
PER_DQN,0,0.5209888815879822
PER_DQN,0,0.5160156488418579
PER_DQN,0,0.5108233690261841
PER_DQN,0,0.5057902336120605
PER_DQN,0,0.5001603960990906
PER_DQN,0,0.4952224791049957
PER_DQN,0,0.4908290505409241
PER_DQN,0,0.48699232935905457
PER_DQN,0,0.48292848467826843
PER_DQN,0,0.4791224002838135
PER_DQN,0,0.4756585955619812
PER_DQN,0,0.47156667709350586
PER_DQN,0,0.46673306822776794
PER_DQN,0,0.461781769990921
PER_DQN,0,0.4576345384120941
PER_DQN,0,0.45316600799560547
PER_DQN,0,0.4493102729320526
PER_DQN,0,0.42957308888435364
PER_DQN,0,0.3922445774078369
PER_DQN,0,0.3354707956314087
PER_DQN,0,0.2604421377182007
PER_DQN,0,-0.006605303846299648
PER_DQN,0,-0.01113833487033844
PER_DQN,0,-0.013614584691822529
PER_DQN,0,-0.013741850852966309
PER_DQN,0,-0.012036442756652832
PER_DQN,0,-0.008237173780798912
PER_DQN,0,-0.002934987423941493
PER_DQN,0,0.004197319038212299
PER_DQN,0,0.013418526388704777
PER_DQN,0,0.024399885907769203
PER_DQN,0,0.03754900023341179
PER_DQN,0,0.04832656681537628
PER_DQN,0,0.06122681498527527
PER_DQN,0,0.07231501489877701
PER_DQN,0,0.0855492427945137
PER_DQN,0,0.09640515595674515
PER_DQN,0,0.10515125840902328
PER_DQN,0,0.11446577310562134
PER_DQN,0,0.12333372980356216
PER_DQN,0,0.13144949078559875
PER_DQN,0,0.13956455886363983
PER_DQN,0,0.14818201959133148
PER_DQN,0,0.15603870153427124
PER_DQN,0,0.16338549554347992
PER_DQN,0,0.17086750268936157
PER_DQN,0,0.17863918840885162
PER_DQN,0,0.1871568262577057
PER_DQN,0,0.19500987231731415
PER_DQN,0,0.2035839706659317
PER_DQN,0,0.21292519569396973
PER_DQN,0,0.22214104235172272
PER_DQN,0,0.23219242691993713
PER_DQN,0,0.24025879800319672
PER_DQN,0,0.2483217567205429
PER_DQN,0,0.25686725974082947
PER_DQN,0,0.26580876111984253
PER_DQN,0,0.27547958493232727
PER_DQN,0,0.28515034914016724
PER_DQN,0,0.2948211133480072
PER_DQN,0,0.30449178814888
PER_DQN,0,0.3149343430995941
PER_DQN,0,0.32537686824798584
PER_DQN,0,0.33636391162872314
PER_DQN,0,0.3473508656024933
PER_DQN,0,0.3590528070926666
PER_DQN,0,0.3707546293735504
PER_DQN,0,0.3831838071346283
PER_DQN,0,0.39600440859794617
PER_DQN,0,0.40803053975105286
PER_DQN,0,0.42005655169487
PER_DQN,0,0.4321048855781555
PER_DQN,0,0.4441531002521515
PER_DQN,0,0.4562012255191803
PER_DQN,0,0.46824920177459717
PER_DQN,0,0.4802970588207245
PER_DQN,0,0.49052393436431885
PER_DQN,0,0.498919814825058
PER_DQN,0,0.5054436922073364
PER_DQN,0,0.5097953677177429
PER_DQN,0,0.5119577050209045
PER_DQN,0,0.5121052265167236
PER_DQN,0,0.5099921822547913
PER_DQN,0,0.5058860778808594
PER_DQN,0,0.5019391775131226
PER_DQN,0,0.4973955750465393
PER_DQN,0,0.4935438632965088
PER_DQN,0,0.49023663997650146
PER_DQN,0,0.4874861538410187
PER_DQN,0,0.48450854420661926
PER_DQN,0,0.48178866505622864
PER_DQN,0,0.4794110357761383
PER_DQN,0,0.47640541195869446
PER_DQN,0,0.47265809774398804
PER_DQN,0,0.4687930643558502
PER_DQN,0,0.46573203802108765
PER_DQN,0,0.4623498022556305
PER_DQN,0,0.44413119554519653
PER_DQN,0,0.4072336256504059
PER_DQN,0,0.3525264859199524
PER_DQN,0,0.27865758538246155
PER_DQN,0,-0.006605303846299648
PER_DQN,0,-0.01113833487033844
PER_DQN,0,-0.013614584691822529
PER_DQN,0,-0.013741850852966309
PER_DQN,0,-0.012036442756652832
PER_DQN,0,-0.008237173780798912
PER_DQN,0,-0.002934987423941493
PER_DQN,0,0.004197319038212299
PER_DQN,0,0.013418526388704777
PER_DQN,0,0.024399885907769203
PER_DQN,0,0.03754900023341179
PER_DQN,0,0.04832656681537628
PER_DQN,0,0.06122681498527527
PER_DQN,0,0.07231501489877701
PER_DQN,0,0.0855492427945137
PER_DQN,0,0.09640515595674515
PER_DQN,0,0.10515125840902328
PER_DQN,0,0.11446577310562134
PER_DQN,0,0.12333372980356216
PER_DQN,0,0.13144949078559875
PER_DQN,0,0.13956455886363983
PER_DQN,0,0.14818201959133148
PER_DQN,0,0.15603870153427124
PER_DQN,0,0.16338549554347992
PER_DQN,0,0.17086750268936157
PER_DQN,0,0.17863918840885162
PER_DQN,0,0.1871568262577057
PER_DQN,0,0.19500987231731415
PER_DQN,0,0.2035839706659317
PER_DQN,0,0.21292519569396973
PER_DQN,0,0.22214104235172272
PER_DQN,0,0.23219242691993713
PER_DQN,0,0.24217741191387177
PER_DQN,0,0.25215891003608704
PER_DQN,0,0.2626229226589203
PER_DQN,0,0.27348288893699646
PER_DQN,0,0.28434279561042786
PER_DQN,0,0.2952025830745697
PER_DQN,0,0.3060623109340668
PER_DQN,0,0.3169219195842743
PER_DQN,0,0.32778146862983704
PER_DQN,0,0.33943822979927063
PER_DQN,0,0.35163944959640503
PER_DQN,0,0.3638405501842499
PER_DQN,0,0.37675660848617554
PER_DQN,0,0.38973870873451233
PER_DQN,0,0.40344810485839844
PER_DQN,0,0.4171573221683502
PER_DQN,0,0.43007203936576843
PER_DQN,0,0.4429866075515747
PER_DQN,0,0.45592352747917175
PER_DQN,0,0.46886029839515686
PER_DQN,0,0.48179692029953003
PER_DQN,0,0.49473339319229126
PER_DQN,0,0.5054799318313599
PER_DQN,0,0.5143961906433105
PER_DQN,0,0.5214718580245972
PER_DQN,0,0.5266669392585754
PER_DQN,0,0.5296798348426819
PER_DQN,0,0.5304938554763794
PER_DQN,0,0.529285192489624
PER_DQN,0,0.5258073806762695
PER_DQN,0,0.5203295350074768
PER_DQN,0,0.5150108337402344
PER_DQN,0,0.5090954303741455
PER_DQN,0,0.5038719177246094
PER_DQN,0,0.49919289350509644
PER_DQN,0,0.4950706362724304
PER_DQN,0,0.4907212257385254
PER_DQN,0,0.48662957549095154
PER_DQN,0,0.482880175113678
PER_DQN,0,0.47850269079208374
PER_DQN,0,0.4733835458755493
PER_DQN,0,0.4681467115879059
PER_DQN,0,0.46371394395828247
PER_DQN,0,0.44286754727363586
PER_DQN,0,0.4045405387878418
PER_DQN,0,0.35759878158569336
PER_DQN,0,0.2938653826713562
PER_DQN,0,-0.006605303846299648
PER_DQN,0,-0.01113833487033844
PER_DQN,0,-0.013614584691822529
PER_DQN,0,-0.013741850852966309
PER_DQN,0,-0.012036442756652832
PER_DQN,0,-0.008237173780798912
PER_DQN,0,-0.002934987423941493
PER_DQN,0,0.004197319038212299
PER_DQN,0,0.013418526388704777
PER_DQN,0,0.024399885907769203
PER_DQN,0,0.03754900023341179
PER_DQN,0,0.04832656681537628
PER_DQN,0,0.06122681498527527
PER_DQN,0,0.07231501489877701
PER_DQN,0,0.0855492427945137
PER_DQN,0,0.09640515595674515
PER_DQN,0,0.10515125840902328
PER_DQN,0,0.11446577310562134
PER_DQN,0,0.12333372980356216
PER_DQN,0,0.13144949078559875
PER_DQN,0,0.13956455886363983
PER_DQN,0,0.14818201959133148
PER_DQN,0,0.15603870153427124
PER_DQN,0,0.16338549554347992
PER_DQN,0,0.17086750268936157
PER_DQN,0,0.17863918840885162
PER_DQN,0,0.1871568262577057
PER_DQN,0,0.19500987231731415
PER_DQN,0,0.2035839706659317
PER_DQN,0,0.21292519569396973
PER_DQN,0,0.22214104235172272
PER_DQN,0,0.23219242691993713
PER_DQN,0,0.24217741191387177
PER_DQN,0,0.25215891003608704
PER_DQN,0,0.2626229226589203
PER_DQN,0,0.27308687567710876
PER_DQN,0,0.2835507392883301
PER_DQN,0,0.2940145432949066
PER_DQN,0,0.304478257894516
PER_DQN,0,0.3155553638935089
PER_DQN,0,0.3274044394493103
PER_DQN,0,0.33925336599349976
PER_DQN,0,0.3516467809677124
PER_DQN,0,0.3640400469303131
PER_DQN,0,0.37714827060699463
PER_DQN,0,0.3902563452720642
PER_DQN,0,0.40409165620803833
PER_DQN,0,0.41831836104393005
PER_DQN,0,0.4317505955696106
PER_DQN,0,0.4451826512813568
PER_DQN,0,0.458636999130249
PER_DQN,0,0.4720911979675293
PER_DQN,0,0.48554521799087524
PER_DQN,0,0.4969748854637146
PER_DQN,0,0.5062135457992554
PER_DQN,0,0.5136216878890991
PER_DQN,0,0.5191896557807922
PER_DQN,0,0.5228778123855591
PER_DQN,0,0.5243856310844421
PER_DQN,0,0.5236971378326416
PER_DQN,0,0.5209888815879822
PER_DQN,0,0.5160156488418579
PER_DQN,0,0.5108233690261841
PER_DQN,0,0.5057902336120605
PER_DQN,0,0.5001603960990906
PER_DQN,0,0.4952224791049957
PER_DQN,0,0.4908290505409241
PER_DQN,0,0.48699232935905457
PER_DQN,0,0.4812116026878357
PER_DQN,0,0.4756885766983032
PER_DQN,0,0.47050783038139343
PER_DQN,0,0.46469900012016296
PER_DQN,0,0.4581485092639923
PER_DQN,0,0.45148035883903503
PER_DQN,0,0.4456162750720978
PER_DQN,0,0.43943092226982117
PER_DQN,0,0.4175945818424225
PER_DQN,0,0.37743091583251953
PER_DQN,0,0.3307971954345703
PER_DQN,0,0.2658539116382599
PER_DQN,0,0.18222631514072418
PER_DQN,0,0.09957481920719147
PER_DQN,0,-0.006605303846299648
PER_DQN,0,-0.01113833487033844
PER_DQN,0,-0.013614584691822529
PER_DQN,0,-0.013741850852966309
PER_DQN,0,-0.012036442756652832
PER_DQN,0,-0.008237173780798912
PER_DQN,0,-0.002934987423941493
PER_DQN,0,0.004197319038212299
PER_DQN,0,0.013418526388704777
PER_DQN,0,0.024399885907769203
PER_DQN,0,0.03754900023341179
PER_DQN,0,0.04832656681537628
PER_DQN,0,0.06122681498527527
PER_DQN,0,0.07231501489877701
PER_DQN,0,0.0855492427945137
PER_DQN,0,0.09640515595674515
PER_DQN,0,0.10515125840902328
PER_DQN,0,0.11446577310562134
PER_DQN,0,0.12333372980356216
PER_DQN,0,0.13144949078559875
PER_DQN,0,0.13956455886363983
PER_DQN,0,0.14818201959133148
PER_DQN,0,0.15603870153427124
PER_DQN,0,0.16338549554347992
PER_DQN,0,0.17086750268936157
PER_DQN,0,0.17863918840885162
PER_DQN,0,0.1871568262577057
PER_DQN,0,0.19500987231731415
PER_DQN,0,0.2035839706659317
PER_DQN,0,0.21292519569396973
PER_DQN,0,0.22214104235172272
PER_DQN,0,0.23219242691993713
PER_DQN,0,0.24217741191387177
PER_DQN,0,0.25215891003608704
PER_DQN,0,0.2626229226589203
PER_DQN,0,0.27308687567710876
PER_DQN,0,0.2835507392883301
PER_DQN,0,0.2940145432949066
PER_DQN,0,0.304478257894516
PER_DQN,0,0.3155553638935089
PER_DQN,0,0.3274044394493103
PER_DQN,0,0.33925336599349976
PER_DQN,0,0.3516467809677124
PER_DQN,0,0.3640400469303131
PER_DQN,0,0.37714827060699463
PER_DQN,0,0.3902563452720642
PER_DQN,0,0.40409165620803833
PER_DQN,0,0.41831836104393005
PER_DQN,0,0.4317505955696106
PER_DQN,0,0.4451826512813568
PER_DQN,0,0.458636999130249
PER_DQN,0,0.4720911979675293
PER_DQN,0,0.48554521799087524
PER_DQN,0,0.4969748854637146
PER_DQN,0,0.5062135457992554
PER_DQN,0,0.5136216878890991
PER_DQN,0,0.5191896557807922
PER_DQN,0,0.5228778123855591
PER_DQN,0,0.5243856310844421
PER_DQN,0,0.5236971378326416
PER_DQN,0,0.5209888815879822
PER_DQN,0,0.5160156488418579
PER_DQN,0,0.5108233690261841
PER_DQN,0,0.5057902336120605
PER_DQN,0,0.5001603960990906
PER_DQN,0,0.4952224791049957
PER_DQN,0,0.4908290505409241
PER_DQN,0,0.48699232935905457
PER_DQN,0,0.48292848467826843
PER_DQN,0,0.4791224002838135
PER_DQN,0,0.4756585955619812
PER_DQN,0,0.47156667709350586
PER_DQN,0,0.46673306822776794
PER_DQN,0,0.461781769990921
PER_DQN,0,0.4576345384120941
PER_DQN,0,0.45316600799560547
PER_DQN,0,0.4493102729320526
PER_DQN,0,0.42957308888435364
PER_DQN,0,0.3922445774078369
PER_DQN,0,0.3354707956314087
PER_DQN,0,0.2604421377182007
PER_DQN,0,-0.006605303846299648
PER_DQN,0,-0.01113833487033844
PER_DQN,0,-0.013614584691822529
PER_DQN,0,-0.013741850852966309
PER_DQN,0,-0.012036442756652832
PER_DQN,0,-0.008237173780798912
PER_DQN,0,-0.002934987423941493
PER_DQN,0,0.004197319038212299
PER_DQN,0,0.013418526388704777
PER_DQN,0,0.024399885907769203
PER_DQN,0,0.03754900023341179
PER_DQN,0,0.04832656681537628
PER_DQN,0,0.06122681498527527
PER_DQN,0,0.07231501489877701
PER_DQN,0,0.0855492427945137
PER_DQN,0,0.09640515595674515
PER_DQN,0,0.10515125840902328
PER_DQN,0,0.11446577310562134
PER_DQN,0,0.12333372980356216
PER_DQN,0,0.13144949078559875
PER_DQN,0,0.13956455886363983
PER_DQN,0,0.14818201959133148
PER_DQN,0,0.15603870153427124
PER_DQN,0,0.16338549554347992
PER_DQN,0,0.17086750268936157
PER_DQN,0,0.17863918840885162
PER_DQN,0,0.1871568262577057
PER_DQN,0,0.19500987231731415
PER_DQN,0,0.2035839706659317
PER_DQN,0,0.21292519569396973
PER_DQN,0,0.22214104235172272
PER_DQN,0,0.23219242691993713
PER_DQN,0,0.24217741191387177
PER_DQN,0,0.25215891003608704
PER_DQN,0,0.2626229226589203
PER_DQN,0,0.27308687567710876
PER_DQN,0,0.2835507392883301
PER_DQN,0,0.2940145432949066
PER_DQN,0,0.304478257894516
PER_DQN,0,0.3155553638935089
PER_DQN,0,0.3274044394493103
PER_DQN,0,0.33925336599349976
PER_DQN,0,0.3516467809677124
PER_DQN,0,0.3640400469303131
PER_DQN,0,0.37714827060699463
PER_DQN,0,0.3902563452720642
PER_DQN,0,0.40409165620803833
PER_DQN,0,0.41831836104393005
PER_DQN,0,0.4317505955696106
PER_DQN,0,0.4451826512813568
PER_DQN,0,0.458636999130249
PER_DQN,0,0.4720911979675293
PER_DQN,0,0.48554521799087524
PER_DQN,0,0.4969748854637146
PER_DQN,0,0.5062135457992554
PER_DQN,0,0.5136216878890991
PER_DQN,0,0.5191896557807922
PER_DQN,0,0.5228778123855591
PER_DQN,0,0.5243856310844421
PER_DQN,0,0.5236971378326416
PER_DQN,0,0.5209888815879822
PER_DQN,0,0.5160156488418579
PER_DQN,0,0.5108233690261841
PER_DQN,0,0.5057902336120605
PER_DQN,0,0.5001603960990906
PER_DQN,0,0.4952224791049957
PER_DQN,0,0.4908290505409241
PER_DQN,0,0.48699232935905457
PER_DQN,0,0.48292848467826843
PER_DQN,0,0.4791224002838135
PER_DQN,0,0.4756585955619812
PER_DQN,0,0.47156667709350586
PER_DQN,0,0.46673306822776794
PER_DQN,0,0.461781769990921
PER_DQN,0,0.4576345384120941
PER_DQN,0,0.45316600799560547
PER_DQN,0,0.4493102729320526
PER_DQN,0,0.42957308888435364
PER_DQN,0,0.3922445774078369
PER_DQN,0,0.3354707956314087
PER_DQN,0,0.2604421377182007
PER_DQN,0,-0.006605303846299648
PER_DQN,0,-0.01113833487033844
PER_DQN,0,-0.013614584691822529
PER_DQN,0,-0.013741850852966309
PER_DQN,0,-0.012036442756652832
PER_DQN,0,-0.008237173780798912
PER_DQN,0,-0.002934987423941493
PER_DQN,0,0.004197319038212299
PER_DQN,0,0.013418526388704777
PER_DQN,0,0.024399885907769203
PER_DQN,0,0.03754900023341179
PER_DQN,0,0.04832656681537628
PER_DQN,0,0.06122681498527527
PER_DQN,0,0.07231501489877701
PER_DQN,0,0.0855492427945137
PER_DQN,0,0.09640515595674515
PER_DQN,0,0.10515125840902328
PER_DQN,0,0.11446577310562134
PER_DQN,0,0.12333372980356216
PER_DQN,0,0.13144949078559875
PER_DQN,0,0.13956455886363983
PER_DQN,0,0.14818201959133148
PER_DQN,0,0.15603870153427124
PER_DQN,0,0.16338549554347992
PER_DQN,0,0.17086750268936157
PER_DQN,0,0.17863918840885162
PER_DQN,0,0.1871568262577057
PER_DQN,0,0.19500987231731415
PER_DQN,0,0.2035839706659317
PER_DQN,0,0.21292519569396973
PER_DQN,0,0.22214104235172272
PER_DQN,0,0.23219242691993713
PER_DQN,0,0.24217741191387177
PER_DQN,0,0.25215891003608704
PER_DQN,0,0.2626229226589203
PER_DQN,0,0.27308687567710876
PER_DQN,0,0.2835507392883301
PER_DQN,0,0.2940145432949066
PER_DQN,0,0.304478257894516
PER_DQN,0,0.3155553638935089
PER_DQN,0,0.3274044394493103
PER_DQN,0,0.33925336599349976
PER_DQN,0,0.3516467809677124
PER_DQN,0,0.3640400469303131
PER_DQN,0,0.37714827060699463
PER_DQN,0,0.3902563452720642
PER_DQN,0,0.40409165620803833
PER_DQN,0,0.41831836104393005
PER_DQN,0,0.4317505955696106
PER_DQN,0,0.4451826512813568
PER_DQN,0,0.458636999130249
PER_DQN,0,0.4720911979675293
PER_DQN,0,0.48554521799087524
PER_DQN,0,0.4969748854637146
PER_DQN,0,0.5062135457992554
PER_DQN,0,0.5136216878890991
PER_DQN,0,0.5191896557807922
PER_DQN,0,0.5228778123855591
PER_DQN,0,0.5243856310844421
PER_DQN,0,0.5236971378326416
PER_DQN,0,0.5209888815879822
PER_DQN,0,0.5160156488418579
PER_DQN,0,0.5108233690261841
PER_DQN,0,0.5057902336120605
PER_DQN,0,0.5001603960990906
PER_DQN,0,0.4952224791049957
PER_DQN,0,0.4908290505409241
PER_DQN,0,0.48699232935905457
PER_DQN,0,0.48292848467826843
PER_DQN,0,0.4791224002838135
PER_DQN,0,0.4756585955619812
PER_DQN,0,0.47156667709350586
PER_DQN,0,0.46673306822776794
PER_DQN,0,0.461781769990921
PER_DQN,0,0.4576345384120941
PER_DQN,0,0.45316600799560547
PER_DQN,0,0.4493102729320526
PER_DQN,0,0.42957308888435364
PER_DQN,0,0.3922445774078369
PER_DQN,0,0.3354707956314087
PER_DQN,0,0.2604421377182007
PER_DQN,0,-0.006605303846299648
PER_DQN,0,-0.01113833487033844
PER_DQN,0,-0.013614584691822529
PER_DQN,0,-0.013741850852966309
PER_DQN,0,-0.012036442756652832
PER_DQN,0,-0.008237173780798912
PER_DQN,0,-0.002934987423941493
PER_DQN,0,0.004197319038212299
PER_DQN,0,0.013418526388704777
PER_DQN,0,0.024399885907769203
PER_DQN,0,0.03754900023341179
PER_DQN,0,0.04832656681537628
PER_DQN,0,0.06122681498527527
PER_DQN,0,0.07231501489877701
PER_DQN,0,0.0855492427945137
PER_DQN,0,0.09640515595674515
PER_DQN,0,0.10515125840902328
PER_DQN,0,0.11446577310562134
PER_DQN,0,0.12333372980356216
PER_DQN,0,0.13144949078559875
PER_DQN,0,0.13956455886363983
PER_DQN,0,0.14818201959133148
PER_DQN,0,0.15603870153427124
PER_DQN,0,0.16338549554347992
PER_DQN,0,0.17086750268936157
PER_DQN,0,0.1783486157655716
PER_DQN,0,0.18657560646533966
PER_DQN,0,0.1941380500793457
PER_DQN,0,0.20242156088352203
PER_DQN,0,0.21147218346595764
PER_DQN,0,0.22039741277694702
PER_DQN,0,0.23083557188510895
PER_DQN,0,0.24120740592479706
PER_DQN,0,0.2515757977962494
PER_DQN,0,0.26194411516189575
PER_DQN,0,0.27270838618278503
PER_DQN,0,0.2842020094394684
PER_DQN,0,0.2956954836845398
PER_DQN,0,0.3079788386821747
PER_DQN,0,0.32026204466819763
PER_DQN,0,0.3333171308040619
PER_DQN,0,0.3463720679283142
PER_DQN,0,0.35997143387794495
PER_DQN,0,0.37357059121131897
PER_DQN,0,0.38788458704948425
PER_DQN,0,0.4021984040737152
PER_DQN,0,0.4172394275665283
PER_DQN,0,0.43267175555229187
PER_DQN,0,0.44730955362319946
PER_DQN,0,0.46194708347320557
PER_DQN,0,0.47658440470695496
PER_DQN,0,0.48956236243247986
PER_DQN,0,0.5008789300918579
PER_DQN,0,0.510164737701416
PER_DQN,0,0.5172533392906189
PER_DQN,0,0.5225072503089905
PER_DQN,0,0.5259173512458801
PER_DQN,0,0.5274450778961182
PER_DQN,0,0.5267902612686157
PER_DQN,0,0.5239379405975342
PER_DQN,0,0.5190657377243042
PER_DQN,0,0.5144079327583313
PER_DQN,0,0.5095310211181641
PER_DQN,0,0.5048133134841919
PER_DQN,0,0.4994989037513733
PER_DQN,0,0.4948763847351074
PER_DQN,0,0.49079838395118713
PER_DQN,0,0.487277090549469
PER_DQN,0,0.48352867364883423
PER_DQN,0,0.48003795742988586
PER_DQN,0,0.47688955068588257
PER_DQN,0,0.473113089799881
PER_DQN,0,0.4685949385166168
PER_DQN,0,0.46395906805992126
PER_DQN,0,0.46012723445892334
PER_DQN,0,0.4399847090244293
PER_DQN,0,0.4022350609302521
PER_DQN,0,0.3455525040626526
PER_DQN,0,0.27125367522239685
PER_DQN,0,0.178731769323349
PER_DQN,0,-0.006605303846299648
PER_DQN,0,-0.01113833487033844
PER_DQN,0,-0.013614584691822529
PER_DQN,0,-0.013741850852966309
PER_DQN,0,-0.012036442756652832
PER_DQN,0,-0.008237173780798912
PER_DQN,0,-0.002934987423941493
PER_DQN,0,0.004197319038212299
PER_DQN,0,0.013418526388704777
PER_DQN,0,0.024399885907769203
PER_DQN,0,0.03754900023341179
PER_DQN,0,0.04832656681537628
PER_DQN,0,0.06122681498527527
PER_DQN,0,0.07231501489877701
PER_DQN,0,0.0855492427945137
PER_DQN,0,0.09640515595674515
PER_DQN,0,0.10515125840902328
PER_DQN,0,0.11446577310562134
PER_DQN,0,0.12333372980356216
PER_DQN,0,0.13144949078559875
PER_DQN,0,0.13956455886363983
PER_DQN,0,0.14818201959133148
PER_DQN,0,0.15603870153427124
PER_DQN,0,0.16338549554347992
PER_DQN,0,0.17086750268936157
PER_DQN,0,0.17863918840885162
PER_DQN,0,0.1871568262577057
PER_DQN,0,0.19500987231731415
PER_DQN,0,0.2035839706659317
PER_DQN,0,0.21292519569396973
PER_DQN,0,0.22214104235172272
PER_DQN,0,0.23219242691993713
PER_DQN,0,0.24217741191387177
PER_DQN,0,0.25215891003608704
PER_DQN,0,0.2626229226589203
PER_DQN,0,0.27308687567710876
PER_DQN,0,0.2835507392883301
PER_DQN,0,0.2940145432949066
PER_DQN,0,0.304478257894516
PER_DQN,0,0.3155553638935089
PER_DQN,0,0.3274044394493103
PER_DQN,0,0.33925336599349976
PER_DQN,0,0.3516467809677124
PER_DQN,0,0.3640400469303131
PER_DQN,0,0.37714827060699463
PER_DQN,0,0.3902563452720642
PER_DQN,0,0.40409165620803833
PER_DQN,0,0.41831836104393005
PER_DQN,0,0.4317505955696106
PER_DQN,0,0.4451826512813568
PER_DQN,0,0.458636999130249
PER_DQN,0,0.4720911979675293
PER_DQN,0,0.48554521799087524
PER_DQN,0,0.4969748854637146
PER_DQN,0,0.5062135457992554
PER_DQN,0,0.5136216878890991
PER_DQN,0,0.5191896557807922
PER_DQN,0,0.5228778123855591
PER_DQN,0,0.5243856310844421
PER_DQN,0,0.5236971378326416
PER_DQN,0,0.5209888815879822
PER_DQN,0,0.5160156488418579
PER_DQN,0,0.5108233690261841
PER_DQN,0,0.5057902336120605
PER_DQN,0,0.5001603960990906
PER_DQN,0,0.4952224791049957
PER_DQN,0,0.4908290505409241
PER_DQN,0,0.48699232935905457
PER_DQN,0,0.48292848467826843
PER_DQN,0,0.4791224002838135
PER_DQN,0,0.4756585955619812
PER_DQN,0,0.47156667709350586
PER_DQN,0,0.46673306822776794
PER_DQN,0,0.461781769990921
PER_DQN,0,0.4576345384120941
PER_DQN,0,0.45316600799560547
PER_DQN,0,0.4493102729320526
PER_DQN,0,0.42957308888435364
PER_DQN,0,0.3922445774078369
PER_DQN,0,0.3354707956314087
PER_DQN,0,0.2604421377182007
PER_DQN,0,-0.006605303846299648
PER_DQN,0,-0.01113833487033844
PER_DQN,0,-0.013614584691822529
PER_DQN,0,-0.013741850852966309
PER_DQN,0,-0.012036442756652832
PER_DQN,0,-0.008237173780798912
PER_DQN,0,-0.002934987423941493
PER_DQN,0,0.004197319038212299
PER_DQN,0,0.013418526388704777
PER_DQN,0,0.024399885907769203
PER_DQN,0,0.03754900023341179
PER_DQN,0,0.04832656681537628
PER_DQN,0,0.06122681498527527
PER_DQN,0,0.07231501489877701
PER_DQN,0,0.0855492427945137
PER_DQN,0,0.09640515595674515
PER_DQN,0,0.10515125840902328
PER_DQN,0,0.11446577310562134
PER_DQN,0,0.12333372980356216
PER_DQN,0,0.13144949078559875
PER_DQN,0,0.13956455886363983
PER_DQN,0,0.14818201959133148
PER_DQN,0,0.15603870153427124
PER_DQN,0,0.16338549554347992
PER_DQN,0,0.17086750268936157
PER_DQN,0,0.17863918840885162
PER_DQN,0,0.1871568262577057
PER_DQN,0,0.19500987231731415
PER_DQN,0,0.2035839706659317
PER_DQN,0,0.21292519569396973
PER_DQN,0,0.22214104235172272
PER_DQN,0,0.23219242691993713
PER_DQN,0,0.24217741191387177
PER_DQN,0,0.25215891003608704
PER_DQN,0,0.2626229226589203
PER_DQN,0,0.27308687567710876
PER_DQN,0,0.2835507392883301
PER_DQN,0,0.2940145432949066
PER_DQN,0,0.304478257894516
PER_DQN,0,0.3155553638935089
PER_DQN,0,0.3274044394493103
PER_DQN,0,0.33925336599349976
PER_DQN,0,0.3516467809677124
PER_DQN,0,0.3640400469303131
PER_DQN,0,0.37714827060699463
PER_DQN,0,0.3902563452720642
PER_DQN,0,0.40409165620803833
PER_DQN,0,0.41831836104393005
PER_DQN,0,0.4317505955696106
PER_DQN,0,0.4451826512813568
PER_DQN,0,0.458636999130249
PER_DQN,0,0.4720911979675293
PER_DQN,0,0.48554521799087524
PER_DQN,0,0.4969748854637146
PER_DQN,0,0.5062135457992554
PER_DQN,0,0.5136216878890991
PER_DQN,0,0.5191896557807922
PER_DQN,0,0.5228778123855591
PER_DQN,0,0.5243856310844421
PER_DQN,0,0.5236971378326416
PER_DQN,0,0.5209888815879822
PER_DQN,0,0.5160156488418579
PER_DQN,0,0.5108233690261841
PER_DQN,0,0.5057902336120605
PER_DQN,0,0.5001603960990906
PER_DQN,0,0.4952224791049957
PER_DQN,0,0.4908290505409241
PER_DQN,0,0.48699232935905457
PER_DQN,0,0.48292848467826843
PER_DQN,0,0.4791224002838135
PER_DQN,0,0.4756585955619812
PER_DQN,0,0.47156667709350586
PER_DQN,0,0.46673306822776794
PER_DQN,0,0.461781769990921
PER_DQN,0,0.4576345384120941
PER_DQN,0,0.45316600799560547
PER_DQN,0,0.4493102729320526
PER_DQN,0,0.42957308888435364
PER_DQN,0,0.3922445774078369
PER_DQN,0,0.3354707956314087
PER_DQN,0,0.2604421377182007
PER_DQN,0,-0.006605303846299648
PER_DQN,0,-0.01113833487033844
PER_DQN,0,-0.013614584691822529
PER_DQN,0,-0.013741850852966309
PER_DQN,0,-0.012036442756652832
PER_DQN,0,-0.008237173780798912
PER_DQN,0,-0.002934987423941493
PER_DQN,0,0.004197319038212299
PER_DQN,0,0.013418526388704777
PER_DQN,0,0.024399885907769203
PER_DQN,0,0.03754900023341179
PER_DQN,0,0.04832656681537628
PER_DQN,0,0.06122681498527527
PER_DQN,0,0.07231501489877701
PER_DQN,0,0.0855492427945137
PER_DQN,0,0.09640515595674515
PER_DQN,0,0.10515125840902328
PER_DQN,0,0.11446577310562134
PER_DQN,0,0.12333372980356216
PER_DQN,0,0.13144949078559875
PER_DQN,0,0.13956455886363983
PER_DQN,0,0.14818201959133148
PER_DQN,0,0.15603870153427124
PER_DQN,0,0.16338549554347992
PER_DQN,0,0.17086750268936157
PER_DQN,0,0.17863918840885162
PER_DQN,0,0.1871568262577057
PER_DQN,0,0.19500987231731415
PER_DQN,0,0.2035839706659317
PER_DQN,0,0.21292519569396973
PER_DQN,0,0.22214104235172272
PPO,0,-0.006605303846299648
PPO,0,-0.013001053594052792
PPO,0,-0.01952815242111683
PPO,0,-0.026712777093052864
PPO,0,-0.03206207603216171
PPO,0,-0.03761424496769905
PPO,0,-0.04232557490468025
PPO,0,-0.04520421847701073
PPO,0,-0.04827527701854706
PPO,0,-0.04958408325910568
PPO,0,-0.05122154578566551
PPO,0,-0.05218415707349777
PPO,0,-0.05339188501238823
PPO,0,-0.052437346428632736
PPO,0,-0.051762036979198456
PPO,0,-0.05041559413075447
PPO,0,-0.048858486115932465
PPO,0,-0.04673212021589279
PPO,0,-0.04505064710974693
PPO,0,-0.04094173014163971
PPO,0,-0.03742915764451027
PPO,0,-0.033412013202905655
PPO,0,-0.030155261978507042
PPO,0,-0.0274076946079731
PPO,0,-0.024524211883544922
PPO,0,-0.02135075256228447
PPO,0,-0.01743135042488575
PPO,0,-0.014176473021507263
PPO,0,-0.010200509801506996
PPO,0,-0.005457403603941202
PPO,0,-0.0008396195480599999
PPO,0,0.004613802302628756
PPO,0,0.012095300480723381
PPO,0,0.019573399797081947
PPO,0,0.0275341235101223
PPO,0,0.03589088097214699
PPO,0,0.04497699812054634
PPO,0,0.0544496513903141
PPO,0,0.0647122785449028
PPO,0,0.07558830827474594
PPO,0,0.08723626285791397
PPO,0,0.09968145191669464
PPO,0,0.11267107725143433
PPO,0,0.12521012127399445
PPO,0,0.13846413791179657
PPO,0,0.14968332648277283
PPO,0,0.1616298109292984
PPO,0,0.17134815454483032
PPO,0,0.18027210235595703
PPO,0,0.1876724660396576
PPO,0,0.19509528577327728
PPO,0,0.20093832910060883
PPO,0,0.20520137250423431
PPO,0,0.20934754610061646
PPO,0,0.21141158044338226
PPO,0,0.21304064989089966
PPO,0,0.21420857310295105
PPO,0,0.21358396112918854
PPO,0,0.2130514234304428
PPO,0,0.21044036746025085
PPO,0,0.20768305659294128
PPO,0,0.2049257606267929
PPO,0,0.20194938778877258
PPO,0,0.19897301495075226
PPO,0,0.19599667191505432
PPO,0,0.19371218979358673
PPO,0,0.19197219610214233
PPO,0,0.19078896939754486
PPO,0,0.18937861919403076
PPO,0,0.18822599947452545
PPO,0,0.18741565942764282
PPO,0,0.186605304479599
PPO,0,0.1850532740354538
PPO,0,0.1835012286901474
PPO,0,0.18275326490402222
PPO,0,0.18200533092021942
PPO,0,0.1818702220916748
PPO,0,0.1797126829624176
PPO,0,0.17839021980762482
PPO,0,0.17653344571590424
PPO,0,0.17467667162418365
PPO,0,0.1735936552286148
PPO,0,0.17251065373420715
PPO,0,0.1710023730993271
PPO,0,0.16949409246444702
PPO,0,0.16742539405822754
PPO,0,0.16535668075084686
PPO,0,0.1632879674434662
PPO,0,0.16126365959644318
PPO,0,0.15854710340499878
PPO,0,0.15583056211471558
PPO,0,0.15357407927513123
PPO,0,0.15147028863430023
PPO,0,0.14936649799346924
PPO,0,0.14674954116344452
PPO,0,0.1441325694322586
PPO,0,0.14151562750339508
PPO,0,0.1393110305070877
PPO,0,0.13691824674606323
PPO,0,0.13452544808387756
PPO,0,0.13195621967315674
PPO,0,0.12934134900569916
PPO,0,0.12672650814056396
PPO,0,0.1234845444560051
PPO,0,0.12024258822202682
PPO,0,0.11700063198804855
PPO,0,0.1131921336054802
PPO,0,0.11155875027179718
PPO,0,0.10985948890447617
PPO,0,0.10816024243831635
PPO,0,0.10659424960613251
PPO,0,0.10554833710193634
PPO,0,0.10532715916633606
PPO,0,0.10510595887899399
PPO,0,0.10485412180423737
PPO,0,0.10460229963064194
PPO,0,0.10504890978336334
PPO,0,0.10549554973840714
PPO,0,0.1056487113237381
PPO,0,0.10352253913879395
PPO,0,0.10126669704914093
PPO,0,0.09901084750890732
PPO,0,0.09724342823028564
PPO,0,0.09547599405050278
PPO,0,0.0932464748620987
PPO,0,0.09101694822311401
PPO,0,0.08813508599996567
PPO,0,0.0852532759308815
PPO,0,0.08296570181846619
PPO,0,0.08067809045314789
PPO,0,0.07920392602682114
PPO,0,0.07772976905107498
PPO,0,0.07777204364538193
PPO,0,0.07824239879846573
PPO,0,0.07867364585399628
PPO,0,0.07910490036010742
PPO,0,0.07953616976737976
PPO,0,0.0792834609746933
PPO,0,0.07903074473142624
PPO,0,0.07865824550390244
PPO,0,0.07843200862407684
PPO,0,0.07820579409599304
PPO,0,0.07852640748023987
PPO,0,0.0788470208644867
PPO,0,0.07952462136745453
PPO,0,0.08075259625911713
PPO,0,0.07967635989189148
PPO,0,0.07834925502538681
PPO,0,0.07702215015888214
PPO,0,0.07569503039121628
PPO,0,0.07374051958322525
PPO,0,0.07178599387407303
PPO,0,0.07044396549463272
PPO,0,0.06907662004232407
PPO,0,0.06770923733711243
PPO,0,0.06605283170938492
PPO,0,0.06439638882875443
PPO,0,0.062453847378492355
PPO,0,0.060511309653520584
PPO,0,0.05776695907115936
PPO,0,0.055022627115249634
PPO,0,0.05237513408064842
PPO,0,0.0497276745736599
PPO,0,0.04743969067931175
PPO,0,0.04539886862039566
PPO,0,0.04577135294675827
PPO,0,0.0462697334587574
PPO,0,0.04759841412305832
PPO,0,0.04834139719605446
PPO,0,0.0490843802690506
PPO,0,0.04982740059494972
PPO,0,0.051247552037239075
PPO,0,0.05266774073243141
PPO,0,0.054232172667980194
PPO,0,0.05579661950469017
PPO,0,0.056548647582530975
PPO,0,0.056780725717544556
PPO,0,0.05701276659965515
PPO,0,0.05535966157913208
PPO,0,0.05412653461098671
PPO,0,0.05327484756708145
PPO,0,0.0524231493473053
PPO,0,0.051448654383420944
PPO,0,0.050474151968955994
PPO,0,0.04893184080719948
PPO,0,0.04738953337073326
PPO,0,0.04579184949398041
PPO,0,0.044194187968969345
PPO,0,0.043031904846429825
PPO,0,0.0418696254491806
PPO,0,0.040167197585105896
PPO,0,0.03846478834748268
PPO,0,0.036762356758117676
PPO,0,0.03579883277416229
PPO,0,0.034001000225543976
PPO,0,0.03303126245737076
PPO,0,0.032619643956422806
PPO,0,0.03235415741801262
PPO,0,0.032088663429021835
PPO,0,0.03195004165172577
PPO,0,0.03181140124797821
PPO,0,0.03232870623469353
PPO,0,0.03284599259495735
PPO,0,0.03290295973420143
PPO,0,0.03295989707112312
PPO,0,0.03307812660932541
PPO,0,0.0331963449716568
PPO,0,0.033525705337524414
PPO,0,0.03404827043414116
PPO,0,0.03457086160778999
PPO,0,0.03512811288237572
PPO,0,0.03568538278341293
PPO,0,0.03657251223921776
PPO,0,0.03694717213511467
PPO,0,0.03732183948159218
PPO,0,0.03827250376343727
PPO,0,0.039223168045282364
PPO,0,0.039594657719135284
PPO,0,0.04054725170135498
PPO,0,0.04149983450770378
PPO,0,0.0425601527094841
PPO,0,0.04362049326300621
PPO,0,0.04531683400273323
PPO,0,0.04625259339809418
PPO,0,0.047188375145196915
PPO,0,0.04602712765336037
PPO,0,0.04422177001833916
PPO,0,0.0429491326212883
PPO,0,0.04167652130126953
PPO,0,0.03988514095544815
PPO,0,0.03809373453259468
PPO,0,0.03613198548555374
PPO,0,0.034170228987932205
PPO,0,0.032208435237407684
PPO,0,0.030003510415554047
PPO,0,0.028095809742808342
PPO,0,0.026188118383288383
PPO,0,0.024436261504888535
PPO,0,0.022684425115585327
PPO,0,0.02112281508743763
PPO,0,0.01956123672425747
PPO,0,0.018819494172930717
PPO,0,0.01807776279747486
PPO,0,0.01796913892030716
PPO,0,0.01746010221540928
PPO,0,0.016951056197285652
PPO,0,0.017237668856978416
PPO,0,0.01830209791660309
PPO,0,0.019366558641195297
PPO,0,0.02068891003727913
PPO,0,0.022011281922459602
PPO,0,0.023333631455898285
PPO,0,0.02412286028265953
PPO,0,0.024912092834711075
PPO,0,0.024881955236196518
PPO,0,0.02529461868107319
PPO,0,0.025411535054445267
PPO,0,0.025528455153107643
PPO,0,0.02611200138926506
PPO,0,0.02669554017484188
PPO,0,0.027279086410999298
PPO,0,0.027883848175406456
PPO,0,0.02848861739039421
PPO,0,0.028784174472093582
PPO,0,0.0290797371417284
PPO,0,0.028781844303011894
PPO,0,0.028483964502811432
PPO,0,0.028861187398433685
PPO,0,0.029238451272249222
PPO,0,0.029163412749767303
PPO,0,0.029088368639349937
PPO,0,0.02862773835659027
PPO,0,0.028167102485895157
PPO,0,0.028373997658491135
PPO,0,0.028580889105796814
PPO,0,0.028074152767658234
PPO,0,0.027004605159163475
PPO,0,0.025935065001249313
PPO,0,0.02482099086046219
PPO,0,0.023706942796707153
PPO,0,0.022225573658943176
PPO,0,0.02060561254620552
PPO,0,0.018985668197274208
PPO,0,0.017365720123052597
PPO,0,0.01588432677090168
PPO,0,0.014902257360517979
PPO,0,0.013920150697231293
PPO,0,0.012640129774808884
PPO,0,0.011314989998936653
PPO,0,0.009989858604967594
PPO,0,0.008640656247735023
PPO,0,0.007291450165212154
PPO,0,0.005942196119576693
PPO,0,0.004966258071362972
PPO,0,0.004255717620253563
PPO,0,0.0036915286909788847
PPO,0,0.0031273546628654003
PPO,0,0.0020288117229938507
PPO,0,0.000725950812920928
PPO,0,-0.0005769040435552597
PPO,0,-0.002085514133796096
PPO,0,-0.003594128880649805
PPO,0,-0.004682574421167374
PPO,0,-0.005889250431209803
PPO,0,-0.007095934823155403
PPO,0,-0.008868207223713398
PPO,0,-0.010640505701303482
PPO,0,-0.010673867538571358
PPO,0,-0.009968206286430359
PPO,0,-0.009793487377464771
PPO,0,-0.009226873517036438
PPO,0,-0.006605303846299648
PPO,0,-0.013001053594052792
PPO,0,-0.01952815242111683
PPO,0,-0.026712777093052864
PPO,0,-0.03206207603216171
PPO,0,-0.03761424496769905
PPO,0,-0.04232557490468025
PPO,0,-0.04520421847701073
PPO,0,-0.04827527701854706
PPO,0,-0.04958408325910568
PPO,0,-0.05122154578566551
PPO,0,-0.05218415707349777
PPO,0,-0.05339188501238823
PPO,0,-0.052437346428632736
PPO,0,-0.051762036979198456
PPO,0,-0.05041559413075447
PPO,0,-0.048858486115932465
PPO,0,-0.04673212021589279
PPO,0,-0.04505064710974693
PPO,0,-0.04094173014163971
PPO,0,-0.03742915764451027
PPO,0,-0.033412013202905655
PPO,0,-0.030155261978507042
PPO,0,-0.0274076946079731
PPO,0,-0.024524211883544922
PPO,0,-0.02135075256228447
PPO,0,-0.01743135042488575
PPO,0,-0.014176473021507263
PPO,0,-0.010200509801506996
PPO,0,-0.005457403603941202
PPO,0,-0.0008396195480599999
PPO,0,0.004613802302628756
PPO,0,0.012095300480723381
PPO,0,0.019573399797081947
PPO,0,0.0275341235101223
PPO,0,0.03589088097214699
PPO,0,0.04497699812054634
PPO,0,0.0544496513903141
PPO,0,0.0647122785449028
PPO,0,0.07558830827474594
PPO,0,0.08723626285791397
PPO,0,0.09968145191669464
PPO,0,0.11267107725143433
PPO,0,0.12521012127399445
PPO,0,0.13846413791179657
PPO,0,0.14968332648277283
PPO,0,0.1616298109292984
PPO,0,0.17134815454483032
PPO,0,0.18027210235595703
PPO,0,0.1876724660396576
PPO,0,0.19509528577327728
PPO,0,0.20093832910060883
PPO,0,0.20520137250423431
PPO,0,0.20934754610061646
PPO,0,0.21141158044338226
PPO,0,0.21304064989089966
PPO,0,0.21420857310295105
PPO,0,0.21358396112918854
PPO,0,0.2130514234304428
PPO,0,0.21044036746025085
PPO,0,0.20768305659294128
PPO,0,0.2049257606267929
PPO,0,0.20194938778877258
PPO,0,0.19897301495075226
PPO,0,0.19599667191505432
PPO,0,0.19371218979358673
PPO,0,0.19197219610214233
PPO,0,0.19078896939754486
PPO,0,0.18937861919403076
PPO,0,0.18822599947452545
PPO,0,0.18741565942764282
PPO,0,0.186605304479599
PPO,0,0.1850532740354538
PPO,0,0.1835012286901474
PPO,0,0.18275326490402222
PPO,0,0.18200533092021942
PPO,0,0.1818702220916748
PPO,0,0.1797126829624176
PPO,0,0.17839021980762482
PPO,0,0.17653344571590424
PPO,0,0.17467667162418365
PPO,0,0.1735936552286148
PPO,0,0.17251065373420715
PPO,0,0.1710023730993271
PPO,0,0.16949409246444702
PPO,0,0.16742539405822754
PPO,0,0.16535668075084686
PPO,0,0.1632879674434662
PPO,0,0.16126365959644318
PPO,0,0.15854710340499878
PPO,0,0.15583056211471558
PPO,0,0.15357407927513123
PPO,0,0.15147028863430023
PPO,0,0.14936649799346924
PPO,0,0.14674954116344452
PPO,0,0.1441325694322586
PPO,0,0.14151562750339508
PPO,0,0.1393110305070877
PPO,0,0.13691824674606323
PPO,0,0.13452544808387756
PPO,0,0.13195621967315674
PPO,0,0.12934134900569916
PPO,0,0.12672650814056396
PPO,0,0.1234845444560051
PPO,0,0.12024258822202682
PPO,0,0.11700063198804855
PPO,0,0.1131921336054802
PPO,0,0.11155875027179718
PPO,0,0.10985948890447617
PPO,0,0.10816024243831635
PPO,0,0.10659424960613251
PPO,0,0.10554833710193634
PPO,0,0.10532715916633606
PPO,0,0.10510595887899399
PPO,0,0.10485412180423737
PPO,0,0.10460229963064194
PPO,0,0.10504890978336334
PPO,0,0.10549554973840714
PPO,0,0.1056487113237381
PPO,0,0.10352253913879395
PPO,0,0.10126669704914093
PPO,0,0.09901084750890732
PPO,0,0.09724342823028564
PPO,0,0.09547599405050278
PPO,0,0.0932464748620987
PPO,0,0.09101694822311401
PPO,0,0.08813508599996567
PPO,0,0.0852532759308815
PPO,0,0.08296570181846619
PPO,0,0.08067809045314789
PPO,0,0.07920392602682114
PPO,0,0.07772976905107498
PPO,0,0.07777204364538193
PPO,0,0.07824239879846573
PPO,0,0.07867364585399628
PPO,0,0.07910490036010742
PPO,0,0.07953616976737976
PPO,0,0.0792834609746933
PPO,0,0.07903074473142624
PPO,0,0.07865824550390244
PPO,0,0.07843200862407684
PPO,0,0.07820579409599304
PPO,0,0.07852640748023987
PPO,0,0.0788470208644867
PPO,0,0.07952462136745453
PPO,0,0.08075259625911713
PPO,0,0.07967635989189148
PPO,0,0.07834925502538681
PPO,0,0.07702215015888214
PPO,0,0.07569503039121628
PPO,0,0.07374051958322525
PPO,0,0.07178599387407303
PPO,0,0.07044396549463272
PPO,0,0.06907662004232407
PPO,0,0.06770923733711243
PPO,0,0.06605283170938492
PPO,0,0.06439638882875443
PPO,0,0.062453847378492355
PPO,0,0.060511309653520584
PPO,0,0.05776695907115936
PPO,0,0.055022627115249634
PPO,0,0.05237513408064842
PPO,0,0.0497276745736599
PPO,0,0.04743969067931175
PPO,0,0.04539886862039566
PPO,0,0.04577135294675827
PPO,0,0.0462697334587574
PPO,0,0.04759841412305832
PPO,0,0.04834139719605446
PPO,0,0.0490843802690506
PPO,0,0.04982740059494972
PPO,0,0.051247552037239075
PPO,0,0.05266774073243141
PPO,0,0.054232172667980194
PPO,0,0.05579661950469017
PPO,0,0.056548647582530975
PPO,0,0.056780725717544556
PPO,0,0.05701276659965515
PPO,0,0.05535966157913208
PPO,0,0.05412653461098671
PPO,0,0.05327484756708145
PPO,0,0.0524231493473053
PPO,0,0.051448654383420944
PPO,0,0.050474151968955994
PPO,0,0.04893184080719948
PPO,0,0.04738953337073326
PPO,0,0.04579184949398041
PPO,0,0.044194187968969345
PPO,0,0.043031904846429825
PPO,0,0.0418696254491806
PPO,0,0.040167197585105896
PPO,0,0.03846478834748268
PPO,0,0.036762356758117676
PPO,0,0.03579883277416229
PPO,0,0.034001000225543976
PPO,0,0.03303126245737076
PPO,0,0.032619643956422806
PPO,0,0.03235415741801262
PPO,0,0.032088663429021835
PPO,0,0.03195004165172577
PPO,0,0.03181140124797821
PPO,0,0.03232870623469353
PPO,0,0.03284599259495735
PPO,0,0.03290295973420143
PPO,0,0.03295989707112312
PPO,0,0.03307812660932541
PPO,0,0.0331963449716568
PPO,0,0.033525705337524414
PPO,0,0.03404827043414116
PPO,0,0.03457086160778999
PPO,0,0.03512811288237572
PPO,0,0.03568538278341293
PPO,0,0.03657251223921776
PPO,0,0.03694717213511467
PPO,0,0.03732183948159218
PPO,0,0.03827250376343727
PPO,0,0.039223168045282364
PPO,0,0.039594657719135284
PPO,0,0.04054725170135498
PPO,0,0.04149983450770378
PPO,0,0.0425601527094841
PPO,0,0.04362049326300621
PPO,0,0.04531683400273323
PPO,0,0.04625259339809418
PPO,0,0.047188375145196915
PPO,0,0.04602712765336037
PPO,0,0.04422177001833916
PPO,0,0.0429491326212883
PPO,0,0.04167652130126953
PPO,0,0.03988514095544815
PPO,0,0.03809373453259468
PPO,0,0.03613198548555374
PPO,0,0.034170228987932205
PPO,0,0.032208435237407684
PPO,0,0.030003510415554047
PPO,0,0.028095809742808342
PPO,0,0.026188118383288383
PPO,0,0.024436261504888535
PPO,0,0.022684425115585327
PPO,0,0.02112281508743763
PPO,0,0.01956123672425747
PPO,0,0.018819494172930717
PPO,0,0.01807776279747486
PPO,0,0.01796913892030716
PPO,0,0.01746010221540928
PPO,0,0.016951056197285652
PPO,0,0.017237668856978416
PPO,0,0.01830209791660309
PPO,0,0.019366558641195297
PPO,0,0.02068891003727913
PPO,0,0.022011281922459602
PPO,0,0.023333631455898285
PPO,0,0.02412286028265953
PPO,0,0.024912092834711075
PPO,0,0.024881955236196518
PPO,0,0.02529461868107319
PPO,0,0.025411535054445267
PPO,0,0.025528455153107643
PPO,0,0.02611200138926506
PPO,0,0.02669554017484188
PPO,0,0.027279086410999298
PPO,0,0.027883848175406456
PPO,0,0.02848861739039421
PPO,0,0.028784174472093582
PPO,0,0.0290797371417284
PPO,0,0.028781844303011894
PPO,0,0.028483964502811432
PPO,0,0.028861187398433685
PPO,0,0.029238451272249222
PPO,0,0.029163412749767303
PPO,0,0.029088368639349937
PPO,0,0.02862773835659027
PPO,0,0.028167102485895157
PPO,0,0.028373997658491135
PPO,0,0.028580889105796814
PPO,0,0.028074152767658234
PPO,0,0.027004605159163475
PPO,0,0.025935065001249313
PPO,0,0.02482099086046219
PPO,0,0.023706942796707153
PPO,0,0.022225573658943176
PPO,0,0.02060561254620552
PPO,0,0.018985668197274208
PPO,0,0.017365720123052597
PPO,0,0.01588432677090168
PPO,0,0.014902257360517979
PPO,0,0.013920150697231293
PPO,0,0.012640129774808884
PPO,0,0.011314989998936653
PPO,0,0.009989858604967594
PPO,0,0.008640656247735023
PPO,0,0.007291450165212154
PPO,0,0.005942196119576693
PPO,0,0.004966258071362972
PPO,0,0.004255717620253563
PPO,0,0.0036915286909788847
PPO,0,0.0031273546628654003
PPO,0,0.0020288117229938507
PPO,0,0.000725950812920928
PPO,0,-0.0005769040435552597
PPO,0,-0.002085514133796096
PPO,0,-0.003594128880649805
PPO,0,-0.004682574421167374
PPO,0,-0.005889250431209803
PPO,0,-0.007095934823155403
PPO,0,-0.008868207223713398
PPO,0,-0.010640505701303482
PPO,0,-0.010673867538571358
PPO,0,-0.009968206286430359
PPO,0,-0.009793487377464771
PPO,0,-0.009226873517036438
PPO,0,-0.006605303846299648
PPO,0,-0.013001053594052792
PPO,0,-0.01952815242111683
PPO,0,-0.026712777093052864
PPO,0,-0.03206207603216171
PPO,0,-0.03761424496769905
PPO,0,-0.04232557490468025
PPO,0,-0.04520421847701073
PPO,0,-0.04827527701854706
PPO,0,-0.04958408325910568
PPO,0,-0.05122154578566551
PPO,0,-0.05218415707349777
PPO,0,-0.05339188501238823
PPO,0,-0.052437346428632736
PPO,0,-0.051762036979198456
PPO,0,-0.05041559413075447
PPO,0,-0.048858486115932465
PPO,0,-0.04673212021589279
PPO,0,-0.04505064710974693
PPO,0,-0.04094173014163971
PPO,0,-0.03742915764451027
PPO,0,-0.033412013202905655
PPO,0,-0.030155261978507042
PPO,0,-0.0274076946079731
PPO,0,-0.024524211883544922
PPO,0,-0.02135075256228447
PPO,0,-0.01743135042488575
PPO,0,-0.014176473021507263
PPO,0,-0.010200509801506996
PPO,0,-0.005457403603941202
PPO,0,-0.0008396195480599999
PPO,0,0.004613802302628756
PPO,0,0.012095300480723381
PPO,0,0.019573399797081947
PPO,0,0.0275341235101223
PPO,0,0.03589088097214699
PPO,0,0.04497699812054634
PPO,0,0.0544496513903141
PPO,0,0.0647122785449028
PPO,0,0.07558830827474594
PPO,0,0.08723626285791397
PPO,0,0.09968145191669464
PPO,0,0.11267107725143433
PPO,0,0.12521012127399445
PPO,0,0.13846413791179657
PPO,0,0.14968332648277283
PPO,0,0.1616298109292984
PPO,0,0.17134815454483032
PPO,0,0.18027210235595703
PPO,0,0.1876724660396576
PPO,0,0.19509528577327728
PPO,0,0.20093832910060883
PPO,0,0.20520137250423431
PPO,0,0.20934754610061646
PPO,0,0.21141158044338226
PPO,0,0.21304064989089966
PPO,0,0.21420857310295105
PPO,0,0.21358396112918854
PPO,0,0.2130514234304428
PPO,0,0.21044036746025085
PPO,0,0.20768305659294128
PPO,0,0.2049257606267929
PPO,0,0.20194938778877258
PPO,0,0.19897301495075226
PPO,0,0.19599667191505432
PPO,0,0.19371218979358673
PPO,0,0.19197219610214233
PPO,0,0.19078896939754486
PPO,0,0.18937861919403076
PPO,0,0.18822599947452545
PPO,0,0.18741565942764282
PPO,0,0.186605304479599
PPO,0,0.1850532740354538
PPO,0,0.1835012286901474
PPO,0,0.18275326490402222
PPO,0,0.18200533092021942
PPO,0,0.1818702220916748
PPO,0,0.1797126829624176
PPO,0,0.17839021980762482
PPO,0,0.17653344571590424
PPO,0,0.17467667162418365
PPO,0,0.1735936552286148
PPO,0,0.17251065373420715
PPO,0,0.1710023730993271
PPO,0,0.16949409246444702
PPO,0,0.16742539405822754
PPO,0,0.16535668075084686
PPO,0,0.1632879674434662
PPO,0,0.16126365959644318
PPO,0,0.15854710340499878
PPO,0,0.15583056211471558
PPO,0,0.15357407927513123
PPO,0,0.15147028863430023
PPO,0,0.14936649799346924
PPO,0,0.14674954116344452
PPO,0,0.1441325694322586
PPO,0,0.14151562750339508
PPO,0,0.1393110305070877
PPO,0,0.13691824674606323
PPO,0,0.13452544808387756
PPO,0,0.13195621967315674
PPO,0,0.12934134900569916
PPO,0,0.12672650814056396
PPO,0,0.1234845444560051
PPO,0,0.12024258822202682
PPO,0,0.11700063198804855
PPO,0,0.1131921336054802
PPO,0,0.11155875027179718
PPO,0,0.10985948890447617
PPO,0,0.10816024243831635
PPO,0,0.10659424960613251
PPO,0,0.10554833710193634
PPO,0,0.10532715916633606
PPO,0,0.10510595887899399
PPO,0,0.10485412180423737
PPO,0,0.10460229963064194
PPO,0,0.10504890978336334
PPO,0,0.10549554973840714
PPO,0,0.1056487113237381
PPO,0,0.10352253913879395
PPO,0,0.10126669704914093
PPO,0,0.09901084750890732
PPO,0,0.09724342823028564
PPO,0,0.09547599405050278
PPO,0,0.0932464748620987
PPO,0,0.09101694822311401
PPO,0,0.08813508599996567
PPO,0,0.0852532759308815
PPO,0,0.08296570181846619
PPO,0,0.08067809045314789
PPO,0,0.07920392602682114
PPO,0,0.07772976905107498
PPO,0,0.07777204364538193
PPO,0,0.07824239879846573
PPO,0,0.07867364585399628
PPO,0,0.07910490036010742
PPO,0,0.07953616976737976
PPO,0,0.0792834609746933
PPO,0,0.07903074473142624
PPO,0,0.07865824550390244
PPO,0,0.07843200862407684
PPO,0,0.07820579409599304
PPO,0,0.07852640748023987
PPO,0,0.0788470208644867
PPO,0,0.07952462136745453
PPO,0,0.08075259625911713
PPO,0,0.07967635989189148
PPO,0,0.07834925502538681
PPO,0,0.07702215015888214
PPO,0,0.07569503039121628
PPO,0,0.07374051958322525
PPO,0,0.07178599387407303
PPO,0,0.07044396549463272
PPO,0,0.06907662004232407
PPO,0,0.06770923733711243
PPO,0,0.06605283170938492
PPO,0,0.06439638882875443
PPO,0,0.062453847378492355
PPO,0,0.060511309653520584
PPO,0,0.05776695907115936
PPO,0,0.055022627115249634
PPO,0,0.05237513408064842
PPO,0,0.0497276745736599
PPO,0,0.04743969067931175
PPO,0,0.04539886862039566
PPO,0,0.04577135294675827
PPO,0,0.0462697334587574
PPO,0,0.04759841412305832
PPO,0,0.04834139719605446
PPO,0,0.0490843802690506
PPO,0,0.04982740059494972
PPO,0,0.051247552037239075
PPO,0,0.05266774073243141
PPO,0,0.054232172667980194
PPO,0,0.05579661950469017
PPO,0,0.056548647582530975
PPO,0,0.056780725717544556
PPO,0,0.05701276659965515
PPO,0,0.05535966157913208
PPO,0,0.05412653461098671
PPO,0,0.05327484756708145
PPO,0,0.0524231493473053
PPO,0,0.051448654383420944
PPO,0,0.050474151968955994
PPO,0,0.04893184080719948
PPO,0,0.04738953337073326
PPO,0,0.04579184949398041
PPO,0,0.044194187968969345
PPO,0,0.043031904846429825
PPO,0,0.0418696254491806
PPO,0,0.040167197585105896
PPO,0,0.03846478834748268
PPO,0,0.036762356758117676
PPO,0,0.03579883277416229
PPO,0,0.034001000225543976
PPO,0,0.03303126245737076
PPO,0,0.032619643956422806
PPO,0,0.03235415741801262
PPO,0,0.032088663429021835
PPO,0,0.03195004165172577
PPO,0,0.03181140124797821
PPO,0,0.03232870623469353
PPO,0,0.03284599259495735
PPO,0,0.03290295973420143
PPO,0,0.03295989707112312
PPO,0,0.03307812660932541
PPO,0,0.0331963449716568
PPO,0,0.033525705337524414
PPO,0,0.03404827043414116
PPO,0,0.03457086160778999
PPO,0,0.03512811288237572
PPO,0,0.03568538278341293
PPO,0,0.03657251223921776
PPO,0,0.03694717213511467
PPO,0,0.03732183948159218
PPO,0,0.03827250376343727
PPO,0,0.039223168045282364
PPO,0,0.039594657719135284
PPO,0,0.04054725170135498
PPO,0,0.04149983450770378
PPO,0,0.0425601527094841
PPO,0,0.04362049326300621
PPO,0,0.04531683400273323
PPO,0,0.04625259339809418
PPO,0,0.047188375145196915
PPO,0,0.04602712765336037
PPO,0,0.04422177001833916
PPO,0,0.0429491326212883
PPO,0,0.04167652130126953
PPO,0,0.03988514095544815
PPO,0,0.03809373453259468
PPO,0,0.03613198548555374
PPO,0,0.034170228987932205
PPO,0,0.032208435237407684
PPO,0,0.030003510415554047
PPO,0,0.028095809742808342
PPO,0,0.026188118383288383
PPO,0,0.024436261504888535
PPO,0,0.022684425115585327
PPO,0,0.02112281508743763
PPO,0,0.01956123672425747
PPO,0,0.018819494172930717
PPO,0,0.01807776279747486
PPO,0,0.01796913892030716
PPO,0,0.01746010221540928
PPO,0,0.016951056197285652
PPO,0,0.017237668856978416
PPO,0,0.01830209791660309
PPO,0,0.019366558641195297
PPO,0,0.02068891003727913
PPO,0,0.022011281922459602
PPO,0,0.023333631455898285
PPO,0,0.02412286028265953
PPO,0,0.024912092834711075
PPO,0,0.024881955236196518
PPO,0,0.02529461868107319
PPO,0,0.025411535054445267
PPO,0,0.025528455153107643
PPO,0,0.02611200138926506
PPO,0,0.02669554017484188
PPO,0,0.027279086410999298
PPO,0,0.027883848175406456
PPO,0,0.02848861739039421
PPO,0,0.028784174472093582
PPO,0,0.0290797371417284
PPO,0,0.028781844303011894
PPO,0,0.028483964502811432
PPO,0,0.028861187398433685
PPO,0,0.029238451272249222
PPO,0,0.029163412749767303
PPO,0,0.029088368639349937
PPO,0,0.02862773835659027
PPO,0,0.028167102485895157
PPO,0,0.028373997658491135
PPO,0,0.028580889105796814
PPO,0,0.028074152767658234
PPO,0,0.027004605159163475
PPO,0,0.025935065001249313
PPO,0,0.02482099086046219
PPO,0,0.023706942796707153
PPO,0,0.022225573658943176
PPO,0,0.02060561254620552
PPO,0,0.018985668197274208
PPO,0,0.017365720123052597
PPO,0,0.01588432677090168
PPO,0,0.014902257360517979
PPO,0,0.013920150697231293
PPO,0,0.012640129774808884
PPO,0,0.011314989998936653
PPO,0,0.009989858604967594
PPO,0,0.008640656247735023
PPO,0,0.007291450165212154
PPO,0,0.005942196119576693
PPO,0,0.004966258071362972
PPO,0,0.004255717620253563
PPO,0,0.0036915286909788847
PPO,0,0.0031273546628654003
PPO,0,0.0020288117229938507
PPO,0,0.000725950812920928
PPO,0,-0.0005769040435552597
PPO,0,-0.002085514133796096
PPO,0,-0.003594128880649805
PPO,0,-0.004682574421167374
PPO,0,-0.005889250431209803
PPO,0,-0.007095934823155403
PPO,0,-0.008868207223713398
PPO,0,-0.010640505701303482
PPO,0,-0.010673867538571358
PPO,0,-0.009968206286430359
PPO,0,-0.009793487377464771
PPO,0,-0.009226873517036438
PPO,0,-0.006605303846299648
PPO,0,-0.013001053594052792
PPO,0,-0.01952815242111683
PPO,0,-0.026712777093052864
PPO,0,-0.03206207603216171
PPO,0,-0.03761424496769905
PPO,0,-0.04232557490468025
PPO,0,-0.04520421847701073
PPO,0,-0.04827527701854706
PPO,0,-0.04958408325910568
PPO,0,-0.05122154578566551
PPO,0,-0.05218415707349777
PPO,0,-0.05339188501238823
PPO,0,-0.052437346428632736
PPO,0,-0.051762036979198456
PPO,0,-0.05041559413075447
PPO,0,-0.048858486115932465
PPO,0,-0.04673212021589279
PPO,0,-0.04505064710974693
PPO,0,-0.04094173014163971
PPO,0,-0.03742915764451027
PPO,0,-0.033412013202905655
PPO,0,-0.030155261978507042
PPO,0,-0.0274076946079731
PPO,0,-0.024524211883544922
PPO,0,-0.02135075256228447
PPO,0,-0.01743135042488575
PPO,0,-0.014176473021507263
PPO,0,-0.010200509801506996
PPO,0,-0.005457403603941202
PPO,0,-0.0008396195480599999
PPO,0,0.004613802302628756
PPO,0,0.012095300480723381
PPO,0,0.019573399797081947
PPO,0,0.0275341235101223
PPO,0,0.03589088097214699
PPO,0,0.04497699812054634
PPO,0,0.0544496513903141
PPO,0,0.0647122785449028
PPO,0,0.07558830827474594
PPO,0,0.08723626285791397
PPO,0,0.09968145191669464
PPO,0,0.11267107725143433
PPO,0,0.12521012127399445
PPO,0,0.13846413791179657
PPO,0,0.14968332648277283
PPO,0,0.1616298109292984
PPO,0,0.17134815454483032
PPO,0,0.18027210235595703
PPO,0,0.1876724660396576
PPO,0,0.19509528577327728
PPO,0,0.20093832910060883
PPO,0,0.20520137250423431
PPO,0,0.20934754610061646
PPO,0,0.21141158044338226
PPO,0,0.21304064989089966
PPO,0,0.21420857310295105
PPO,0,0.21358396112918854
PPO,0,0.2130514234304428
PPO,0,0.21044036746025085
PPO,0,0.20768305659294128
PPO,0,0.2049257606267929
PPO,0,0.20194938778877258
PPO,0,0.19897301495075226
PPO,0,0.19599667191505432
PPO,0,0.19371218979358673
PPO,0,0.19197219610214233
