algorithm,seed,episode,reward,steps,time_sec,fuel,sample_efficiency,training_std
Vanilla_DQN,0,1,-126.24438144777267,108,0.0717306137084961,989.47,inf,0.0
Vanilla_DQN,0,2,11.074892651988463,97,0.12919402122497559,993.64,inf,68.65963704988056
Vanilla_DQN,0,3,1.5068327766391292,75,0.1005859375,992.83,inf,62.59970140581534
Vanilla_DQN,0,4,-252.8048487085722,95,0.13147187232971191,991.0,inf,107.7012664324621
Vanilla_DQN,0,5,-39.148217964255835,128,0.1660003662109375,987.01,inf,98.59068844546645
Vanilla_DQN,0,6,-87.10963568891111,59,0.07504606246948242,995.89,inf,90.0282217828892
Vanilla_DQN,0,7,-115.18387258552043,66,0.08452701568603516,994.45,inf,84.1490846373136
Vanilla_DQN,0,8,-430.259205259366,97,0.12707781791687012,990.94,inf,138.18449001103662
Vanilla_DQN,0,9,-62.05447577601024,60,0.0759592056274414,994.03,inf,132.00827304953535
Vanilla_DQN,0,10,-102.12846928428687,76,0.09662747383117676,993.88,inf,125.37939893696671
Vanilla_DQN,0,11,-469.8111372125155,98,0.12420368194580078,991.12,inf,156.1741213023682
Vanilla_DQN,0,12,-24.06072083322323,123,0.16019725799560547,989.38,inf,153.65052454564602
Vanilla_DQN,0,13,-413.8871383635053,90,0.1160893440246582,991.6,inf,164.5188194566308
Vanilla_DQN,0,14,-175.7605513535005,65,0.08320736885070801,994.21,inf,158.57210745421017
Vanilla_DQN,0,15,-88.39530727892918,73,0.09375143051147461,993.13,inf,154.32972604595534
Vanilla_DQN,0,16,-130.6117763105925,76,0.0976409912109375,992.77,inf,149.57917618256147
Vanilla_DQN,0,17,-231.67016112068615,114,0.14924216270446777,988.6,inf,146.1854754375477
Vanilla_DQN,0,18,-73.16009692954447,133,0.17628812789916992,986.98,inf,143.48365490665395
Vanilla_DQN,0,19,-136.76304344137537,114,0.14958500862121582,988.15,inf,139.7234330965005
Vanilla_DQN,0,20,-218.47346263379578,111,0.14681792259216309,989.26,inf,136.8846632317635
Vanilla_DQN,0,21,-101.89473655516285,122,0.1596236228942871,986.77,inf,134.1237179075942
Vanilla_DQN,0,22,-111.6562460935118,85,0.11179566383361816,992.38,inf,131.35878130215406
Vanilla_DQN,0,23,-126.4237271165924,74,0.09721255302429199,993.61,inf,128.59062496286276
Vanilla_DQN,0,24,-71.24217718424417,75,0.0988914966583252,990.79,inf,126.92318492259719
Vanilla_DQN,0,25,-135.5121576337564,102,0.13717055320739746,989.65,inf,124.38692799497238
Vanilla_DQN,0,26,-157.3945493567791,141,0.19451904296875,983.02,inf,121.98350029019318
Vanilla_DQN,0,27,-163.04567665700645,112,0.15089726448059082,990.52,inf,119.73341884130052
Vanilla_DQN,0,28,-47.66951577661156,93,0.12516355514526367,991.03,inf,119.0800611113714
Vanilla_DQN,0,29,-227.77271701522136,75,0.09993147850036621,995.47,inf,117.96322120569752
Vanilla_DQN,0,30,-45.08160424781589,77,0.10418319702148438,990.13,inf,117.45785931641342
Vanilla_DQN,0,31,-251.02270403862707,81,0.11142969131469727,993.16,inf,117.05397600064295
Vanilla_DQN,0,32,-137.97051615657787,92,0.13639259338378906,991.12,inf,115.22507095815583
Vanilla_DQN,0,33,-286.55778257324596,102,0.14071297645568848,993.04,inf,115.91890845250653
Vanilla_DQN,0,34,-564.1614827015879,133,0.18669414520263672,987.16,inf,133.72631163167125
Vanilla_DQN,0,35,-313.0826193395001,117,0.1724262237548828,988.27,inf,134.10701947868623
Vanilla_DQN,0,36,-20.17196856564142,200,0.3092458248138428,968.29,inf,134.46599376136865
Vanilla_DQN,0,37,-407.9279329568976,86,0.12015223503112793,992.56,inf,138.38136822870746
Vanilla_DQN,0,38,-33.52001866123413,91,0.1312110424041748,987.37,inf,138.31491260898443
Vanilla_DQN,0,39,9.84140313946807,168,0.23870015144348145,976.81,inf,139.379652019328
Vanilla_DQN,0,40,-277.284425725271,132,0.18379950523376465,984.46,inf,138.7780608231662
Vanilla_DQN,0,41,-351.9047165713632,140,0.19246697425842285,981.5799999999999,inf,140.04716643965872
Vanilla_DQN,0,42,-303.35473165296395,102,0.14391207695007324,986.5,inf,139.84665398433236
Vanilla_DQN,0,43,-262.723856191266,109,0.151414155960083,986.17,inf,138.8626531901852
Vanilla_DQN,0,44,-82.7242329657409,83,0.11404132843017578,989.77,inf,137.97224051565655
Vanilla_DQN,0,45,-320.9772061862382,98,0.13636088371276855,991.72,inf,138.1510637595515
Vanilla_DQN,0,46,-288.90626737077463,103,0.15741205215454102,992.05,inf,137.6156399087835
Vanilla_DQN,0,47,-164.6131895367482,142,0.20125770568847656,983.08,inf,136.1601357599163
Vanilla_DQN,0,48,-280.6597527862301,112,0.1751084327697754,985.96,inf,135.51550974077796
Vanilla_DQN,0,49,-115.31392790891952,77,0.1209862232208252,989.62,inf,134.4472203100435
Vanilla_DQN,0,50,-120.32047418997034,111,0.1576070785522461,985.51,inf,133.3553894569263
Vanilla_DQN,0,51,-312.42287548212283,150,0.22141242027282715,981.6999999999999,inf,134.43861264814873
Vanilla_DQN,0,52,-200.31574134026897,148,0.20534896850585938,983.23,inf,131.58631632996935
Vanilla_DQN,0,53,-269.0376535924523,141,0.1986374855041504,978.13,inf,129.28770145488403
Vanilla_DQN,0,54,-69.51924152681903,170,0.24051928520202637,970.81,inf,130.10416781915444
Vanilla_DQN,0,55,-347.43850163643816,176,0.24947619438171387,977.77,inf,130.1986323026582
Vanilla_DQN,0,56,-104.13073156432556,123,0.17063164710998535,984.43,inf,129.93970302148554
Vanilla_DQN,0,57,-70.49780638833077,170,0.24335217475891113,976.4499999999999,inf,130.6355067301185
Vanilla_DQN,0,58,-38.487417185313504,179,0.2543940544128418,973.8699999999999,inf,127.94090871642939
Vanilla_DQN,0,59,-216.91722761259243,105,0.14656448364257812,983.4399999999999,inf,126.77220096271704
Vanilla_DQN,0,60,-136.37588424285843,162,0.2279355525970459,982.75,inf,126.39244490667875
Vanilla_DQN,0,61,-116.65487776396472,152,0.21767401695251465,979.7199999999999,inf,120.26511897384223
Vanilla_DQN,0,62,-68.90151690953799,203,0.302293062210083,969.6399999999999,inf,119.24154246823421
Vanilla_DQN,0,63,-52.27324622263427,109,0.15270423889160156,983.17,inf,115.97700948396994
Vanilla_DQN,0,64,-243.52255895282875,189,0.27842259407043457,970.18,inf,116.35717689540427
Vanilla_DQN,0,65,31.964362458958163,143,0.20555734634399414,982.93,inf,119.38605540410302
Vanilla_DQN,0,66,-150.83202441774176,417,0.6934683322906494,935.4100000000001,inf,119.26809802330938
Vanilla_DQN,0,67,-108.38577230878407,503,0.9295473098754883,908.9800000000004,inf,119.36044741731912
Vanilla_DQN,0,68,-250.0112267302573,144,0.21146082878112793,985.21,inf,118.9613110155399
Vanilla_DQN,0,69,-413.59702462304375,119,0.17513132095336914,988.9300000000001,inf,123.3309611519912
Vanilla_DQN,0,70,-258.46749054974214,565,1.0685384273529053,916.8400000000003,inf,123.6918969255731
Vanilla_DQN,0,71,-39.138759231581304,229,0.35898733139038086,960.79,inf,124.82313488585459
Vanilla_DQN,0,72,-343.14891499742106,152,0.21546339988708496,982.93,inf,126.41551865193311
Vanilla_DQN,0,73,-77.28846479377493,161,0.23635292053222656,975.1899999999999,inf,127.06809854368959
Vanilla_DQN,0,74,-186.65237375254839,158,0.23412418365478516,978.8199999999999,inf,126.01494831685764
Vanilla_DQN,0,75,18.253423729853864,128,0.18900084495544434,976.99,inf,129.09307304641578
Vanilla_DQN,0,76,-253.1167660038574,134,0.20971965789794922,984.37,inf,129.38246717632165
Vanilla_DQN,0,77,-229.5500671045985,315,0.537797212600708,947.59,inf,129.47450444522158
Vanilla_DQN,0,78,-28.42864309427337,93,0.1462085247039795,984.73,inf,129.91886704827652
Vanilla_DQN,0,79,-93.72324744206026,130,0.1907355785369873,985.0600000000001,inf,130.444711814223
Vanilla_DQN,0,80,-119.78219838298759,139,0.20041418075561523,983.38,inf,129.2566855936871
Vanilla_DQN,0,81,2.1351578174169674,138,0.20787477493286133,976.2099999999999,inf,131.56519014945187
Vanilla_DQN,0,82,-231.61999361856044,194,0.29825782775878906,969.9399999999999,inf,131.6005877066348
Vanilla_DQN,0,83,-176.40923702634774,216,0.3318626880645752,964.3299999999999,inf,130.77203601210732
Vanilla_DQN,0,84,-60.833222003379916,182,0.2668612003326416,971.14,inf,119.80560040870445
Vanilla_DQN,0,85,-169.82035459696573,171,0.25985264778137207,969.16,inf,118.07332424413434
Vanilla_DQN,0,86,-317.0873549672438,881,1.558440923690796,913.4500000000003,inf,117.95005716800445
Vanilla_DQN,0,87,-290.49731693037063,602,1.1001641750335693,900.8500000000004,inf,114.38494106984476
Vanilla_DQN,0,88,-108.38781293982024,337,0.549959659576416,949.1500000000001,inf,113.04851849053242
Vanilla_DQN,0,89,-253.88723438302333,196,0.30473899841308594,970.51,inf,110.50928026946089
Vanilla_DQN,0,90,-62.63541021622265,197,0.320603609085083,970.54,inf,110.75628260129585
Vanilla_DQN,0,91,24.73002837254967,196,0.30860328674316406,966.3699999999999,inf,111.21950160627576
Vanilla_DQN,0,92,-325.2609740246475,470,0.961216926574707,918.9700000000003,inf,111.79881089480364
Vanilla_DQN,0,93,-19.606569337512497,259,0.4297034740447998,951.85,inf,112.81571906614771
Vanilla_DQN,0,94,-125.17707651319778,375,0.6282122135162354,933.1900000000002,inf,112.37310328060862
Vanilla_DQN,0,95,-88.29577463322826,313,0.5302367210388184,949.27,inf,110.54047728697309
Vanilla_DQN,0,96,-224.51089144292143,832,2.110358953475952,854.74,inf,109.38170949540849
Vanilla_DQN,0,97,-290.22679813257844,624,1.334327220916748,888.1300000000005,inf,110.95595919367467
Vanilla_DQN,0,98,-151.0236508595324,646,1.256758689880371,884.4400000000005,inf,109.60420043886825
Vanilla_DQN,0,99,-267.1299186821743,980,2.297219753265381,824.6799999999988,inf,110.50511953047244
Vanilla_DQN,0,100,-157.50908524780812,665,1.3619883060455322,877.6600000000007,inf,110.36002965407813
Vanilla_DQN,0,101,-207.03428498992827,947,2.048823118209839,831.099999999999,inf,108.43421177107113
Vanilla_DQN,0,102,-32.2718175035979,1000,3.1138360500335693,821.9499999999987,inf,109.68988243688503
Vanilla_DQN,0,103,-126.99726680230296,1000,2.7486114501953125,815.4099999999985,inf,108.54233861112752
Vanilla_DQN,0,104,-30.959080136855682,1000,2.9437336921691895,813.9999999999984,inf,109.26391242757785
Vanilla_DQN,0,105,-133.61850791989744,1000,2.4900479316711426,819.2199999999987,inf,105.64561826349698
Vanilla_DQN,0,106,6.818653320693233,1000,2.785442590713501,840.6099999999994,inf,107.6782969538393
Vanilla_DQN,0,107,142.1993220513546,807,1.82120943069458,867.1900000000004,inf,114.53091213756186
Vanilla_DQN,0,108,-54.95926154876057,1000,2.470150947570801,819.6999999999987,inf,114.25894051764622
Vanilla_DQN,0,109,-86.72162565299641,1000,2.609546184539795,816.5799999999986,inf,113.98986954237992
Vanilla_DQN,0,110,-136.53477734959995,315,0.6000750064849854,941.4400000000002,inf,113.98980623398116
Vanilla_DQN,0,111,-225.4513339616725,792,1.621419906616211,859.7800000000002,inf,114.58453843412266
Vanilla_DQN,0,112,-140.04451357687032,1000,2.5133299827575684,820.2699999999987,inf,114.1223919249481
Vanilla_DQN,0,113,-77.1862638564323,181,0.3186185359954834,963.4,inf,113.78200751011099
Vanilla_DQN,0,114,-167.64469526551574,117,0.20180153846740723,980.53,inf,112.9316702471835
Vanilla_DQN,0,115,-82.89986435000273,204,0.35405778884887695,969.6999999999999,inf,110.52624981921936
Vanilla_DQN,0,116,-149.2826816385321,196,0.34682488441467285,964.2399999999999,inf,110.52443637416083
Vanilla_DQN,0,117,-95.85909597342436,109,0.19484686851501465,984.8199999999999,inf,110.61807299186103
Vanilla_DQN,0,118,-113.33167308815665,180,0.318587064743042,968.68,inf,109.63223908691846
Vanilla_DQN,0,119,-144.8144798343217,403,0.8473858833312988,929.0200000000002,inf,102.46962763280109
Vanilla_DQN,0,120,-96.83390480643692,251,0.4557056427001953,956.41,inf,101.07029897116344
Vanilla_DQN,0,121,-89.46047346900008,1000,2.230069160461426,817.1499999999985,inf,100.38903538941408
Vanilla_DQN,0,122,-243.23204182071782,402,0.7987823486328125,928.0300000000002,inf,97.1271646653526
Vanilla_DQN,0,123,-212.2631435950385,322,0.59873366355896,945.94,inf,97.47221341447239
Vanilla_DQN,0,124,-194.5654421933242,455,0.9193849563598633,918.1000000000004,inf,97.56446009630211
Vanilla_DQN,0,125,-139.984830335979,184,0.3300621509552002,963.3399999999999,inf,95.1150404148304
Vanilla_DQN,0,126,-266.78202439432164,320,0.6033391952514648,948.0400000000001,inf,95.46724676531532
Vanilla_DQN,0,127,-186.72195461586358,115,0.2008347511291504,980.02,inf,94.82555034325425
Vanilla_DQN,0,128,-48.94858579268609,367,0.7182233333587646,939.3100000000002,inf,94.40069863367825
Vanilla_DQN,0,129,-83.29959672500824,340,0.649104118347168,944.1700000000002,inf,94.50713405905269
Vanilla_DQN,0,130,-282.22693798898626,644,1.3769910335540771,889.1500000000005,inf,96.64022324526776
Vanilla_DQN,0,131,-117.87735714678655,166,0.3064098358154297,966.25,inf,94.55099718123975
Vanilla_DQN,0,132,-128.09449105514545,117,0.20270514488220215,984.1899999999999,inf,93.70162289796758
Vanilla_DQN,0,133,-114.02610300300707,122,0.21761298179626465,982.63,inf,93.62659528288137
Vanilla_DQN,0,134,-180.91240564658077,658,1.6141834259033203,883.3000000000005,inf,93.13049595465156
Vanilla_DQN,0,135,-310.4912185682459,245,0.4456443786621094,959.83,inf,96.02741675175783
Vanilla_DQN,0,136,-230.65341501904254,407,0.8258616924285889,925.7800000000003,inf,93.64762637402
Vanilla_DQN,0,137,-110.41395081017231,148,0.2626197338104248,974.17,inf,91.31842888068905
Vanilla_DQN,0,138,-294.2101406131995,491,1.0966243743896484,913.3000000000004,inf,93.75206364637823
Vanilla_DQN,0,139,-222.08359208807352,864,2.145517587661743,839.5599999999994,inf,93.10023088945216
Vanilla_DQN,0,140,-135.4020576925929,137,0.24463272094726562,974.53,inf,92.41561047976536
Vanilla_DQN,0,141,-203.77495556268696,561,1.1546852588653564,904.2100000000005,inf,89.59617520441313
Vanilla_DQN,0,142,-136.21247353406147,83,0.14235830307006836,996.43,inf,85.94861629842191
Vanilla_DQN,0,143,-177.60443926602585,353,0.6899476051330566,940.0000000000001,inf,84.19744655814536
Vanilla_DQN,0,144,-114.84450069629824,161,0.2851142883300781,971.8599999999999,inf,84.26421993934443
Vanilla_DQN,0,145,-192.31390267508914,376,0.7730202674865723,932.8000000000002,inf,84.06995548453988
Vanilla_DQN,0,146,-198.75189265428327,373,0.7325236797332764,935.0800000000002,inf,83.68494421021637
Vanilla_DQN,0,147,138.80514874315048,962,2.5703861713409424,834.4899999999993,inf,90.4541189169245
Vanilla_DQN,0,148,-195.02229889249935,725,2.0569908618927,863.4400000000003,inf,90.76949137582054
Vanilla_DQN,0,149,-183.50202734735208,518,1.127042531967163,906.8800000000005,inf,89.18642637544126
Vanilla_DQN,0,150,-241.50588197994387,580,1.373445987701416,894.2200000000005,inf,90.29746200220185
Vanilla_DQN,0,151,-207.84168886577118,221,0.41802358627319336,960.1899999999999,inf,90.30934171676574
Vanilla_DQN,0,152,-200.3716872674476,86,0.14930033683776855,998.41,inf,89.32220063435754
Vanilla_DQN,0,153,-249.83684622821224,332,0.6646349430084229,943.3900000000001,inf,90.49214220717123
Vanilla_DQN,0,154,-37.79519155187192,1000,3.1951792240142822,820.7199999999988,inf,90.32197527219634
Vanilla_DQN,0,155,-133.29667955454906,1000,3.1574442386627197,815.6499999999986,inf,90.32293780430345
Vanilla_DQN,0,156,-144.32050823169075,230,0.4416806697845459,955.39,inf,87.61432438015855
Vanilla_DQN,0,157,-235.06445017782852,270,0.5392639636993408,951.46,inf,77.82473322970363
Vanilla_DQN,0,158,-194.33589834602176,289,0.5599398612976074,946.4800000000001,inf,76.58720952983458
Vanilla_DQN,0,159,-77.91441006265505,1000,3.0516977310180664,818.6499999999987,inf,76.76618887567976
Vanilla_DQN,0,160,-99.22238848186835,1000,2.5510635375976562,817.7199999999985,inf,77.1723199673962
Vanilla_DQN,0,161,238.8291257118909,538,1.1369836330413818,920.9200000000003,49938,94.62407482252372
Vanilla_DQN,0,162,-47.28366841457605,1000,2.4393696784973145,827.529999999999,49938,95.70636560649902
Vanilla_DQN,0,163,-49.81144890637086,1000,2.6416196823120117,815.4099999999985,49938,96.18843261291369
Vanilla_DQN,0,164,-33.08384719482377,1000,3.0629427433013916,814.9299999999985,49938,97.46684886995374
Vanilla_DQN,0,165,-62.630114515913625,1000,2.6174333095550537,821.1999999999987,49938,97.76605669213588
Vanilla_DQN,0,166,-43.39302576564492,1000,2.8197085857391357,817.8699999999986,49938,98.78347945152878
Vanilla_DQN,0,167,266.20736940602234,327,0.6820731163024902,960.4599999999998,49938,114.03046379931784
Vanilla_DQN,0,168,-12.821839552859865,1000,2.465829372406006,821.3199999999987,49938,115.2782391143109
Vanilla_DQN,0,169,194.9107426738157,602,1.3617417812347412,917.5000000000001,49938,124.07211356819283
Vanilla_DQN,0,170,-16.60071975988038,1000,2.588463306427002,820.0599999999986,49938,124.96037690280517
Vanilla_DQN,0,171,-36.26740489082589,1000,2.552483081817627,814.4799999999983,49938,125.48240583294422
Vanilla_DQN,0,172,-32.227997055381415,1000,2.9778149127960205,867.8800000000001,49938,124.94103097806344
Vanilla_DQN,0,173,-14.132155467679588,1000,2.5870752334594727,817.3599999999985,49938,125.07981195755544
Vanilla_DQN,0,174,183.71068207888854,651,1.6166164875030518,903.3100000000004,49938,131.35701806839913
Vanilla_DQN,0,175,-53.66526562950788,1000,2.6616203784942627,817.7799999999985,49938,131.49285370289732
Vanilla_DQN,0,176,170.66558071015555,421,0.8971827030181885,940.06,49938,135.0295563621054
Vanilla_DQN,0,177,-91.36648748860411,744,1.8273444175720215,867.7000000000005,49938,134.42875411990366
Vanilla_DQN,0,178,206.51104281113544,702,1.6717493534088135,930.0999999999998,49938,140.80964549712985
Vanilla_DQN,0,179,-43.80406274718854,357,0.7515542507171631,939.7,49938,140.95873372311615
Vanilla_DQN,0,180,-30.00288333911284,1000,2.8987839221954346,819.1899999999987,49938,138.47143730355336
Vanilla_DQN,0,181,-46.91608131921411,513,1.1138103008270264,911.2000000000003,49938,138.48780056007027
Vanilla_DQN,0,182,-257.11032595415,220,0.4340696334838867,963.8199999999999,49938,140.486178897557
Vanilla_DQN,0,183,-135.10930755423252,364,0.7754862308502197,939.9700000000001,49938,140.60166621168702
Vanilla_DQN,0,184,211.1205617230878,488,1.0568747520446777,925.2100000000002,49938,145.9358704685051
Vanilla_DQN,0,185,-52.49277459625219,413,0.9517941474914551,929.2000000000002,49938,142.15208409862666
Vanilla_DQN,0,186,32.87533122204739,1000,2.6555867195129395,847.3599999999997,49938,141.101172730431
Vanilla_DQN,0,187,18.10660945329475,321,0.6411294937133789,943.5100000000001,49938,141.47549838798926
Vanilla_DQN,0,188,138.76254958199254,954,2.615147829055786,847.6599999999996,49938,140.45518728756852
Vanilla_DQN,0,189,-52.520367323535886,272,0.5340001583099365,956.86,49938,138.4559418357167
Vanilla_DQN,0,190,-13.383857974079504,167,0.31520628929138184,971.4399999999999,49938,138.0637506612203
Vanilla_DQN,0,191,-38.11707065920895,1000,3.231048583984375,819.4299999999986,49938,136.33351233839343
Vanilla_DQN,0,192,-43.08191961716764,1000,2.909160614013672,818.4699999999987,49938,135.7456099292405
Vanilla_DQN,0,193,-14.93152402713001,169,0.31574225425720215,976.15,49938,134.49069355667987
Vanilla_DQN,0,194,-40.8324452923451,541,1.2228124141693115,901.6300000000003,49938,134.0932774528181
Vanilla_DQN,0,195,117.55483557615213,916,2.984856605529785,841.0899999999995,49938,134.11940275677154
Vanilla_DQN,0,196,-57.3690132031693,142,0.2643404006958008,978.37,49938,132.10928218947495
Vanilla_DQN,0,197,-47.47320980722971,364,0.7348368167877197,935.8000000000002,49938,129.8466211524587
Vanilla_DQN,0,198,155.08591531370615,806,2.213275909423828,887.4700000000001,49938,130.50687927608257
Vanilla_DQN,0,199,8.88648206612146,162,0.310927152633667,969.91,49938,128.7110886414582
Vanilla_DQN,0,200,-43.29428393480357,1000,2.448589324951172,818.3499999999985,49938,124.9767485306069
Vanilla_DQN,0,201,53.77220523465555,1000,2.7551989555358887,833.2599999999993,49938,122.49366885526516
Vanilla_DQN,0,202,235.3690636319209,525,1.2882215976715088,924.1900000000002,49938,124.52851349120695
Vanilla_DQN,0,203,174.50054775491384,699,1.7113616466522217,903.9700000000001,49938,122.12488937645499
Vanilla_DQN,0,204,163.64642051795136,691,1.5803241729736328,889.4800000000004,49938,124.06922470711066
Vanilla_DQN,0,205,-0.053621681016864375,1000,2.4217517375946045,819.7899999999987,49938,122.47947975676108
Vanilla_DQN,0,206,55.737414761158476,1000,3.039309024810791,851.0499999999997,49938,120.68628254931815
Vanilla_DQN,0,207,-483.0798241076043,574,1.2808690071105957,910.7200000000003,49938,134.99559208205818
Vanilla_DQN,0,208,-43.2387591208644,1000,2.414921522140503,818.1399999999985,49938,132.10977355619883
Vanilla_DQN,0,209,8.43817834773995,245,0.4817354679107666,958.9,49938,131.5088590271108
Vanilla_DQN,0,210,-30.147606820297682,1000,2.4232022762298584,820.6899999999987,49938,130.69363467129358
Vanilla_DQN,0,211,62.780297900623445,1000,2.4085371494293213,835.2399999999993,49938,126.88818980328999
Vanilla_DQN,0,212,181.04073952074265,858,2.0573840141296387,927.5199999999998,49938,128.84338797873917
Vanilla_DQN,0,213,203.43981730728498,696,1.62286376953125,919.39,49938,131.17574640561054
Vanilla_DQN,0,214,-344.685228880233,846,2.0302140712738037,868.0600000000004,49938,140.58911430326265
Vanilla_DQN,0,215,242.87029553337624,550,1.2325093746185303,960.6399999999999,49938,143.7614399442189
Vanilla_DQN,0,216,-218.99593531807972,650,1.6039330959320068,892.1500000000004,49938,147.35165930878236
Vanilla_DQN,0,217,33.37150974845102,105,0.1975078582763672,980.4399999999999,49938,142.98023497759144
Vanilla_DQN,0,218,127.51947691634086,1000,2.4790663719177246,925.6899999999994,49938,143.85616500509346
Vanilla_DQN,0,219,96.79763819340404,1000,2.733494997024536,910.0599999999996,49938,142.03261319218853
Vanilla_DQN,0,220,-34.14386211830342,221,0.42566561698913574,962.53,49938,142.12455291941635
Vanilla_DQN,0,221,148.82321931910775,1000,2.3047597408294678,925.0599999999996,49938,143.23356292927238
Vanilla_DQN,0,222,236.64975329107705,457,1.0181162357330322,937.2400000000001,49938,146.35834725016744
Vanilla_DQN,0,223,140.74908755113785,1000,2.49149751663208,916.9299999999996,49938,147.22349663778084
Vanilla_DQN,0,224,-72.5885288879634,1000,2.402543544769287,864.0400000000001,49938,146.02560585496033
Vanilla_DQN,0,225,-79.14114627724507,94,0.17554211616516113,987.34,49938,146.32147882059985
Vanilla_DQN,0,226,0.7689281657271465,99,0.18290042877197266,983.17,49938,144.70574743389545
Vanilla_DQN,0,227,247.72429499363673,379,0.7642226219177246,943.36,49938,147.48917364921013
Vanilla_DQN,0,228,-35.3184544367266,108,0.2009291648864746,985.96,49938,145.29518660560484
Vanilla_DQN,0,229,-295.8084751379589,743,1.8238515853881836,866.7100000000004,49938,151.5454466241373
Vanilla_DQN,0,230,-54.003049158761996,183,0.349698543548584,970.4499999999999,49938,151.71478847799497
Vanilla_DQN,0,231,97.23001036526009,1000,2.3809127807617188,937.1499999999994,49938,151.95145574535744
Vanilla_DQN,0,232,-145.11508701370644,788,1.843768835067749,892.7200000000001,49938,148.72781657683478
Vanilla_DQN,0,233,248.5809219222704,587,1.307171106338501,941.3799999999999,49938,150.60057990899531
Vanilla_DQN,0,234,-314.09540337230135,723,1.633396863937378,889.0000000000003,49938,155.42549483862155
Vanilla_DQN,0,235,195.39069255265855,330,0.6727421283721924,948.34,49938,157.18352067141558
Vanilla_DQN,0,236,-18.425665193443535,70,0.12716364860534668,990.22,49938,157.25376225726183
Vanilla_DQN,0,237,239.36233271201525,161,0.2956705093383789,981.7299999999999,49938,160.29296753620517
Vanilla_DQN,0,238,87.85556082824054,1000,3.010603904724121,890.4099999999999,49938,159.7080611013107
Vanilla_DQN,0,239,216.60890446140934,887,2.310366630554199,916.4799999999997,49938,161.666677292376
Vanilla_DQN,0,240,-260.058190250566,957,2.6322684288024902,879.7000000000002,49938,166.49309345791207
Vanilla_DQN,0,241,257.78196160127,843,1.8381233215332031,952.0299999999996,49938,169.50641840308225
Vanilla_DQN,0,242,265.4432717717875,339,0.6757874488830566,944.56,49938,172.4243338917791
Vanilla_DQN,0,243,251.7543294927159,312,0.6300876140594482,950.2900000000001,49938,174.9524127854218
Vanilla_DQN,0,244,254.71072351770835,455,0.9637274742126465,940.9300000000001,49938,177.14254847578871
Vanilla_DQN,0,245,-288.03951251386536,480,1.0454668998718262,919.9300000000002,49938,182.814807701676
Vanilla_DQN,0,246,236.09978368781037,316,0.6487865447998047,960.16,49938,184.40922973684042
Vanilla_DQN,0,247,68.83100439086425,1000,2.419793128967285,934.7199999999991,49938,183.99369710432367
Vanilla_DQN,0,248,297.3600173753226,249,0.475266695022583,964.6899999999999,49938,186.75747018595817
Vanilla_DQN,0,249,-68.17069256390778,1000,2.7152671813964844,835.0899999999991,49938,187.38740369069245
Vanilla_DQN,0,250,241.8440143747407,573,1.3878614902496338,935.5,49938,188.91413777970794
Vanilla_DQN,0,251,-267.0104008539995,507,1.0597636699676514,912.4600000000003,49938,194.11217219437836
Vanilla_DQN,0,252,249.37107312368065,495,1.059410810470581,966.6999999999997,49938,194.3960135560091
Vanilla_DQN,0,253,-358.86769847992696,795,2.1225128173828125,866.7400000000002,49938,201.5341251063205
Vanilla_DQN,0,254,246.5432735004419,341,0.7266459465026855,953.11,49938,202.92222020438797
Vanilla_DQN,0,255,244.27153000704928,368,0.7404484748840332,938.1100000000001,49938,204.91250089358152
Vanilla_DQN,0,256,258.7594061964745,272,0.5515615940093994,958.27,49938,207.15369791668607
Vanilla_DQN,0,257,-125.96295454215768,1000,2.666903018951416,824.9799999999988,49938,194.57874733548493
Vanilla_DQN,0,258,276.98957593229335,407,0.8955211639404297,943.6600000000001,49938,196.5754644754817
Vanilla_DQN,0,259,-20.229761464014764,1000,2.806483745574951,834.609999999999,49938,196.76412407969772
Vanilla_DQN,0,260,209.38870539539352,350,0.7108244895935059,951.31,49938,197.46153818238778
Vanilla_DQN,0,261,219.33669164146758,352,0.7456707954406738,942.61,49938,198.6657164925892
Vanilla_DQN,0,262,288.8224968452106,389,0.7881960868835449,951.67,49938,200.47389003720713
Vanilla_DQN,0,263,275.0010490934113,283,0.5371813774108887,967.8099999999998,49938,201.68317276269175
Vanilla_DQN,0,264,222.7970506588457,377,0.8068282604217529,948.0999999999999,49938,193.84030480128925
Vanilla_DQN,0,265,-125.67580969943467,1000,2.59982967376709,819.3999999999985,49938,194.56546718017952
Vanilla_DQN,0,266,221.44175224939409,349,0.7128763198852539,945.8800000000001,49938,191.03838135908262
Vanilla_DQN,0,267,-365.01493261057465,519,1.171255350112915,920.8600000000001,49938,200.9838342127908
Vanilla_DQN,0,268,-30.10292128631273,1000,2.6774797439575195,826.1499999999987,49938,201.36891485478893
Vanilla_DQN,0,269,-109.83766080593745,1000,2.3416616916656494,819.4299999999986,49938,202.92593119077156
Vanilla_DQN,0,270,255.2727245197828,298,0.5870010852813721,953.14,49938,204.06645699396742
Vanilla_DQN,0,271,-171.07480204955283,97,0.17987823486328125,986.71,49938,206.59933083180894
Vanilla_DQN,0,272,193.09458193573312,459,1.0024263858795166,956.0199999999999,49938,205.97290610112282
Vanilla_DQN,0,273,173.53293722822698,452,0.9590165615081787,936.37,49938,206.2614953184421
Vanilla_DQN,0,274,210.00559122310273,448,1.0344548225402832,942.3999999999999,49938,206.23776479293912
Vanilla_DQN,0,275,-103.81422550697846,606,1.442619800567627,884.0200000000004,49938,206.62891194881078
Vanilla_DQN,0,276,-77.86864618846428,132,0.23224425315856934,973.03,49938,207.461987006454
Vanilla_DQN,0,277,209.23082190774173,511,1.1987650394439697,940.15,49938,206.87286900009158
Vanilla_DQN,0,278,73.29542379055323,849,2.1374034881591797,855.0099999999999,49938,206.32967653998483
Vanilla_DQN,0,279,24.166529015346228,204,0.38165855407714844,970.4499999999999,49938,199.68588285699627
Vanilla_DQN,0,280,220.69180256574234,713,1.5370774269104004,940.1799999999998,49938,199.75358787177078
Vanilla_DQN,0,281,220.5633314217753,324,0.6660408973693848,953.0799999999999,49938,200.66570895052928
Vanilla_DQN,0,282,252.42443951522293,388,0.8441801071166992,948.01,49938,199.217549548968
Vanilla_DQN,0,283,271.50533674207065,262,0.5049915313720703,962.3199999999999,49938,199.59868722726554
Vanilla_DQN,0,284,-131.12788796428546,1000,2.3939504623413086,814.6299999999984,49938,193.66299613186487
Vanilla_DQN,0,285,93.44147561335345,963,2.488779067993164,836.2599999999992,49938,193.16466945234237
Vanilla_DQN,0,286,-47.12045741392872,1000,2.27544903755188,818.1699999999985,49938,193.54640230896615
Vanilla_DQN,0,287,-77.74332789576854,87,0.15971088409423828,987.13,49938,193.92521869617585
Vanilla_DQN,0,288,-49.66695595149345,240,0.43413734436035156,970.4799999999999,49938,194.89773436150804
Vanilla_DQN,0,289,-60.5268672397823,1000,2.497885227203369,814.2099999999983,49938,195.05827857876292
Vanilla_DQN,0,290,191.66217742761904,276,0.5529677867889404,957.4,49938,189.43631265481832
Vanilla_DQN,0,291,-97.42786653878986,172,0.3106803894042969,974.8,49938,189.6695216637823
Vanilla_DQN,0,292,229.69305964024994,551,1.1294264793395996,927.3700000000001,49938,189.04619570703736
Vanilla_DQN,0,293,145.2110355666581,1000,2.653876304626465,915.1599999999996,49938,187.71805925556325
Vanilla_DQN,0,294,-74.27386061718175,1000,2.6908152103424072,815.7399999999984,49938,187.2440364405244
Vanilla_DQN,0,295,253.42892967600335,331,0.6777098178863525,966.1599999999997,49938,181.59851059551136
Vanilla_DQN,0,296,-68.30089991976497,1000,2.5145790576934814,822.7299999999987,49938,181.50823157729707
Vanilla_DQN,0,297,-99.11284096985821,1000,2.3220269680023193,814.0899999999983,49938,183.19593354248812
Vanilla_DQN,0,298,243.52922089826143,441,0.9145064353942871,946.3599999999999,49938,182.03936940183237
Vanilla_DQN,0,299,190.55705867787475,546,1.2077043056488037,923.1400000000001,49938,181.60901681040656
Vanilla_DQN,0,300,-97.94570582076886,86,0.1705002784729004,988.96,49938,181.74200321857998
Vanilla_DQN,0,301,-71.41916665252471,191,0.3538386821746826,973.4499999999999,49938,176.42800409296353
Vanilla_DQN,0,302,-85.08378206125185,1000,2.3790793418884277,810.5199999999982,49938,176.0685952509708
Vanilla_DQN,0,303,-110.6377680180994,135,0.24298405647277832,972.6999999999999,49938,167.20111755489455
Vanilla_DQN,0,304,-219.2129214368924,184,0.3382594585418701,971.56,49938,170.2908337506678
Vanilla_DQN,0,305,-107.95402459758185,495,1.0839667320251465,909.4300000000003,49938,170.0133478446896
Vanilla_DQN,0,306,-120.64771622740358,175,0.33097100257873535,967.63,49938,169.34630915420408
Vanilla_DQN,0,307,-122.54518265763264,146,0.2661409378051758,974.5899999999999,49938,169.27580460115354
Vanilla_DQN,0,308,-175.17446235152886,65,0.1174769401550293,994.39,49938,169.0076826439052
Vanilla_DQN,0,309,-69.6374616487459,77,0.1392838954925537,991.66,49938,169.50865756122172
Vanilla_DQN,0,310,-48.262936135948635,1000,3.044750213623047,814.8699999999983,49938,168.20384627397806
Vanilla_DQN,0,311,-48.541840646015686,87,0.1714317798614502,988.09,49938,166.51209593153624
Vanilla_DQN,0,312,-85.54992736069343,1000,2.3237204551696777,818.1099999999985,49938,163.0814465146352
Vanilla_DQN,0,313,-158.2085275722858,107,0.18819069862365723,990.52,49938,160.9238043252174
Vanilla_DQN,0,314,-425.97077329479816,120,0.21154356002807617,994.36,49938,169.47101160552748
Vanilla_DQN,0,315,-114.14497825866275,124,0.22459840774536133,982.48,49938,169.30658629217857
Vanilla_DQN,0,316,-67.10500041395758,1000,2.4212393760681152,814.5399999999984,49938,166.58935515037422
Vanilla_DQN,0,317,231.2580703257121,352,0.7161273956298828,949.99,49938,161.6448255398667
Vanilla_DQN,0,318,-136.69617708957716,136,0.25119519233703613,981.64,49938,162.82045425869666
Vanilla_DQN,0,319,23.538154630864923,126,0.22600364685058594,983.02,49938,162.00775184727178
Vanilla_DQN,0,320,-51.457576805853236,72,0.133347749710083,989.8,49938,158.28016241852842
Vanilla_DQN,0,321,-169.9580463834065,69,0.12475156784057617,995.83,49938,158.25588107948158
Vanilla_DQN,0,322,138.08287304558877,903,2.2556374073028564,854.74,49938,157.10747852718896
Vanilla_DQN,0,323,-316.60951766900797,87,0.16014647483825684,990.64,49938,161.239310995332
Vanilla_DQN,0,324,-200.84541633105067,153,0.287625789642334,979.6899999999999,49938,160.31743779837734
Vanilla_DQN,0,325,125.70613783081632,657,1.5974884033203125,893.4100000000003,49938,161.0663664233936
Vanilla_DQN,0,326,288.014912317969,492,1.051849603652954,954.8499999999998,49938,166.18216932953618
Vanilla_DQN,0,327,165.90689558657357,491,1.090264081954956,931.3299999999999,49938,165.1693326727089
Vanilla_DQN,0,328,-79.81867973262177,1000,2.873278856277466,836.0199999999993,49938,165.08042353329117
Vanilla_DQN,0,329,246.74570430845938,247,0.4681107997894287,965.41,49938,168.8877503424277
Vanilla_DQN,0,330,271.05948362135257,191,0.34896421432495117,974.9799999999999,49938,170.3753830156105
Vanilla_DQN,0,331,150.79630113885656,537,1.2198452949523926,913.8700000000003,49938,168.8079709057632
Vanilla_DQN,0,332,14.600861938500188,70,0.12568235397338867,992.47,49938,164.7751968471319
Vanilla_DQN,0,333,274.33450062522223,209,0.3840980529785156,972.9699999999999,49938,164.8724083433416
Vanilla_DQN,0,334,-56.740008897349526,1000,2.422842264175415,819.9999999999986,49938,164.10854673140375
Vanilla_DQN,0,335,-77.73809547862692,67,0.11588597297668457,993.13,49938,163.72635331604602
Vanilla_DQN,0,336,-12.17958330311427,132,0.23847651481628418,981.9399999999999,49938,163.6501892987583
Vanilla_DQN,0,337,207.1940800161961,583,1.3219177722930908,939.8199999999998,49938,166.18433778068814
Vanilla_DQN,0,338,-166.261918410473,78,0.13858985900878906,995.08,49938,167.5960926278242
Vanilla_DQN,0,339,-73.29727535300074,120,0.2166152000427246,981.43,49938,167.68551090515132
Vanilla_DQN,0,340,-291.1843314262429,95,0.16960954666137695,997.18,49938,169.77928323574164
Vanilla_DQN,0,341,-26.18131193875618,149,0.269089937210083,980.17,49938,169.40529478950867
Vanilla_DQN,0,342,253.34973251708183,660,1.5720303058624268,952.9899999999997,49938,170.1239654621101
Vanilla_DQN,0,343,-23.81877535042466,61,0.10426211357116699,997.81,49938,168.55696332644047
Vanilla_DQN,0,344,-155.7741805345596,88,0.15634965896606445,997.48,49938,169.47047155651592
Vanilla_DQN,0,345,6.413630779749918,1000,2.3878307342529297,903.7899999999998,49938,164.93474722709504
Vanilla_DQN,0,346,192.0252096239621,714,1.7805886268615723,888.0400000000004,49938,167.60634094126806
Vanilla_DQN,0,347,-82.35126066244925,91,0.1605672836303711,986.89,49938,167.46617921683537
Vanilla_DQN,0,348,158.62361446264217,865,2.23456072807312,874.8400000000005,49938,165.19520947488294
Vanilla_DQN,0,349,99.49786227859241,948,2.429844617843628,856.39,49938,163.33089778406216
Vanilla_DQN,0,350,230.92748781824025,226,0.4157731533050537,977.29,49938,166.80706072894367
Vanilla_DQN,0,351,-103.37589088320964,139,0.2503829002380371,981.85,49938,167.0735996468916
Vanilla_DQN,0,352,234.89571383088582,507,1.0739333629608154,936.7599999999999,49938,170.47875184563125
Vanilla_DQN,0,353,67.04839394922828,1000,2.2893552780151367,926.4999999999992,49938,170.23106558180726
Vanilla_DQN,0,354,263.73004425149657,258,0.504378080368042,976.39,49938,171.67597267542249
Vanilla_DQN,0,355,-15.829382681803011,171,0.3240091800689697,973.9,49938,170.98419318706647
Vanilla_DQN,0,356,-11.189358088035718,138,0.2609832286834717,978.13,49938,170.08083660445385
Vanilla_DQN,0,357,250.46530015717934,219,0.42644786834716797,970.5399999999998,49938,172.4627437124775
Vanilla_DQN,0,358,-109.58585015234299,132,0.2384638786315918,983.14,49938,171.27175507023352
Vanilla_DQN,0,359,289.5428491216817,454,0.9840903282165527,963.5799999999997,49938,175.08973012044905
Vanilla_DQN,0,360,234.15137373194943,628,1.4014031887054443,959.5299999999995,49938,177.28950025987166
Vanilla_DQN,0,361,238.0105697373626,268,0.5233860015869141,967.3899999999999,49938,179.36939962626113
Vanilla_DQN,0,362,-122.39256137930232,111,0.21387505531311035,987.7,49938,179.9292038416088
Vanilla_DQN,0,363,-102.81594084281897,669,1.4628546237945557,877.8400000000005,49938,178.92147116328323
Vanilla_DQN,0,364,-36.818251012865225,96,0.17119789123535156,993.01,49938,166.83166163697942
Vanilla_DQN,0,365,-7.27508581396863,136,0.24394607543945312,983.11,49938,165.50920094227436
Vanilla_DQN,0,366,-55.3147481636713,140,0.2550833225250244,979.15,49938,165.3602499275669
Vanilla_DQN,0,367,-12.783685044090944,86,0.15491533279418945,988.24,49938,163.33275511097193
Vanilla_DQN,0,368,-98.47279704622763,273,0.5294985771179199,955.99,49938,162.59864562551311
Vanilla_DQN,0,369,-165.35322264394085,104,0.18657588958740234,991.33,49938,165.09596016677818
Vanilla_DQN,0,370,-157.19306733967275,680,1.5029280185699463,937.1499999999997,49938,166.86414625213249
Vanilla_DQN,0,371,245.09306100473276,285,0.5607354640960693,962.4399999999998,49938,166.86502629918022
Vanilla_DQN,0,372,-10.646865523338775,155,0.2792775630950928,974.05,49938,166.44549096050207
Vanilla_DQN,0,373,-278.31551210788,320,0.6430304050445557,948.1,49938,164.88952393373788
Vanilla_DQN,0,374,225.27013564033803,365,0.7515697479248047,962.7399999999999,49938,163.25121974684208
Vanilla_DQN,0,375,222.4789416532032,255,0.5005338191986084,962.5599999999998,49938,164.72781793986138
Vanilla_DQN,0,376,231.96375822372966,261,0.513779878616333,963.8799999999999,49938,163.28832792160918
Vanilla_DQN,0,377,274.09625433992755,275,0.5297198295593262,959.29,49938,165.52691891828644
Vanilla_DQN,0,378,-65.27436640496784,383,0.753840446472168,933.4600000000002,49938,165.30942159536255
Vanilla_DQN,0,379,183.91160423227342,515,1.1305384635925293,917.1100000000002,49938,164.05279410472224
Vanilla_DQN,0,380,285.47191041057124,246,0.4771265983581543,960.4599999999999,49938,164.45307988065136
Vanilla_DQN,0,381,260.3472893743142,469,1.0107924938201904,935.3800000000001,49938,166.49431850154824
Vanilla_DQN,0,382,128.79105643994032,519,1.1262459754943848,939.07,49938,166.74170530817034
Vanilla_DQN,0,383,93.20263588981369,1000,2.332336902618408,932.9499999999991,49938,163.87551204981892
Vanilla_DQN,0,384,256.05471745625033,377,0.7756452560424805,950.6800000000001,49938,165.59816129402418
Vanilla_DQN,0,385,138.01081181717518,949,2.3356709480285645,888.7600000000001,49938,164.82916076484477
Vanilla_DQN,0,386,256.4979694651512,256,0.4867684841156006,959.05,49938,166.7007306901093
Vanilla_DQN,0,387,258.64866329320336,452,0.9732880592346191,936.85,49938,167.71804404767207
Vanilla_DQN,0,388,261.7085880385588,330,0.6520109176635742,959.5,49938,166.452889600586
Vanilla_DQN,0,389,231.14522178004705,926,2.5597496032714844,888.2500000000005,49938,166.42288539317877
Vanilla_DQN,0,390,171.08859254000365,647,1.463059425354004,946.3299999999998,49938,158.018738574779
Vanilla_DQN,0,391,238.84129023183294,426,0.8512749671936035,958.1799999999996,49938,158.40889233891107
Vanilla_DQN,0,392,202.1974602343934,246,0.4687368869781494,964.3899999999999,49938,157.56090962224653
Vanilla_DQN,0,393,236.30117961228174,447,0.9590599536895752,955.7499999999998,49938,157.8027015614799
Vanilla_DQN,0,394,224.612241346782,317,0.6210558414459229,962.0499999999998,49938,154.34680806631764
Vanilla_DQN,0,395,198.8784525454506,334,0.6827964782714844,957.9099999999999,49938,154.13717190055675
Vanilla_DQN,0,396,242.48132996465725,201,0.3911623954772949,976.3299999999999,49938,154.81510549702787
Vanilla_DQN,0,397,268.47547893302374,251,0.4960594177246094,968.0199999999999,49938,153.70407712337388
Vanilla_DQN,0,398,273.1755514674447,277,0.5344693660736084,957.88,49938,155.09528593890994
Vanilla_DQN,0,399,273.47949155857674,312,0.5929031372070312,956.29,49938,156.4681223759365
Vanilla_DQN,0,400,247.56987603089328,318,0.6268312931060791,966.9999999999999,49938,156.7068631786272
Vanilla_DQN,0,401,190.51846127712594,765,2.1068851947784424,938.5899999999995,49938,153.42928802106724
Vanilla_DQN,0,402,133.77241771180158,616,1.8671231269836426,909.7900000000002,49938,152.73743454187942
Vanilla_DQN,0,403,222.50205192915354,318,0.788428783416748,958.78,49938,152.98689804102278
Vanilla_DQN,0,404,-80.82260112529838,1000,2.9866042137145996,894.2799999999999,49938,154.74097995570165
Vanilla_DQN,0,405,253.96313813047064,337,0.8505384922027588,957.3699999999999,49938,154.36376453772627
Vanilla_DQN,0,406,278.2640460216795,851,2.3547451496124268,953.2599999999993,49938,154.29149830656192
Vanilla_DQN,0,407,0.9869318787452954,103,0.23197269439697266,982.6899999999999,49938,154.61898258196624
Vanilla_DQN,0,408,-122.60086606123576,72,0.1588907241821289,992.11,49938,155.0381636421111
Vanilla_DQN,0,409,226.2419520136789,323,0.8199863433837891,955.72,49938,154.0106233745794
Vanilla_DQN,0,410,229.34388729744748,299,0.7396211624145508,959.0199999999999,49938,153.94820935892852
Vanilla_DQN,0,411,278.76028869307487,335,0.8107714653015137,965.7999999999998,49938,154.61502910816233
Vanilla_DQN,0,412,256.48116075786834,330,0.810034990310669,960.3399999999999,49938,151.18029520820195
Vanilla_DQN,0,413,-154.30315439101165,104,0.23778820037841797,991.3,49938,152.99608652116137
Vanilla_DQN,0,414,237.15696502228587,389,1.0506820678710938,956.0199999999998,49938,151.4959960965403
Vanilla_DQN,0,415,256.7374147059967,290,0.7244129180908203,958.81,49938,150.70982575275332
Vanilla_DQN,0,416,-308.35522192194287,934,2.826558828353882,868.6600000000002,49938,161.38531341010616
Vanilla_DQN,0,417,258.0440300917177,232,0.557981014251709,961.87,49938,160.54789102038228
Vanilla_DQN,0,418,175.61238811305208,491,1.2730696201324463,920.1400000000002,49938,156.59329303891
Vanilla_DQN,0,419,196.71670181715132,370,0.9632482528686523,950.7099999999999,49938,149.80345334511745
Vanilla_DQN,0,420,166.86055210090825,365,0.9377310276031494,941.3500000000001,49938,142.65193531939477
Vanilla_DQN,0,421,260.3324744993853,394,1.0074901580810547,954.2199999999999,49938,142.8294428313141
Vanilla_DQN,0,422,255.48310581281953,439,1.1231107711791992,937.45,49938,140.95473624224405
Vanilla_DQN,0,423,186.01022599654888,380,0.9728786945343018,941.44,49938,125.19377439577474
Vanilla_DQN,0,424,223.65862320503717,384,1.032256841659546,956.9499999999998,49938,125.18344076601416
Vanilla_DQN,0,425,235.2296584493782,339,0.8732192516326904,955.99,49938,125.27388980131819
Vanilla_DQN,0,426,228.35403717036158,457,1.1771817207336426,948.0999999999999,49938,125.24759106050631
Vanilla_DQN,0,427,264.3933944473501,223,0.5388541221618652,965.4999999999999,49938,125.11605851395534
Vanilla_DQN,0,428,236.33045571350317,591,1.643491506576538,944.8599999999998,49938,120.1084836962173
Vanilla_DQN,0,429,234.05760181555135,327,0.8487622737884521,962.1099999999999,49938,120.25995838080641
Vanilla_DQN,0,430,241.68061848114894,362,0.9448015689849854,949.72,49938,119.72947666735296
Vanilla_DQN,0,431,267.8164888078977,530,1.4693305492401123,947.98,49938,119.82120687308756
Vanilla_DQN,0,432,231.83525593458594,394,1.0120296478271484,956.1399999999999,49938,119.62626140932292
Vanilla_DQN,0,433,180.2168903745006,891,2.5051820278167725,945.4899999999997,49938,118.79665410242885
Vanilla_DQN,0,434,259.568682313502,301,0.7508294582366943,956.1399999999999,49938,118.83413605336187
Vanilla_DQN,0,435,246.98910326733048,244,0.5975956916809082,968.0799999999999,49938,118.77783287960628
Vanilla_DQN,0,436,261.01325241018014,301,0.7067849636077881,959.0799999999999,49938,118.82500082291394
Vanilla_DQN,0,437,225.60753278317816,385,1.0020017623901367,967.3899999999999,49938,118.57052402373046
Vanilla_DQN,0,438,276.31573819927553,299,0.735914945602417,959.56,49938,118.74970416536613
Vanilla_DQN,0,439,205.77844273284018,650,1.8723509311676025,942.55,49938,118.65424330550616
Vanilla_DQN,0,440,192.74238978529831,391,1.0208165645599365,953.0799999999998,49938,118.602497965994
Vanilla_DQN,0,441,221.9729318136285,518,1.3787000179290771,953.0499999999998,49938,118.50497715000728
Vanilla_DQN,0,442,248.17192213710055,318,0.8106083869934082,964.3599999999998,49938,118.72788888347084
Vanilla_DQN,0,443,239.30121891025283,504,1.3665037155151367,954.7299999999998,49938,118.74854784679532
Vanilla_DQN,0,444,278.05323433128405,329,0.7942352294921875,954.3100000000001,49938,119.23225091940365
Vanilla_DQN,0,445,216.1930448062294,453,1.1660771369934082,960.2199999999999,49938,119.25939047257576
Vanilla_DQN,0,446,282.1052272613008,285,0.695026159286499,956.47,49938,119.68082668860598
Vanilla_DQN,0,447,237.2481819390118,247,0.6103777885437012,962.74,49938,119.39860348855775
Vanilla_DQN,0,448,224.77139681839387,413,1.0498285293579102,956.2599999999999,49938,118.98497764773006
Vanilla_DQN,0,449,-79.59134466818236,205,0.4862399101257324,970.6299999999999,49938,124.61375830974902
Vanilla_DQN,0,450,184.45202785063566,303,0.7606322765350342,958.6299999999999,49938,124.34867073750553
Vanilla_DQN,0,451,249.1858393659934,782,2.1974146366119385,944.4699999999995,49938,124.63167274387817
Vanilla_DQN,0,452,237.31412273496525,349,0.8710129261016846,959.29,49938,124.53351975408644
Vanilla_DQN,0,453,293.81614474395536,256,0.6170587539672852,964.9,49938,125.27532368181099
Vanilla_DQN,0,454,252.02819481257944,262,0.6356899738311768,963.16,49938,119.19558087847048
Vanilla_DQN,0,455,191.2531101809726,893,2.728555917739868,943.2999999999996,49938,118.95682123060308
Vanilla_DQN,0,456,243.14089275175064,271,0.6531095504760742,960.31,49938,118.59166837650604
Vanilla_DQN,0,457,214.52374155396922,835,2.3874363899230957,932.9199999999998,49938,115.19422631771324
Vanilla_DQN,0,458,266.92334917059225,259,0.625173807144165,961.03,49938,105.69899569741999
Vanilla_DQN,0,459,218.95212374404088,252,0.615509033203125,961.48,49938,105.68244426136003
Vanilla_DQN,0,460,268.83860194355316,318,0.7886137962341309,952.7800000000001,49938,105.96735591663646
Vanilla_DQN,0,461,221.33915808429168,324,0.8157269954681396,949.84,49938,105.54049135726791
Vanilla_DQN,0,462,256.85733213415665,304,0.7722885608673096,957.55,49938,105.54380592676844
Vanilla_DQN,0,463,276.5219117201899,310,0.7618939876556396,952.9000000000001,49938,92.17596274432029
Vanilla_DQN,0,464,255.56917957795736,342,0.8639793395996094,954.01,49938,92.28531240346267
Vanilla_DQN,0,465,249.34757040211645,285,0.7244470119476318,962.8899999999999,49938,92.23091357298861
Vanilla_DQN,0,466,-149.44017231558564,243,0.5816440582275391,965.2299999999999,49938,75.16154933966816
Vanilla_DQN,0,467,226.456489555466,519,1.382596731185913,952.6300000000001,49938,74.99008689800297
Vanilla_DQN,0,468,236.6280936655478,279,0.706291913986206,960.73,49938,74.72847980743582
Vanilla_DQN,0,469,265.079046698951,273,0.6484036445617676,960.91,49938,74.86440223758744
Vanilla_DQN,0,470,275.5992332682745,265,0.6505382061004639,956.83,49938,74.74801976014211
Vanilla_DQN,0,471,289.3548514731608,277,0.6714444160461426,957.1600000000001,49938,75.12163351390613
Vanilla_DQN,0,472,268.48247948206415,289,0.7112178802490234,955.39,49938,75.24250062811237
Vanilla_DQN,0,473,256.16723297901365,645,1.8157799243927002,949.4799999999997,49938,75.11607513896531
Vanilla_DQN,0,474,278.1131970860521,294,0.7255871295928955,950.1400000000001,49938,75.43115822185291
Vanilla_DQN,0,475,283.30204143224137,310,0.7686212062835693,947.1700000000001,49938,75.80156534880517
Vanilla_DQN,0,476,245.57914272946897,375,0.9345180988311768,943.5100000000001,49938,75.82964562072652
Vanilla_DQN,0,477,267.1170185091729,567,1.570084810256958,945.4599999999999,49938,75.85461782085521
Vanilla_DQN,0,478,276.92630251878654,283,0.6770572662353516,965.14,49938,76.12396452108679
Vanilla_DQN,0,479,262.15331277173266,261,0.6362025737762451,964.66,49938,76.24197060537361
Vanilla_DQN,0,480,236.77077930067577,334,0.8108267784118652,956.41,49938,76.23309942706899
Vanilla_DQN,0,481,260.7138084853945,267,0.6671710014343262,957.3100000000001,49938,76.17335940079803
Vanilla_DQN,0,482,288.271180752123,284,0.6946227550506592,965.4099999999999,49938,76.5774300203153
Vanilla_DQN,0,483,284.01784029529404,235,0.5683670043945312,965.8299999999999,49938,76.51785829708871
Vanilla_DQN,0,484,181.15674675689755,806,2.390143394470215,953.5599999999995,49938,76.80844080347464
Vanilla_DQN,0,485,238.49686581432653,257,0.6139237880706787,964.48,49938,76.78843891569437
Vanilla_DQN,0,486,261.30200601856257,235,0.5673799514770508,967.2399999999999,49938,76.79051017220668
Vanilla_DQN,0,487,255.51904786908767,272,0.6673927307128906,967.6599999999999,49938,76.84225665494601
Vanilla_DQN,0,488,255.00936235630596,892,2.4675936698913574,956.2299999999996,49938,76.66649799270871
Vanilla_DQN,0,489,254.29613403219523,295,0.7195367813110352,967.1499999999999,49938,76.61281928901258
Vanilla_DQN,0,490,252.39999682189435,224,0.5350704193115234,965.02,49938,76.41341062899761
Vanilla_DQN,0,491,14.213681676655781,197,0.45635199546813965,969.5199999999999,49938,82.46950888415239
Vanilla_DQN,0,492,243.84150174303895,405,1.0715296268463135,962.7699999999998,49938,82.45454238404703
Vanilla_DQN,0,493,-167.12630554680663,310,0.7567710876464844,950.74,49938,99.56399662050657
Vanilla_DQN,0,494,200.41831581265035,651,1.8435337543487549,959.7099999999996,49938,99.30748365371275
Vanilla_DQN,0,495,249.21852465270086,235,0.5640511512756348,963.7299999999999,49938,99.3762550732842
Vanilla_DQN,0,496,247.63798364138825,218,0.5161952972412109,965.14,49938,99.0808419341338
Vanilla_DQN,0,497,272.5491430258461,255,0.6027958393096924,967.9899999999999,49938,99.31245756409008
Vanilla_DQN,0,498,240.48579984869207,271,0.666003942489624,961.6,49938,99.34334624835614
Vanilla_DQN,0,499,237.5432943769458,246,0.5819828510284424,963.16,49938,89.45149723877627
Vanilla_DQN,0,500,295.8823287835925,365,0.8998813629150391,954.7900000000001,49938,89.69250400796255
Vanilla_DQN,1,1,-274.9823209748055,131,0.12012410163879395,989.44,inf,0.0
Vanilla_DQN,1,2,-172.99072458969547,87,0.13427042961120605,993.01,inf,50.995798192555
Vanilla_DQN,1,3,-86.42041047137222,66,0.10456562042236328,995.59,inf,77.06584422314403
Vanilla_DQN,1,4,-169.06179046262184,108,0.17339324951171875,987.13,inf,66.85641896381777
Vanilla_DQN,1,5,-237.0703571712817,88,0.14164519309997559,992.26,inf,64.6159670683125
Vanilla_DQN,1,6,-177.52153040194617,83,0.13515663146972656,991.0,inf,59.117763340729105
Vanilla_DQN,1,7,-336.87652841317345,103,0.1712965965270996,989.29,inf,75.96341063813006
Vanilla_DQN,1,8,-119.4960772827076,115,0.1865980625152588,991.96,inf,76.83025954110235
Vanilla_DQN,1,9,-357.13154931502424,82,0.1312558650970459,992.02,inf,88.23728587620548
Vanilla_DQN,1,10,-87.1685730099925,96,0.15423870086669922,990.01,inf,92.02777588667696
Vanilla_DQN,1,11,-127.94688657735729,81,0.12686705589294434,993.94,inf,90.28199496358592
Vanilla_DQN,1,12,-88.96964763582393,88,0.14127850532531738,991.42,inf,91.28447573317094
Vanilla_DQN,1,13,-83.37069731172622,66,0.10325002670288086,994.27,inf,91.89221394884837
Vanilla_DQN,1,14,17.43074147378657,87,0.14113163948059082,990.55,inf,101.90308658799792
Vanilla_DQN,1,15,-68.26920944264543,82,0.13344383239746094,988.87,inf,101.32590893337021
Vanilla_DQN,1,16,40.95885592380722,81,0.13335084915161133,993.85,inf,109.29056562648937
Vanilla_DQN,1,17,-57.545526929517166,76,0.12609648704528809,991.12,inf,108.03075625494361
Vanilla_DQN,1,18,-106.10495889270058,149,0.24915099143981934,983.44,inf,105.28014487229355
Vanilla_DQN,1,19,-113.50211330998228,114,0.1812288761138916,988.66,inf,102.62377590866649
Vanilla_DQN,1,20,-85.51819948039858,113,0.1847851276397705,989.32,inf,100.6565140579558
Vanilla_DQN,1,21,-78.0553694281146,74,0.1216127872467041,991.3,inf,98.9654430007034
Vanilla_DQN,1,22,-56.91852345293905,81,0.13097190856933594,990.19,inf,97.94294404609428
Vanilla_DQN,1,23,-96.27283280136227,118,0.19645953178405762,987.94,inf,96.0149824788591
Vanilla_DQN,1,24,-120.71139652953099,99,0.15899109840393066,987.97,inf,94.00199863906921
Vanilla_DQN,1,25,-38.97091816900796,129,0.2160956859588623,983.65,inf,93.69751875622161
Vanilla_DQN,1,26,-97.87008227487317,86,0.1427619457244873,989.47,inf,92.00802799144726
Vanilla_DQN,1,27,-220.86673707619155,79,0.13190674781799316,992.05,inf,92.18618759080458
Vanilla_DQN,1,28,-109.69179937524774,90,0.14961695671081543,991.33,inf,90.57543639217558
Vanilla_DQN,1,29,-29.798048784989646,133,0.22115492820739746,985.99,inf,90.69314747041491
Vanilla_DQN,1,30,-51.74983328532918,115,0.18759727478027344,986.74,inf,90.05839982526228
Vanilla_DQN,1,31,-278.6032080100954,139,0.22841811180114746,985.12,inf,92.93358203731933
Vanilla_DQN,1,32,-102.3803561453906,73,0.11846399307250977,991.09,inf,91.55365305562596
Vanilla_DQN,1,33,-269.5361700264224,121,0.20174288749694824,988.15,inf,93.53612273125128
Vanilla_DQN,1,34,-79.15631306847985,97,0.16652464866638184,986.98,inf,92.52783461360181
Vanilla_DQN,1,35,-55.59245126827546,169,0.2914576530456543,975.1899999999999,inf,91.97171319135876
Vanilla_DQN,1,36,-101.08732369016666,106,0.17825651168823242,985.51,inf,90.77099206155205
Vanilla_DQN,1,37,-183.87136361690978,106,0.17409133911132812,986.86,inf,90.05363782167785
Vanilla_DQN,1,38,-138.17517166139513,156,0.2654695510864258,981.49,inf,88.8821257074874
Vanilla_DQN,1,39,-22.989900447167557,113,0.18805217742919922,989.05,inf,89.24301336698356
Vanilla_DQN,1,40,-142.07346007813481,106,0.17528080940246582,986.29,inf,88.16715021053275
Vanilla_DQN,1,41,-197.957557748491,175,0.3018343448638916,977.2599999999999,inf,87.82643636425937
Vanilla_DQN,1,42,-211.0762514297638,133,0.24621152877807617,984.52,inf,87.73973980318333
Vanilla_DQN,1,43,-135.82312633957883,147,0.2543051242828369,981.1899999999999,inf,86.72157501077783
Vanilla_DQN,1,44,-51.53008503130104,118,0.20272350311279297,979.81,inf,86.4877178880766
Vanilla_DQN,1,45,-220.58488727736557,131,0.2230379581451416,987.22,inf,86.64053239938771
Vanilla_DQN,1,46,-196.17794845939505,127,0.22280550003051758,982.72,inf,86.25993797955516
Vanilla_DQN,1,47,-60.98181958939374,140,0.2512979507446289,980.1999999999999,inf,85.91623700708884
Vanilla_DQN,1,48,-111.14146491904091,231,0.42992711067199707,963.55,inf,85.05275770617504
Vanilla_DQN,1,49,-40.2064142857625,125,0.2208843231201172,979.51,inf,85.09381129775582
Vanilla_DQN,1,50,12.776450400178945,137,0.24557900428771973,977.17,inf,86.46124712720577
Vanilla_DQN,1,51,-154.92563266524607,177,0.31471967697143555,975.8499999999999,inf,83.85072552988464
Vanilla_DQN,1,52,-117.22311151896888,79,0.13350200653076172,992.41,inf,83.52429181941383
Vanilla_DQN,1,53,-106.47242730786893,90,0.1525430679321289,990.37,inf,83.40988898495598
Vanilla_DQN,1,54,-242.282542789668,117,0.2071084976196289,987.34,inf,84.88018173920803
Vanilla_DQN,1,55,-251.13990218046155,99,0.17078948020935059,988.48,inf,85.28381285019681
Vanilla_DQN,1,56,-281.67076732556734,318,0.6262249946594238,945.4300000000001,inf,87.84296499416617
Vanilla_DQN,1,57,-87.08813045354427,208,0.37612485885620117,967.7499999999999,inf,82.55427063297107
Vanilla_DQN,1,58,-24.059647735302704,157,0.2870371341705322,975.8199999999999,inf,83.62380476787376
Vanilla_DQN,1,59,-21.792172028484174,155,0.28018712997436523,973.99,inf,77.33759890120669
Vanilla_DQN,1,60,-73.30304285724452,119,0.21139836311340332,982.39,inf,77.44617070391261
Vanilla_DQN,1,61,-89.80662588293157,229,0.44638633728027344,959.14,inf,77.4573907130161
Vanilla_DQN,1,62,-173.10981619012603,141,0.24648571014404297,982.5699999999999,inf,77.90286813880284
Vanilla_DQN,1,63,-71.5811252909129,233,0.4305236339569092,959.59,inf,78.00487373678227
Vanilla_DQN,1,64,-108.34443499892106,193,0.35747289657592773,966.3399999999999,inf,75.81737268071895
Vanilla_DQN,1,65,-126.06839704264507,316,0.6113221645355225,957.67,inf,75.55763375310082
Vanilla_DQN,1,66,33.94633387301508,178,0.3335280418395996,969.64,inf,75.27444799968728
Vanilla_DQN,1,67,-56.180072510304726,120,0.2148897647857666,982.9,inf,75.2954932100633
Vanilla_DQN,1,68,-44.663445833156764,127,0.22132110595703125,985.57,inf,75.9271636892218
Vanilla_DQN,1,69,5.192686762285732,385,0.770554780960083,935.2600000000001,inf,77.72843266156576
Vanilla_DQN,1,70,-45.65604961868581,131,0.23046159744262695,978.43,inf,78.19145518837689
Vanilla_DQN,1,71,-118.57502959260299,473,0.9984970092773438,932.3800000000001,inf,78.06121308276741
Vanilla_DQN,1,72,-50.73435024254886,562,1.2846958637237549,897.7900000000004,inf,78.15208841029762
Vanilla_DQN,1,73,-132.17437748779554,511,1.222869873046875,910.0900000000003,inf,78.17699964109927
Vanilla_DQN,1,74,-24.56588867888884,472,1.253441333770752,921.6100000000002,inf,79.11273914915888
Vanilla_DQN,1,75,-181.01090508944674,155,0.2885756492614746,975.0699999999999,inf,79.06326464930436
Vanilla_DQN,1,76,-35.1800162932865,319,0.6607463359832764,946.87,inf,79.78369890949445
Vanilla_DQN,1,77,10.712260959677891,203,0.3838043212890625,960.13,inf,80.02377942374788
Vanilla_DQN,1,78,-242.40637640187254,584,1.377718210220337,912.3100000000002,inf,82.24248388240048
Vanilla_DQN,1,79,50.99668429018004,120,0.22133588790893555,980.3199999999999,inf,84.55493400624371
Vanilla_DQN,1,80,-37.054148974362484,1000,2.9281716346740723,830.589999999999,inf,84.77500138247467
Vanilla_DQN,1,81,-28.111670762214004,79,0.14910268783569336,985.87,inf,81.87616991721093
Vanilla_DQN,1,82,33.16975112348981,1000,2.6455790996551514,830.499999999999,inf,84.05492848189891
Vanilla_DQN,1,83,-108.85551066587072,1000,3.019421100616455,816.7299999999984,inf,80.50560443299132
Vanilla_DQN,1,84,-91.68224847254585,685,1.8541615009307861,872.4400000000006,inf,80.47006175805286
Vanilla_DQN,1,85,-110.07884933187285,1000,3.051091194152832,815.0199999999984,inf,80.27111264499108
Vanilla_DQN,1,86,30.675479392310127,1000,2.9409501552581787,824.4099999999988,inf,82.26631344279298
Vanilla_DQN,1,87,-125.39251464661248,923,2.8150835037231445,835.8399999999992,inf,81.41172317234772
Vanilla_DQN,1,88,-3.456556226673909,1000,2.9093801975250244,824.6799999999988,inf,82.13941127633414
Vanilla_DQN,1,89,-45.54272555826154,1000,3.0576956272125244,821.0799999999987,inf,81.82297428967182
Vanilla_DQN,1,90,-40.911719011781685,1000,2.7835235595703125,823.8099999999988,inf,81.81064030206574
Vanilla_DQN,1,91,-75.67984068401466,1000,3.224571704864502,819.8199999999986,inf,80.36117057577837
Vanilla_DQN,1,92,-18.764712433437303,1000,3.1667349338531494,816.8799999999985,inf,78.94602687112827
Vanilla_DQN,1,93,-66.65911907546074,1000,3.1279900074005127,818.9199999999986,inf,78.62573758744429
Vanilla_DQN,1,94,-21.9287684226357,109,0.1749892234802246,985.48,inf,78.96595801929887
Vanilla_DQN,1,95,-64.36491350373166,1000,2.412872552871704,815.1699999999985,inf,76.4603488539732
Vanilla_DQN,1,96,-63.49057027350699,1000,2.803687810897827,819.2799999999986,inf,74.61345516271581
Vanilla_DQN,1,97,-105.0756924915484,55,0.08512473106384277,998.53,inf,74.69202210583661
Vanilla_DQN,1,98,-61.00467379472063,1000,3.1016788482666016,817.9599999999986,inf,74.56093880715851
Vanilla_DQN,1,99,-16.793427844933284,1000,2.284849166870117,823.2399999999986,inf,74.85604088043259
Vanilla_DQN,1,100,-25.52026577075831,1000,2.459272623062134,818.6499999999985,inf,74.14295734262866
Vanilla_DQN,1,101,-13.217286853217713,1000,3.1315066814422607,819.8799999999986,inf,73.78373017279583
Vanilla_DQN,1,102,-54.84158379198818,1000,3.435516834259033,819.3999999999986,inf,73.55719444470589
Vanilla_DQN,1,103,4.707825418136487,1000,2.786315679550171,814.7799999999985,inf,74.16045789113288
Vanilla_DQN,1,104,-206.7242125308021,861,2.419041633605957,846.7599999999996,inf,72.65837818860876
Vanilla_DQN,1,105,-6.408025547643882,1000,3.069821834564209,827.7999999999992,inf,68.34537510456933
Vanilla_DQN,1,106,-35.590260730801916,1000,2.9646286964416504,825.5499999999989,inf,60.97042755683992
Vanilla_DQN,1,107,-38.54635217155755,1000,2.8665528297424316,821.5299999999987,inf,60.90635620700265
Vanilla_DQN,1,108,-42.31398882918041,1000,3.7059848308563232,817.9299999999985,inf,60.75447769016436
Vanilla_DQN,1,109,163.25603612119636,922,3.1712801456451416,894.28,inf,68.08283080104808
Vanilla_DQN,1,110,-30.04386481793786,1000,3.435979127883911,826.389999999999,inf,68.11926964991393
Vanilla_DQN,1,111,-32.45677383557315,1000,2.889968156814575,821.4699999999988,inf,67.99124515334603
Vanilla_DQN,1,112,-21.821200163680004,1000,3.0886547565460205,850.0599999999997,inf,65.91160426730106
Vanilla_DQN,1,113,-228.2886908317414,153,0.3313896656036377,969.79,inf,70.43676755584963
Vanilla_DQN,1,114,-75.23064170496723,129,0.2818765640258789,980.5899999999999,inf,70.06865794881331
Vanilla_DQN,1,115,-237.33980957340836,132,0.3002755641937256,977.3199999999999,inf,74.02798070256455
Vanilla_DQN,1,116,-51.001103698697946,1000,2.88370943069458,818.5299999999986,inf,72.94238344034103
Vanilla_DQN,1,117,198.49227946261115,375,0.9737029075622559,941.35,inf,81.19951668957621
Vanilla_DQN,1,118,-41.434686234144706,141,0.31647253036499023,975.52,inf,81.20600400898176
Vanilla_DQN,1,119,-79.46001595015282,138,0.3020482063293457,977.35,inf,80.89502317018712
Vanilla_DQN,1,120,-316.2768036229603,586,1.6411757469177246,906.0100000000002,inf,88.88958754005125
Vanilla_DQN,1,121,-225.43561827930466,296,0.6784825325012207,945.6100000000001,inf,91.55818540017542
Vanilla_DQN,1,122,-58.455879598586726,1000,3.5464603900909424,826.089999999999,inf,91.54823453342219
Vanilla_DQN,1,123,-117.64026739219207,219,0.5120120048522949,962.14,inf,91.34326616710226
Vanilla_DQN,1,124,-76.24451447435465,157,0.3560659885406494,971.26,inf,91.22559609341583
Vanilla_DQN,1,125,-52.53772321683536,1000,3.622408866882324,837.8199999999993,inf,89.61307628187161
Vanilla_DQN,1,126,-40.92294812164759,129,0.2913799285888672,981.1,inf,89.58647539957394
Vanilla_DQN,1,127,-23.748073935235507,1000,3.5223724842071533,824.4699999999989,inf,89.18022555170982
Vanilla_DQN,1,128,-28.138763977678604,1000,3.22607159614563,827.049999999999,inf,85.35657660052259
Vanilla_DQN,1,129,-263.73027938686135,309,0.7801094055175781,947.98,inf,88.82265395588007
Vanilla_DQN,1,130,-162.39736928512866,181,0.4280252456665039,965.65,inf,89.85844803537915
Vanilla_DQN,1,131,-137.65957205551595,242,0.5815951824188232,954.25,inf,90.28958947614072
Vanilla_DQN,1,132,-32.74442981031807,1000,3.478139638900757,821.4099999999987,inf,89.30410198562649
Vanilla_DQN,1,133,38.67416262239298,1000,3.068794012069702,857.4699999999997,inf,90.32280616682768
Vanilla_DQN,1,134,33.715932726612174,1000,3.119074821472168,858.8199999999999,inf,91.27261613584449
Vanilla_DQN,1,135,-60.46104525601299,131,0.30351734161376953,977.53,inf,91.01511688641686
Vanilla_DQN,1,136,-562.587618740695,90,0.2017674446105957,998.29,inf,114.03399048253583
Vanilla_DQN,1,137,-134.3150386427448,122,0.27726244926452637,974.0799999999999,inf,114.12280365927124
Vanilla_DQN,1,138,188.57935034578253,504,1.3941113948822021,933.52,inf,119.50856470410345
Vanilla_DQN,1,139,-166.3120071365515,353,0.9043135643005371,935.8900000000001,inf,120.22176731226712
Vanilla_DQN,1,140,228.15509903761884,373,0.937563419342041,941.0500000000001,265957,127.29520281946519
Vanilla_DQN,1,141,-301.62798747210337,916,3.324554920196533,845.1399999999996,265957,131.48736041530955
Vanilla_DQN,1,142,-126.97913278383082,323,0.8095676898956299,942.9100000000001,265957,131.5023424941754
Vanilla_DQN,1,143,214.7762478734088,486,1.2620503902435303,925.6900000000002,265957,137.5397256156129
Vanilla_DQN,1,144,103.31767430938585,841,2.497993230819702,861.9100000000001,265957,139.47227296490257
Vanilla_DQN,1,145,-110.2839277623969,775,2.270289421081543,863.0200000000004,265957,139.61676516520654
Vanilla_DQN,1,146,234.26521144430174,466,1.232156753540039,936.1600000000001,265957,145.8025847096917
Vanilla_DQN,1,147,-301.262616131949,173,0.40575647354125977,967.9899999999999,265957,149.55770739046793
Vanilla_DQN,1,148,118.98117922848036,638,1.7884702682495117,891.7000000000004,265957,151.73184385155758
Vanilla_DQN,1,149,195.0530134232153,437,1.144726037979126,943.12,265957,155.78824963367643
Vanilla_DQN,1,150,206.55335774462503,440,1.1925017833709717,949.4799999999999,265957,160.02554191188918
Vanilla_DQN,1,151,99.78993918990798,966,3.1174845695495605,859.3900000000001,265957,161.3403529134391
Vanilla_DQN,1,152,253.97538880594857,254,0.6049630641937256,961.3,265957,166.8187317195585
Vanilla_DQN,1,153,207.74456623851634,323,0.8335001468658447,962.0499999999997,265957,170.36132779007602
Vanilla_DQN,1,154,179.64136784025374,582,1.586686372756958,899.6800000000003,265957,171.33000300897118
Vanilla_DQN,1,155,-70.48387428775709,1000,2.738464117050171,826.0599999999988,265957,171.38019021530266
Vanilla_DQN,1,156,-35.85885548765414,1000,2.8825266361236572,827.709999999999,265957,171.38029509000313
Vanilla_DQN,1,157,251.74281072181427,266,0.5173592567443848,962.8599999999999,265957,175.9297296955501
Vanilla_DQN,1,158,234.53010916017374,273,0.5308980941772461,964.5099999999999,265957,179.6640836443809
Vanilla_DQN,1,159,-42.27076475754876,1000,2.4969351291656494,850.0299999999995,265957,177.74141629298848
Vanilla_DQN,1,160,-42.38777705322956,1000,2.29817533493042,845.5299999999995,265957,177.7566153236371
Vanilla_DQN,1,161,22.12699800766875,1000,2.44792103767395,823.9599999999988,265957,177.87747048713914
Vanilla_DQN,1,162,-240.64708550101034,408,0.808783769607544,930.0700000000002,265957,180.43613735656248
Vanilla_DQN,1,163,192.2338563876866,373,0.7825839519500732,939.22,265957,180.736457109394
Vanilla_DQN,1,164,234.83932140480462,358,0.7662980556488037,944.6500000000001,265957,184.03374233583637
Vanilla_DQN,1,165,214.59674043397877,324,0.6675829887390137,948.43,265957,183.94424639366494
Vanilla_DQN,1,166,286.11037563532926,504,1.042633056640625,966.9399999999997,265957,188.2631704578265
Vanilla_DQN,1,167,-152.06770248330923,461,1.0021641254425049,940.09,265957,187.3295921148488
Vanilla_DQN,1,168,96.2855091065542,838,2.261817455291748,867.2200000000004,265957,187.7899464889005
Vanilla_DQN,1,169,-10.981474409543846,1000,2.2694756984710693,820.2099999999987,265957,187.47344702128774
Vanilla_DQN,1,170,-381.5996777077325,701,1.543698787689209,897.0100000000003,265957,189.8769632890936
Vanilla_DQN,1,171,297.13563660949535,257,0.506005048751831,966.9399999999999,265957,191.69056982611116
Vanilla_DQN,1,172,-187.40058450618494,513,1.1257824897766113,932.62,265957,193.42638624200163
Vanilla_DQN,1,173,-51.720673895307016,137,0.24733853340148926,980.92,265957,192.80697772305427
Vanilla_DQN,1,174,-12.627375625726875,1000,2.5299549102783203,841.9899999999994,265957,192.46496793221039
Vanilla_DQN,1,175,263.6871739986634,377,0.7950761318206787,949.63,265957,195.54340263197702
Vanilla_DQN,1,176,179.06564005383348,347,0.7249875068664551,943.3000000000001,265957,196.72258476961758
Vanilla_DQN,1,177,-48.592666774563966,1000,2.6458826065063477,818.1699999999986,265957,196.860517527627
Vanilla_DQN,1,178,105.03253094605707,769,1.823939323425293,870.7900000000005,265957,197.11614588783075
Vanilla_DQN,1,179,-28.882037159835335,1000,2.2058889865875244,823.9899999999989,265957,193.0343280671387
Vanilla_DQN,1,180,-56.546321047672066,115,0.20774078369140625,983.02,265957,191.535899415957
Vanilla_DQN,1,181,-1.7443665415661798,168,0.31412792205810547,970.27,265957,190.1292991113311
Vanilla_DQN,1,182,-68.20349426828521,119,0.2129993438720703,978.64,265957,190.4294158011501
Vanilla_DQN,1,183,207.12033691774667,287,0.5496013164520264,962.9499999999999,265957,192.04164449436135
Vanilla_DQN,1,184,149.34901019826216,760,1.8122708797454834,876.1000000000005,265957,192.730587469775
Vanilla_DQN,1,185,-250.0443321814861,111,0.20953845977783203,985.0,265957,196.40852801698307
Vanilla_DQN,1,186,241.267375638005,351,0.7248592376708984,966.3099999999998,265957,179.26611945659408
Vanilla_DQN,1,187,-39.695494064871575,1000,2.3432564735412598,815.1399999999984,265957,177.8287744167615
Vanilla_DQN,1,188,153.0483822546403,769,1.770017147064209,875.1100000000005,265957,177.34212648089297
Vanilla_DQN,1,189,25.63948982116456,195,0.36945652961730957,968.77,265957,174.70093818180897
Vanilla_DQN,1,190,0.3257657402548375,205,0.3817768096923828,967.54,265957,173.0279540533316
Vanilla_DQN,1,191,229.90550681815884,401,0.8525090217590332,951.6999999999998,265957,167.45139323977264
Vanilla_DQN,1,192,257.30226684143145,257,0.4832613468170166,964.0,265957,167.56892104079697
Vanilla_DQN,1,193,-91.67690325937546,725,1.6812679767608643,868.2100000000005,265957,167.63579233985678
Vanilla_DQN,1,194,-40.55897987500547,1000,3.1955490112304688,819.6999999999987,265957,168.10710335333346
Vanilla_DQN,1,195,218.9958360648659,334,0.707608699798584,969.9099999999999,265957,167.85725225184467
Vanilla_DQN,1,196,-226.55461435472444,120,0.21857786178588867,981.49,265957,170.88052095557762
Vanilla_DQN,1,197,269.4331086066467,292,0.5589778423309326,967.9599999999999,265957,165.6969721920686
Vanilla_DQN,1,198,263.54375007013346,301,0.5913963317871094,977.17,265957,167.8397730551083
Vanilla_DQN,1,199,262.3094649260754,345,0.7116367816925049,967.3899999999999,265957,169.10844520422881
Vanilla_DQN,1,200,-30.774667924595093,214,0.3970181941986084,967.6299999999999,265957,168.55158556946256
Vanilla_DQN,1,201,-95.04020637508519,1000,2.3952834606170654,822.6399999999987,265957,169.96479268588854
Vanilla_DQN,1,202,-80.16090596220302,1000,2.6693177223205566,822.3999999999987,265957,168.84303443372724
Vanilla_DQN,1,203,100.58712061569547,1000,2.4239985942840576,941.3499999999995,265957,167.56753680707018
Vanilla_DQN,1,204,-63.57436225670128,1000,2.725175380706787,815.9799999999984,265957,167.35028919539465
Vanilla_DQN,1,205,126.39860869173222,911,2.2720189094543457,848.9499999999997,265957,166.8286807179891
Vanilla_DQN,1,206,251.6689698895101,247,0.49079060554504395,971.6499999999999,265957,168.64465541968258
Vanilla_DQN,1,207,1.071085518305992,154,0.29584383964538574,974.02,265957,166.51750215565963
Vanilla_DQN,1,208,278.7832848571102,303,0.6379294395446777,966.2799999999999,265957,167.5952042294269
Vanilla_DQN,1,209,260.8338597018866,217,0.40941429138183594,971.5899999999999,265957,169.48598798828473
Vanilla_DQN,1,210,31.262097193726532,237,0.4503810405731201,960.73,265957,168.91102947770838
Vanilla_DQN,1,211,-256.83954094530156,106,0.19553136825561523,982.39,265957,174.62087227468984
Vanilla_DQN,1,212,179.64431287479147,468,1.0087060928344727,939.73,265957,170.21646754357445
Vanilla_DQN,1,213,-245.22213312977053,106,0.19299006462097168,982.4499999999999,265957,174.58909838627864
Vanilla_DQN,1,214,179.57565464994832,626,1.5667924880981445,903.3400000000004,265957,173.6212005957435
Vanilla_DQN,1,215,-349.9047886900187,180,0.32883644104003906,969.8199999999999,265957,181.01958083778555
Vanilla_DQN,1,216,198.58779450990082,626,1.6143808364868164,891.3100000000004,265957,179.07196998875003
Vanilla_DQN,1,217,243.4678785362136,291,0.5806729793548584,961.78,265957,179.09828851098533
Vanilla_DQN,1,218,220.45765706823153,315,0.6292438507080078,960.4599999999999,265957,180.59061278013596
Vanilla_DQN,1,219,-354.2091848352369,572,1.26236891746521,955.8699999999998,265957,189.1569690224255
Vanilla_DQN,1,220,273.4917509174081,253,0.4884474277496338,966.3699999999999,265957,181.71832247407403
Vanilla_DQN,1,221,305.2183924738433,397,0.8020529747009277,968.9499999999997,265957,181.93464546842046
Vanilla_DQN,1,222,260.8329456889622,259,0.5207576751708984,967.3,265957,180.6634572197147
Vanilla_DQN,1,223,248.80957792402327,256,0.524468183517456,961.1499999999999,265957,181.6135504432263
Vanilla_DQN,1,224,267.3393290079656,261,0.5004944801330566,970.6899999999999,265957,183.19871726064477
Vanilla_DQN,1,225,227.2100510123594,228,0.4344291687011719,969.2199999999999,265957,182.53128449589275
Vanilla_DQN,1,226,277.7832756919504,181,0.33956027030944824,975.49,265957,184.1428640900895
Vanilla_DQN,1,227,245.9653124022415,305,0.5927479267120361,954.97,265957,184.65337193777694
Vanilla_DQN,1,228,-46.41541746203311,1000,2.498361110687256,814.9599999999984,265957,185.55058797892752
Vanilla_DQN,1,229,148.02281628236938,956,2.483293294906616,892.4800000000001,265957,185.0766688786437
Vanilla_DQN,1,230,281.0238572271062,214,0.4081556797027588,964.93,265957,185.90294555979852
Vanilla_DQN,1,231,280.98115586042525,292,0.5740196704864502,970.78,265957,187.23280291014228
Vanilla_DQN,1,232,-23.97753111792811,219,0.41664600372314453,964.93,265957,186.5460647240566
Vanilla_DQN,1,233,265.64834705090396,218,0.40715503692626953,971.89,265957,187.399676566674
Vanilla_DQN,1,234,238.6163799783097,195,0.3866236209869385,972.6099999999999,265957,188.2785470694136
Vanilla_DQN,1,235,270.42632549566247,326,0.6610672473907471,971.7699999999999,265957,182.81303075422082
Vanilla_DQN,1,236,255.26182794030174,431,0.9458537101745605,966.5799999999997,265957,183.0200705016656
Vanilla_DQN,1,237,275.35950930062637,253,0.5002410411834717,968.4399999999998,265957,183.07460007519774
Vanilla_DQN,1,238,262.0022652531309,186,0.33991146087646484,972.3699999999999,265957,184.10766232995766
Vanilla_DQN,1,239,289.9999420958276,211,0.3978846073150635,977.77,265957,185.07003157293485
Vanilla_DQN,1,240,258.8333779291072,211,0.41198039054870605,970.6599999999999,265957,185.0736559440397
Vanilla_DQN,1,241,221.77848189247874,458,0.9725339412689209,941.65,265957,184.9911803419657
Vanilla_DQN,1,242,261.5791057155192,224,0.4251890182495117,973.2699999999999,265957,185.05013659373324
Vanilla_DQN,1,243,264.4099141948563,204,0.38971734046936035,973.54,265957,183.14872116173876
Vanilla_DQN,1,244,289.14528761223954,222,0.43224143981933594,967.7199999999999,265957,182.4964804431038
Vanilla_DQN,1,245,237.16408745739182,268,0.5249888896942139,957.9399999999999,265957,182.66012270721336
Vanilla_DQN,1,246,24.86750460289457,1000,2.8179917335510254,831.939999999999,265957,175.66042518946074
Vanilla_DQN,1,247,248.68176933619873,178,0.3308253288269043,975.7299999999999,265957,175.40459989597454
Vanilla_DQN,1,248,261.48707233960374,200,0.37024998664855957,976.0,265957,175.37836004043487
Vanilla_DQN,1,249,268.61476487560844,283,0.5475783348083496,973.81,265957,175.460880275177
Vanilla_DQN,1,250,246.81076206977244,403,0.9036171436309814,934.6900000000002,265957,174.01548654124383
Vanilla_DQN,1,251,258.91960653295945,176,0.32919859886169434,975.31,265957,170.81754478908172
Vanilla_DQN,1,252,-143.8201153508562,360,0.7381932735443115,966.1599999999997,265957,172.85303787084916
Vanilla_DQN,1,253,208.96098164437458,236,0.47149133682250977,967.6299999999999,265957,172.7476383709785
Vanilla_DQN,1,254,315.4826960638179,296,0.5848228931427002,966.2199999999999,265957,170.8901949283761
Vanilla_DQN,1,255,258.61582781861455,298,0.5946826934814453,966.5799999999999,265957,171.18924916196434
Vanilla_DQN,1,256,243.4902868916418,230,0.43886733055114746,969.43,265957,171.11931492738566
Vanilla_DQN,1,257,249.152092084824,253,0.47589802742004395,965.56,265957,169.61388409574002
Vanilla_DQN,1,258,226.0597031392955,373,0.7825396060943604,963.0699999999997,265957,169.15529960718098
Vanilla_DQN,1,259,273.0275362495673,376,0.7880702018737793,944.98,265957,169.282957037178
Vanilla_DQN,1,260,255.97714802145032,204,0.3757467269897461,974.89,265957,168.29507467868982
Vanilla_DQN,1,261,268.7283816568205,186,0.3484313488006592,972.6099999999999,265957,156.49673712767057
Vanilla_DQN,1,262,-11.980117910971174,190,0.35318922996520996,971.8,265957,159.11311654050004
Vanilla_DQN,1,263,274.4969231430062,377,0.7846238613128662,944.8300000000002,265957,146.86971144262787
Vanilla_DQN,1,264,-292.6707460115066,841,2.127591371536255,900.2500000000003,265957,162.26037488804502
Vanilla_DQN,1,265,165.66539130777852,784,1.8676342964172363,864.8500000000003,265957,142.79953781600733
Vanilla_DQN,1,266,-3.7245878348119286,1000,2.5362319946289062,818.7699999999986,265957,145.64585547546332
Vanilla_DQN,1,267,243.02790204635397,280,0.5473978519439697,975.3699999999999,265957,145.6430526355437
Vanilla_DQN,1,268,259.6391542497883,295,0.5694420337677002,962.4399999999999,265957,145.87317700812153
Vanilla_DQN,1,269,23.894582539021755,190,0.3649301528930664,964.18,265957,125.43864980776125
Vanilla_DQN,1,270,247.21254235003244,173,0.3137166500091553,976.15,265957,125.20624044729189
Vanilla_DQN,1,271,-12.249046849480953,1000,2.2565016746520996,818.9799999999987,265957,127.96562330932741
Vanilla_DQN,1,272,268.80914807127897,329,0.6894216537475586,968.1099999999999,265957,128.0483942102966
Vanilla_DQN,1,273,291.0665501216681,211,0.40863561630249023,972.3699999999999,265957,128.51636539057967
Vanilla_DQN,1,274,259.931551770018,252,0.49124765396118164,973.8699999999999,265957,128.4421240239882
Vanilla_DQN,1,275,253.23618099417536,251,0.4899418354034424,971.2599999999999,265957,128.60729431639245
Vanilla_DQN,1,276,285.8243231405902,223,0.42678284645080566,968.26,265957,128.7098216249326
Vanilla_DQN,1,277,254.3834930701893,226,0.4221181869506836,968.0799999999999,265957,128.7755087590687
Vanilla_DQN,1,278,252.97289339644936,332,0.6743342876434326,959.3499999999999,265957,124.05093899805215
Vanilla_DQN,1,279,242.3680450981162,248,0.48438549041748047,965.8299999999999,265957,123.87184996576207
Vanilla_DQN,1,280,278.52732764028895,286,0.5593142509460449,976.5699999999998,265957,123.84286642205957
Vanilla_DQN,1,281,301.48959369669774,174,0.3344855308532715,974.41,265957,124.1180403176249
Vanilla_DQN,1,282,284.475179307276,201,0.395524263381958,972.43,265957,120.01943581107592
Vanilla_DQN,1,283,229.95343049522592,469,1.0070855617523193,951.28,265957,119.81866939985544
Vanilla_DQN,1,284,185.7062531621433,415,0.8386201858520508,944.9499999999999,265957,119.82775887820608
Vanilla_DQN,1,285,241.08250756764713,456,0.9618048667907715,946.09,265957,119.615077971798
Vanilla_DQN,1,286,-37.923708481118055,1000,2.627342700958252,813.6699999999984,265957,124.44301396941623
Vanilla_DQN,1,287,245.36556474219265,195,0.3679208755493164,978.4,265957,124.18025192963883
Vanilla_DQN,1,288,244.89086215090597,235,0.4476771354675293,975.76,265957,124.04787982251028
Vanilla_DQN,1,289,243.25410517676445,191,0.35846924781799316,975.67,265957,123.58103682031697
Vanilla_DQN,1,290,-27.56979035377555,1000,2.4486804008483887,822.7599999999987,265957,127.49762247229924
Vanilla_DQN,1,291,220.8212014416751,327,0.6412997245788574,959.0199999999999,265957,127.49421314637696
Vanilla_DQN,1,292,257.3651439048766,216,0.4071347713470459,971.26,265957,127.4539309537074
Vanilla_DQN,1,293,259.5069314085076,603,1.2532844543457031,965.7099999999997,265957,127.40506244737209
Vanilla_DQN,1,294,261.94636267051726,235,0.44264817237854004,970.81,265957,127.07410178564474
Vanilla_DQN,1,295,251.0633425278321,275,0.5406620502471924,967.5399999999998,265957,127.17494087522456
Vanilla_DQN,1,296,247.22138360257506,260,0.5082118511199951,970.9599999999999,265957,124.90563152376059
Vanilla_DQN,1,297,287.3602597043872,368,0.7254593372344971,973.3899999999999,265957,125.30784675135149
Vanilla_DQN,1,298,264.58945268436446,220,0.4138929843902588,970.5699999999999,265957,125.33737880674586
Vanilla_DQN,1,299,133.95391093149954,944,2.3733367919921875,854.8599999999999,265957,125.3543538039922
Vanilla_DQN,1,300,200.7181335497498,578,1.1956660747528076,907.2400000000002,265957,125.18143376951518
Vanilla_DQN,1,301,251.78534189220125,358,0.7453250885009766,962.2899999999998,265957,125.11802287244242
Vanilla_DQN,1,302,278.9167053473028,192,0.3495941162109375,971.86,265957,115.53805941164534
Vanilla_DQN,1,303,268.3445359178629,229,0.43973803520202637,969.5799999999999,265957,115.84542800430793
Vanilla_DQN,1,304,275.226296897403,538,1.1260449886322021,943.45,265957,115.24302265285357
Vanilla_DQN,1,305,222.24767747769334,273,0.5169589519500732,963.1299999999999,265957,115.03901078978004
Vanilla_DQN,1,306,293.45655619901976,288,0.5380418300628662,967.0899999999999,265957,115.56078055910653
Vanilla_DQN,1,307,261.1141433932603,325,0.6443033218383789,973.7199999999999,265957,115.65647195048543
Vanilla_DQN,1,308,242.98047813680157,234,0.46286725997924805,965.3799999999999,265957,115.73059163263008
Vanilla_DQN,1,309,246.69685226932964,192,0.35199546813964844,975.9399999999999,265957,115.4993152714684
Vanilla_DQN,1,310,259.3844282158661,242,0.44927024841308594,972.16,265957,115.5281177944302
Vanilla_DQN,1,311,260.2629326272379,193,0.3608407974243164,976.81,265957,115.44647601219381
Vanilla_DQN,1,312,225.27088666052288,568,1.2082700729370117,948.0699999999998,265957,111.07051403284596
Vanilla_DQN,1,313,262.8145656263457,192,0.3550574779510498,977.2299999999999,265957,110.95411341853914
Vanilla_DQN,1,314,257.1213535121749,286,0.5638494491577148,963.8199999999999,265957,84.31869636719968
Vanilla_DQN,1,315,263.6644278061064,213,0.3937966823577881,973.6899999999999,265957,84.07322966315873
Vanilla_DQN,1,316,242.86721624551024,196,0.35394811630249023,973.5999999999999,265957,77.4101908126322
Vanilla_DQN,1,317,263.1068107445128,175,0.3244504928588867,973.93,265957,77.52291547800071
Vanilla_DQN,1,318,262.73894975432495,216,0.3963587284088135,970.39,265957,77.5466113590836
Vanilla_DQN,1,319,249.61876258938773,439,0.8949668407440186,968.3499999999999,265957,71.67213473516244
Vanilla_DQN,1,320,296.59406883715576,377,0.732048511505127,966.7299999999999,265957,72.15706107473166
Vanilla_DQN,1,321,282.3568267497319,437,0.9277632236480713,953.29,265957,63.00429692348483
Vanilla_DQN,1,322,251.99859683984766,278,0.5579729080200195,972.8799999999999,265957,62.9103461412664
Vanilla_DQN,1,323,291.01487762745273,155,0.2939293384552002,977.29,265957,62.90955108150754
Vanilla_DQN,1,324,117.55410042380755,1000,2.3382441997528076,954.3999999999992,265957,65.24158065446699
Vanilla_DQN,1,325,-6.996474157919792,161,0.29195261001586914,974.4999999999999,265957,73.78262984849094
Vanilla_DQN,1,326,-17.066792886542515,262,0.5008072853088379,952.93,265957,81.37136993952822
Vanilla_DQN,1,327,1.1661162714881925,134,0.24100756645202637,976.2099999999999,265957,87.27078736981105
Vanilla_DQN,1,328,234.03970875406526,238,0.4587981700897217,968.8299999999999,265957,87.18297462269152
Vanilla_DQN,1,329,245.7779059796749,297,0.5494480133056641,972.9999999999999,265957,87.19936079539913
Vanilla_DQN,1,330,258.8684104679538,175,0.3257725238800049,974.3199999999999,265957,86.99288850483246
Vanilla_DQN,1,331,235.63478408632602,274,0.5483500957489014,972.8199999999999,265957,86.28665294959015
Vanilla_DQN,1,332,223.9401582425092,269,0.521655797958374,969.2799999999999,265957,85.81721017851893
Vanilla_DQN,1,333,227.68127361424084,234,0.4684579372406006,966.2799999999999,265957,85.81265397676816
Vanilla_DQN,1,334,233.30622483880398,218,0.4147651195526123,971.7099999999999,265957,85.68875130890784
Vanilla_DQN,1,335,264.2747123143016,211,0.3964409828186035,971.05,265957,85.85803662109319
Vanilla_DQN,1,336,194.5436923893546,868,2.0764670372009277,956.3499999999992,265957,77.57264370490256
Vanilla_DQN,1,337,257.57401999397484,310,0.6042337417602539,970.6299999999999,265957,77.65158304816795
Vanilla_DQN,1,338,264.79548269273596,353,0.7356467247009277,965.4099999999999,265957,77.79573405584136
Vanilla_DQN,1,339,57.0497774752906,139,0.25712037086486816,974.14,265957,81.30145384571618
Vanilla_DQN,1,340,275.231951840168,207,0.38095664978027344,973.66,265957,73.28029625023554
Vanilla_DQN,1,341,244.73321692227347,280,0.5468385219573975,968.3499999999999,265957,73.30188166839949
Vanilla_DQN,1,342,304.27088222421503,178,0.3447871208190918,972.4599999999999,265957,73.94713851312609
Vanilla_DQN,1,343,241.44172085159477,264,0.5014734268188477,970.0899999999998,265957,73.8493125168506
Vanilla_DQN,1,344,276.38229778699207,197,0.36643028259277344,973.39,265957,74.00059391190752
Vanilla_DQN,1,345,260.76618279493505,193,0.3673980236053467,976.99,265957,74.06676306503553
Vanilla_DQN,1,346,258.3910721673434,205,0.37268638610839844,977.38,265957,74.13286672927985
Vanilla_DQN,1,347,281.9846264106808,247,0.47411370277404785,969.04,265957,74.054895631341
Vanilla_DQN,1,348,254.79613613855446,185,0.3454301357269287,976.3299999999999,265957,73.9784007533983
Vanilla_DQN,1,349,225.60226947974246,247,0.4815959930419922,969.2499999999999,265957,72.68295451902266
Vanilla_DQN,1,350,240.91139851785684,186,0.3375866413116455,977.8299999999999,265957,72.54891709886337
Vanilla_DQN,1,351,282.1159467686719,231,0.4442768096923828,971.9799999999999,265957,72.82700822403663
Vanilla_DQN,1,352,275.86540301004663,220,0.42031407356262207,971.53,265957,72.79055610354912
Vanilla_DQN,1,353,252.9618245094567,263,0.5212225914001465,967.2099999999999,265957,72.67661731398744
Vanilla_DQN,1,354,264.10607751240354,174,0.3287496566772461,975.0699999999999,265957,72.56570877646828
Vanilla_DQN,1,355,273.0047498102614,216,0.4088010787963867,974.89,265957,72.7582025870805
Vanilla_DQN,1,356,284.80845575412656,210,0.40131640434265137,974.14,265957,72.62766292723002
Vanilla_DQN,1,357,268.6592440224938,279,0.5381920337677002,963.79,265957,72.69127395509867
Vanilla_DQN,1,358,273.0659432147426,257,0.4879765510559082,966.7299999999999,265957,72.88462147743624
Vanilla_DQN,1,359,231.7307238874704,266,0.526939868927002,965.4099999999999,265957,72.8664327849789
Vanilla_DQN,1,360,241.61406500322653,599,1.3275642395019531,941.0799999999999,265957,72.78814954857285
Vanilla_DQN,1,361,257.6249714196414,210,0.3973276615142822,970.81,265957,72.77025124521158
Vanilla_DQN,1,362,185.88014441349193,739,1.6317076683044434,889.9600000000004,265957,73.07553541729753
Vanilla_DQN,1,363,298.7496459056464,218,0.41215991973876953,970.18,265957,73.53616361760236
Vanilla_DQN,1,364,240.5994458510413,300,0.6035053730010986,963.79,265957,73.46932706288096
Vanilla_DQN,1,365,167.46918195281114,752,1.7657907009124756,909.3700000000001,265957,73.92094677175442
Vanilla_DQN,1,366,275.3290454300974,254,0.48398661613464355,965.02,265957,74.15656098021219
Vanilla_DQN,1,367,257.5985075233066,246,0.4721090793609619,962.65,265957,74.11516932323289
Vanilla_DQN,1,368,-25.181787767920767,95,0.17679357528686523,984.46,265957,82.27365977692264
Vanilla_DQN,1,369,-40.42346633600664,120,0.22502827644348145,978.31,265957,90.28688932008784
Vanilla_DQN,1,370,275.106634440496,209,0.3922281265258789,976.48,265957,89.9761037432426
Vanilla_DQN,1,371,226.59279221100803,275,0.5411086082458496,955.18,265957,89.54647023885748
Vanilla_DQN,1,372,28.460566460095805,144,0.2740499973297119,974.77,265957,93.30562918335322
Vanilla_DQN,1,373,259.7788365369871,204,0.3985140323638916,971.1399999999999,265957,92.89737930983773
Vanilla_DQN,1,374,226.67549931040486,364,0.7329230308532715,943.84,265957,91.8764097133312
Vanilla_DQN,1,375,207.00577201507974,607,1.4141077995300293,964.3299999999996,265957,86.17644582558248
Vanilla_DQN,1,376,290.3369318246468,265,0.5119366645812988,967.8399999999999,265957,79.71720909652322
Vanilla_DQN,1,377,233.00664646687704,196,0.3725111484527588,974.4699999999999,265957,72.9067229420668
Vanilla_DQN,1,378,263.7391008320455,196,0.365581750869751,976.51,265957,73.045920864673
Vanilla_DQN,1,379,-108.69535924404309,127,0.2501513957977295,976.87,265957,87.20274133810851
Vanilla_DQN,1,380,245.71707858816413,259,0.5098598003387451,969.5799999999999,265957,87.11996908025779
Vanilla_DQN,1,381,-174.4872283557504,212,0.3979945182800293,962.26,265957,103.47828842988757
Vanilla_DQN,1,382,197.08329606705288,881,2.2931060791015625,898.3599999999999,265957,103.50812903135186
Vanilla_DQN,1,383,263.35851944273134,289,0.5516090393066406,957.13,265957,103.7090235865723
Vanilla_DQN,1,384,221.20829331725156,394,0.7849690914154053,971.5899999999998,265957,103.68412230183617
Vanilla_DQN,1,385,275.62246984745593,258,0.5062532424926758,972.4899999999999,265957,103.80088043976704
Vanilla_DQN,1,386,216.65067202390617,333,0.6641783714294434,953.6199999999999,265957,103.75267242772692
Vanilla_DQN,1,387,-222.25693989431102,257,0.4970207214355469,968.4999999999999,265957,120.42047314959933
Vanilla_DQN,1,388,253.70748079165958,235,0.44436097145080566,976.4799999999999,265957,120.32499601129341
Vanilla_DQN,1,389,-266.22866843393837,272,0.5320255756378174,961.39,265957,135.90283531048772
Vanilla_DQN,1,390,256.5460550629679,189,0.35848093032836914,975.31,265957,135.72335127613704
Vanilla_DQN,1,391,-32.58062356655236,75,0.13302087783813477,984.79,265957,139.41735058130945
Vanilla_DQN,1,392,246.26952950670287,264,0.5105226039886475,971.9499999999999,265957,138.742412697707
Vanilla_DQN,1,393,255.7048695637931,262,0.5076539516448975,968.1999999999998,265957,138.85475410309695
Vanilla_DQN,1,394,295.3552387434512,247,0.47222447395324707,962.86,265957,139.10491750492648
Vanilla_DQN,1,395,252.204147080352,257,0.5004620552062988,964.27,265957,139.02840511514324
Vanilla_DQN,1,396,286.44273277633494,508,1.0232124328613281,967.4199999999997,265957,139.3423002803497
Vanilla_DQN,1,397,232.462627135184,245,0.5015842914581299,965.7699999999999,265957,138.89452610596834
Vanilla_DQN,1,398,248.8617495603383,223,0.42171311378479004,971.14,265957,138.84490844041468
Vanilla_DQN,1,399,248.69292690425027,343,0.6808876991271973,939.7900000000002,265957,138.98852828051577
Vanilla_DQN,1,400,244.54042752626546,165,0.31012606620788574,976.42,265957,139.01385972940128
Vanilla_DQN,1,401,234.39237971852302,189,0.3546426296234131,975.8499999999999,265957,138.57041669356502
Vanilla_DQN,1,402,273.34390016253235,219,0.40593552589416504,978.85,265957,138.54081316257003
Vanilla_DQN,1,403,286.5865578916728,300,0.5692028999328613,958.6600000000001,265957,138.9101743817209
Vanilla_DQN,1,404,240.41518300614942,252,0.4917457103729248,967.81,265957,138.71021353743743
Vanilla_DQN,1,405,238.212314734777,230,0.4414958953857422,966.7599999999999,265957,138.39625535240552
Vanilla_DQN,1,406,250.13746844914937,185,0.34084630012512207,975.31,265957,138.01959980531453
Vanilla_DQN,1,407,259.40794231345274,192,0.35815930366516113,976.81,265957,137.92294729832864
Vanilla_DQN,1,408,220.61611867792982,206,0.38858675956726074,972.3399999999999,265957,137.50020873251444
Vanilla_DQN,1,409,248.6680798001663,248,0.490081787109375,961.51,265957,137.62139050008602
Vanilla_DQN,1,410,262.37768990346336,197,0.3695719242095947,972.49,265957,137.8042194744134
Vanilla_DQN,1,411,-237.10415391656406,297,0.5819661617279053,958.9,265957,149.93378184711054
Vanilla_DQN,1,412,257.87362092095054,394,0.8316121101379395,952.27,265957,150.3124238588482
Vanilla_DQN,1,413,238.48531324275027,194,0.3662078380584717,976.0,265957,149.62042536259452
Vanilla_DQN,1,414,258.55465531584457,298,0.5976088047027588,950.11,265957,149.7823057280154
Vanilla_DQN,1,415,248.43513218605267,194,0.3657064437866211,972.43,265957,150.05093474051571
Vanilla_DQN,1,416,266.9256884875048,192,0.35579586029052734,972.6999999999999,265957,149.95309939138787
Vanilla_DQN,1,417,270.4693103774275,308,0.5985281467437744,969.9999999999999,265957,150.09067872831713
Vanilla_DQN,1,418,253.54278121699102,353,0.6912841796875,956.2299999999999,265957,147.37003400629618
Vanilla_DQN,1,419,280.2329708530785,264,0.5075900554656982,973.3,265957,144.16460809225336
Vanilla_DQN,1,420,276.68421864645956,415,0.8694798946380615,963.2799999999999,265957,144.18209615366558
Vanilla_DQN,1,421,239.07084178576943,253,0.498870849609375,963.6399999999999,265957,144.24561627503817
Vanilla_DQN,1,422,297.73363154440983,246,0.48885440826416016,963.64,265957,142.90103216453878
Vanilla_DQN,1,423,257.4585556256957,293,0.5656521320343018,969.6099999999999,265957,142.88251878911808
Vanilla_DQN,1,424,269.7830007882726,281,0.5400302410125732,959.38,265957,143.16107080862895
Vanilla_DQN,1,425,264.3233420819322,162,0.3052372932434082,974.38,265957,143.42219468530834
Vanilla_DQN,1,426,273.85719929290326,219,0.4120619297027588,969.8499999999999,265957,143.24130479773058
Vanilla_DQN,1,427,264.0864677119006,361,0.767108678817749,943.9000000000001,265957,143.43630913418852
Vanilla_DQN,1,428,247.85710598255653,191,0.35965824127197266,973.27,265957,143.3209599777001
Vanilla_DQN,1,429,238.34179476839768,263,0.4980618953704834,969.04,265957,136.2596144076635
Vanilla_DQN,1,430,271.0343466088408,263,0.5048701763153076,964.78,265957,136.43641883346453
Vanilla_DQN,1,431,272.0709812722362,328,0.6351339817047119,966.8799999999999,265957,125.04948058664276
Vanilla_DQN,1,432,221.87476088206955,729,1.6006731986999512,962.4099999999996,265957,125.00697075669073
Vanilla_DQN,1,433,245.43689377540073,225,0.4188265800476074,970.2399999999999,265957,124.90906943193808
Vanilla_DQN,1,434,270.87723709131467,214,0.39679908752441406,970.9599999999999,265957,125.11137074436036
Vanilla_DQN,1,435,252.67615323092033,190,0.3483924865722656,972.76,265957,124.95244799113027
Vanilla_DQN,1,436,277.5753920329282,277,0.5259594917297363,967.03,265957,125.20458181724727
Vanilla_DQN,1,437,249.26845427607265,232,0.44359374046325684,965.1999999999999,265957,107.97149461251531
Vanilla_DQN,1,438,273.3504102408381,288,0.5616238117218018,958.03,265957,108.08808790570174
Vanilla_DQN,1,439,262.52461417092684,224,0.44122862815856934,967.3,265957,81.43897155315479
Vanilla_DQN,1,440,251.3165944483597,234,0.44657349586486816,970.93,265957,81.42388716019974
Vanilla_DQN,1,441,241.38437108228413,327,0.6887338161468506,947.0200000000001,265957,71.3475238603362
Vanilla_DQN,1,442,254.84054568158936,229,0.4362030029296875,967.9299999999998,265957,71.35438407973564
Vanilla_DQN,1,443,255.13804971528117,304,0.6128580570220947,963.4599999999998,265957,71.35316997599084
Vanilla_DQN,1,444,240.20061177772905,192,0.37018418312072754,968.8899999999999,265957,71.0346788017479
Vanilla_DQN,1,445,263.64323673653814,332,0.656470775604248,953.35,265957,71.0705433791774
Vanilla_DQN,1,446,296.2567971369545,260,0.5054917335510254,965.3199999999999,265957,71.19292846596727
Vanilla_DQN,1,447,279.6331899382831,211,0.39684057235717773,973.3599999999999,265957,71.30521608697563
Vanilla_DQN,1,448,232.0435470967637,228,0.4308152198791504,968.1999999999999,265957,71.340202404794
Vanilla_DQN,1,449,271.4479625385066,213,0.38708066940307617,968.5899999999999,265957,71.41760464219682
Vanilla_DQN,1,450,251.30967591723376,259,0.4984583854675293,973.4199999999998,265957,71.41703458120355
Vanilla_DQN,1,451,254.759838148502,173,0.3143455982208252,976.54,265957,71.39466630160777
Vanilla_DQN,1,452,-308.267908734328,1000,2.4107446670532227,809.4399999999982,265957,105.61262634923074
Vanilla_DQN,1,453,-196.35102839834352,1000,2.3656883239746094,806.199999999998,265957,121.5267284839757
Vanilla_DQN,1,454,262.0937587760926,261,0.492739200592041,972.13,265957,121.61099652002271
Vanilla_DQN,1,455,256.29652195529206,324,0.6495254039764404,965.9799999999998,265957,121.66817570929527
Vanilla_DQN,1,456,255.9247088992508,273,0.5597422122955322,966.6399999999999,265957,121.69173574172672
Vanilla_DQN,1,457,277.6222305460527,263,0.4997556209564209,969.8499999999999,265957,121.8114536549399
Vanilla_DQN,1,458,240.64362964397458,176,0.3198826313018799,977.14,265957,121.81718990144084
Vanilla_DQN,1,459,239.100481458717,188,0.356539249420166,971.9799999999999,265957,121.79379150115538
Vanilla_DQN,1,460,-34.67360770569974,133,0.25342726707458496,977.92,265957,127.14310836114457
Vanilla_DQN,1,461,-144.05536342246745,105,0.18946027755737305,982.81,265957,120.92459144065599
Vanilla_DQN,1,462,264.53759408459086,183,0.3387465476989746,975.16,265957,120.96462082652681
Vanilla_DQN,1,463,259.19513413124287,271,0.5108838081359863,959.77,265957,121.04569577702314
Vanilla_DQN,1,464,295.36950628091313,191,0.3572547435760498,977.02,265957,121.35693099890895
Vanilla_DQN,1,465,281.30174769238465,184,0.345623254776001,973.93,265957,121.56497318544857
Vanilla_DQN,1,466,265.83668857489744,457,0.9037549495697021,936.3700000000001,265957,121.55787152726552
Vanilla_DQN,1,467,281.74198006594156,196,0.3754124641418457,975.4,265957,121.64919851986633
Vanilla_DQN,1,468,257.55584740633645,321,0.6533284187316895,958.21,265957,121.66803378991285
Vanilla_DQN,1,469,254.61984543154884,224,0.42085838317871094,972.16,265957,121.49679182973455
Vanilla_DQN,1,470,255.50412683171484,177,0.32537007331848145,975.31,265957,121.35802222870511
Vanilla_DQN,1,471,-41.093554058942196,111,0.19935393333435059,984.55,265957,126.96808344432002
Vanilla_DQN,1,472,240.9010908894365,183,0.34452366828918457,976.24,265957,126.52519897106865
Vanilla_DQN,1,473,274.4390202261527,202,0.379075288772583,969.5799999999999,265957,126.64972261900188
Vanilla_DQN,1,474,276.75105860710863,551,1.2288589477539062,967.1799999999997,265957,126.70857224420276
Vanilla_DQN,1,475,24.423829421864724,127,0.23664450645446777,982.42,265957,129.44589383875444
Vanilla_DQN,1,476,303.458083698055,220,0.4208645820617676,967.5999999999999,265957,129.78077494110988
Vanilla_DQN,1,477,248.8304858509203,186,0.3615388870239258,974.7099999999999,265957,129.68440641099764
Vanilla_DQN,1,478,262.97839965102173,193,0.37401318550109863,973.39,265957,129.7775023791154
Vanilla_DQN,1,479,299.1727065321012,256,0.516737699508667,966.55,265957,130.26888305640728
Vanilla_DQN,1,480,218.23342595423736,240,0.4680607318878174,975.0999999999999,265957,130.0391748679361
Vanilla_DQN,1,481,280.3626359564223,188,0.36499881744384766,972.04,265957,130.11610035358456
Vanilla_DQN,1,482,273.89116796563707,237,0.4638512134552002,966.0999999999999,265957,130.36693419037394
Vanilla_DQN,1,483,296.24156635530153,230,0.45536375045776367,963.6999999999999,265957,130.78193809480584
Vanilla_DQN,1,484,241.88815373746223,243,0.4841578006744385,975.3399999999999,265957,130.6104564164892
Vanilla_DQN,1,485,272.922589328714,183,0.34543275833129883,977.26,265957,130.75039012894808
Vanilla_DQN,1,486,275.48499775136537,174,0.3310258388519287,972.55,265957,130.73161628049212
Vanilla_DQN,1,487,237.84360239470595,222,0.4225773811340332,975.76,265957,130.6863915143348
Vanilla_DQN,1,488,298.74947036970616,222,0.4318814277648926,970.81,265957,130.95131313281905
Vanilla_DQN,1,489,282.8221635002419,197,0.37416768074035645,977.05,265957,131.1198174299278
Vanilla_DQN,1,490,302.2094962635646,184,0.35235595703125,977.3199999999999,265957,131.56750046277733
Vanilla_DQN,1,491,301.7326198996695,267,0.5280821323394775,962.68,265957,132.0386612024718
Vanilla_DQN,1,492,294.3645047674629,280,0.5511324405670166,966.16,265957,132.35854578575294
Vanilla_DQN,1,493,273.515104975888,201,0.3963794708251953,969.55,265957,132.47690393901536
Vanilla_DQN,1,494,266.771537695905,212,0.40927910804748535,969.55,265957,132.60261026172373
Vanilla_DQN,1,495,246.49435461270934,203,0.3712270259857178,978.6999999999999,265957,132.51764058458934
Vanilla_DQN,1,496,270.94147071354024,172,0.32683491706848145,978.4,265957,132.28132920444665
Vanilla_DQN,1,497,284.94993776041827,177,0.32935261726379395,972.3399999999999,265957,132.33010453639375
Vanilla_DQN,1,498,274.15508878283026,189,0.3475475311279297,976.0,265957,132.52739730545193
Vanilla_DQN,1,499,250.064388451005,225,0.41640472412109375,974.7399999999999,265957,132.40319142709583
Vanilla_DQN,1,500,258.06404330406315,211,0.3937687873840332,971.0799999999999,265957,132.43639511638932
Vanilla_DQN,2,1,-227.44792410092356,67,0.015923500061035156,995.02,inf,0.0
Vanilla_DQN,2,2,-49.968727031925425,112,0.18130850791931152,991.24,inf,88.73959853449907
Vanilla_DQN,2,3,-84.47517438572794,90,0.14484500885009766,991.54,inf,76.83370749175779
Vanilla_DQN,2,4,-186.02660838977167,103,0.16376185417175293,989.44,inf,72.31482113192085
Vanilla_DQN,2,5,-178.0594432043448,82,0.1351330280303955,993.73,inf,66.73496186908609
Vanilla_DQN,2,6,-134.69538534927122,87,0.1439986228942871,992.29,inf,61.0459581035116
Vanilla_DQN,2,7,-152.46579816851087,84,0.138519287109375,992.11,inf,56.60564765432489
Vanilla_DQN,2,8,-212.31715450015855,130,0.21488380432128906,987.07,inf,57.473825488281044
Vanilla_DQN,2,9,-183.79880622884014,110,0.18004918098449707,991.75,inf,55.03449219078979
Vanilla_DQN,2,10,-149.8142778504363,142,0.2400057315826416,984.91,inf,52.24978744019227
Vanilla_DQN,2,11,-169.60669726767065,121,0.20252561569213867,988.8100000000001,inf,49.97365156036685
Vanilla_DQN,2,12,-207.9190855416757,81,0.13322830200195312,993.01,inf,49.86106761523893
Vanilla_DQN,2,13,-281.5961709132745,161,0.27317094802856445,979.42,inf,57.6281881727874
Vanilla_DQN,2,14,-136.25044229611444,68,0.1126561164855957,994.03,inf,56.23334025907352
Vanilla_DQN,2,15,-113.83154472407284,101,0.16619253158569336,990.82,inf,55.99220779632482
Vanilla_DQN,2,16,-233.6007600814664,127,0.21300649642944336,986.05,inf,56.7322199128787
Vanilla_DQN,2,17,-125.26546318437343,140,0.239166259765625,984.34,inf,55.98633847665385
Vanilla_DQN,2,18,-130.84691904948835,139,0.23961448669433594,983.14,inf,55.01173566688211
Vanilla_DQN,2,19,-217.06401855106316,71,0.11999082565307617,992.68,inf,54.823878979331894
Vanilla_DQN,2,20,-19.87277420810598,118,0.20243382453918457,986.98,inf,62.33047970423036
Vanilla_DQN,2,21,-346.3613002632451,103,0.16964006423950195,990.34,inf,72.65988664146501
Vanilla_DQN,2,22,-113.59447896329436,91,0.14905166625976562,987.94,inf,71.90907931478282
Vanilla_DQN,2,23,-105.5159905890043,107,0.18175911903381348,986.47,inf,71.40654016965776
Vanilla_DQN,2,24,-278.094156430987,118,0.20302796363830566,987.82,inf,73.55843092835562
Vanilla_DQN,2,25,-143.00177196887185,115,0.19973969459533691,983.95,inf,72.24214522487621
Vanilla_DQN,2,26,-58.46790792549198,162,0.27742505073547363,980.68,inf,73.86411942885242
Vanilla_DQN,2,27,-55.654406705619515,83,0.14271259307861328,988.15,inf,75.26877473923865
Vanilla_DQN,2,28,-51.65645738088941,115,0.19916319847106934,986.08,inf,76.55452001481024
Vanilla_DQN,2,29,-128.04270596494126,79,0.13555526733398438,989.62,inf,75.38678756784144
Vanilla_DQN,2,30,-74.4023130982506,91,0.15598297119140625,988.9,inf,75.49524906496079
Vanilla_DQN,2,31,-295.0330045868635,113,0.19528818130493164,990.19,inf,78.46912189497597
Vanilla_DQN,2,32,-318.68510644583887,132,0.2279508113861084,987.55,inf,82.24012017639784
Vanilla_DQN,2,33,-101.3862206721967,182,0.3254084587097168,975.0699999999999,inf,81.63435427344818
Vanilla_DQN,2,34,-51.90463217762847,194,0.3495945930480957,975.76,inf,82.4553635262838
Vanilla_DQN,2,35,-166.5002436575592,131,0.2293853759765625,979.72,inf,81.28640086293983
Vanilla_DQN,2,36,-21.60450687170274,77,0.13019752502441406,990.34,inf,83.16583385636734
Vanilla_DQN,2,37,-56.185347422813685,137,0.23764419555664062,978.0999999999999,inf,83.52037677446557
Vanilla_DQN,2,38,-152.59955612926936,71,0.12044692039489746,992.38,inf,82.41492147421646
Vanilla_DQN,2,39,-9.32215400037498,209,0.3777287006378174,967.2099999999999,inf,84.35053253749007
Vanilla_DQN,2,40,-107.65049523020174,165,0.3025491237640381,975.4599999999999,inf,83.51278619551788
Vanilla_DQN,2,41,-82.58961202816842,110,0.19363045692443848,984.88,inf,83.06171082178543
Vanilla_DQN,2,42,-5.282570460318908,235,0.4496192932128906,969.55,inf,84.7565405078725
Vanilla_DQN,2,43,-121.95902085228292,104,0.1863541603088379,984.52,inf,83.81391155462647
Vanilla_DQN,2,44,-43.08612935806826,158,0.28191423416137695,978.8199999999999,inf,84.11763739354603
Vanilla_DQN,2,45,-254.20594283742264,100,0.1743941307067871,986.77,inf,84.91545816208254
Vanilla_DQN,2,46,-88.23535836853861,261,0.4913210868835449,958.9,inf,84.33698704608629
Vanilla_DQN,2,47,-154.5152542915206,210,0.37703728675842285,973.06,inf,83.46236793121857
Vanilla_DQN,2,48,-239.6775332449261,120,0.19736289978027344,991.09,inf,83.8062188864753
Vanilla_DQN,2,49,-389.5226935282071,131,0.22282719612121582,985.39,inf,90.02295470198483
Vanilla_DQN,2,50,-109.17277730854985,126,0.21602344512939453,982.42,inf,89.27652126271025
Vanilla_DQN,2,51,-352.0406065222211,198,0.3414499759674072,973.2099999999999,inf,93.15895079085531
Vanilla_DQN,2,52,-95.8561250055728,197,0.3442044258117676,968.92,inf,92.40308852382134
Vanilla_DQN,2,53,-33.50486634576367,181,0.3197453022003174,967.6299999999999,inf,93.39383313706882
Vanilla_DQN,2,54,-89.93009249534522,75,0.12579894065856934,994.81,inf,93.59585326309687
Vanilla_DQN,2,55,-75.9301374570786,153,0.26233434677124023,975.8499999999999,inf,94.00586574810993
Vanilla_DQN,2,56,-355.6489704058165,203,0.3529648780822754,968.4699999999999,inf,98.51222086946792
Vanilla_DQN,2,57,19.76279142994268,189,0.3359394073486328,971.89,inf,101.30989710793877
Vanilla_DQN,2,58,-109.49025294933512,138,0.23767638206481934,983.08,inf,100.98142375380199
Vanilla_DQN,2,59,-243.8268901027893,238,0.4292490482330322,965.2599999999999,inf,101.8042604989211
Vanilla_DQN,2,60,-86.46256677977357,268,0.5071489810943604,953.74,inf,102.12918587629561
Vanilla_DQN,2,61,-33.382627904854274,173,0.3090853691101074,972.43,inf,103.21177992150433
Vanilla_DQN,2,62,-32.571940943829816,199,0.3740384578704834,964.3599999999999,inf,103.85300616098745
Vanilla_DQN,2,63,-19.2790122407271,184,0.3444843292236328,967.6299999999999,inf,103.05997503753534
Vanilla_DQN,2,64,-209.28779902741547,224,0.400407075881958,967.8999999999999,inf,103.62343882693547
Vanilla_DQN,2,65,-163.27586988538576,230,0.42592573165893555,964.15,inf,103.66563411002497
Vanilla_DQN,2,66,-75.6012801470759,114,0.20172429084777832,983.38,inf,103.00647793593704
Vanilla_DQN,2,67,-116.1054492004697,220,0.4008207321166992,965.9499999999999,inf,103.02548627549501
Vanilla_DQN,2,68,-52.576416445535116,242,0.4389040470123291,958.39,inf,103.61317230143426
Vanilla_DQN,2,69,-177.76747302219948,187,0.33298468589782715,970.8399999999999,inf,103.09538717271542
Vanilla_DQN,2,70,-223.94492219199526,242,0.45128679275512695,959.3199999999999,inf,102.73596423926159
Vanilla_DQN,2,71,19.779843083938005,216,0.40202879905700684,963.0699999999999,inf,100.28764587143561
Vanilla_DQN,2,72,-205.84032375014445,143,0.25084805488586426,983.86,inf,100.89481880772712
Vanilla_DQN,2,73,-257.1226023422179,572,1.2850043773651123,908.8600000000004,inf,102.45357324652456
Vanilla_DQN,2,74,-39.81407902332211,106,0.189988374710083,986.41,inf,101.01217106066615
Vanilla_DQN,2,75,-120.59332267204987,727,1.896958827972412,870.1600000000005,inf,100.98456871280354
Vanilla_DQN,2,76,-91.29829143008834,134,0.24192547798156738,983.38,inf,100.65373346212624
Vanilla_DQN,2,77,-35.909003505134905,400,0.8175380229949951,931.7500000000001,inf,100.96723946575653
Vanilla_DQN,2,78,-171.15302109041517,169,0.3045833110809326,976.93,inf,100.60193703462589
Vanilla_DQN,2,79,-19.41568016631632,248,0.46814489364624023,956.74,inf,101.74409680132075
Vanilla_DQN,2,80,-267.9272472186337,343,0.7054147720336914,945.82,inf,103.38181779444415
Vanilla_DQN,2,81,-332.4215189427392,634,1.542896032333374,888.1900000000005,inf,104.70175436336879
Vanilla_DQN,2,82,-174.60267256024486,243,0.4703831672668457,955.9,inf,101.41250387274444
Vanilla_DQN,2,83,-267.0230949407344,423,0.9308629035949707,932.0800000000002,inf,103.19283585801787
Vanilla_DQN,2,84,-149.54187908450763,683,1.6672041416168213,885.1600000000005,inf,102.6019756838108
Vanilla_DQN,2,85,-23.315368186759784,530,1.2240264415740967,907.5700000000004,inf,103.61556055335615
Vanilla_DQN,2,86,-115.89827293430506,1000,2.942596912384033,817.1499999999985,inf,102.47792171940165
Vanilla_DQN,2,87,-75.62170317527497,1000,3.1089932918548584,818.1399999999986,inf,102.22669889322296
Vanilla_DQN,2,88,-68.30469067701272,256,0.5242784023284912,957.28,inf,102.57162058681514
Vanilla_DQN,2,89,-119.49655182165529,1000,2.9769132137298584,817.3599999999985,inf,101.11657107226532
Vanilla_DQN,2,90,-155.37515663637794,1000,2.924970865249634,816.3399999999986,inf,101.1002660962138
Vanilla_DQN,2,91,-123.05473253624726,1000,2.7704625129699707,818.2599999999986,inf,100.84940221738701
Vanilla_DQN,2,92,-155.80594819074105,1000,2.892975330352783,817.4199999999985,inf,99.17920742147565
Vanilla_DQN,2,93,-313.7845485090968,232,0.4714932441711426,960.7299999999999,inf,102.16754273160025
Vanilla_DQN,2,94,-118.0709832932471,802,2.1558215618133545,854.4699999999999,inf,101.26010879842178
Vanilla_DQN,2,95,-58.55602121852901,1000,2.823941707611084,820.3899999999986,inf,100.66074885891317
Vanilla_DQN,2,96,-71.61757357774127,1000,2.5865745544433594,816.4899999999985,inf,100.8549270450253
Vanilla_DQN,2,97,-37.67893110357299,1000,2.9719395637512207,821.0499999999987,inf,101.80875000370825
Vanilla_DQN,2,98,-107.88184896892035,1000,2.7247464656829834,819.5199999999986,inf,100.79900969078841
Vanilla_DQN,2,99,-72.05443943698529,1000,2.6008336544036865,823.9299999999987,inf,94.26906073771681
Vanilla_DQN,2,100,-37.48786330157774,1000,2.9133200645446777,822.4299999999988,inf,95.07559936987302
Vanilla_DQN,2,101,-86.30469493552165,1000,2.952845573425293,822.6099999999988,inf,89.55105658145244
Vanilla_DQN,2,102,-108.05101948410503,1000,3.3363547325134277,822.3099999999988,inf,89.50004111342467
Vanilla_DQN,2,103,-105.59695319470991,1000,3.346421718597412,823.5999999999988,inf,88.65883166385598
Vanilla_DQN,2,104,-77.65586303313636,1000,3.4995827674865723,818.6499999999985,inf,88.76489190298072
Vanilla_DQN,2,105,-93.64804761443192,233,0.48500728607177734,959.59,inf,88.61551848303073
Vanilla_DQN,2,106,-116.46725097581523,352,0.7934024333953857,936.1000000000003,inf,82.10950352069968
Vanilla_DQN,2,107,-200.24065414723555,933,3.122864007949829,832.5999999999992,inf,80.51153137109954
Vanilla_DQN,2,108,-106.2589329079159,318,0.7225332260131836,943.0900000000001,inf,80.5228177776968
Vanilla_DQN,2,109,-152.28475569852887,660,1.7013020515441895,877.6000000000006,inf,78.75104877402104
Vanilla_DQN,2,110,-90.78917400589451,369,0.8573000431060791,929.5000000000002,inf,78.71643930215399
Vanilla_DQN,2,111,-135.77949769727445,588,1.5130364894866943,891.4300000000005,inf,77.75833541515192
Vanilla_DQN,2,112,-83.2920149045945,1000,3.220198392868042,820.4199999999987,inf,76.908564969971
Vanilla_DQN,2,113,-110.65254470363247,272,0.6145358085632324,952.0900000000001,inf,75.48950285277964
Vanilla_DQN,2,114,-321.2035078524368,987,3.358384370803833,825.5799999999989,inf,79.50636251415689
Vanilla_DQN,2,115,-118.08504790299135,240,0.5208275318145752,956.9200000000001,inf,79.34882206530841
Vanilla_DQN,2,116,-221.62225696194426,524,1.2864253520965576,909.2800000000004,inf,80.10952718924834
Vanilla_DQN,2,117,-249.68053465441557,615,1.6671104431152344,890.4100000000005,inf,81.8335145015118
Vanilla_DQN,2,118,-263.6310867295693,727,1.9747438430786133,876.7600000000007,inf,83.06313061855188
Vanilla_DQN,2,119,-296.4086010381553,734,1.9851810932159424,873.1900000000006,inf,85.86411957926889
Vanilla_DQN,2,120,-127.58945616873616,1000,3.5592150688171387,825.3099999999989,inf,85.0033294403801
Vanilla_DQN,2,121,-138.24401899222147,183,0.40541672706604004,977.5899999999999,inf,82.0138351102861
Vanilla_DQN,2,122,-178.90070625537166,1000,3.1290035247802734,824.5899999999989,inf,81.66598418681704
Vanilla_DQN,2,123,-55.28062352931173,1000,3.030541181564331,823.3599999999989,inf,80.7235421283482
Vanilla_DQN,2,124,-260.9789904575932,648,1.5770924091339111,885.8500000000005,inf,81.43045868466567
Vanilla_DQN,2,125,-108.3020420499376,1000,3.2746598720550537,823.2999999999988,inf,81.5061364657874
Vanilla_DQN,2,126,-188.69371766800737,396,0.9569070339202881,935.6500000000002,inf,81.49698610580771
Vanilla_DQN,2,127,-298.97896614632737,940,2.6960580348968506,833.6499999999992,inf,82.99776229642214
Vanilla_DQN,2,128,-0.1866726627599462,255,0.5782337188720703,964.0899999999999,inf,85.40324458979528
Vanilla_DQN,2,129,-36.120219994478504,201,0.45646023750305176,965.3799999999999,inf,84.9498464688729
Vanilla_DQN,2,130,-185.39386685027404,434,1.0949561595916748,923.4700000000001,inf,83.30249997524159
Vanilla_DQN,2,131,-47.71540065579531,1000,3.200014591217041,815.3799999999985,inf,79.73758371821711
Vanilla_DQN,2,132,-197.7283037145201,944,2.8733768463134766,830.6199999999991,inf,80.02563529117532
Vanilla_DQN,2,133,-61.19722668836963,1000,3.2176949977874756,821.3499999999988,inf,78.49234973536556
Vanilla_DQN,2,134,-5.576938476616007,1000,2.5838096141815186,814.9599999999984,inf,80.43204073405764
Vanilla_DQN,2,135,-32.421170460021976,1000,2.788968801498413,820.2099999999987,inf,80.20104435519815
Vanilla_DQN,2,136,-36.610343735747186,1000,2.6937952041625977,821.6199999999988,inf,81.23803682628709
Vanilla_DQN,2,137,-242.29190777586507,797,2.014739990234375,862.6900000000003,inf,82.42112480589682
Vanilla_DQN,2,138,-68.094137261145,1000,2.791149616241455,817.4799999999985,inf,82.42436291493168
Vanilla_DQN,2,139,-19.974050596572066,1000,2.510967254638672,821.2899999999987,inf,83.88085051368161
Vanilla_DQN,2,140,-34.0651848089181,1000,2.627953052520752,821.6799999999987,inf,84.84865041148849
Vanilla_DQN,2,141,4.571900282198311,1000,2.8506362438201904,823.3899999999987,inf,86.83032745027803
Vanilla_DQN,2,142,-31.61007751262618,1000,2.3272039890289307,825.3399999999989,inf,87.67461570957975
Vanilla_DQN,2,143,-40.803184219548015,1000,2.7588016986846924,820.0299999999987,inf,83.99172362370429
Vanilla_DQN,2,144,-6.317438749940875,1000,3.0759828090667725,823.8999999999987,inf,85.39965146404253
Vanilla_DQN,2,145,-33.35784954336274,1000,2.759209394454956,822.1299999999987,inf,85.80128762993523
Vanilla_DQN,2,146,-25.894033022490706,1000,3.0366015434265137,817.9899999999986,inf,86.48823481724389
Vanilla_DQN,2,147,-46.50630102902806,1000,2.405747890472412,814.7799999999984,inf,86.34316974644094
Vanilla_DQN,2,148,-213.95260766999098,265,0.48498058319091797,954.61,inf,87.48231181135601
Vanilla_DQN,2,149,-81.08776109100681,261,0.46904969215393066,957.0699999999999,inf,87.40208958984988
Vanilla_DQN,2,150,-30.299165197481816,1000,2.9423511028289795,818.2299999999985,inf,87.53609060242687
Vanilla_DQN,2,151,-69.22816475676925,1000,2.4758687019348145,819.3999999999985,inf,87.68191956115328
Vanilla_DQN,2,152,-49.364585388352424,1000,2.4857351779937744,816.6099999999985,inf,88.15863001315802
Vanilla_DQN,2,153,-80.17658895007735,1000,2.763709783554077,819.1299999999985,inf,88.27786100430133
Vanilla_DQN,2,154,-41.70070821953704,1000,3.005786180496216,817.2399999999985,inf,88.7108419598087
Vanilla_DQN,2,155,-35.55495928227249,1000,2.4078335762023926,815.4099999999985,inf,89.32974931096594
Vanilla_DQN,2,156,-88.039333965055,1000,2.611584424972534,820.5399999999987,inf,89.38639547954728
Vanilla_DQN,2,157,-61.13516736251913,1000,2.2794089317321777,821.6199999999988,inf,88.72387926984244
Vanilla_DQN,2,158,-30.316807002773196,1000,2.991806745529175,817.8099999999986,inf,89.3897391839866
Vanilla_DQN,2,159,-81.47801571682112,1000,2.5663113594055176,822.0699999999987,inf,89.2150099685622
Vanilla_DQN,2,160,-60.420881483187785,1000,2.410419464111328,817.7799999999985,inf,89.41389228014734
Vanilla_DQN,2,161,-36.220585729724235,1000,2.6127843856811523,818.9799999999985,inf,89.80390634850563
Vanilla_DQN,2,162,-44.1279194129711,1000,2.7266712188720703,815.4399999999985,inf,90.13868884074894
Vanilla_DQN,2,163,-37.86097739479044,1000,3.0250601768493652,818.7999999999986,inf,90.57031333143597
Vanilla_DQN,2,164,-40.18561028783595,1000,2.8161256313323975,822.9999999999987,inf,85.25194026629151
Vanilla_DQN,2,165,-41.26232950242048,1000,2.995968818664551,819.7299999999987,inf,85.50846257710563
Vanilla_DQN,2,166,-70.47449709910876,1000,2.7095932960510254,817.1799999999986,inf,83.5631641886859
Vanilla_DQN,2,167,-58.95510024712659,1000,2.9953806400299072,817.8099999999986,inf,80.48986321029354
Vanilla_DQN,2,168,-9.151241620496249,1000,2.956512689590454,819.0099999999986,inf,77.091238059665
Vanilla_DQN,2,169,-217.16709554494724,715,1.5104408264160156,875.4100000000007,inf,73.3764190653612
Vanilla_DQN,2,170,-54.27266820823995,1000,2.8350799083709717,817.5699999999986,inf,73.13590399219483
Vanilla_DQN,2,171,-224.76957545905594,745,1.7466669082641602,863.0800000000003,inf,75.52135402193385
Vanilla_DQN,2,172,-56.68957479864305,1000,2.4331538677215576,821.4999999999986,inf,74.24495904705165
Vanilla_DQN,2,173,-66.6786142332096,1000,3.030590295791626,824.1999999999989,inf,74.19396492575588
Vanilla_DQN,2,174,-64.98293723566475,1000,2.3781886100769043,825.639999999999,inf,69.43169744340904
Vanilla_DQN,2,175,-28.325293092028186,1000,2.611205816268921,818.7999999999986,inf,69.53903795504414
Vanilla_DQN,2,176,-53.39383922140865,1000,3.1892690658569336,822.9399999999988,inf,67.55655367640269
Vanilla_DQN,2,177,-34.28579211282351,1000,3.1999871730804443,814.7199999999984,inf,59.22114086753283
Vanilla_DQN,2,178,-54.19532696420189,1000,3.3253707885742188,822.9099999999987,inf,58.532675943121
Vanilla_DQN,2,179,-43.6536703969084,1000,3.1025431156158447,820.9299999999987,inf,58.467139770318106
Vanilla_DQN,2,180,-76.90852469344637,1000,2.4009673595428467,819.7599999999986,inf,55.93220240836062
Vanilla_DQN,2,181,-43.584283219478564,1000,2.8227715492248535,824.4399999999989,inf,55.95811661112471
Vanilla_DQN,2,182,-45.6278765522941,1000,2.7465131282806396,816.0099999999985,inf,52.592820201913966
Vanilla_DQN,2,183,-47.74413010361011,1000,2.414034605026245,818.7999999999986,inf,52.62099286821407
Vanilla_DQN,2,184,-67.7449232006483,1000,2.838064432144165,825.0399999999989,inf,52.055470599262996
Vanilla_DQN,2,185,-91.17666502337028,88,0.16235017776489258,997.36,inf,52.05825944290177
Vanilla_DQN,2,186,-73.50000611604891,1000,2.9100582599639893,826.1799999999989,inf,51.95076875361455
Vanilla_DQN,2,187,-51.76177356992842,1000,2.753530740737915,816.5499999999986,inf,45.21041218197703
Vanilla_DQN,2,188,-68.52433527337782,1000,2.8158364295959473,819.3099999999987,inf,45.212146782547734
Vanilla_DQN,2,189,-31.884128172515776,1000,3.6442344188690186,816.6399999999985,inf,45.03589368705234
Vanilla_DQN,2,190,-353.6129340267924,85,0.15780878067016602,997.72,inf,60.871203427792956
Vanilla_DQN,2,191,-32.74956273843249,129,0.2406597137451172,989.02,inf,60.228790221377515
Vanilla_DQN,2,192,-68.07025449766542,314,0.6891486644744873,942.37,inf,60.021414861287326
Vanilla_DQN,2,193,-23.868766868880364,1000,2.900052309036255,824.8599999999988,inf,60.2174536689767
Vanilla_DQN,2,194,-43.14809089284936,1000,2.760587215423584,810.7299999999982,inf,59.69406802123138
Vanilla_DQN,2,195,-203.73928927223744,742,1.7645080089569092,875.8600000000006,inf,62.43641669924577
Vanilla_DQN,2,196,-218.0899848991652,101,0.18609929084777832,995.65,inf,65.38126831978795
Vanilla_DQN,2,197,117.80214022566048,932,3.177565097808838,831.069999999999,inf,70.64572051922593
Vanilla_DQN,2,198,-49.668739299622246,1000,2.706428050994873,822.6099999999988,inf,67.71111819414978
Vanilla_DQN,2,199,-18.023834306388753,1000,2.8823461532592773,816.4599999999984,inf,68.04919323269931
Vanilla_DQN,2,200,-242.53319443852692,988,2.496068000793457,833.1399999999993,inf,72.11765993837977
Vanilla_DQN,2,201,-16.902125036723252,1000,3.0236644744873047,811.7799999999983,inf,72.5196075612773
Vanilla_DQN,2,202,-259.1204541109638,85,0.15634489059448242,992.8,inf,77.10798096725973
Vanilla_DQN,2,203,-3.4400782964211105,1000,2.9996609687805176,818.3499999999985,inf,77.74105370731343
Vanilla_DQN,2,204,-37.48484615659337,1000,3.6123669147491455,817.0899999999986,inf,77.77720932564878
Vanilla_DQN,2,205,-122.0553886510738,76,0.13839244842529297,998.53,inf,77.88936907322208
Vanilla_DQN,2,206,-10.630281062400964,1000,2.5130395889282227,817.8699999999985,inf,78.37513477656238
Vanilla_DQN,2,207,-43.49453294084303,416,0.8453538417816162,925.8700000000003,inf,78.46774375547942
Vanilla_DQN,2,208,-162.22797191997705,912,2.332258462905884,833.4699999999991,inf,79.21163508820294
Vanilla_DQN,2,209,275.91689565295536,386,0.8198549747467041,955.75,507784,93.22322784420544
Vanilla_DQN,2,210,191.30870817436778,662,1.607483148574829,901.3600000000005,507784,100.05520184794116
Vanilla_DQN,2,211,-38.002103006599285,93,0.17239904403686523,985.78,507784,100.04591225896563
Vanilla_DQN,2,212,175.93846159681647,840,2.349579095840454,863.3800000000002,507784,105.48179663978914
Vanilla_DQN,2,213,78.82495542727123,1000,2.7698588371276855,878.0200000000003,507784,107.19640024270892
Vanilla_DQN,2,214,236.46299638987512,449,1.0270488262176514,929.1400000000002,507784,114.76693724460425
Vanilla_DQN,2,215,203.79366313284174,528,1.2263414859771729,922.3000000000002,507784,120.18071294968466
Vanilla_DQN,2,216,-11.290050024318587,1000,2.646667718887329,821.1399999999987,507784,120.22572748977841
Vanilla_DQN,2,217,229.14651825650267,397,0.8349192142486572,934.3900000000001,507784,126.16917787362546
Vanilla_DQN,2,218,204.75309819964627,394,0.8980026245117188,933.7000000000002,507784,130.65873172222317
Vanilla_DQN,2,219,233.2647430645467,355,0.7944867610931396,947.6200000000001,507784,133.27773774169995
Vanilla_DQN,2,220,101.22027699764844,710,1.7014703750610352,875.3200000000004,507784,134.38687976745248
Vanilla_DQN,2,221,56.92985411549438,224,0.4378082752227783,965.3199999999999,507784,131.6749852048876
Vanilla_DQN,2,222,157.64163617806676,496,1.1022109985351562,931.5400000000002,507784,133.7871713964027
Vanilla_DQN,2,223,-66.31203092300785,125,0.2358107566833496,983.23,507784,133.78422764380932
Vanilla_DQN,2,224,265.41863043623323,315,0.6476438045501709,953.95,507784,139.09663946338603
Vanilla_DQN,2,225,238.305949939119,374,0.7847554683685303,940.6600000000001,507784,143.19552863842839
Vanilla_DQN,2,226,226.69093037630012,360,0.7866244316101074,942.1300000000001,507784,146.4707695732396
Vanilla_DQN,2,227,12.65684263683248,225,0.4524037837982178,962.77,507784,146.36784813804366
Vanilla_DQN,2,228,-38.39474993039714,118,0.2231762409210205,984.4,507784,146.2551919456187
Vanilla_DQN,2,229,59.03324529826517,218,0.43797850608825684,958.78,507784,146.26418965631981
Vanilla_DQN,2,230,234.01203134256556,300,0.6123619079589844,952.21,507784,149.10077309700353
Vanilla_DQN,2,231,246.79462000393139,454,1.0420324802398682,965.9199999999996,507784,152.35301812162277
Vanilla_DQN,2,232,152.25794259025616,777,2.234844446182251,867.4000000000004,507784,153.16225133677383
Vanilla_DQN,2,233,228.3195682240611,428,0.9680149555206299,958.2699999999999,507784,155.4333239274634
Vanilla_DQN,2,234,-171.02069401271012,699,1.8653817176818848,879.4300000000006,507784,157.38686511019463
Vanilla_DQN,2,235,215.22686640236458,221,0.43018603324890137,967.06,507784,158.60652130312522
Vanilla_DQN,2,236,220.94003609564936,333,0.6899888515472412,950.8000000000001,507784,159.9792391053289
Vanilla_DQN,2,237,218.36381359435873,366,0.7782113552093506,965.1399999999999,507784,161.36013401644374
Vanilla_DQN,2,238,222.8468254289089,470,1.0911400318145752,920.6200000000002,507784,162.41529850461725
Vanilla_DQN,2,239,-30.96396988797505,1000,2.431457281112671,824.1699999999989,507784,162.4059847340548
Vanilla_DQN,2,240,8.559294761264368,1000,2.6817452907562256,817.8399999999987,507784,151.94804154359258
Vanilla_DQN,2,241,-13.220269340977445,1000,3.4954445362091064,823.1199999999989,507784,151.7391607432185
Vanilla_DQN,2,242,-436.05695917480904,623,1.4166724681854248,880.9300000000005,507784,165.9538519147697
Vanilla_DQN,2,243,174.37711817268027,747,1.66666579246521,891.1000000000006,507784,166.4838043754003
Vanilla_DQN,2,244,-332.9229141717791,199,0.37995243072509766,966.31,507784,174.64398408116506
Vanilla_DQN,2,245,220.75649871862717,420,0.9156856536865234,932.2900000000002,507784,172.4444764867053
Vanilla_DQN,2,246,261.4397382510875,293,0.615959644317627,951.22,507784,170.15828303875418
Vanilla_DQN,2,247,4.860953414754405,312,0.6393330097198486,944.9800000000001,507784,170.22257176376587
Vanilla_DQN,2,248,208.59921152639092,332,0.7017652988433838,946.2400000000001,507784,170.58137230590734
Vanilla_DQN,2,249,-6.365671549714975,127,0.23910284042358398,977.65,507784,170.46853692434684
Vanilla_DQN,2,250,-54.993923085705276,151,0.2806828022003174,980.17,507784,165.5326224926349
Vanilla_DQN,2,251,244.61047971446638,451,1.0352904796600342,928.5700000000003,507784,166.69896778895477
Vanilla_DQN,2,252,226.10443990409655,300,0.6251914501190186,962.8299999999999,507784,160.7245947261165
Vanilla_DQN,2,253,-59.46600362951852,574,1.2749202251434326,899.5900000000004,507784,161.55918687743835
Vanilla_DQN,2,254,227.53136391830668,331,0.6871743202209473,971.8299999999998,507784,161.70228176812944
Vanilla_DQN,2,255,58.774612880666496,150,0.290158748626709,972.49,507784,158.84192874075737
Vanilla_DQN,2,256,-70.98600797559027,107,0.2000279426574707,984.13,507784,159.88065541649814
Vanilla_DQN,2,257,253.55505553739812,282,0.5956568717956543,963.28,507784,160.11608691631085
Vanilla_DQN,2,258,59.20419749660928,279,0.5485439300537109,954.97,507784,155.75897565513094
Vanilla_DQN,2,259,-214.9861555265824,103,0.19591808319091797,981.61,507784,160.15435590903098
Vanilla_DQN,2,260,49.629813692661344,193,0.38519811630249023,964.0,507784,159.7005088341793
Vanilla_DQN,2,261,-121.77281795760987,390,0.8399035930633545,932.8000000000001,507784,161.49992897320323
Vanilla_DQN,2,262,-81.35109956698551,172,0.32515478134155273,975.55,507784,162.82934637476734
Vanilla_DQN,2,263,-125.62183692027502,347,0.700587272644043,940.0000000000001,507784,165.5184623003132
Vanilla_DQN,2,264,-19.304096649380483,110,0.20584750175476074,981.76,507784,164.63189801281274
Vanilla_DQN,2,265,-4.546701792919819,273,0.5435078144073486,957.04,507784,164.01584093408525
Vanilla_DQN,2,266,245.6385252631107,883,2.0513014793395996,945.5799999999994,507784,165.3065581432643
Vanilla_DQN,2,267,239.95681549104694,351,0.7586290836334229,950.74,507784,165.51054455573342
Vanilla_DQN,2,268,-15.307019469474426,235,0.49440646171569824,960.79,507784,165.02256314006002
Vanilla_DQN,2,269,-217.2723172011889,292,0.5919396877288818,952.96,507784,168.35770753214365
Vanilla_DQN,2,270,-114.91504718202066,288,0.622020959854126,950.29,507784,170.1423114764034
Vanilla_DQN,2,271,217.4017114375758,251,0.5155587196350098,969.4599999999998,507784,171.5455331690924
Vanilla_DQN,2,272,-6.5678796723559,267,0.5302999019622803,958.0,507784,171.29446937487032
Vanilla_DQN,2,273,253.32642397020103,277,0.5615415573120117,962.74,507784,172.39266184336725
Vanilla_DQN,2,274,-107.01700616721202,286,0.577172040939331,952.6600000000001,507784,171.71113617608367
Vanilla_DQN,2,275,-95.62915061824599,182,0.3572063446044922,969.3399999999999,507784,171.12892914848294
Vanilla_DQN,2,276,252.4249894489779,273,0.5443871021270752,963.3699999999999,507784,171.68815878521326
Vanilla_DQN,2,277,-442.6658610424411,196,0.3771088123321533,969.55,507784,185.16324360984498
Vanilla_DQN,2,278,-235.49223411463493,118,0.21869421005249023,979.3,507784,188.9446636435182
Vanilla_DQN,2,279,0.42760894959701545,157,0.3032419681549072,972.1899999999999,507784,189.0079627343869
Vanilla_DQN,2,280,-99.76450286642076,246,0.4908020496368408,958.81,507784,187.90592507879975
Vanilla_DQN,2,281,-255.73582260667112,98,0.18383336067199707,984.88,507784,189.6161413225826
Vanilla_DQN,2,282,-325.9246232132606,111,0.20935320854187012,977.9499999999999,507784,194.82411730724144
Vanilla_DQN,2,283,254.79253892404094,394,0.9112176895141602,957.5799999999998,507784,195.44338059052754
Vanilla_DQN,2,284,277.18559117303266,250,0.4911789894104004,966.28,507784,197.04262934110452
Vanilla_DQN,2,285,-114.17445656971798,190,0.36377573013305664,970.3299999999999,507784,195.99446008294544
Vanilla_DQN,2,286,257.2927407067159,297,0.5923988819122314,960.43,507784,196.81916844422133
Vanilla_DQN,2,287,-136.48923377796922,1000,2.8896095752716064,827.1699999999988,507784,195.81441830598504
Vanilla_DQN,2,288,250.41180392251292,397,0.8374650478363037,951.9399999999999,507784,196.45179968216263
Vanilla_DQN,2,289,264.27523732752434,190,0.3741428852081299,971.89,507784,199.5401327829959
Vanilla_DQN,2,290,-103.85634069403571,121,0.22707629203796387,982.87,507784,200.24396599237946
Vanilla_DQN,2,291,78.98232979945146,948,2.3386878967285156,888.2800000000005,507784,200.41109141069364
Vanilla_DQN,2,292,256.23352287423563,229,0.458477258682251,962.02,507784,192.4832302420998
Vanilla_DQN,2,293,-248.62232755564102,118,0.2242724895477295,976.9,507784,195.2059476721359
Vanilla_DQN,2,294,14.428878276000063,165,0.3150756359100342,975.79,507784,188.55310390908187
Vanilla_DQN,2,295,243.2234416906797,319,0.6465344429016113,967.4199999999998,507784,189.03811784511987
Vanilla_DQN,2,296,12.996846843159261,128,0.24018430709838867,979.03,507784,186.09032787855153
Vanilla_DQN,2,297,262.80745053001664,291,0.5767288208007812,958.6,507784,189.0550519363178
Vanilla_DQN,2,298,222.5269654429308,235,0.45760035514831543,971.29,507784,189.33009032472953
Vanilla_DQN,2,299,189.59257862094384,298,0.6038863658905029,954.28,507784,190.58359131635373
Vanilla_DQN,2,300,265.37125201643005,327,0.68430495262146,957.46,507784,192.89494590807504
Vanilla_DQN,2,301,250.61175577595742,358,0.747739315032959,958.6899999999999,507784,193.0245298140448
Vanilla_DQN,2,302,283.12910703153045,280,0.5699212551116943,960.91,507784,194.28896235335515
Vanilla_DQN,2,303,-141.67853447662984,140,0.2679316997528076,977.11,507784,195.47215990236066
Vanilla_DQN,2,304,103.42965861943213,705,1.8504533767700195,884.3200000000004,507784,193.84157922996613
Vanilla_DQN,2,305,235.40528433639787,231,0.45578813552856445,969.7599999999999,507784,195.8173069449186
Vanilla_DQN,2,306,70.13556083228471,198,0.3836092948913574,969.79,507784,195.21492905486375
Vanilla_DQN,2,307,247.8554254685917,220,0.4326207637786865,968.8299999999999,507784,195.093404856222
Vanilla_DQN,2,308,-41.03601380675305,239,0.4848170280456543,959.3199999999999,507784,195.42723271547564
Vanilla_DQN,2,309,265.66117840479296,279,0.555366039276123,966.64,507784,194.4377812598442
Vanilla_DQN,2,310,234.7661342995279,256,0.5160562992095947,971.5299999999999,507784,196.14679837632588
Vanilla_DQN,2,311,297.8291286494033,323,0.6456992626190186,961.6899999999999,507784,197.4228112069819
Vanilla_DQN,2,312,249.23919980426194,360,0.7551119327545166,964.2699999999998,507784,198.03591513751144
Vanilla_DQN,2,313,258.8714344605985,573,1.2748222351074219,960.0999999999996,507784,197.7975491699839
Vanilla_DQN,2,314,36.66061938778464,1000,2.7474265098571777,899.0500000000002,507784,197.40962089121493
Vanilla_DQN,2,315,-13.781465967496999,116,0.22118258476257324,981.85,507784,197.49080971531336
Vanilla_DQN,2,316,167.52100271469655,390,0.8763971328735352,950.89,507784,196.46110540080977
Vanilla_DQN,2,317,181.1345497390318,429,0.950312614440918,968.6199999999999,507784,195.65008626332732
Vanilla_DQN,2,318,246.62858907045768,244,0.48737001419067383,969.1299999999999,507784,196.67135860838857
Vanilla_DQN,2,319,182.0805229621825,276,0.5607855319976807,964.18,507784,192.49986185598874
Vanilla_DQN,2,320,219.98007510046654,269,0.5424587726593018,970.66,507784,191.143580256945
Vanilla_DQN,2,321,179.76264989588807,382,0.8122756481170654,960.2499999999998,507784,190.73263167824516
Vanilla_DQN,2,322,-193.44796438233462,197,0.3914799690246582,962.89,507784,194.46079682302334
Vanilla_DQN,2,323,237.5914832906696,340,0.7169485092163086,969.5499999999998,507784,194.2091760931079
Vanilla_DQN,2,324,-105.6078003278409,261,0.5306956768035889,954.0400000000001,507784,194.1806943674995
Vanilla_DQN,2,325,255.13951155779057,315,0.6417350769042969,958.36,507784,193.6851174854704
Vanilla_DQN,2,326,249.41889400573095,281,0.5722239017486572,974.2599999999999,507784,193.63731164320885
Vanilla_DQN,2,327,233.5435450166939,297,0.6315262317657471,959.17,507784,178.50277548586476
Vanilla_DQN,2,328,276.15162149087894,227,0.46465444564819336,965.5899999999999,507784,172.95845398386763
Vanilla_DQN,2,329,204.22336628281806,382,0.7965230941772461,955.54,507784,172.4777020268345
Vanilla_DQN,2,330,240.9070397671581,233,0.4554598331451416,970.7199999999999,507784,170.18826949900242
Vanilla_DQN,2,331,227.98013644905564,216,0.40927624702453613,968.5899999999999,507784,161.42070987460403
Vanilla_DQN,2,332,9.689424186568843,170,0.3185420036315918,969.2199999999999,507784,148.30061294170923
Vanilla_DQN,2,333,-31.41525135309317,194,0.3644297122955322,972.0999999999999,507784,149.58365853654252
Vanilla_DQN,2,334,255.2016904830114,278,0.5767383575439453,959.7099999999999,507784,149.21813893057376
Vanilla_DQN,2,335,246.6665990175575,284,0.5790755748748779,969.1599999999999,507784,145.34050147446962
Vanilla_DQN,2,336,260.86728777347537,448,1.0043790340423584,948.8199999999999,507784,145.39462629243965
Vanilla_DQN,2,337,289.32011210781855,337,0.7323672771453857,962.3499999999999,507784,140.8181924679491
Vanilla_DQN,2,338,243.1766253396415,224,0.44150328636169434,968.29,507784,140.72640848058538
Vanilla_DQN,2,339,-32.10196343158965,172,0.3280065059661865,974.02,507784,142.33387702821494
Vanilla_DQN,2,340,257.36027852699044,282,0.5800044536590576,967.8999999999999,507784,138.29922643020703
Vanilla_DQN,2,341,238.60719861103223,380,0.7900679111480713,965.0199999999999,507784,138.26391004285472
Vanilla_DQN,2,342,-40.81006385419771,162,0.3147156238555908,973.27,507784,140.4482547228025
Vanilla_DQN,2,343,-47.68077209297803,225,0.4434173107147217,964.9,507784,131.39655914142668
Vanilla_DQN,2,344,28.57882356605353,167,0.31992506980895996,973.42,507784,131.09762733377386
Vanilla_DQN,2,345,274.6220531467365,227,0.4448697566986084,969.55,507784,131.56778192206139
Vanilla_DQN,2,346,269.80910032208624,300,0.615272045135498,965.7699999999999,507784,130.70316758725045
Vanilla_DQN,2,347,180.77966692906264,641,1.5983421802520752,942.9699999999999,507784,129.99120095031876
Vanilla_DQN,2,348,257.4992747477156,274,0.5497579574584961,963.88,507784,130.3955146390263
Vanilla_DQN,2,349,-61.44961360996667,206,0.39803409576416016,970.5999999999999,507784,134.13547743699286
Vanilla_DQN,2,350,213.011203290362,337,0.6927242279052734,960.6399999999999,507784,133.51234863273368
Vanilla_DQN,2,351,264.53764398329065,233,0.4568490982055664,965.65,507784,133.71745886648264
Vanilla_DQN,2,352,266.948671795897,277,0.5669610500335693,958.18,507784,133.4367106114682
Vanilla_DQN,2,353,266.7876065307517,252,0.5148799419403076,963.1899999999999,507784,127.13365394901783
Vanilla_DQN,2,354,259.4442480262774,275,0.5480616092681885,969.8499999999999,507784,127.44536144889776
Vanilla_DQN,2,355,213.84993650571727,465,0.9863951206207275,959.8599999999998,507784,127.26066215329166
Vanilla_DQN,2,356,269.396599427962,245,0.47931814193725586,968.02,507784,127.19561297769737
Vanilla_DQN,2,357,250.11070225243463,375,0.8192222118377686,958.66,507784,127.22225072248426
Vanilla_DQN,2,358,268.45937615809294,238,0.47643208503723145,968.02,507784,124.10603271929766
Vanilla_DQN,2,359,212.2642775335087,226,0.44373250007629395,973.03,507784,123.59360885550005
Vanilla_DQN,2,360,298.8209386103236,309,0.6328136920928955,966.8499999999999,507784,124.49368076804376
Vanilla_DQN,2,361,263.7877260903254,293,0.6003732681274414,960.1899999999999,507784,123.94084363182247
Vanilla_DQN,2,362,258.77737960889453,252,0.4981534481048584,966.9399999999999,507784,124.0551654481815
Vanilla_DQN,2,363,302.72794261346087,251,0.509803295135498,964.6899999999999,507784,124.7642011181658
Vanilla_DQN,2,364,258.26758147741987,302,0.6094589233398438,970.42,507784,123.4994338770282
Vanilla_DQN,2,365,273.88266959272164,295,0.6189537048339844,971.4099999999999,507784,120.77064474502298
Vanilla_DQN,2,366,261.72171184890084,388,0.8057394027709961,951.4300000000001,507784,121.1261635548072
Vanilla_DQN,2,367,-11.924261996568347,176,0.33211278915405273,972.3699999999999,507784,124.46563677425611
Vanilla_DQN,2,368,188.8143366425295,316,0.653118371963501,966.2199999999998,507784,124.19201766705895
Vanilla_DQN,2,369,224.7759092964684,280,0.5583620071411133,961.9,507784,124.29702487651485
Vanilla_DQN,2,370,273.2982669573014,282,0.5611083507537842,974.26,507784,124.78960340086999
Vanilla_DQN,2,371,270.5813669283989,187,0.351224422454834,973.5999999999999,507784,125.29251509068322
Vanilla_DQN,2,372,252.7799030368664,223,0.4257490634918213,971.41,507784,112.8304033479784
Vanilla_DQN,2,373,235.13703509170014,305,0.6255998611450195,950.47,507784,112.81473761445747
Vanilla_DQN,2,374,16.967887282008334,175,0.33508968353271484,969.8199999999999,507784,107.33874667990999
Vanilla_DQN,2,375,266.9166554221763,292,0.5794050693511963,961.0899999999999,507784,107.46621780020944
Vanilla_DQN,2,376,-29.824927064202512,165,0.312669038772583,976.06,507784,112.0673677876281
Vanilla_DQN,2,377,270.4504766377257,234,0.4547898769378662,968.3499999999999,507784,112.42373387408709
Vanilla_DQN,2,378,50.278577663827065,152,0.2916245460510254,971.5899999999999,507784,113.7301574821668
Vanilla_DQN,2,379,260.28929436254225,251,0.49620771408081055,970.4799999999999,507784,114.1045765097381
Vanilla_DQN,2,380,225.66330229822796,270,0.5398886203765869,962.9499999999999,507784,114.00123790932749
Vanilla_DQN,2,381,253.7110431315456,208,0.4063224792480469,971.3499999999999,507784,114.209214697185
Vanilla_DQN,2,382,111.39075387875958,584,1.331728219985962,940.21,507784,111.77058485001706
Vanilla_DQN,2,383,271.7045261182673,180,0.338651180267334,974.98,507784,107.34887545945625
Vanilla_DQN,2,384,264.30699265097326,189,0.35925936698913574,975.7299999999999,507784,107.4448115991549
Vanilla_DQN,2,385,39.35983008178303,212,0.4024770259857178,967.3,507784,109.66694636203347
Vanilla_DQN,2,386,261.67920442393324,216,0.42783451080322266,969.4599999999999,507784,109.6761476240589
Vanilla_DQN,2,387,27.415035274739225,177,0.3381352424621582,971.9499999999999,507784,111.48332245535644
Vanilla_DQN,2,388,277.0333208681996,306,0.6336274147033691,954.13,507784,111.88267549872795
Vanilla_DQN,2,389,250.35355183167758,239,0.46619749069213867,964.5699999999999,507784,107.33304256074922
Vanilla_DQN,2,390,289.8302230200909,167,0.3186366558074951,975.6999999999999,507784,107.77408268881129
Vanilla_DQN,2,391,226.73617572854664,431,0.8680925369262695,953.95,507784,107.70375141892266
Vanilla_DQN,2,392,38.656507428120506,175,0.3320183753967285,972.6999999999999,507784,104.67277957332847
Vanilla_DQN,2,393,37.71782013094804,291,0.5659291744232178,953.32,507784,101.22085805062164
Vanilla_DQN,2,394,229.3807688368178,299,0.6091454029083252,959.8299999999999,507784,98.11977387061367
Vanilla_DQN,2,395,249.2270045286914,247,0.4857325553894043,971.2299999999999,507784,97.83867009819981
Vanilla_DQN,2,396,259.789161631876,315,0.619891881942749,965.8899999999999,507784,97.7209135238399
Vanilla_DQN,2,397,5.577990851852732,164,0.3110673427581787,973.0899999999999,507784,101.66840228264654
Vanilla_DQN,2,398,224.93066930812734,398,0.8573987483978271,948.1,507784,101.42592045134336
Vanilla_DQN,2,399,249.32325474157628,325,0.6645185947418213,952.0600000000001,507784,94.2960688774936
Vanilla_DQN,2,400,292.3561387448266,245,0.4912412166595459,970.4799999999999,507784,95.01007040512378
Vanilla_DQN,2,401,10.538564622066303,171,0.3284797668457031,974.14,507784,98.72362172395282
Vanilla_DQN,2,402,278.93072783292166,206,0.40084338188171387,969.91,507784,98.8861487853408
Vanilla_DQN,2,403,256.5916796343728,294,0.6086089611053467,964.8999999999999,507784,98.77113209945848
Vanilla_DQN,2,404,226.93951276609482,292,0.6037240028381348,957.97,507784,98.52287067985795
Vanilla_DQN,2,405,224.07081716805732,357,0.7518467903137207,947.5300000000001,507784,98.5512152244669
Vanilla_DQN,2,406,-17.56018746017905,150,0.2825584411621094,973.66,507784,102.91604114587736
Vanilla_DQN,2,407,264.3362769678772,193,0.37349367141723633,971.92,507784,103.07465912665596
Vanilla_DQN,2,408,248.55448852443863,223,0.4246342182159424,974.3499999999999,507784,102.84745975616133
Vanilla_DQN,2,409,252.9735801824962,190,0.35117030143737793,975.5799999999999,507784,103.1057270228268
Vanilla_DQN,2,410,230.4621089932954,264,0.5241127014160156,959.56,507784,102.2406761319712
Vanilla_DQN,2,411,284.54830233338083,254,0.49699878692626953,965.8,507784,102.54467278081154
Vanilla_DQN,2,412,262.0582399070838,281,0.5834219455718994,971.4399999999999,507784,102.58368327066337
Vanilla_DQN,2,413,254.82137658693722,262,0.5099024772644043,978.9399999999999,507784,101.83581998627335
Vanilla_DQN,2,414,278.0581494916247,243,0.4822347164154053,961.99,507784,102.10539295448342
Vanilla_DQN,2,415,255.87256692168268,336,0.676060676574707,960.9099999999999,507784,101.87178114078218
Vanilla_DQN,2,416,223.36683089568882,358,0.712348461151123,955.84,507784,101.53708028753863
Vanilla_DQN,2,417,300.50043341704384,285,0.5780303478240967,964.18,507784,97.99074192554629
Vanilla_DQN,2,418,-31.41851091632759,132,0.2458961009979248,978.43,507784,103.37748506571619
Vanilla_DQN,2,419,251.33889119756114,195,0.37137699127197266,973.75,507784,103.57342003764829
Vanilla_DQN,2,420,286.55693217598923,281,0.5448706150054932,967.3599999999999,507784,103.77710479539734
Vanilla_DQN,2,421,265.82508123674825,155,0.28908467292785645,978.13,507784,103.71491486863509
Vanilla_DQN,2,422,243.17668231812888,243,0.48377227783203125,969.79,507784,103.62646199524367
Vanilla_DQN,2,423,225.76965526525262,326,0.6783676147460938,965.3199999999998,507784,103.57147058219392
Vanilla_DQN,2,424,206.15366315782467,576,1.2809672355651855,966.3999999999996,507784,100.21900314610194
Vanilla_DQN,2,425,252.95362764488678,229,0.44459080696105957,974.68,507784,100.06188732866596
Vanilla_DQN,2,426,252.37268926223638,313,0.6719157695770264,964.7499999999999,507784,94.55154160540562
Vanilla_DQN,2,427,-9.364314405082439,228,0.4613223075866699,957.13,507784,98.93392070340904
Vanilla_DQN,2,428,259.1458309614382,183,0.34714555740356445,978.2199999999999,507784,96.76177091448807
Vanilla_DQN,2,429,227.16415123488747,272,0.5479412078857422,963.64,507784,96.51237978855256
Vanilla_DQN,2,430,179.95942327338778,468,0.9613642692565918,950.8599999999998,507784,96.54788247276137
Vanilla_DQN,2,431,251.82834845222413,167,0.31690120697021484,978.01,507784,96.52967350819125
Vanilla_DQN,2,432,254.12036005015594,210,0.40599536895751953,977.53,507784,95.79533485287126
Vanilla_DQN,2,433,-38.39175703549496,193,0.3655977249145508,969.7299999999999,507784,101.40371028284838
Vanilla_DQN,2,434,264.54991671369817,342,0.6768734455108643,969.6999999999998,507784,101.40666678419521
Vanilla_DQN,2,435,-35.49542058507704,210,0.4050633907318115,968.6199999999999,507784,104.31817580204442
Vanilla_DQN,2,436,205.88186346030687,336,0.691784143447876,953.41,507784,103.96335364972644
Vanilla_DQN,2,437,-171.4375108168569,307,0.636315107345581,941.2600000000001,507784,113.8290160865595
Vanilla_DQN,2,438,252.1834754946359,160,0.30214786529541016,977.23,507784,113.52856066356495
Vanilla_DQN,2,439,258.78621621605555,291,0.596996545791626,969.4599999999999,507784,113.61595100302416
Vanilla_DQN,2,440,236.642535247044,198,0.38332080841064453,975.1899999999999,507784,112.97783818047445
Vanilla_DQN,2,441,275.6759387820733,247,0.4997382164001465,971.5899999999999,507784,113.46175090410408
Vanilla_DQN,2,442,230.11436278732535,192,0.3689892292022705,975.91,507784,111.30672495033127
Vanilla_DQN,2,443,5.206849563824683,1000,2.5424232482910156,871.2700000000004,507784,112.34035457373994
Vanilla_DQN,2,444,283.51821257330033,169,0.3242940902709961,975.04,507784,112.8884781086312
Vanilla_DQN,2,445,219.3751947006508,360,0.7579398155212402,972.1599999999999,507784,112.70524471831008
Vanilla_DQN,2,446,259.8938399431737,173,0.3280339241027832,976.75,507784,112.70636771462874
Vanilla_DQN,2,447,-186.36852545395823,218,0.43265247344970703,965.4399999999999,507784,122.11836030747008
Vanilla_DQN,2,448,242.93518763094576,183,0.348818302154541,975.8499999999999,507784,122.23096363561896
Vanilla_DQN,2,449,281.1125937569949,180,0.3475363254547119,975.43,507784,122.58930223167269
Vanilla_DQN,2,450,249.22333455064356,266,0.5353825092315674,965.9499999999999,507784,122.06266939096069
Vanilla_DQN,2,451,228.59115428325578,237,0.4703092575073242,965.65,507784,119.23247554530307
Vanilla_DQN,2,452,217.29824663759297,430,0.8717477321624756,965.5299999999997,507784,118.72805470234907
Vanilla_DQN,2,453,267.50820987707635,236,0.46129941940307617,973.1199999999999,507784,118.84409104791254
Vanilla_DQN,2,454,178.46929285175707,193,0.3665354251861572,974.8299999999999,507784,118.81014249886836
Vanilla_DQN,2,455,258.34716574472844,223,0.43504858016967773,970.7499999999999,507784,119.05688488036739
Vanilla_DQN,2,456,239.04685268327924,207,0.4003305435180664,976.0,507784,115.0866645265616
Vanilla_DQN,2,457,290.8093443532513,172,0.3284883499145508,975.64,507784,115.42399752025347
Vanilla_DQN,2,458,-163.02727933076443,220,0.43677306175231934,955.5400000000001,507784,126.15900173616112
Vanilla_DQN,2,459,187.56582733679755,492,1.1015739440917969,968.4699999999998,507784,125.9021059010243
Vanilla_DQN,2,460,228.3335942267108,369,0.7641699314117432,969.9699999999998,507784,125.89042207964022
Vanilla_DQN,2,461,296.8965936794992,253,0.5116004943847656,972.8199999999999,507784,126.07817052061507
Vanilla_DQN,2,462,242.53994126534604,231,0.45235538482666016,971.05,507784,125.90024702751944
Vanilla_DQN,2,463,263.5877568512309,210,0.4207491874694824,972.3399999999999,507784,125.98994970903213
Vanilla_DQN,2,464,266.43153457622486,421,0.9324760437011719,965.9799999999999,507784,125.84682003649529
Vanilla_DQN,2,465,251.0783640326776,233,0.45734596252441406,973.42,507784,125.80193482013443
Vanilla_DQN,2,466,257.863086777581,214,0.4114205837249756,975.79,507784,126.05255160684136
Vanilla_DQN,2,467,36.00901744454856,225,0.43871164321899414,964.18,507784,127.06892080069943
Vanilla_DQN,2,468,207.97596913885755,275,0.535442590713501,973.9599999999999,507784,123.0862613701816
Vanilla_DQN,2,469,218.44230687385857,204,0.39751458168029785,970.5099999999999,507784,122.8695600670215
Vanilla_DQN,2,470,217.2642795186312,188,0.35988283157348633,977.29,507784,122.20742285724751
Vanilla_DQN,2,471,234.55514358006684,173,0.33311033248901367,972.8499999999999,507784,121.9111075105596
Vanilla_DQN,2,472,285.11560905407504,167,0.31835031509399414,977.3499999999999,507784,122.4032989988602
Vanilla_DQN,2,473,230.24619424784493,250,0.4868137836456299,968.3799999999999,507784,122.42895447028152
Vanilla_DQN,2,474,289.259001090207,170,0.327362060546875,974.77,507784,123.15855240473226
Vanilla_DQN,2,475,-14.27808495462429,225,0.4419245719909668,964.9899999999999,507784,126.27092118720518
Vanilla_DQN,2,476,261.0699520614382,336,0.6688964366912842,966.9399999999999,507784,126.3636560343438
Vanilla_DQN,2,477,233.3841662601144,205,0.39104652404785156,971.5899999999999,507784,123.25630609200113
Vanilla_DQN,2,478,-8.440509847536049,184,0.35556530952453613,969.9999999999999,507784,126.10180954899462
Vanilla_DQN,2,479,-39.14289276295098,192,0.3685436248779297,972.0699999999999,507784,129.94158612904346
Vanilla_DQN,2,480,265.80932335883705,244,0.4857645034790039,974.9799999999999,507784,130.44778609157228
Vanilla_DQN,2,481,301.84664525121894,203,0.4015195369720459,970.9,507784,131.1436141836566
Vanilla_DQN,2,482,241.40959578745907,254,0.5012099742889404,967.42,507784,131.0242823661611
Vanilla_DQN,2,483,248.4451304187511,306,0.632394552230835,972.3699999999999,507784,127.29570843797529
Vanilla_DQN,2,484,256.796554182553,196,0.3751232624053955,975.13,507784,127.21173866165836
Vanilla_DQN,2,485,254.69885617387484,199,0.38701701164245605,974.68,507784,123.27332633921156
Vanilla_DQN,2,486,21.797764350304732,168,0.3342897891998291,973.78,507784,125.69292844784269
Vanilla_DQN,2,487,260.8504068129098,233,0.4880516529083252,972.9099999999999,507784,114.65491060403855
Vanilla_DQN,2,488,217.61952788487207,378,0.7963752746582031,965.1399999999998,507784,114.4570294202974
Vanilla_DQN,2,489,255.38788580248658,212,0.40421581268310547,975.0999999999999,507784,114.42415258641746
Vanilla_DQN,2,490,-3.370631268636231,218,0.41735339164733887,963.0699999999999,507784,117.84084057568911
Vanilla_DQN,2,491,-7.567199223287744,154,0.2921457290649414,976.81,507784,120.69112000487291
Vanilla_DQN,2,492,222.08394830616268,273,0.5574009418487549,961.3299999999999,507784,120.64460338270054
Vanilla_DQN,2,493,271.31834068140995,198,0.37761974334716797,974.3199999999999,507784,118.17227670885075
Vanilla_DQN,2,494,272.1544730214184,182,0.35027289390563965,973.8699999999999,507784,118.01531672031129
Vanilla_DQN,2,495,229.42419370199502,245,0.4794800281524658,970.1499999999999,507784,118.06321945229537
Vanilla_DQN,2,496,254.3695466375032,278,0.5413532257080078,968.56,507784,118.0062883264919
Vanilla_DQN,2,497,234.37430190456848,198,0.373309850692749,975.88,507784,104.66953537439369
Vanilla_DQN,2,498,242.34240741758126,220,0.43050312995910645,970.3,507784,104.66523404723834
Vanilla_DQN,2,499,263.7300573447086,219,0.4285929203033447,971.92,507784,104.43933546025207
Vanilla_DQN,2,500,-14.328568679472284,151,0.28746771812438965,977.5899999999999,507784,108.60714806766487
Double_DQN,0,1,-126.24438144777267,108,0.08771753311157227,989.47,inf,0.0
Double_DQN,0,2,11.074892651988463,97,0.17262864112854004,993.64,inf,68.65963704988056
Double_DQN,0,3,1.5068327766391292,75,0.13303303718566895,992.83,inf,62.59970140581534
Double_DQN,0,4,-252.8048487085722,95,0.1680922508239746,991.0,inf,107.7012664324621
Double_DQN,0,5,-357.6587184198665,122,0.2180342674255371,987.1,inf,143.5415344920829
Double_DQN,0,6,33.98470084837811,80,0.14119935035705566,994.12,inf,147.00624955907423
Double_DQN,0,7,-133.37392349859192,91,0.1613624095916748,991.09,inf,136.2527348748199
Double_DQN,0,8,-92.89308882140988,67,0.11751747131347656,994.42,inf,127.7153730240045
Double_DQN,0,9,-36.301793030681175,72,0.1275463104248047,992.47,inf,122.89668346172856
Double_DQN,0,10,-124.30457937035436,79,0.13986492156982422,993.16,inf,116.72131124132868
Double_DQN,0,11,-128.2651293112694,106,0.2025134563446045,989.29,inf,111.4463042740255
Double_DQN,0,12,-278.5136838041541,80,0.1412820816040039,993.22,inf,116.47111746548073
Double_DQN,0,13,-82.52107082521786,87,0.15416884422302246,991.36,inf,112.4372239575532
Double_DQN,0,14,-218.1496361593637,100,0.17788147926330566,992.68,inf,111.22840494072801
Double_DQN,0,15,-504.9935262944615,109,0.19508790969848633,990.91,inf,142.88289903718533
Double_DQN,0,16,-265.3733963957459,101,0.18215322494506836,990.97,inf,141.01182614719497
Double_DQN,0,17,-158.31486196572445,135,0.24205756187438965,986.8,inf,136.80194098798142
Double_DQN,0,18,-88.42185004257917,89,0.15888381004333496,991.24,inf,133.94350984031541
Double_DQN,0,19,-141.120334054821,116,0.208726167678833,986.2,inf,130.41136276914713
Double_DQN,0,20,-74.42355420168707,87,0.15544605255126953,989.65,inf,128.3130294749617
Double_DQN,0,21,-65.09819822298572,95,0.1702713966369629,989.2,inf,126.54545502343461
Double_DQN,0,22,-105.81039383046698,81,0.14597225189208984,993.04,inf,123.93003454293286
Double_DQN,0,23,-274.70810914452244,125,0.2307431697845459,985.45,inf,124.06264494759907
Double_DQN,0,24,-123.29869064459149,96,0.17212533950805664,993.37,inf,121.57255831563482
Double_DQN,0,25,-231.48523916216794,113,0.20595836639404297,992.38,inf,120.19699621968368
Double_DQN,0,26,-198.87303740176804,98,0.17721343040466309,991.1800000000001,inf,118.1968459410463
Double_DQN,0,27,-290.25492889401914,145,0.2697103023529053,984.73,inf,118.78799402829945
Double_DQN,0,28,-233.17264722969048,109,0.19746017456054688,991.57,inf,117.44587470538099
Double_DQN,0,29,-64.16665994690956,121,0.22187590599060059,987.13,inf,116.7794855404003
Double_DQN,0,30,-138.861077704458,89,0.1640636920928955,987.91,inf,114.87220253681359
Double_DQN,0,31,-58.21029174637793,72,0.1302928924560547,990.79,inf,114.37399697743408
Double_DQN,0,32,-554.0578369825096,144,0.2643709182739258,984.55,inf,132.27491883731335
Double_DQN,0,33,-117.04327359445871,128,0.23486733436584473,988.0600000000001,inf,130.5404537873116
Double_DQN,0,34,-107.04099172120154,116,0.2121601104736328,985.36,inf,128.98933001172247
Double_DQN,0,35,-110.08324423426059,136,0.2544136047363281,979.9599999999999,inf,127.451303052457
Double_DQN,0,36,-113.26542413857184,120,0.2230217456817627,984.58,inf,125.92940962858948
Double_DQN,0,37,-91.41777018252574,112,0.20853900909423828,984.55,inf,124.73011424009012
Double_DQN,0,38,-141.48280866081723,140,0.2642226219177246,981.28,inf,123.11101307643636
Double_DQN,0,39,-89.79395480935226,133,0.24800753593444824,983.95,inf,122.01131144156723
Double_DQN,0,40,-149.10746821880457,74,0.136643648147583,991.0,inf,120.48291011844955
Double_DQN,0,41,-141.0776232917401,101,0.190934419631958,987.22,inf,119.02943172831229
Double_DQN,0,42,-42.45348070006362,115,0.21849632263183594,980.65,inf,118.88162399060666
Double_DQN,0,43,-76.4383449497183,156,0.29558753967285156,976.8399999999999,inf,118.06765312454228
Double_DQN,0,44,-268.7026127145796,151,0.2856760025024414,982.63,inf,118.00786323502173
Double_DQN,0,45,-142.49378839686423,128,0.2422163486480713,980.98,inf,116.70297431986882
Double_DQN,0,46,-76.24217880454911,70,0.12987518310546875,991.3,inf,115.98806901757425
Double_DQN,0,47,-260.7267710263502,201,0.3923454284667969,971.56,inf,115.80260395851003
Double_DQN,0,48,-143.22312833700374,131,0.24883794784545898,981.58,inf,114.6022101859702
Double_DQN,0,49,-114.91631035099401,142,0.27005505561828613,981.16,inf,113.56618158899019
Double_DQN,0,50,-102.17694747766383,235,0.4746522903442383,963.4899999999999,inf,112.65765615120668
Double_DQN,0,51,-236.891295432363,101,0.1941666603088379,991.45,inf,113.19861250389633
Double_DQN,0,52,-98.98920539207298,155,0.29926538467407227,979.0899999999999,inf,110.99506264873432
Double_DQN,0,53,-137.32500382173293,111,0.20961666107177734,985.72,inf,108.70118645978866
Double_DQN,0,54,-46.184691941736695,92,0.17446613311767578,985.78,inf,109.02330639678134
Double_DQN,0,55,-105.84090275986183,171,0.33179640769958496,977.98,inf,105.34157643967646
Double_DQN,0,56,-85.48690297647987,117,0.22495603561401367,987.88,inf,102.43619420706798
Double_DQN,0,57,-74.35820970654643,143,0.27472710609436035,978.3399999999999,inf,102.99708257248894
Double_DQN,0,58,-87.65245526082786,153,0.29506564140319824,977.65,inf,103.05991406163247
Double_DQN,0,59,-21.320944369184744,322,0.706151008605957,945.25,inf,103.41694408118467
Double_DQN,0,60,-44.283311209451334,149,0.2918059825897217,975.6099999999999,inf,104.44234903557467
Double_DQN,0,61,-83.82052849306972,236,0.4738807678222656,961.03,inf,104.81272225986717
Double_DQN,0,62,-48.13804042614257,225,0.4522829055786133,963.25,inf,104.08768568927623
Double_DQN,0,63,-38.01336757092541,207,0.42137789726257324,967.4799999999999,inf,104.80251475038973
Double_DQN,0,64,-56.40509113907095,306,0.6560330390930176,951.4000000000001,inf,104.95059717342983
Double_DQN,0,65,-16.358147067970805,168,0.3338592052459717,973.18,inf,92.57142922089942
Double_DQN,0,66,-139.0553967382823,196,0.3854680061340332,975.1899999999999,inf,90.56315309216137
Double_DQN,0,67,-106.9504154299499,139,0.2739529609680176,978.28,inf,90.50659412110517
Double_DQN,0,68,-94.03777441797878,371,0.7930765151977539,941.1700000000001,inf,90.46195583245182
Double_DQN,0,69,-128.2068839389401,193,0.3881521224975586,966.9699999999999,inf,90.44040951968827
Double_DQN,0,70,-54.36358682133711,298,0.6393334865570068,953.38,inf,90.71677247684148
Double_DQN,0,71,-180.14983392018814,212,0.4342784881591797,971.05,inf,90.58696776830872
Double_DQN,0,72,-64.18341914955533,463,1.190896987915039,922.0300000000002,inf,90.9856489336403
Double_DQN,0,73,-68.96910418616501,223,0.46459054946899414,964.2399999999999,inf,88.88837753880502
Double_DQN,0,74,-9.17865389849571,165,0.3349885940551758,975.5799999999999,inf,90.32903228786023
Double_DQN,0,75,-81.06703562152282,137,0.27402496337890625,981.76,inf,89.11789735740935
Double_DQN,0,76,-129.20892218925732,625,1.739522933959961,891.5500000000004,inf,88.3944240861506
Double_DQN,0,77,-61.363794863540484,261,0.5649359226226807,955.87,inf,85.18528539811187
Double_DQN,0,78,-230.02717541805808,330,0.7560663223266602,945.7,inf,85.09739370153419
Double_DQN,0,79,-124.51783486892381,487,1.1769287586212158,915.5800000000003,inf,84.82921211566146
Double_DQN,0,80,-142.20391111300864,378,0.8838992118835449,938.4100000000001,inf,84.85023357956216
Double_DQN,0,81,-36.72472625421682,439,1.044689416885376,923.1100000000002,inf,85.18487296817118
Double_DQN,0,82,-272.7804211483625,730,1.9168317317962646,878.1400000000006,inf,62.047975471704966
Double_DQN,0,83,22.74986027642658,1000,3.032632827758789,843.4299999999994,inf,64.66440991773226
Double_DQN,0,84,-52.1391038619672,1000,2.896266222000122,817.7499999999985,inf,65.08585132590642
Double_DQN,0,85,-87.39663765189711,306,0.6961798667907715,949.84,inf,65.12051835239235
Double_DQN,0,86,-103.62086957895532,346,0.8078863620758057,940.1200000000001,inf,65.1055512144848
Double_DQN,0,87,-32.366793603450354,1000,2.9399139881134033,814.4499999999985,inf,65.84171372974406
Double_DQN,0,88,-53.641520937819266,85,0.17377734184265137,990.79,inf,65.93963906438793
Double_DQN,0,89,-212.76316281311352,732,2.0494608879089355,866.4700000000004,inf,67.76770080521577
Double_DQN,0,90,-252.55557917585259,911,2.949655532836914,833.2899999999992,inf,70.66655507317459
Double_DQN,0,91,-91.64363969251109,128,0.27291417121887207,983.0799999999999,inf,70.49888477221545
Double_DQN,0,92,-116.87608697591588,343,0.8018143177032471,935.5900000000001,inf,69.96958466254681
Double_DQN,0,93,-125.36343932381006,245,0.5491890907287598,957.58,inf,69.90000468573416
Double_DQN,0,94,15.88291670101566,1000,3.0151901245117188,817.8399999999986,inf,68.01040118079347
Double_DQN,0,95,-107.46597411948605,246,0.5601544380187988,953.71,inf,67.75592207115245
Double_DQN,0,96,-128.44791611181236,160,0.3439316749572754,976.3599999999999,inf,67.78445747622976
Double_DQN,0,97,-126.27482814780876,1000,3.3972413539886475,815.7399999999985,inf,63.95393437759056
Double_DQN,0,98,-73.02246639303414,1000,2.9245831966400146,817.9299999999986,inf,63.72303026779657
Double_DQN,0,99,-92.60434593363168,291,0.6949443817138672,947.5300000000001,inf,63.673560565447076
Double_DQN,0,100,-114.09674761383856,228,0.5228006839752197,957.64,inf,63.71675947850904
Double_DQN,0,101,-52.34310058395518,1000,2.423956871032715,823.0899999999988,inf,60.76664188259939
Double_DQN,0,102,-75.00937534335822,1000,2.7866320610046387,819.3999999999987,inf,60.81227468600758
Double_DQN,0,103,-152.4664251718049,207,0.3979368209838867,962.41,inf,61.071667091684155
Double_DQN,0,104,-38.08636310307189,55,0.09841322898864746,993.1,inf,61.205793841510555
Double_DQN,0,105,-60.332642187847846,1000,2.8264429569244385,822.3099999999988,inf,61.341597581252415
Double_DQN,0,106,-113.61999176128045,213,0.3875558376312256,965.0799999999999,inf,61.410334414552636
Double_DQN,0,107,-66.56926505949573,182,0.331951379776001,973.9899999999999,inf,61.46559727894151
Double_DQN,0,108,-212.02519845835224,588,1.3674426078796387,893.7400000000005,inf,63.70772540019399
Double_DQN,0,109,-20.346242260166164,101,0.18338274955749512,986.56,inf,63.73031130311653
Double_DQN,0,110,-195.6837622295481,593,1.4595844745635986,893.8600000000005,inf,64.85221562311716
Double_DQN,0,111,-47.479106844475155,69,0.12343382835388184,992.38,inf,65.20612092096232
Double_DQN,0,112,-129.64735127937038,1000,3.083625316619873,819.6699999999986,inf,64.98392221464613
Double_DQN,0,113,-29.648114747273816,1000,2.7364068031311035,815.9799999999984,inf,65.15019608917994
Double_DQN,0,114,-74.32845108935449,1000,2.9711437225341797,820.8399999999987,inf,64.96712627208467
Double_DQN,0,115,-61.76562231500375,66,0.11918425559997559,993.28,inf,64.1206059601875
Double_DQN,0,116,-78.36582008484908,1000,2.8307313919067383,818.1999999999986,inf,63.9379042396643
Double_DQN,0,117,-84.63749448491822,1000,2.387869358062744,815.9499999999985,inf,63.954993843862994
Double_DQN,0,118,-70.33161803010839,1000,2.9589154720306396,824.7999999999989,inf,64.07052289442274
Double_DQN,0,119,-51.38453593876099,1000,2.4811336994171143,824.1099999999989,inf,64.23772782589165
Double_DQN,0,120,-94.00345388364447,1000,2.5449674129486084,818.8599999999986,inf,63.96288469193055
Double_DQN,0,121,-227.5641739562725,415,0.8944783210754395,933.8200000000003,inf,65.52395936144198
Double_DQN,0,122,-134.19840578568156,125,0.23143601417541504,976.6899999999999,inf,65.53978410746278
Double_DQN,0,123,-135.93451231868337,84,0.15220928192138672,994.54,inf,65.59354025558905
Double_DQN,0,124,-58.80307364472567,1000,2.9320569038391113,817.4199999999986,inf,64.57188747083052
Double_DQN,0,125,-76.56528819200967,1000,2.405827760696411,825.7899999999989,inf,64.60342120765516
Double_DQN,0,126,-99.86438809644747,131,0.24795746803283691,971.56,inf,64.48122931126609
Double_DQN,0,127,-57.5450107693583,89,0.16331100463867188,989.02,inf,64.53014423721088
Double_DQN,0,128,-73.51396190959186,1000,2.6070425510406494,826.7799999999991,inf,61.925710833730605
Double_DQN,0,129,-60.79977104838259,1000,2.3547894954681396,822.9699999999988,inf,62.01419307258911
Double_DQN,0,130,-66.69464185991492,1000,2.823512315750122,823.0299999999988,inf,61.7975664333939
Double_DQN,0,131,-148.76554095671702,481,1.0324931144714355,914.1100000000004,inf,61.68180676273792
Double_DQN,0,132,-91.14760373610531,1000,2.6048567295074463,825.0699999999989,inf,56.34322043236691
Double_DQN,0,133,-63.540952176165696,104,0.19563555717468262,984.52,inf,54.032568105695795
Double_DQN,0,134,-64.70528118245467,1000,2.43282413482666,823.6599999999988,inf,53.8608861537893
Double_DQN,0,135,-51.01186750972358,178,0.3464937210083008,974.02,inf,54.20876127615517
Double_DQN,0,136,-147.37025180586346,272,0.5492007732391357,958.81,inf,54.69702967332395
Double_DQN,0,137,-69.7482657162699,1000,2.8557662963867188,820.3599999999988,inf,54.080340060645696
Double_DQN,0,138,-35.91146664148512,1000,2.87831974029541,817.4799999999987,inf,54.41593558959745
Double_DQN,0,139,-18.99489387166082,151,0.2923271656036377,975.31,inf,52.8349500467512
Double_DQN,0,140,165.05718802242717,491,1.1320998668670654,924.7900000000001,inf,59.404158870554575
Double_DQN,0,141,-85.23132181912261,204,0.407867431640625,964.99,inf,59.39381817032507
Double_DQN,0,142,-84.8767690514855,1000,2.8700289726257324,821.0799999999988,inf,59.20373403530513
Double_DQN,0,143,-11.939829243438423,1000,2.5607848167419434,822.6999999999988,inf,59.70577487227964
Double_DQN,0,144,-100.93887205429425,358,0.79355788230896,937.3000000000001,inf,58.14690276031172
Double_DQN,0,145,-74.59112107248406,240,0.4979856014251709,964.7199999999999,inf,58.05246039745102
Double_DQN,0,146,-120.27904105839298,1000,2.9224789142608643,818.9199999999987,inf,57.93388293122117
Double_DQN,0,147,-43.714388497494056,1000,2.5508852005004883,818.4999999999985,inf,57.830352849669865
Double_DQN,0,148,-99.61987433062252,1000,2.573554754257202,818.1999999999986,inf,57.88106339052463
Double_DQN,0,149,-82.98584042795048,1000,3.1942620277404785,820.4499999999987,inf,57.858394027269625
Double_DQN,0,150,-308.6703279280632,112,0.22222471237182617,991.42,inf,65.9405528980431
Double_DQN,0,151,12.482167701974447,114,0.22274351119995117,984.8199999999999,inf,67.19082862816595
Double_DQN,0,152,-61.19775646050685,1000,2.5117506980895996,816.0099999999985,inf,67.25342349495213
Double_DQN,0,153,-83.69780842623227,1000,2.734391212463379,820.2099999999987,inf,66.52198424041144
Double_DQN,0,154,-7.103459190122322,168,0.3357887268066406,974.3199999999999,inf,67.06856521979059
Double_DQN,0,155,-21.170977367769652,170,0.3293876647949219,978.16,inf,67.5347657387229
Double_DQN,0,156,29.787365522866196,240,0.5065436363220215,954.0400000000001,inf,69.09114298258052
Double_DQN,0,157,-6.291064893079299,1000,2.9017157554626465,827.649999999999,inf,69.79456991522466
Double_DQN,0,158,-147.69315268748244,103,0.20246195793151855,992.05,inf,67.84731663840684
Double_DQN,0,159,2.0174307635422934,177,0.3609738349914551,974.41,inf,68.27887366968962
Double_DQN,0,160,-30.84078950960134,1000,2.728182792663574,828.819999999999,inf,66.30450854015186
Double_DQN,0,161,278.4264821653572,470,1.024477243423462,940.1500000000002,60848,82.39433329081332
Double_DQN,0,162,-54.92181803081274,1000,2.908266544342041,817.8699999999985,60848,81.88059862299113
Double_DQN,0,163,-108.34037796910204,1000,3.095405340194702,814.8999999999984,60848,81.97481611539833
Double_DQN,0,164,-194.97745765834588,577,1.4696602821350098,902.3200000000004,60848,83.96895788502388
Double_DQN,0,165,199.99741944001443,362,0.8192296028137207,946.4200000000001,60848,91.93266294578292
Double_DQN,0,166,-187.044844247079,787,1.9870195388793945,859.0300000000002,60848,93.56292729091685
Double_DQN,0,167,-80.01892467215889,1000,2.6325981616973877,820.0899999999986,60848,93.54501018286302
Double_DQN,0,168,169.3978076422561,644,1.6433401107788086,888.7300000000005,60848,99.0841534219551
Double_DQN,0,169,-38.779222969312244,114,0.22406554222106934,987.28,60848,99.12010644466206
Double_DQN,0,170,-172.21737576345635,828,2.2305686473846436,852.5799999999999,60848,100.26928364378747
Double_DQN,0,171,173.6492852667913,758,2.1502256393432617,871.3300000000006,60848,102.61728246109922
Double_DQN,0,172,-216.84878449216745,737,1.8411922454833984,866.0800000000005,60848,104.56512859601207
Double_DQN,0,173,-303.90540801485685,803,2.005653142929077,857.35,60848,109.70631547449413
Double_DQN,0,174,-281.60390871691664,512,1.0891304016113281,941.5000000000001,60848,114.099858921575
Double_DQN,0,175,244.3394310824559,378,0.8181028366088867,951.55,60848,121.86660209323927
Double_DQN,0,176,-46.32556893297576,1000,2.8593952655792236,816.8799999999985,60848,121.70877260088803
Double_DQN,0,177,0.7250210707723395,1000,3.3285138607025146,820.9899999999986,60848,121.95380474947659
Double_DQN,0,178,-57.648388296709065,1000,3.617640256881714,815.7999999999984,60848,121.92180549181064
Double_DQN,0,179,3.0417276166590597,1000,2.6397385597229004,812.3199999999985,60848,122.16879369051937
Double_DQN,0,180,-10.141985272360667,1000,2.858337879180908,814.4499999999985,60848,122.28784173058102
Double_DQN,0,181,-53.89094138980182,1000,3.2050259113311768,816.8499999999985,60848,121.48518445067579
Double_DQN,0,182,282.716075800053,322,0.7193324565887451,947.9200000000001,60848,129.8662245271496
Double_DQN,0,183,211.69638427559002,627,1.500776767730713,908.2900000000004,60848,134.5572677718345
Double_DQN,0,184,-278.9932872471599,174,0.34487223625183105,978.1299999999999,60848,138.7555813831022
Double_DQN,0,185,-41.10722725584398,160,0.31168293952941895,979.0899999999999,60848,138.74696600156176
Double_DQN,0,186,-65.22451206651795,1000,2.7963712215423584,814.1499999999984,60848,137.94903511683825
Double_DQN,0,187,-40.48153215755287,1000,3.1605403423309326,815.8899999999985,60848,137.87635461317862
Double_DQN,0,188,-26.27484352183666,1000,3.668116569519043,818.2599999999985,60848,137.8854519079076
Double_DQN,0,189,-38.79557439553961,1000,2.9750776290893555,815.5899999999984,60848,137.8601532479873
Double_DQN,0,190,-9.988944317892418,107,0.20628929138183594,990.55,60848,134.85142359945038
Double_DQN,0,191,-24.31725623228027,1000,3.0236406326293945,824.7399999999989,60848,134.72505208061375
Double_DQN,0,192,-54.03183408673352,1000,2.9910097122192383,819.6999999999987,60848,134.5895428487802
Double_DQN,0,193,-60.17060396200685,1000,3.2678866386413574,820.9899999999986,60848,134.56091554964354
Double_DQN,0,194,-10.20164296477988,1000,2.8688385486602783,815.8899999999985,60848,134.3456855139441
Double_DQN,0,195,-22.617760603279027,1000,3.327052354812622,823.0599999999988,60848,134.26513547535126
Double_DQN,0,196,-29.300483212007535,1000,3.6831490993499756,816.0099999999985,60848,133.7488606212835
Double_DQN,0,197,-31.02165921551582,1000,2.959205389022827,821.9199999999987,60848,133.74575287721981
Double_DQN,0,198,-3.671256880189051,1000,2.5056726932525635,818.5899999999987,60848,133.50159657907554
Double_DQN,0,199,-38.98198239981798,1000,3.0227298736572266,817.8099999999986,60848,133.31860723146707
Double_DQN,0,200,-49.92854387375027,1000,3.091705083847046,821.1099999999988,60848,127.40054772245779
Double_DQN,0,201,0.1770598382736433,1000,2.9838333129882812,822.6699999999987,60848,127.33469283934882
Double_DQN,0,202,-100.98706628638665,102,0.2026965618133545,993.1899999999999,60848,127.66435906935298
Double_DQN,0,203,-39.89621086718415,1000,3.443408250808716,815.5899999999986,60848,127.43383988427242
Double_DQN,0,204,-15.331199198742414,1000,2.9415664672851562,820.5999999999987,60848,127.41232423586685
Double_DQN,0,205,-60.89415636067704,1000,2.9430506229400635,818.7699999999986,60848,127.49133359067419
Double_DQN,0,206,-10.408235279424526,1000,3.1761491298675537,817.3599999999985,60848,127.24614814391703
Double_DQN,0,207,-15.072584599898093,1000,2.8115339279174805,817.6299999999985,60848,127.21996969235322
Double_DQN,0,208,-43.66265486133696,1000,2.826226234436035,818.8299999999986,60848,126.11972789965247
Double_DQN,0,209,-38.90415778837398,1000,2.602015495300293,820.9899999999986,60848,126.05728834724471
Double_DQN,0,210,-53.10600417451897,1000,2.6974751949310303,818.4099999999985,60848,126.10418721323434
Double_DQN,0,211,-61.20523075232414,1000,2.6564364433288574,814.9899999999984,60848,118.26990793741797
Double_DQN,0,212,-69.3787037056761,1000,3.1243436336517334,818.1099999999985,60848,118.3341762202376
Double_DQN,0,213,-17.846179341524117,1000,2.486975908279419,819.4599999999987,60848,117.90516175529142
Double_DQN,0,214,-13.13888892202128,1000,2.5366766452789307,823.6599999999987,60848,115.67284326730166
Double_DQN,0,215,-12.313028225666118,1000,2.5151784420013428,820.8399999999987,60848,110.93135074415045
Double_DQN,0,216,18.03097875229521,1000,2.903305768966675,824.9799999999989,60848,109.0008440475904
Double_DQN,0,217,144.75272606190381,825,2.110352039337158,865.2100000000003,60848,111.48083226482716
Double_DQN,0,218,131.3790116279888,894,2.251884698867798,854.71,60848,110.26716626151992
Double_DQN,0,219,261.336399781439,435,1.004854679107666,926.5300000000002,60848,117.39824667721778
Double_DQN,0,220,157.6906337366006,746,2.114619255065918,877.6900000000006,60848,117.98116573007673
Double_DQN,0,221,181.12100385841532,701,2.0565364360809326,879.1900000000005,60848,118.22368741473221
Double_DQN,0,222,168.1977829356603,699,2.0710442066192627,880.7500000000006,60848,117.31058264064643
Double_DQN,0,223,58.04725004523708,1000,3.301633596420288,818.5299999999986,60848,109.65336286388455
Double_DQN,0,224,262.75191517968767,320,0.7171971797943115,949.6300000000001,60848,108.09366612710612
Double_DQN,0,225,181.72902743516892,853,2.5102670192718506,855.55,60848,105.727171176326
Double_DQN,0,226,192.1014495018467,677,1.716822862625122,888.9400000000005,60848,108.40573978723681
Double_DQN,0,227,230.73477875702392,413,0.9158282279968262,933.1900000000002,60848,112.49973310030965
Double_DQN,0,228,201.62668441411898,557,1.2391650676727295,911.1400000000003,60848,114.76613547970939
Double_DQN,0,229,162.0775217555947,785,2.2638046741485596,869.8000000000004,60848,116.30923950892627
Double_DQN,0,230,235.27299789200038,399,0.94594407081604,934.0300000000002,60848,119.72023755894358
Double_DQN,0,231,223.528098042296,521,1.1681435108184814,921.2500000000002,60848,121.9717327084087
Double_DQN,0,232,275.2214018791396,243,0.4929633140563965,968.3799999999999,60848,121.67583160204381
Double_DQN,0,233,250.780437802601,276,0.6007204055786133,965.5899999999999,60848,122.90592486723253
Double_DQN,0,234,222.90266506585687,424,0.9681124687194824,940.5100000000001,60848,116.85623672159294
Double_DQN,0,235,229.038767924801,642,1.49942946434021,892.6000000000005,60848,118.78409383814521
Double_DQN,0,236,293.45705858294036,236,0.48929762840270996,968.5899999999999,60848,122.11351025759369
Double_DQN,0,237,256.14776346915437,515,1.187453031539917,919.9000000000003,60848,124.1881561536807
Double_DQN,0,238,226.82432636070797,438,0.9754822254180908,934.7500000000001,60848,125.4054408715215
Double_DQN,0,239,-54.45522556143395,339,0.7272429466247559,941.7400000000001,60848,125.70294291078443
Double_DQN,0,240,-61.40481369878523,584,1.3630740642547607,898.7200000000005,60848,126.58063323402571
Double_DQN,0,241,236.94177881767172,402,0.9391975402832031,946.12,60848,127.90480728313742
Double_DQN,0,242,241.7748648309187,436,1.0208666324615479,948.52,60848,128.56153405686848
Double_DQN,0,243,254.4271110512025,321,0.6981041431427002,949.24,60848,129.11764195118397
Double_DQN,0,244,263.93758100024945,281,0.5852954387664795,956.3800000000001,60848,130.60547012341038
Double_DQN,0,245,227.827559305443,394,0.8506977558135986,954.3399999999999,60848,130.8250693057992
Double_DQN,0,246,231.11244625237336,360,0.7798953056335449,950.2900000000001,60848,130.78219732307446
Double_DQN,0,247,253.5742007919351,366,0.7993950843811035,946.6600000000001,60848,130.9493671116628
Double_DQN,0,248,282.24481011662516,228,0.47475719451904297,962.77,60848,132.08630535015524
Double_DQN,0,249,255.44087244630595,294,0.6464462280273438,953.86,60848,131.60790077172433
Double_DQN,0,250,221.23684773155026,488,1.1457951068878174,932.1400000000001,60848,129.99322880632644
Double_DQN,0,251,254.46059014056797,378,0.8420441150665283,944.8000000000001,60848,129.89409978068838
Double_DQN,0,252,221.36019686097518,465,1.1276345252990723,920.7400000000002,60848,126.09469793914911
Double_DQN,0,253,-0.3843042545571933,295,0.6250476837158203,945.6100000000001,60848,125.09189247964174
Double_DQN,0,254,237.96097602946244,332,0.7288281917572021,950.83,60848,123.83627049105465
Double_DQN,0,255,198.95752084241423,504,1.1783297061920166,922.3000000000002,60848,120.5069992367142
Double_DQN,0,256,240.66338220422887,345,0.7293131351470947,947.8600000000001,60848,118.9435241414549
Double_DQN,0,257,193.25827192074837,301,0.6492211818695068,954.55,60848,116.5404715742376
Double_DQN,0,258,-18.640857086654506,306,0.65354323387146,947.5,60848,115.71962169482713
Double_DQN,0,259,262.9278808691921,276,0.5711202621459961,964.75,60848,113.0497656364444
Double_DQN,0,260,189.44656204713627,545,1.2356865406036377,944.26,60848,108.67958710837092
Double_DQN,0,261,213.9411615114733,339,0.7667956352233887,950.02,60848,103.65948535019902
Double_DQN,0,262,236.35259032523194,311,0.6831610202789307,953.47,60848,97.86141649455473
Double_DQN,0,263,235.92038333852037,432,0.9467451572418213,957.67,60848,93.8593622277088
Double_DQN,0,264,245.4173911024365,317,0.6904635429382324,952.0,60848,89.71224800334302
Double_DQN,0,265,217.44374740761282,339,0.7457165718078613,945.7600000000001,60848,84.86558287299553
Double_DQN,0,266,253.94141369145458,416,0.9648213386535645,949.0300000000001,60848,81.27001652557232
Double_DQN,0,267,268.9365670318339,341,0.7394838333129883,956.3499999999999,60848,81.3907860600587
Double_DQN,0,268,217.48915558404212,476,1.1674861907958984,918.0100000000002,60848,80.74158279262737
Double_DQN,0,269,161.8176322499541,608,1.3780367374420166,903.2800000000003,60848,80.57580026595267
Double_DQN,0,270,246.85420999614487,296,0.6282947063446045,954.73,60848,80.52083293080703
Double_DQN,0,271,199.5947852060441,313,0.6757519245147705,951.6700000000001,60848,80.44979935952624
Double_DQN,0,272,266.69382203318503,279,0.6113593578338623,955.99,60848,80.70514161650182
Double_DQN,0,273,249.56665709667107,324,0.6974093914031982,950.23,60848,77.99738729661537
Double_DQN,0,274,232.43807939483563,471,1.1269659996032715,923.2300000000002,60848,77.7164184701632
Double_DQN,0,275,193.03977484087542,586,1.3264803886413574,934.03,60848,77.64670593813689
Double_DQN,0,276,-3.311602472403152,303,0.6576578617095947,948.0400000000001,60848,83.2381836697799
Double_DQN,0,277,258.76532976480144,353,0.7538950443267822,951.5500000000001,60848,83.48661421469525
Double_DQN,0,278,263.09584148723286,341,0.7285680770874023,941.5300000000001,60848,83.83426110945173
Double_DQN,0,279,237.75070752097594,329,0.7075929641723633,948.2200000000001,60848,83.65062403946483
Double_DQN,0,280,211.72126648337607,416,0.9622659683227539,929.8300000000002,60848,83.57794803359923
Double_DQN,0,281,270.58653610961215,275,0.583331823348999,955.1800000000001,60848,83.9848969580354
Double_DQN,0,282,239.25258625789934,767,1.8642609119415283,908.1100000000001,60848,83.5874165765182
Double_DQN,0,283,250.19687563877866,390,0.9130833148956299,940.21,60848,83.58184351801081
Double_DQN,0,284,245.68212816653872,285,0.6071667671203613,958.9599999999999,60848,83.70980555124096
Double_DQN,0,285,259.74365130427657,286,0.6067657470703125,956.2,60848,83.95196754209641
Double_DQN,0,286,210.28828344952757,348,0.7722852230072021,945.0100000000001,60848,83.13437211218306
Double_DQN,0,287,211.17846910830164,386,0.8588030338287354,949.18,60848,82.87285049562433
Double_DQN,0,288,207.43166488710926,739,1.846383810043335,877.5100000000006,60848,82.83425819522148
Double_DQN,0,289,232.5151825514077,305,0.6503674983978271,954.85,60848,73.8580985557321
Double_DQN,0,290,180.68745052418166,415,0.9152977466583252,946.7799999999999,60848,62.71089062270095
Double_DQN,0,291,-36.2505805592983,587,1.5494494438171387,896.1400000000004,60848,72.12755925175975
Double_DQN,0,292,235.13469606668718,286,0.7657134532928467,958.8699999999999,60848,72.08204106359123
Double_DQN,0,293,271.92395802384823,250,0.6566174030303955,963.76,60848,72.32110780411519
Double_DQN,0,294,241.30640252973134,273,0.7141778469085693,958.66,60848,72.07771836848836
Double_DQN,0,295,183.091061578667,392,1.1334118843078613,939.3400000000001,60848,72.17280673447975
Double_DQN,0,296,161.72308058392463,866,2.755129814147949,923.6499999999996,60848,72.47149214287535
Double_DQN,0,297,220.55616490902273,314,0.8493285179138184,960.5799999999999,60848,72.2332222538388
Double_DQN,0,298,10.786774801094026,467,1.2990233898162842,919.7800000000002,60848,76.70934928637556
Double_DQN,0,299,212.64183150666634,335,0.9077069759368896,952.54,60848,76.38203962095241
Double_DQN,0,300,240.8491465077914,285,0.7678039073944092,955.36,60848,76.51802003776456
Double_DQN,0,301,270.20224179381376,249,0.6475048065185547,963.43,60848,76.75398421597804
Double_DQN,0,302,-63.34013387264686,426,1.1904892921447754,928.0600000000002,60848,85.40554853945196
Double_DQN,0,303,275.5857412499234,212,0.5595748424530029,965.53,60848,81.12909161047698
Double_DQN,0,304,256.1501156660059,277,0.7201418876647949,963.8199999999999,60848,81.31718958962375
Double_DQN,0,305,198.8327383274853,424,1.1660449504852295,945.9100000000001,60848,81.31738428024772
Double_DQN,0,306,271.9033853422658,272,0.6970779895782471,960.64,60848,81.70626306078825
Double_DQN,0,307,304.66168952693624,295,0.7609601020812988,965.1699999999998,60848,82.84321231192901
Double_DQN,0,308,257.3840732834679,587,1.7796411514282227,948.5199999999998,60848,76.50475268180497
Double_DQN,0,309,228.5728942619155,570,1.7751553058624268,923.9500000000002,60848,76.21246032266407
Double_DQN,0,310,200.67547306789552,539,1.5462424755096436,928.6300000000001,60848,76.15947384971456
Double_DQN,0,311,165.20212439025755,274,0.7069087028503418,968.7099999999998,60848,76.45442887354261
Double_DQN,0,312,-130.59626149554842,117,0.2887556552886963,974.5,60848,90.16402394197677
Double_DQN,0,313,269.04113994346835,383,1.0374236106872559,944.1400000000001,60848,90.51096825490613
Double_DQN,0,314,259.46961945674457,309,0.8024063110351562,962.89,60848,90.65618814288256
Double_DQN,0,315,117.2764223177544,1000,2.898690938949585,939.3999999999994,60848,91.47928974132599
Double_DQN,0,316,197.46180482829817,327,0.9008431434631348,950.0200000000001,60848,91.20113914165304
Double_DQN,0,317,264.6171712632657,343,0.9013245105743408,952.6600000000001,60848,91.14033090637729
Double_DQN,0,318,255.20264620188902,574,1.7173845767974854,938.5899999999998,60848,91.4164106557748
Double_DQN,0,319,231.82412844018677,493,1.3798589706420898,950.4999999999999,60848,91.30618755148969
Double_DQN,0,320,244.6990389093823,307,0.8233864307403564,954.25,60848,91.28679028880701
Double_DQN,0,321,262.7905141611351,274,0.7333002090454102,971.2299999999999,60848,91.64455805501562
Double_DQN,0,322,289.60873218951866,211,0.5435996055603027,969.8199999999999,60848,92.00385343776146
Double_DQN,0,323,229.77849032851404,570,1.5750854015350342,934.9899999999999,60848,91.8597312303542
Double_DQN,0,324,238.16855155028276,287,0.7578437328338623,958.5699999999999,60848,91.89621725464342
Double_DQN,0,325,-50.810685562010505,120,0.2950611114501953,983.4399999999999,60848,98.68074380924891
Double_DQN,0,326,-113.45633192795255,1000,3.614807605743408,820.1499999999986,60848,104.29218206084379
Double_DQN,0,327,256.690609391667,183,0.45711708068847656,978.01,60848,104.26881771767027
Double_DQN,0,328,276.5180862009722,203,0.5159828662872314,972.9999999999999,60848,104.45063574354889
Double_DQN,0,329,250.28759819329116,213,0.5382471084594727,973.5999999999999,60848,104.5577302310206
Double_DQN,0,330,264.41503251612727,222,0.5586528778076172,971.77,60848,104.94037089614017
Double_DQN,0,331,-75.26846486596604,1000,3.5050437450408936,819.7299999999985,60848,111.30241232573039
Double_DQN,0,332,234.18540019904026,220,0.5588469505310059,969.2199999999999,60848,111.26313994984444
Double_DQN,0,333,221.2024943055562,340,0.9051766395568848,952.8399999999999,60848,111.04170109249584
Double_DQN,0,334,285.6703332448453,260,0.6665537357330322,965.1399999999999,60848,111.56130246912161
Double_DQN,0,335,252.9778032804348,212,0.530893087387085,974.2299999999999,60848,111.48526886574459
Double_DQN,0,336,15.480766920494787,112,0.2775535583496094,983.47,60848,114.20582326963545
Double_DQN,0,337,244.97184008078955,424,1.171020746231079,969.0999999999998,60848,114.43051149367548
Double_DQN,0,338,282.72001879690373,192,0.4841127395629883,976.75,60848,115.1377725682954
Double_DQN,0,339,237.0771799601692,548,1.444589614868164,956.2599999999999,60848,115.17171268553825
Double_DQN,0,340,43.06027986111519,90,0.2227334976196289,985.12,60848,117.03879487878244
Double_DQN,0,341,257.54458710542053,193,0.4849088191986084,975.6999999999999,60848,112.87067457867802
Double_DQN,0,342,266.6191489281574,193,0.48912763595581055,975.64,60848,113.17950492269877
Double_DQN,0,343,260.5470508005301,183,0.4579203128814697,974.4699999999999,60848,113.03749931595326
Double_DQN,0,344,302.44979429336513,255,0.6674160957336426,969.43,60848,113.85387652867146
Double_DQN,0,345,270.5258684234784,256,0.6652019023895264,972.0099999999999,60848,114.30117807912566
Double_DQN,0,346,268.22412824568863,256,0.6512398719787598,971.3199999999999,60848,114.58790874168268
Double_DQN,0,347,225.75571454136195,228,0.5764241218566895,976.66,60848,114.6082999960463
Double_DQN,0,348,275.9292407019019,171,0.4287729263305664,977.38,60848,111.79624496849897
Double_DQN,0,349,264.88153623152095,203,0.5089626312255859,972.4599999999999,60848,112.09676373723407
Double_DQN,0,350,270.3747166424432,272,0.7037804126739502,971.8599999999999,60848,112.35055783528678
Double_DQN,0,351,263.01355016113075,275,0.6985502243041992,975.04,60848,112.27502454169071
Double_DQN,0,352,251.47476261820879,243,0.6323344707489014,962.68,60848,105.53309228705972
Double_DQN,0,353,246.68406927556308,230,0.5859229564666748,973.4799999999999,60848,105.2720706458099
Double_DQN,0,354,288.8826305745551,186,0.464719295501709,975.25,60848,105.6379598347307
Double_DQN,0,355,268.4449191146891,189,0.4806399345397949,974.14,60848,105.88858021399925
Double_DQN,0,356,-51.448101371575945,95,0.23311400413513184,988.87,60848,111.93539788197327
Double_DQN,0,357,255.6134554311747,194,0.4958789348602295,977.41,60848,111.30439868980622
Double_DQN,0,358,57.59636314924674,124,0.31051039695739746,977.47,60848,113.02716596052485
Double_DQN,0,359,-14.820323634759305,76,0.18563151359558105,989.2,60848,117.02811124488426
Double_DQN,0,360,290.1558463992287,172,0.4368257522583008,975.8499999999999,60848,117.72239606342701
Double_DQN,0,361,147.3200496702293,1000,2.758249521255493,971.3799999999998,60848,117.85700731001283
Double_DQN,0,362,239.77579037711553,191,0.47162628173828125,979.39,60848,108.05089420437979
Double_DQN,0,363,239.66085789777907,234,0.5866951942443848,973.9899999999999,60848,107.79597173306972
Double_DQN,0,364,13.776679340014681,108,0.2621588706970215,982.12,60848,110.85934119619223
Double_DQN,0,365,273.51063698533324,184,0.46299290657043457,977.77,60848,110.61974208752184
Double_DQN,0,366,-59.075066597793544,93,0.22538542747497559,989.65,60848,116.65577296582582
Double_DQN,0,367,289.2526454599177,202,0.511192798614502,973.4499999999999,60848,116.97789430030824
Double_DQN,0,368,285.1037913198393,169,0.4263017177581787,976.27,60848,117.33033979288146
Double_DQN,0,369,-39.12159115649249,86,0.21117949485778809,988.9,60848,121.96566503592565
Double_DQN,0,370,272.2312795026231,227,0.5742506980895996,971.0799999999999,60848,122.24616658093235
Double_DQN,0,371,288.2969077214651,167,0.42180681228637695,977.98,60848,122.57434469249746
Double_DQN,0,372,279.5428529933077,175,0.4363715648651123,978.6999999999999,60848,122.43034000213719
Double_DQN,0,373,260.00958958293876,266,0.6682031154632568,965.6799999999998,60848,122.6658964165952
Double_DQN,0,374,273.2472074445934,424,1.1316673755645752,971.7699999999999,60848,122.99662916670381
Double_DQN,0,375,289.6595290212331,212,0.5324575901031494,977.77,60848,118.36215209698592
Double_DQN,0,376,-74.68928596508268,74,0.18045687675476074,988.63,60848,116.38422483960491
Double_DQN,0,377,251.89998571993019,219,0.5541579723358154,975.04,60848,116.34420473100731
Double_DQN,0,378,288.75178659954105,175,0.43305277824401855,978.25,60848,116.50575079545006
Double_DQN,0,379,289.68578156817506,196,0.4858055114746094,974.7099999999999,60848,116.93581358419576
Double_DQN,0,380,273.2535283850579,179,0.4325218200683594,977.1999999999999,60848,117.02960656623476
Double_DQN,0,381,285.2265342382011,169,0.4156033992767334,977.68,60848,110.34016825781816
Double_DQN,0,382,282.3618024995646,323,0.8402328491210938,956.68,60848,110.72137110449125
Double_DQN,0,383,283.7532946627313,181,0.44803428649902344,974.5899999999999,60848,111.13668732347583
Double_DQN,0,384,270.1646525399568,225,0.5585339069366455,976.87,60848,110.9641198072831
Double_DQN,0,385,266.95748613200243,221,0.5519661903381348,974.53,60848,111.07458066510608
Double_DQN,0,386,301.96592055530056,189,0.46923232078552246,974.7099999999999,60848,107.91456749599162
Double_DQN,0,387,272.10389149055607,177,0.4321095943450928,979.3,60848,108.096897899136
Double_DQN,0,388,260.994439413241,373,1.0160796642303467,943.0300000000001,60848,107.89751699950239
Double_DQN,0,389,266.0146335706417,179,0.43527936935424805,977.5,60848,108.05388079745553
Double_DQN,0,390,290.17045688165047,208,0.524852991104126,970.8699999999999,60848,105.34333956648712
Double_DQN,0,391,295.1466844836256,245,0.6122527122497559,964.6899999999999,60848,105.68804794342239
Double_DQN,0,392,269.99992705387683,375,0.9708561897277832,974.1999999999998,60848,105.71358339221351
Double_DQN,0,393,-63.270283373335346,72,0.1680469512939453,989.35,60848,113.20115616394838
Double_DQN,0,394,261.9054809564101,253,0.6411714553833008,970.5999999999999,60848,112.76597942380303
Double_DQN,0,395,247.6301382930885,188,0.46620917320251465,978.31,60848,112.610876168999
Double_DQN,0,396,269.13576691460077,179,0.4432199001312256,975.67,60848,112.61864613665415
Double_DQN,0,397,271.2833573562758,183,0.4454779624938965,975.91,60848,112.83969423334302
Double_DQN,0,398,-325.42856113577216,95,0.2346794605255127,986.89,60848,136.06659281664622
Double_DQN,0,399,248.16215065134747,227,0.5695986747741699,979.51,60848,135.95077470797008
Double_DQN,0,400,232.88053189320118,175,0.43196702003479004,979.9,60848,135.71473581912375
Double_DQN,0,401,240.41564917980776,195,0.47552943229675293,979.27,60848,135.56998245389022
Double_DQN,0,402,278.51763540466095,200,0.4962730407714844,973.75,60848,135.79592249200334
Double_DQN,0,403,-35.55658242589661,76,0.17764902114868164,990.31,60848,139.8990704596166
Double_DQN,0,404,-75.01746834315806,73,0.1725456714630127,990.91,60848,144.6246186830275
Double_DQN,0,405,-42.024451505433554,72,0.16923952102661133,988.78,60848,147.99218504160214
Double_DQN,0,406,-73.5915790285431,80,0.1873798370361328,989.62,60848,148.74365024375723
Double_DQN,0,407,222.07215090627284,193,0.472836971282959,974.7099999999999,60848,148.5172254630476
Double_DQN,0,408,192.98889551479925,379,0.9987726211547852,972.0699999999998,60848,147.33834612727935
Double_DQN,0,409,282.6883986546125,173,0.4164924621582031,977.9499999999999,60848,144.8913721292077
Double_DQN,0,410,227.90689180151443,197,0.4937624931335449,973.18,60848,144.35199769075757
Double_DQN,0,411,36.30224036367889,140,0.33356499671936035,980.7099999999999,60848,145.9251356288143
Double_DQN,0,412,264.1734427728913,282,0.6916837692260742,973.8399999999999,60848,146.11961186625422
Double_DQN,0,413,237.6620006855998,178,0.4335815906524658,976.1499999999999,60848,146.10739252022586
Double_DQN,0,414,249.664097459972,181,0.4409317970275879,977.17,60848,144.00575210591398
Double_DQN,0,415,239.09546520783925,434,1.1488142013549805,971.6799999999998,60848,143.72850760227934
Double_DQN,0,416,252.57341511896723,186,0.4560704231262207,977.29,60848,139.1284359057101
Double_DQN,0,417,53.193938424658,214,0.5239086151123047,963.13,60848,140.16496085288878
Double_DQN,0,418,260.4939814456956,204,0.4954860210418701,976.3299999999999,60848,139.9065425997156
Double_DQN,0,419,-39.226093172367314,71,0.17107129096984863,989.23,60848,139.91010102121933
Double_DQN,0,420,-14.148095540841851,124,0.2893824577331543,980.8,60848,142.6314585330957
Double_DQN,0,421,270.1317565055592,192,0.469315767288208,973.8699999999999,60848,142.41199072610402
Double_DQN,0,422,22.349721765110445,84,0.20726776123046875,983.41,60848,143.82872314600354
Double_DQN,0,423,-8.915165707517772,84,0.20502424240112305,985.12,60848,146.03886116123775
Double_DQN,0,424,250.88050324884682,358,0.9139573574066162,967.7499999999998,60848,145.79399499641974
Double_DQN,0,425,256.4918382958316,565,1.4660181999206543,969.9399999999997,60848,145.3773516167965
Double_DQN,0,426,272.7492399313501,186,0.4573538303375244,978.4,60848,141.2192874649546
Double_DQN,0,427,202.0716737427106,370,0.9569780826568604,971.4399999999998,60848,140.9421626037484
Double_DQN,0,428,272.73400879155247,265,0.6700937747955322,967.0899999999999,60848,140.7291454766149
Double_DQN,0,429,276.71504514930314,325,0.8479306697845459,973.4199999999997,60848,140.5513430002241
Double_DQN,0,430,228.93906182289604,241,0.6096642017364502,976.5399999999998,60848,140.14173049245886
Double_DQN,0,431,255.53608487847592,260,0.634925127029419,970.03,60848,139.78157824696387
Double_DQN,0,432,-202.8561203333589,195,0.47023582458496094,975.7299999999999,60848,149.22325535140376
Double_DQN,0,433,191.20647227421432,240,0.6111993789672852,973.0599999999998,60848,148.44083447701928
Double_DQN,0,434,266.090106818242,247,0.6219842433929443,964.48,60848,148.38893182012222
Double_DQN,0,435,268.0111682538734,302,0.7577192783355713,971.9499999999999,60848,148.40226861998573
Double_DQN,0,436,24.74820237060291,138,0.3264310359954834,977.62,60848,148.6803811151968
Double_DQN,0,437,310.89843693075204,242,0.5951921939849854,968.05,60848,149.32128059464466
Double_DQN,0,438,294.0977497181408,194,0.4654114246368408,971.29,60848,149.80115183878107
Double_DQN,0,439,297.14448793334464,215,0.5222814083099365,973.6899999999999,60848,150.26506848123768
Double_DQN,0,440,253.26017260982388,200,0.48974132537841797,969.8499999999999,60848,149.76319524719858
Double_DQN,0,441,286.55706803104,184,0.4344661235809326,971.29,60848,149.62366724340953
Double_DQN,0,442,247.17773446872314,179,0.4270312786102295,978.91,60848,149.34998878768505
Double_DQN,0,443,242.49564281250363,218,0.5478425025939941,971.65,60848,145.94645035326155
Double_DQN,0,444,249.07202787782376,200,0.4967787265777588,973.51,60848,145.80433175929429
Double_DQN,0,445,253.30792640379866,162,0.39264678955078125,975.28,60848,145.86337294294077
Double_DQN,0,446,241.3665127776158,194,0.4755856990814209,976.4499999999999,60848,145.5552946457304
Double_DQN,0,447,233.41662027078712,200,0.49643588066101074,974.5599999999998,60848,145.14585196889604
Double_DQN,0,448,9.3467970756587,104,0.24896597862243652,981.22,60848,128.78004215155357
Double_DQN,0,449,-70.40071753971155,70,0.16298151016235352,988.9,60848,133.0634383121862
Double_DQN,0,450,272.4717083701911,405,1.096522569656372,970.8399999999997,60848,133.53014687263118
Double_DQN,0,451,250.2314554308034,272,0.681908130645752,974.2599999999999,60848,133.63407873042766
Double_DQN,0,452,265.22002504736844,195,0.4798085689544678,972.49,60848,133.4402965891959
Double_DQN,0,453,-146.35363606370015,89,0.20075392723083496,999.67,60848,137.7591532021591
Double_DQN,0,454,266.02847859142486,162,0.3950991630554199,978.01,60848,133.73306406601205
Double_DQN,0,455,252.62444858305304,212,0.5305125713348389,969.9699999999999,60848,130.3100064963753
Double_DQN,0,456,229.34949330268128,413,1.1464762687683105,968.3199999999998,60848,125.08690875353223
Double_DQN,0,457,289.4073131875281,551,1.460456132888794,970.3599999999998,60848,125.77484292764846
Double_DQN,0,458,279.4212351821672,180,0.4304008483886719,972.73,60848,126.36446986514974
Double_DQN,0,459,266.19229973411484,203,0.4986240863800049,969.88,60848,126.15402190625036
Double_DQN,0,460,-53.48796867304539,117,0.276686429977417,984.49,60848,130.6990022232602
Double_DQN,0,461,-122.1770366362461,210,0.5172817707061768,965.56,60848,136.15004069256932
Double_DQN,0,462,-207.9530220365478,96,0.22102046012878418,992.17,60848,146.31959827319474
Double_DQN,0,463,273.6129452826003,286,0.7263972759246826,963.8799999999999,60848,146.71111485957152
Double_DQN,0,464,-179.5877998870207,152,0.373715877532959,976.78,60848,154.51376267993274
Double_DQN,0,465,257.9808327535707,206,0.4945697784423828,973.7499999999999,60848,154.7109491575799
Double_DQN,0,466,254.06385002039963,188,0.45593833923339844,974.26,60848,154.72738215578931
Double_DQN,0,467,34.8753166919613,163,0.3965480327606201,972.43,60848,155.02029738932282
Double_DQN,0,468,-167.3479573623896,123,0.2946889400482178,989.5,60848,161.33984002062536
Double_DQN,0,469,251.96684906381276,194,0.4815537929534912,976.03,60848,159.31809514598896
Double_DQN,0,470,284.93300455757964,169,0.40728163719177246,976.51,60848,158.09170630833054
Double_DQN,0,471,249.91681670286158,204,0.49922609329223633,972.3699999999999,60848,157.86315651580722
Double_DQN,0,472,304.6607224638886,176,0.43593907356262207,975.7299999999999,60848,157.5109815626776
Double_DQN,0,473,245.0213692682305,282,0.6993675231933594,971.2599999999999,60848,155.5431073255555
Double_DQN,0,474,262.3462667047195,248,0.6253008842468262,973.78,60848,155.65401700099153
Double_DQN,0,475,271.4520294821914,244,0.6224775314331055,972.4599999999999,60848,155.81223362036653
Double_DQN,0,476,261.9342782956094,201,0.48329973220825195,972.76,60848,155.69324847202176
Double_DQN,0,477,33.58297629632946,163,0.39420247077941895,975.25,60848,157.03033637935744
Double_DQN,0,478,221.10299187995778,224,0.5493679046630859,975.3399999999999,60848,156.57429243108442
Double_DQN,0,479,267.0525454433561,368,0.9196372032165527,971.1399999999999,60848,156.4572082703906
Double_DQN,0,480,241.56510500819198,188,0.461179256439209,976.81,60848,156.55106074095448
Double_DQN,0,481,213.27661934003518,190,0.4749598503112793,976.6599999999999,60848,156.23968637907325
Double_DQN,0,482,264.8132999680163,223,0.5430545806884766,968.7399999999999,60848,146.98168243154603
Double_DQN,0,483,276.0206197295527,200,0.4909980297088623,976.4499999999999,60848,147.5236254382601
Double_DQN,0,484,248.78624563911558,731,1.9405241012573242,966.5499999999997,60848,147.35886208484007
Double_DQN,0,485,258.93571598348274,234,0.5814409255981445,974.0499999999998,60848,147.2646104245682
Double_DQN,0,486,269.88874624436073,194,0.46390318870544434,975.55,60848,145.85889968204066
Double_DQN,0,487,287.70604109105705,165,0.3949706554412842,977.14,60848,145.51586194972472
Double_DQN,0,488,40.62837768093044,141,0.33458995819091797,978.1899999999999,60848,146.26051301579892
Double_DQN,0,489,267.1677611664564,180,0.4245774745941162,975.91,60848,145.86565708135706
Double_DQN,0,490,260.00967876314576,288,0.7417502403259277,957.61,60848,145.9312642942571
Double_DQN,0,491,249.61266984962992,342,0.9003777503967285,965.4399999999998,60848,145.51212965461605
Double_DQN,0,492,250.57176763436772,233,0.5876028537750244,974.53,60848,145.54188250444457
Double_DQN,0,493,273.9548972315292,197,0.4735860824584961,977.35,60848,145.85620976407554
Double_DQN,0,494,-17.06331670053254,97,0.23768353462219238,983.68,60848,148.28416238473366
Double_DQN,0,495,250.07807869128388,174,0.4257802963256836,976.06,60848,148.25310038787603
Double_DQN,0,496,288.4000479022951,243,0.6192998886108398,963.5799999999999,60848,148.78543495995976
Double_DQN,0,497,224.19952413612572,229,0.590794563293457,970.9899999999999,60848,148.72645396745213
Double_DQN,0,498,271.1213046674292,195,0.49237561225891113,977.68,60848,147.18703560998753
Double_DQN,0,499,228.92140223961204,352,0.9503047466278076,967.7199999999998,60848,142.63919014287643
Double_DQN,0,500,232.92369833094287,209,0.5236392021179199,970.9,60848,142.30191910266294
Double_DQN,1,1,-274.9823209748055,131,0.12723898887634277,989.44,inf,0.0
Double_DQN,1,2,-179.00458906350755,88,0.15372586250305176,992.71,inf,47.98886595564896
Double_DQN,1,3,-92.18051294387932,91,0.15893292427062988,991.45,inf,74.65970669662866
Double_DQN,1,4,-116.23395564361458,76,0.12989044189453125,992.8,inf,70.66046023820925
Double_DQN,1,5,-449.3623629887451,116,0.20462989807128906,989.71,inf,129.914055438752
Double_DQN,1,6,-314.1005260677734,101,0.17378950119018555,987.64,inf,123.42543043630047
Double_DQN,1,7,-90.25517131974088,74,0.12681150436401367,994.27,inf,125.3698226161489
Double_DQN,1,8,-71.51582039250205,111,0.1924436092376709,991.6,inf,126.7075702255919
Double_DQN,1,9,-126.76481428432608,112,0.19623208045959473,990.37,inf,121.56700045119162
Double_DQN,1,10,-48.50265544199252,87,0.14770030975341797,990.1,inf,122.94344387569875
Double_DQN,1,11,-342.67267131086567,107,0.18994355201721191,990.01,inf,126.60509853856642
Double_DQN,1,12,-237.83000414283515,122,0.20999908447265625,989.2,inf,121.89206410653328
Double_DQN,1,13,-311.13763926255353,103,0.17639541625976562,988.72,inf,121.1108039713129
Double_DQN,1,14,-53.866255572857135,73,0.12189984321594238,990.13,inf,122.95947588783032
Double_DQN,1,15,-183.88890619310348,100,0.17022109031677246,991.63,inf,118.81411744274612
Double_DQN,1,16,-243.1395448977353,100,0.17766928672790527,989.65,inf,115.684304224753
Double_DQN,1,17,-209.71533541438492,108,0.19565582275390625,987.82,inf,112.27688605049686
Double_DQN,1,18,-149.0725642326892,84,0.14818596839904785,992.29,inf,109.65923827920636
Double_DQN,1,19,-184.8340054894587,81,0.14044785499572754,991.33,inf,106.75462006334645
Double_DQN,1,20,-7.722253943972618,97,0.1672351360321045,990.49,inf,111.66237090507926
Double_DQN,1,21,-336.04565257232497,99,0.16925358772277832,991.24,inf,113.65960758978977
Double_DQN,1,22,-106.89546956610425,141,0.25310182571411133,984.22,inf,112.43814767147616
Double_DQN,1,23,-111.49790227799738,141,0.2568848133087158,984.22,inf,111.05968777607892
Double_DQN,1,24,-219.84468511171391,137,0.2499394416809082,984.85,inf,108.95177922118823
Double_DQN,1,25,-156.0775193217969,105,0.19149231910705566,985.0,inf,106.91011091222128
Double_DQN,1,26,-201.40379062831602,132,0.23485207557678223,983.38,inf,104.88327565666441
Double_DQN,1,27,-101.11197352503554,88,0.1567845344543457,989.23,inf,104.14427622422687
Double_DQN,1,28,-108.50425426749905,65,0.11046004295349121,993.22,inf,103.1782917107804
Double_DQN,1,29,-245.19237787859842,130,0.22955894470214844,984.7,inf,102.0882243156985
Double_DQN,1,30,-299.8618973817205,95,0.17154908180236816,987.91,inf,102.58379640733183
Double_DQN,1,31,-64.1741342246494,148,0.26685118675231934,981.3399999999999,inf,103.17735764018182
Double_DQN,1,32,-122.95374859549572,83,0.14959073066711426,990.1,inf,102.06816096395951
Double_DQN,1,33,-95.30826511139097,82,0.14794659614562988,989.26,inf,101.55312264359532
Double_DQN,1,34,-69.35615574652326,112,0.19884181022644043,985.09,inf,101.70163783711273
Double_DQN,1,35,-29.915734549834255,82,0.14380598068237305,988.03,inf,103.0826243346734
Double_DQN,1,36,-260.45043302702044,106,0.18892836570739746,986.8,inf,102.71863566604178
Double_DQN,1,37,-69.03856200482956,92,0.16328811645507812,987.01,inf,102.70468069320684
Double_DQN,1,38,-108.71977779247746,96,0.16539740562438965,986.83,inf,101.81559095037073
Double_DQN,1,39,-129.77165300201537,141,0.2564737796783447,979.39,inf,100.68555407537161
Double_DQN,1,40,-112.38898018556273,85,0.15620994567871094,990.64,inf,99.78734476795334
Double_DQN,1,41,-134.87168469906402,137,0.2559835910797119,984.61,inf,98.67892929590481
Double_DQN,1,42,-3.825984406033996,90,0.16628718376159668,986.14,inf,100.55050910069264
Double_DQN,1,43,-136.21876525575297,111,0.20371532440185547,983.89,inf,99.4462266034876
Double_DQN,1,44,-92.9355163755942,112,0.20270800590515137,984.61,inf,98.82706880765804
Double_DQN,1,45,-117.04805563418506,137,0.25572848320007324,982.75,inf,97.91980231527324
Double_DQN,1,46,-107.86153173390882,164,0.30973172187805176,973.6899999999999,inf,97.12771029857663
Double_DQN,1,47,-5.547847741369992,136,0.26003074645996094,978.43,inf,98.54723494671687
Double_DQN,1,48,-85.95074308673956,84,0.15681910514831543,987.85,inf,97.99712757369586
Double_DQN,1,49,-47.22538685914361,115,0.21639561653137207,981.85,inf,98.12732568984568
Double_DQN,1,50,-115.42007708385732,118,0.22050189971923828,985.78,inf,97.2640541485335
Double_DQN,1,51,-127.1325921132519,120,0.22538280487060547,980.86,inf,95.64253156198063
Double_DQN,1,52,-58.74321121095126,165,0.3025977611541748,979.12,inf,96.30941004744628
Double_DQN,1,53,-11.275586968592293,142,0.25748515129089355,975.9399999999999,inf,97.83867513130348
Double_DQN,1,54,-120.8449722579814,157,0.29671216011047363,979.39,inf,97.81589011407239
Double_DQN,1,55,-173.05765453851174,117,0.2182292938232422,986.32,inf,87.61063979816073
Double_DQN,1,56,-120.3888247194418,208,0.392963171005249,966.7599999999999,inf,83.90841391735772
Double_DQN,1,57,-163.12254648222375,211,0.4117109775543213,969.6399999999999,inf,83.77986991609072
Double_DQN,1,58,-140.32130992346157,197,0.3777306079864502,967.0899999999999,inf,83.2925524448662
Double_DQN,1,59,-66.0241628971392,153,0.28937792778015137,972.64,inf,83.86214519430452
Double_DQN,1,60,-62.969406783466845,120,0.22060537338256836,985.09,inf,83.58781557049562
Double_DQN,1,61,-114.3816792853673,155,0.28954625129699707,981.04,inf,78.19479824285608
Double_DQN,1,62,-95.15001820323086,248,0.49102330207824707,956.35,inf,76.82453913171827
Double_DQN,1,63,-51.12527316956175,112,0.20490479469299316,983.53,inf,72.94349045635995
Double_DQN,1,64,-68.71403654430051,241,0.4765160083770752,959.05,inf,72.69268145623047
Double_DQN,1,65,-27.596700434111256,208,0.41327667236328125,965.53,inf,73.36192374134998
Double_DQN,1,66,-75.62239953469684,190,0.376361608505249,970.42,inf,71.4536768873282
Double_DQN,1,67,-29.625098674979412,205,0.40531110763549805,970.27,inf,71.20086639783138
Double_DQN,1,68,-313.4608683491191,184,0.36424732208251953,977.26,inf,76.40237139152775
Double_DQN,1,69,-54.60865882506128,366,0.7860879898071289,934.4500000000002,inf,76.23607430562942
Double_DQN,1,70,-6.669165949083137,136,0.2633941173553467,978.13,inf,76.26544719191386
Double_DQN,1,71,-20.44605967043006,120,0.2272017002105713,978.49,inf,70.4240218163415
Double_DQN,1,72,-8.21199995931822,163,0.3154730796813965,972.3399999999999,inf,71.77513266429399
Double_DQN,1,73,-4.5756094241634315,164,0.325331449508667,971.77,inf,73.136702736721
Double_DQN,1,74,-33.97241109794366,314,0.6598470211029053,944.7400000000001,inf,71.82026852636189
Double_DQN,1,75,-289.9257665989362,378,0.8008842468261719,937.9300000000001,inf,76.24190245628712
Double_DQN,1,76,13.015287395837177,97,0.18968439102172852,984.07,inf,76.56307294507043
Double_DQN,1,77,-16.69541888984446,140,0.2721893787384033,977.53,inf,77.39702253099834
Double_DQN,1,78,-60.14178585547067,322,0.8217933177947998,945.46,inf,77.53782722466731
Double_DQN,1,79,8.827862624149986,780,1.995755910873413,897.3100000000003,inf,75.84152830175069
Double_DQN,1,80,-309.33334730582396,913,2.3834786415100098,867.4900000000002,inf,76.37532245666148
Double_DQN,1,81,0.6895935919116454,1000,3.354294776916504,857.5,inf,77.35143596696221
Double_DQN,1,82,-125.01759250236736,1000,3.4568710327148438,821.4699999999987,inf,77.37013030718384
Double_DQN,1,83,-122.91748687204826,1000,2.692660093307495,818.2599999999986,inf,77.5117916115918
Double_DQN,1,84,-87.00905628687069,1000,2.958907127380371,815.6199999999985,inf,77.45932133566852
Double_DQN,1,85,-113.11431333397319,1000,2.9690258502960205,816.8799999999985,inf,77.04594380303143
Double_DQN,1,86,-19.84962733384055,1000,3.0404446125030518,817.0599999999986,inf,73.79082182798653
Double_DQN,1,87,-219.5476271205207,743,2.093158483505249,869.8900000000006,inf,76.04337306682025
Double_DQN,1,88,-155.411099307455,1000,2.7038331031799316,820.8099999999987,inf,76.55571534452729
Double_DQN,1,89,-85.32628264050855,1000,2.986285448074341,819.2499999999986,inf,76.35431243072554
Double_DQN,1,90,-200.8204706479853,533,1.3733079433441162,909.5800000000004,inf,77.86669959805712
Double_DQN,1,91,-210.10577284533883,600,1.6961936950683594,893.0500000000004,inf,79.40108006017213
Double_DQN,1,92,-84.09175714285263,1000,3.1549220085144043,819.2799999999986,inf,78.38574152038686
Double_DQN,1,93,-286.4990099036576,865,2.8240065574645996,846.0999999999997,inf,82.6848811029629
Double_DQN,1,94,-191.7931304829344,544,1.3704187870025635,905.0200000000004,inf,83.72353894161445
Double_DQN,1,95,-264.5399298285022,645,1.6866412162780762,884.9800000000006,inf,86.82562640377816
Double_DQN,1,96,-207.49321943359124,717,2.2384819984436035,870.6700000000005,inf,88.0581885965958
Double_DQN,1,97,-232.314687287666,604,1.656419038772583,893.5600000000005,inf,88.67806603090877
Double_DQN,1,98,-302.8500326064259,858,2.7004599571228027,843.6399999999995,inf,92.65453378089924
Double_DQN,1,99,-113.88320927901437,1000,3.205899238586426,818.3499999999985,inf,92.17022877571897
Double_DQN,1,100,-134.7439502254365,1000,3.572122573852539,823.4499999999988,inf,92.21255498928682
Double_DQN,1,101,-120.2873680176296,1000,2.6117429733276367,815.8599999999985,inf,92.19978632217175
Double_DQN,1,102,-232.68877987436954,651,1.4969723224639893,882.6100000000006,inf,93.28517474341417
Double_DQN,1,103,-83.12668793459692,1000,3.0656046867370605,825.3399999999989,inf,92.16877659623891
Double_DQN,1,104,-132.98917052613572,1000,2.66583251953125,813.7599999999985,inf,92.18679428432166
Double_DQN,1,105,-116.70166191689036,1000,2.313343048095703,818.4099999999985,inf,91.87764703980766
Double_DQN,1,106,-74.97425905834969,1000,2.43825626373291,816.0399999999985,inf,92.08440244170754
Double_DQN,1,107,-85.509160833742,1000,2.9761555194854736,822.9399999999988,inf,91.96756243179962
Double_DQN,1,108,-40.58147619514716,1000,3.0240774154663086,819.7899999999987,inf,92.5117668320254
Double_DQN,1,109,-72.60501480806398,1000,2.4024264812469482,816.6699999999985,inf,92.44719712887651
Double_DQN,1,110,-47.11836618980242,1000,2.882495641708374,818.2299999999987,inf,92.65117227072813
Double_DQN,1,111,-256.8514875938443,279,0.5355665683746338,950.0200000000001,inf,94.77226902267437
Double_DQN,1,112,-75.5829367356393,1000,2.4930765628814697,823.4499999999989,inf,94.9031592118263
Double_DQN,1,113,-90.94103366857173,1000,2.529554843902588,818.4099999999986,inf,94.51423881942053
Double_DQN,1,114,-35.42579218168615,314,0.6300182342529297,964.8699999999999,inf,94.97299226451338
Double_DQN,1,115,-33.65774500411342,1000,2.4184927940368652,818.2899999999986,inf,94.86257974518755
Double_DQN,1,116,-59.707627842775985,68,0.1253204345703125,989.2,inf,95.0279150587172
Double_DQN,1,117,-92.0792194890102,1000,2.596322536468506,816.9399999999985,inf,94.28105342953836
Double_DQN,1,118,-87.62994188906463,1000,2.4552128314971924,823.5999999999988,inf,90.13061081908803
Double_DQN,1,119,-48.61449217678551,1000,2.869309663772583,823.5099999999989,inf,90.21288712383857
Double_DQN,1,120,-39.73333030401743,1000,2.656043529510498,828.3999999999991,inf,89.54655326412772
Double_DQN,1,121,-83.20576731403571,1000,2.518339157104492,820.6899999999988,inf,88.66048949523973
Double_DQN,1,122,244.3830948333361,229,0.4401276111602783,969.0999999999999,240760,100.96425420349439
Double_DQN,1,123,-19.2423157616371,114,0.21674036979675293,981.1899999999999,240760,100.67755899468992
Double_DQN,1,124,-25.374801787654732,119,0.22197318077087402,983.38,240760,100.81552675043703
Double_DQN,1,125,-22.406874968876384,1000,2.9160537719726562,825.3399999999989,240760,98.21228561992844
Double_DQN,1,126,-330.31953656226455,740,1.9253528118133545,882.5200000000007,240760,101.6579235016812
Double_DQN,1,127,-56.90920012341458,1000,3.316760540008545,816.8799999999985,240760,101.05852380747847
Double_DQN,1,128,-26.21467513963526,291,0.6169705390930176,947.23,240760,101.52226621976357
Double_DQN,1,129,-47.31610357514027,1000,2.4219939708709717,819.6099999999986,240760,100.48411240968845
Double_DQN,1,130,-98.58894047469475,1000,3.01707124710083,823.3299999999988,240760,96.50954112948256
Double_DQN,1,131,-71.37898834072377,1000,2.454627275466919,816.9399999999986,240760,95.39267842618344
Double_DQN,1,132,-185.77619885604548,224,0.44310760498046875,960.64,240760,95.95629208797897
Double_DQN,1,133,-78.0322611297677,1000,2.4874894618988037,822.7299999999988,240760,96.05639452801437
Double_DQN,1,134,-60.14720524960552,1000,3.1804447174072266,821.7399999999988,240760,96.2624681390466
Double_DQN,1,135,-26.93974944552255,1000,2.5688443183898926,822.6399999999987,240760,96.96364540771373
Double_DQN,1,136,-88.18025825083336,1000,2.922924280166626,818.7999999999986,240760,96.18336919974782
Double_DQN,1,137,-43.1076264398243,1000,2.5692851543426514,826.8699999999991,240760,95.32638372539151
Double_DQN,1,138,175.30829483968643,718,1.8443489074707031,894.3700000000005,240760,102.86550036807353
Double_DQN,1,139,-49.55710528695872,1000,3.295396089553833,814.9899999999984,240760,103.0870767447238
Double_DQN,1,140,-52.227833934950944,1000,2.8588240146636963,816.9399999999986,240760,102.24672536150685
Double_DQN,1,141,-72.62070985826027,1000,2.884394645690918,822.6399999999988,240760,100.98217781165467
Double_DQN,1,142,-28.89708570554065,1000,2.995795965194702,827.439999999999,240760,101.37724814928494
Double_DQN,1,143,194.05403960185595,398,0.8868415355682373,942.49,240760,105.20392271056849
Double_DQN,1,144,-42.251150056624354,1000,2.6003401279449463,819.6999999999987,240760,104.17616650763689
Double_DQN,1,145,246.26914180907806,300,0.6194033622741699,968.9799999999999,240760,110.39507502394329
Double_DQN,1,146,-81.16966598678064,1000,2.9717178344726562,813.8499999999984,240760,108.63580862872408
Double_DQN,1,147,-85.80188210003695,1000,3.138430595397949,822.7599999999989,240760,106.07791520804236
Double_DQN,1,148,209.77049823652703,358,0.76053786277771,952.24,240760,107.25177632114398
Double_DQN,1,149,-283.058508725569,204,0.40250062942504883,960.13,240760,111.67658872525362
Double_DQN,1,150,-74.27203133775528,304,0.6433470249176025,945.97,240760,111.15442143361027
Double_DQN,1,151,-120.09968656108806,1000,3.1060400009155273,823.5099999999989,240760,111.15224682325375
Double_DQN,1,152,-149.77687704972266,158,0.3141031265258789,980.5899999999999,240760,109.10041776262851
Double_DQN,1,153,-49.618590489183475,1000,3.040513277053833,820.3599999999988,240760,109.0231815963438
Double_DQN,1,154,235.2133462155738,680,1.5947661399841309,922.8100000000002,240760,115.63776927416608
Double_DQN,1,155,56.858660460883584,1000,3.1188361644744873,856.5700000000002,240760,116.07062909650693
Double_DQN,1,156,-89.90002304309073,90,0.17554187774658203,989.02,240760,116.17257059483043
Double_DQN,1,157,40.16440328824952,1000,2.6633219718933105,847.7499999999998,240760,116.58297379243315
Double_DQN,1,158,-132.79726961143822,113,0.2125239372253418,990.58,240760,117.2981944972178
Double_DQN,1,159,-47.048234966671316,1000,2.540907382965088,821.3799999999987,240760,117.22051722169894
Double_DQN,1,160,-70.86971615528009,261,0.5567173957824707,956.5899999999999,240760,117.28940993070117
Double_DQN,1,161,182.68063904536095,316,0.6764140129089355,956.77,240760,117.34526568329922
Double_DQN,1,162,0.7961481724639974,1000,2.681917428970337,821.7699999999987,240760,117.28378393148724
Double_DQN,1,163,150.10687732496962,479,1.089507818222046,953.44,240760,119.68765282640226
Double_DQN,1,164,-80.10747705335106,286,0.5940728187561035,949.48,240760,119.91317013931065
Double_DQN,1,165,175.11063443332986,537,1.240783929824829,921.7300000000002,240760,123.2315354532715
Double_DQN,1,166,-37.8614121404507,1000,3.0013375282287598,826.209999999999,240760,123.14216312242404
Double_DQN,1,167,6.402041223937101,1000,2.6243250370025635,843.8799999999995,240760,122.81455420800224
Double_DQN,1,168,13.946798473945242,1000,2.7972164154052734,827.9199999999989,240760,122.54200172350775
Double_DQN,1,169,-22.273072263038095,1000,3.199209213256836,823.3299999999989,240760,122.47173313207523
Double_DQN,1,170,272.4793016215541,407,0.839404821395874,960.7899999999998,240760,129.0307993979368
Double_DQN,1,171,223.20361471720668,204,0.4156777858734131,970.27,240760,132.75431479169296
Double_DQN,1,172,-49.97169167710385,402,0.8620872497558594,928.1200000000002,240760,127.93895903720525
Double_DQN,1,173,-45.12440235633174,160,0.3102245330810547,972.64,240760,128.01811298472475
Double_DQN,1,174,227.8196306456947,406,0.9085371494293213,941.7700000000001,240760,132.35755992158667
Double_DQN,1,175,269.2716448838601,300,0.6122734546661377,965.0799999999999,240760,137.89743302592396
Double_DQN,1,176,24.06517248311107,1000,2.8419299125671387,842.7699999999994,240760,129.70284663315155
Double_DQN,1,177,-41.845050749078226,147,0.28561902046203613,977.29,240760,129.57586216562555
Double_DQN,1,178,187.4387992407065,538,1.2660787105560303,932.8900000000001,240760,131.96325182890402
Double_DQN,1,179,28.594244789848926,1000,2.7083401679992676,834.6099999999993,240760,131.73518100775564
Double_DQN,1,180,174.97241598416554,350,0.752387285232544,964.1799999999997,240760,132.73855516110171
Double_DQN,1,181,41.60279959053342,1000,2.494122266769409,898.1799999999998,240760,132.18082327537903
Double_DQN,1,182,-124.01426113846233,264,0.5592803955078125,967.8399999999999,240760,130.54040854189623
Double_DQN,1,183,264.72040321898885,276,0.5804674625396729,964.4799999999999,240760,134.15295312039774
Double_DQN,1,184,202.59705183412356,534,1.2624940872192383,935.1100000000001,240760,135.7715700625129
Double_DQN,1,185,190.4737891899367,736,1.8153603076934814,934.06,240760,137.27843274399612
Double_DQN,1,186,-6.861708015315955,204,0.41797637939453125,963.1899999999999,240760,136.2681312992859
Double_DQN,1,187,-21.257151758851165,182,0.3591148853302002,969.31,240760,136.04134798903542
Double_DQN,1,188,255.29382655039515,335,0.719973087310791,948.3100000000001,240760,138.09320640499092
Double_DQN,1,189,267.8292488479991,426,0.9393913745880127,933.4300000000002,240760,141.07955504434622
Double_DQN,1,190,-34.602542721686774,184,0.36265993118286133,971.1099999999999,240760,140.85391900083653
Double_DQN,1,191,215.89428015274075,544,1.2513482570648193,933.52,240760,141.7425047900371
Double_DQN,1,192,244.3862250486935,344,0.7347335815429688,965.3499999999999,240760,143.74312498778735
Double_DQN,1,193,-70.12204278926383,299,0.6218645572662354,947.6500000000001,240760,143.50845905660907
Double_DQN,1,194,226.7275457870457,214,0.43144750595092773,969.5799999999999,240760,144.87407560731484
Double_DQN,1,195,-147.56149487545366,224,0.46518707275390625,957.58,240760,145.14743288906274
Double_DQN,1,196,0.6928630524966763,105,0.20756793022155762,980.5,240760,144.1115665524213
Double_DQN,1,197,224.98767894603566,472,1.167842149734497,927.1600000000002,240760,144.73131664021736
Double_DQN,1,198,197.82540200728403,737,2.1337661743164062,942.2499999999998,240760,144.49075406264896
Double_DQN,1,199,-25.050672365111268,285,0.7354872226715088,947.3800000000001,240760,136.60834001648135
Double_DQN,1,200,-94.11185114552381,526,1.432262659072876,927.4900000000002,240760,137.0352804011105
Double_DQN,1,201,-67.20110597975884,312,0.7105164527893066,946.1500000000001,240760,135.81772504293608
Double_DQN,1,202,258.30194954785634,207,0.40289998054504395,981.16,240760,134.99184192820002
Double_DQN,1,203,-241.64777943713858,213,0.42253637313842773,956.5600000000001,240760,140.9967059665151
Double_DQN,1,204,231.94613706268768,300,0.6240198612213135,955.39,240760,140.92002771964937
Double_DQN,1,205,-13.857700047806901,275,0.5530600547790527,957.91,240760,141.380263062608
Double_DQN,1,206,-30.42223793900338,210,0.43056201934814453,962.1999999999999,240760,140.30355570385484
Double_DQN,1,207,207.16941136361373,629,1.456803798675537,903.8200000000005,240760,141.585200610248
Double_DQN,1,208,-85.01810455042262,610,1.373305082321167,895.9000000000004,240760,140.36073465973945
Double_DQN,1,209,-259.8951965718286,239,0.49005675315856934,958.3,240760,146.98449636347397
Double_DQN,1,210,237.02809066023704,332,0.7279577255249023,963.2199999999999,240760,147.48834565230175
Double_DQN,1,211,211.89633192701694,292,0.6078605651855469,954.46,240760,147.97438671538586
Double_DQN,1,212,-144.14121058879113,174,0.34380340576171875,968.53,240760,150.78655124869934
Double_DQN,1,213,205.81097874657894,331,0.7343676090240479,949.51,240760,151.5648035424866
Double_DQN,1,214,213.27582051010634,527,1.1808059215545654,916.6600000000002,240760,151.2058697681054
Double_DQN,1,215,234.89535787380228,344,0.7552099227905273,948.94,240760,152.19604891478585
Double_DQN,1,216,-183.5798936090573,232,0.4645078182220459,962.5899999999999,240760,155.77757899206898
Double_DQN,1,217,-114.52088143600201,138,0.26448917388916016,972.9699999999999,240760,157.78155125803335
Double_DQN,1,218,228.04957013440648,341,0.7756776809692383,947.71,240760,158.97700183779554
Double_DQN,1,219,-97.4830411945478,145,0.2824075222015381,972.5799999999999,240760,160.277866842177
Double_DQN,1,220,161.71741958410246,543,1.3224713802337646,933.61,240760,158.32006257824403
Double_DQN,1,221,214.3322783602882,354,0.7838575839996338,951.58,240760,158.15899138447966
Double_DQN,1,222,-189.1904991655482,227,0.4490330219268799,962.38,240760,161.5247208626388
Double_DQN,1,223,172.87905616215943,462,1.0979719161987305,935.2,240760,161.23983014465153
Double_DQN,1,224,155.56068517681132,597,1.519291639328003,904.4800000000002,240760,160.19846741370642
Double_DQN,1,225,162.76774715695393,434,0.9331851005554199,934.24,240760,158.30007851444498
Double_DQN,1,226,160.67397701179297,630,1.5787346363067627,901.3900000000003,240760,158.61004039355137
Double_DQN,1,227,266.0721960172895,306,0.6247570514678955,958.21,240760,159.89679791500055
Double_DQN,1,228,11.446602896084457,176,0.3705630302429199,970.3899999999999,240760,159.47170477969888
Double_DQN,1,229,247.86612204252333,468,1.1213219165802002,948.6699999999998,240760,161.04898734788304
Double_DQN,1,230,256.6734028678494,658,1.6220760345458984,951.9699999999997,240760,162.38499230843775
Double_DQN,1,231,154.464908201683,744,1.942990779876709,936.2799999999997,240760,162.55849168360936
Double_DQN,1,232,-99.47812158006468,171,0.3428165912628174,967.9899999999999,240760,161.95765945452032
Double_DQN,1,233,146.2368861493244,591,1.546938180923462,906.4300000000002,240760,160.1996870933883
Double_DQN,1,234,-63.29106404903921,99,0.18798422813415527,983.11,240760,160.6135377169269
Double_DQN,1,235,204.84201304071814,290,0.6151065826416016,952.03,240760,160.82458625264127
Double_DQN,1,236,153.22072711830356,729,1.8153679370880127,937.2399999999997,240760,160.66153295597087
Double_DQN,1,237,274.9452678532267,425,0.8983039855957031,946.9,240760,162.16318226702214
Double_DQN,1,238,-101.4360982061635,167,0.32865357398986816,971.8,240760,162.53209177185434
Double_DQN,1,239,-113.46888895530984,152,0.3127448558807373,976.99,240760,162.56788437666148
Double_DQN,1,240,-55.29708129342383,334,0.7312865257263184,944.2300000000001,240760,162.87024867464183
Double_DQN,1,241,244.0020934665927,402,0.8826138973236084,949.15,240760,163.40763574632805
Double_DQN,1,242,235.81615286417554,603,1.352968454360962,915.1600000000003,240760,163.23351833919884
Double_DQN,1,243,252.663565923647,541,1.2841448783874512,929.83,240760,163.78374148302782
Double_DQN,1,244,193.2546612394333,639,1.4622912406921387,921.94,240760,163.25247970164511
Double_DQN,1,245,257.2802928475413,309,0.6538870334625244,956.9499999999999,240760,161.8036570711848
Double_DQN,1,246,258.398321777172,375,0.782235860824585,946.75,240760,163.04055277908378
Double_DQN,1,247,223.58193178163623,314,0.6677200794219971,957.1899999999999,240760,163.01793471373756
Double_DQN,1,248,-47.3034601715497,346,0.7350122928619385,939.7600000000001,240760,163.48053053546778
Double_DQN,1,249,249.14733858945982,477,1.064039707183838,959.1099999999998,240760,164.18656638882473
Double_DQN,1,250,155.09013008873202,548,1.2899200916290283,915.6100000000002,240760,162.17990740954673
Double_DQN,1,251,199.34922986528397,201,0.42062902450561523,972.9099999999999,240760,161.01627799412242
Double_DQN,1,252,240.24738568645455,304,0.6393446922302246,959.1399999999999,240760,160.68978061665965
Double_DQN,1,253,262.6108966752446,423,0.9466996192932129,958.4199999999997,240760,154.40280599387577
Double_DQN,1,254,206.6359928677144,762,1.6743183135986328,884.0500000000005,240760,154.0555299180806
Double_DQN,1,255,236.18698285564784,380,0.8258330821990967,943.6300000000001,240760,153.90723248056165
Double_DQN,1,256,165.43408410588606,602,1.4423091411590576,910.9000000000002,240760,152.56047013933758
Double_DQN,1,257,-49.9912004948667,192,0.37980222702026367,967.6899999999999,240760,153.93607077896885
Double_DQN,1,258,257.2729695810361,320,0.6924092769622803,945.3100000000001,240760,152.4030226515457
Double_DQN,1,259,-124.92332246604082,112,0.21789169311523438,982.24,240760,146.6695082947717
Double_DQN,1,260,257.1437142647772,301,0.6266734600067139,953.59,240760,146.99921304718404
Double_DQN,1,261,209.7446375757852,575,1.3592216968536377,905.7700000000004,240760,146.97465249749789
Double_DQN,1,262,188.50709085421497,391,0.8753869533538818,943.09,240760,141.99929201603882
Double_DQN,1,263,-26.844094858598893,125,0.24589776992797852,978.88,240760,143.3609364128037
Double_DQN,1,264,195.28791900431776,455,1.0644593238830566,930.6100000000001,240760,143.17121604137574
Double_DQN,1,265,253.3035017179956,444,1.0277073383331299,922.2400000000002,240760,143.4675701969779
Double_DQN,1,266,236.04944060184826,163,0.31963396072387695,975.6399999999999,240760,137.07279960852745
Double_DQN,1,267,240.509359961186,246,0.4801006317138672,966.01,240760,132.97801225359422
Double_DQN,1,268,172.8510480631295,694,1.5885345935821533,901.9300000000004,240760,132.50736559942888
Double_DQN,1,269,167.24638608197012,557,1.3110439777374268,908.9500000000003,240760,127.99231192612262
Double_DQN,1,270,240.5989116994597,461,1.0487782955169678,922.7500000000003,240760,128.6288145826105
Double_DQN,1,271,218.00623394151677,398,0.8945508003234863,953.8299999999999,240760,128.66648471008313
Double_DQN,1,272,265.0290159496523,248,0.5026669502258301,961.27,240760,120.1314799530297
Double_DQN,1,273,156.23812177300368,579,1.251633644104004,956.7999999999997,240760,120.11655268803223
Double_DQN,1,274,-106.04681572116617,88,0.16227054595947266,992.86,240760,125.71959893908699
Double_DQN,1,275,285.3643907007975,201,0.4059586524963379,967.2099999999999,240760,127.05950015858447
Double_DQN,1,276,172.87792321591627,670,1.5517125129699707,919.6300000000001,240760,127.0795337140093
Double_DQN,1,277,244.9873123489037,529,1.1854121685028076,928.2100000000002,240760,126.7496829824614
Double_DQN,1,278,242.2897280559268,244,0.5028893947601318,966.1599999999999,240760,125.59753403400823
Double_DQN,1,279,272.2115865574074,361,0.763817310333252,960.28,240760,125.98125663297084
Double_DQN,1,280,-121.43404747898967,1000,2.622464656829834,828.399999999999,240760,131.25805830246154
Double_DQN,1,281,251.28242493625976,350,0.8127386569976807,945.3700000000001,240760,131.9689204676381
Double_DQN,1,282,225.17256626822524,262,0.5346789360046387,963.28,240760,127.16180787537523
Double_DQN,1,283,265.86383968961553,294,0.6355392932891846,955.42,240760,127.96523411914154
Double_DQN,1,284,211.1607629914092,426,0.9466533660888672,933.0700000000002,240760,123.90208555358674
Double_DQN,1,285,263.3264680175246,224,0.4654550552368164,963.4,240760,124.5010508881456
Double_DQN,1,286,-70.03618718514903,155,0.30094242095947266,978.9399999999999,240760,128.98386100429153
Double_DQN,1,287,242.2549138620505,289,0.6086230278015137,961.2099999999999,240760,128.5150311975564
Double_DQN,1,288,215.1869434652158,295,0.5982029438018799,962.14,240760,122.8600532253806
Double_DQN,1,289,209.73448768532052,397,0.8883862495422363,936.4900000000001,240760,115.96458683916882
Double_DQN,1,290,280.3299221763409,205,0.42261481285095215,967.6599999999999,240760,111.86412830660034
Double_DQN,1,291,-24.13550673678825,1000,2.595694065093994,817.5999999999985,240760,115.30340712732085
Double_DQN,1,292,245.13774324994023,246,0.503486156463623,964.42,240760,115.4008435536475
Double_DQN,1,293,126.11462374832576,709,1.7145278453826904,891.9400000000003,240760,115.17314230612863
Double_DQN,1,294,223.03996764890576,378,0.8236641883850098,940.9300000000001,240760,115.32871070253594
Double_DQN,1,295,-49.221006124047285,134,0.25368189811706543,977.8299999999999,240760,119.05576138694727
Double_DQN,1,296,245.2380728282752,315,0.6706335544586182,953.2900000000001,240760,118.87936068389821
Double_DQN,1,297,214.21834474687395,332,0.6860976219177246,963.8799999999998,240760,118.80523571563688
Double_DQN,1,298,-99.40828880473988,211,0.4144904613494873,965.23,240760,120.93172184513317
Double_DQN,1,299,135.89103831635848,538,1.2057087421417236,912.8500000000003,240760,120.50152138724269
Double_DQN,1,300,-91.3588312380248,96,0.1770622730255127,992.89,240760,125.86842504324771
Double_DQN,1,301,-138.53501857475388,84,0.2016918659210205,996.13,240760,132.65145757456696
Double_DQN,1,302,209.1099302386678,413,0.9247934818267822,960.8799999999998,240760,132.3308167618525
Double_DQN,1,303,271.71655098437543,223,0.444899320602417,967.27,240760,132.48337969074126
Double_DQN,1,304,214.422469437646,280,0.5931346416473389,968.5899999999998,240760,132.54697934275535
Double_DQN,1,305,218.35975277288682,208,0.43253397941589355,972.9099999999999,240760,132.3559535067824
Double_DQN,1,306,-218.58857224533645,100,0.1866464614868164,993.9399999999999,240760,142.35758658025327
Double_DQN,1,307,184.43133231642256,322,0.6932518482208252,966.6099999999998,240760,139.5779534178751
Double_DQN,1,308,3.000422558769472,83,0.1538679599761963,998.95,240760,140.32142921966064
Double_DQN,1,309,-90.12175479750917,133,0.25204968452453613,977.53,240760,139.04618034937874
Double_DQN,1,310,186.0235094275962,476,1.1350688934326172,923.6500000000002,240760,138.29179252561522
Double_DQN,1,311,270.56286099671024,255,0.5268354415893555,963.5799999999999,240760,139.10054198254906
Double_DQN,1,312,241.72202154315167,258,0.5184228420257568,961.0,240760,139.60490557419303
Double_DQN,1,313,268.287395551407,296,0.605701208114624,955.6,240760,138.25220661934554
Double_DQN,1,314,241.44514976545472,303,0.6454982757568359,958.9599999999999,240760,138.66820045195897
Double_DQN,1,315,240.06179313103848,294,0.6268115043640137,965.1099999999999,240760,138.4954798487388
Double_DQN,1,316,-68.12771978368582,97,0.1851942539215088,987.67,240760,141.50108011851444
Double_DQN,1,317,-357.8891549993093,120,0.2315690517425537,990.22,240760,157.7230700032754
Double_DQN,1,318,238.17236359134904,330,0.7083323001861572,955.39,240760,158.27491982299617
Double_DQN,1,319,214.47573808986317,366,0.7790822982788086,960.8799999999998,240760,158.57878490355156
Double_DQN,1,320,-108.84600551388147,190,0.39780163764953613,964.3599999999999,240760,161.67753784694213
Double_DQN,1,321,-202.30966096175382,133,0.2734668254852295,986.95,240760,167.86744367133937
Double_DQN,1,322,-62.60644719143801,136,0.28414416313171387,982.4499999999999,240760,168.66522019187454
Double_DQN,1,323,-69.8391181419199,104,0.20975542068481445,982.15,240760,170.60992474779854
Double_DQN,1,324,284.31935605390845,376,0.8387954235076904,962.9499999999998,240760,169.2930138197587
Double_DQN,1,325,195.580081050717,372,0.7808823585510254,967.3299999999998,240760,168.01895390984504
Double_DQN,1,326,289.0275438408237,238,0.4765610694885254,965.92,240760,169.53132629422703
Double_DQN,1,327,263.04868990359967,217,0.44240808486938477,967.5699999999999,240760,169.8115075876762
Double_DQN,1,328,268.37298156171556,281,0.5722122192382812,968.92,240760,170.21798830201428
Double_DQN,1,329,260.5874751440558,270,0.551443338394165,962.11,240760,170.02202261876192
Double_DQN,1,330,-184.82962745706146,358,0.7399394512176514,971.1399999999999,240760,172.0633867687608
Double_DQN,1,331,-9.988148932101424,158,0.30976390838623047,975.13,240760,172.01347364140474
Double_DQN,1,332,202.70708341662305,233,0.475661039352417,971.1099999999999,240760,171.7578938096606
Double_DQN,1,333,281.07386516015276,431,0.9988052845001221,954.85,240760,172.03639487066957
Double_DQN,1,334,-88.6169455481428,230,0.4707987308502197,957.13,240760,173.83835859859505
Double_DQN,1,335,265.1129696803556,248,0.49637579917907715,969.1299999999999,240760,173.8699982666432
Double_DQN,1,336,254.24434903755642,272,0.5647344589233398,967.7499999999999,240760,173.06897183951494
Double_DQN,1,337,271.6369144158556,255,0.5144481658935547,962.3799999999999,240760,173.54327278889417
Double_DQN,1,338,277.25020586741186,242,0.49227333068847656,965.17,240760,174.45808529708987
Double_DQN,1,339,192.35847383103032,306,0.6409838199615479,973.1499999999999,240760,174.29342958585997
Double_DQN,1,340,276.071924704683,256,0.5328166484832764,959.38,240760,174.2152406126621
Double_DQN,1,341,219.47049344428885,269,0.5629913806915283,963.43,240760,173.5726084954914
Double_DQN,1,342,281.8353562880157,213,0.4234907627105713,974.41,240760,174.16392751780674
Double_DQN,1,343,269.23595366444727,305,0.6486363410949707,958.36,240760,175.35094422787873
Double_DQN,1,344,285.1253973204488,244,0.4845466613769531,968.02,240760,176.24674120448338
Double_DQN,1,345,270.55771170663166,204,0.41886258125305176,965.89,240760,175.50463327129708
Double_DQN,1,346,247.45012220265411,252,0.5275330543518066,963.1299999999999,240760,175.53287596115837
Double_DQN,1,347,210.41841097249474,292,0.6298902034759521,970.1499999999999,240760,175.49908525021635
Double_DQN,1,348,218.3623236213179,272,0.5633978843688965,972.6999999999999,240760,172.65344618055866
Double_DQN,1,349,270.56287571092264,296,0.6076691150665283,963.8499999999999,240760,173.60684045668947
Double_DQN,1,350,256.4839084047171,187,0.37355756759643555,975.0999999999999,240760,171.01456219835404
Double_DQN,1,351,282.2653061744918,224,0.46997880935668945,966.8499999999999,240760,166.900611876629
Double_DQN,1,352,205.11847347975356,345,0.7216770648956299,966.3699999999998,240760,166.87741716021176
Double_DQN,1,353,4.325415387613631,200,0.39222288131713867,971.8,240760,167.4497152218241
Double_DQN,1,354,246.18457989462246,335,0.7153909206390381,954.37,240760,167.74062283591354
Double_DQN,1,355,270.2822029935952,203,0.4081389904022217,967.03,240760,168.29644330218184
Double_DQN,1,356,267.6755804606757,194,0.38550376892089844,974.1999999999999,240760,160.2916513398279
Double_DQN,1,357,-162.36419353894016,92,0.17833900451660156,992.59,240760,166.66145117689578
Double_DQN,1,358,224.10881728331015,217,0.43764495849609375,974.9499999999999,240760,165.42688570721072
Double_DQN,1,359,207.47448151140048,267,0.5526111125946045,965.7699999999999,240760,161.55257875560042
Double_DQN,1,360,136.94590318547665,512,1.2114052772521973,949.8399999999997,240760,161.5896230611214
Double_DQN,1,361,-1.5743170294048952,186,0.37499332427978516,966.7299999999999,240760,162.59280986982895
Double_DQN,1,362,260.64981544526063,235,0.49206089973449707,965.8899999999999,240760,162.80070023004976
Double_DQN,1,363,217.50311312831522,315,0.6523394584655762,957.2499999999999,240760,162.29221789573626
Double_DQN,1,364,-24.401134876916046,157,0.30780911445617676,977.77,240760,163.9166353360166
Double_DQN,1,365,206.51921878970325,206,0.41389894485473633,975.1299999999999,240760,163.63838207498225
Double_DQN,1,366,275.8580040409759,484,1.0922150611877441,952.3899999999996,240760,161.32660078364108
Double_DQN,1,367,287.8187841054071,212,0.42501306533813477,972.43,240760,144.12804940201005
Double_DQN,1,368,206.28848809772808,245,0.5051674842834473,964.6899999999998,240760,143.91671282886472
Double_DQN,1,369,22.606922343042754,157,0.31688737869262695,973.18,240760,145.34204403719815
Double_DQN,1,370,270.8441839171638,204,0.4153926372528076,969.4599999999999,240760,140.39132979881236
Double_DQN,1,371,274.3187361628501,359,0.8391737937927246,957.8499999999999,240760,130.04960587191454
Double_DQN,1,372,214.20890558235322,342,0.745457649230957,966.5199999999999,240760,125.08314185087241
Double_DQN,1,373,232.41831988052257,404,0.9134979248046875,939.9700000000001,240760,119.40925168910454
Double_DQN,1,374,207.7669173157146,310,0.6489081382751465,959.4099999999999,240760,118.79532766446668
Double_DQN,1,375,225.7874224961264,247,0.5040130615234375,961.51,240760,118.86072089730224
Double_DQN,1,376,232.85041584532345,348,0.7514400482177734,956.77,240760,118.26012675387317
Double_DQN,1,377,245.67169184381513,282,0.5975332260131836,973.8699999999999,240760,118.09092709125372
Double_DQN,1,378,173.1798268592234,444,1.0089318752288818,962.0499999999997,240760,117.68596344606078
Double_DQN,1,379,270.1533755587244,242,0.5439107418060303,959.77,240760,117.80055918501287
Double_DQN,1,380,238.17188746411952,166,0.3349788188934326,974.5899999999999,240760,104.68178997240403
Double_DQN,1,381,221.40564635140635,202,0.4049949645996094,972.4599999999999,240760,100.16312703399238
Double_DQN,1,382,265.37619763161376,193,0.38700294494628906,970.1199999999999,240760,100.48030111755455
Double_DQN,1,383,251.95267292134838,235,0.4803450107574463,965.3799999999999,240760,100.14631976042972
Double_DQN,1,384,246.0446047185531,252,0.5169274806976318,967.5699999999999,240760,90.7989202067598
Double_DQN,1,385,272.3703789557892,260,0.5151429176330566,967.8999999999999,240760,90.88404689647021
Double_DQN,1,386,3.3803015984110942,171,0.3374323844909668,975.7299999999999,240760,95.42004619564852
Double_DQN,1,387,230.39441427042792,464,1.0471861362457275,961.5999999999997,240760,95.0657634077919
Double_DQN,1,388,259.04903983581926,280,0.5913825035095215,967.0299999999999,240760,94.8409688841816
Double_DQN,1,389,230.01206475521724,202,0.40625858306884766,973.1499999999999,240760,94.85269977931188
Double_DQN,1,390,255.20978785035894,472,1.1360695362091064,951.4599999999999,240760,94.60707931830514
Double_DQN,1,391,252.9839179885749,331,0.6722586154937744,967.2999999999998,240760,94.79269490020526
Double_DQN,1,392,281.29070501306387,246,0.49002981185913086,967.6899999999999,240760,94.78450908135093
Double_DQN,1,393,-50.17660642080553,130,0.25000500679016113,980.14,240760,101.14901848174819
Double_DQN,1,394,-398.96844815873277,560,1.2562453746795654,926.14,240760,131.08025041761934
Double_DQN,1,395,238.76758252837124,235,0.479633092880249,975.1299999999999,240760,130.7659298751494
Double_DQN,1,396,271.7082518135412,193,0.3818848133087158,971.4399999999999,240760,131.0243323568869
Double_DQN,1,397,128.60471851522408,747,1.9569134712219238,869.5000000000006,240760,131.27106908526557
Double_DQN,1,398,245.95984216547217,256,0.5260159969329834,964.42,240760,131.4534905509113
Double_DQN,1,399,258.29755971203633,215,0.42987871170043945,972.5799999999999,240760,131.3124650362058
Double_DQN,1,400,234.376690876882,199,0.4018442630767822,970.18,240760,131.12081943907702
Double_DQN,1,401,-95.96344110580266,137,0.2693958282470703,980.26,240760,136.29190849772235
Double_DQN,1,402,220.31493582017953,232,0.479351282119751,966.0999999999999,240760,136.36279337549965
Double_DQN,1,403,249.4274675642827,325,0.7026188373565674,953.62,240760,134.3109493726508
Double_DQN,1,404,265.1235685790592,468,1.0516541004180908,968.3799999999999,240760,134.50677845091118
Double_DQN,1,405,261.39861264004617,224,0.43220996856689453,971.3199999999999,240760,134.40162547997463
Double_DQN,1,406,250.65410867904646,301,0.6183936595916748,964.2999999999998,240760,134.2161921367936
Double_DQN,1,407,-160.35605078719593,92,0.17188310623168945,997.57,240760,134.11225090699838
Double_DQN,1,408,226.77580504524684,273,0.562387228012085,963.4,240760,134.12797581117388
Double_DQN,1,409,247.07588544665387,235,0.47480201721191406,964.42,240760,134.36956672551523
Double_DQN,1,410,212.0122186060985,328,0.7072970867156982,966.5199999999999,240760,134.22431444309294
Double_DQN,1,411,283.20566745258157,270,0.5678060054779053,967.66,240760,132.07460783812175
Double_DQN,1,412,-86.41997111833427,127,0.25240039825439453,985.18,240760,137.3981451938691
Double_DQN,1,413,223.61132321332383,268,0.5617423057556152,969.4599999999999,240760,137.42794462567397
Double_DQN,1,414,-25.69016787825437,247,0.5137834548950195,954.22,240760,137.46773355750483
Double_DQN,1,415,220.33966068043682,310,0.6465024948120117,961.0899999999999,240760,137.5204400292663
Double_DQN,1,416,216.70486026849994,292,0.593937873840332,960.9699999999999,240760,137.00741684115349
Double_DQN,1,417,201.9729390887182,420,0.9763853549957275,940.8700000000001,240760,136.2586459910465
Double_DQN,1,418,253.5153011722611,277,0.5671370029449463,960.49,240760,136.57008682953776
Double_DQN,1,419,240.1562763233712,224,0.45882368087768555,970.78,240760,134.7680949594322
Double_DQN,1,420,-57.673061652870636,374,0.7983860969543457,937.3900000000001,240760,138.60753095150358
Double_DQN,1,421,218.11855043152252,394,0.8304963111877441,951.5799999999999,240760,138.0907737602729
Double_DQN,1,422,-85.43525299832677,199,0.38855719566345215,963.91,240760,142.9805688166026
Double_DQN,1,423,-367.0142772979103,301,0.6033365726470947,953.95,240760,161.66242474254935
Double_DQN,1,424,236.1215364105943,236,0.4727191925048828,966.6999999999999,240760,161.86432156198512
Double_DQN,1,425,274.83632763032006,334,0.7236931324005127,959.5299999999999,240760,162.3797628926421
Double_DQN,1,426,252.08690593936677,200,0.40392136573791504,966.9999999999999,240760,162.56129052461506
Double_DQN,1,427,-125.65823038199909,159,0.30666065216064453,972.6999999999999,240760,167.16875341907166
Double_DQN,1,428,208.22571641774113,508,1.0958080291748047,933.19,240760,167.30193567495294
Double_DQN,1,429,166.96707815588525,436,0.9763250350952148,935.32,240760,166.55626240497855
Double_DQN,1,430,244.11879341042047,378,0.8265390396118164,957.79,240760,166.61614546859838
Double_DQN,1,431,-96.20555434697968,138,0.25997257232666016,978.64,240760,170.07088062971843
Double_DQN,1,432,260.56055488305543,268,0.5528914928436279,966.55,240760,170.00742115897032
Double_DQN,1,433,251.20686364907283,253,0.508415699005127,961.54,240760,169.9985853252281
Double_DQN,1,434,181.61613530954827,567,1.3945086002349854,915.9400000000003,240760,169.515771698603
Double_DQN,1,435,268.27816228169456,234,0.46746349334716797,966.91,240760,169.4574449791186
Double_DQN,1,436,243.84743784629282,223,0.44501233100891113,968.4699999999999,240760,168.65267490630305
Double_DQN,1,437,-466.8644304844137,663,1.6759085655212402,882.8800000000006,240760,189.34243809325892
Double_DQN,1,438,276.95561443860254,287,0.5962848663330078,958.66,240760,189.58337095085295
Double_DQN,1,439,145.2879698782176,908,2.6355512142181396,900.1299999999998,240760,189.1558618895244
Double_DQN,1,440,238.0812665951789,266,0.5810434818267822,962.65,240760,188.96054630289026
Double_DQN,1,441,-65.58078558792816,151,0.3078598976135254,977.17,240760,190.3645908272211
Double_DQN,1,442,161.21656553222192,728,1.928490400314331,926.3499999999999,240760,189.22401111754215
Double_DQN,1,443,206.5202595769759,443,1.0549402236938477,937.4500000000002,240760,187.74483581829028
Double_DQN,1,444,-23.500233516067382,166,0.32961130142211914,972.67,240760,173.17929032690148
Double_DQN,1,445,-111.26985946709183,514,1.1714098453521729,911.1100000000004,240760,176.19716965079692
Double_DQN,1,446,-138.58443767764604,444,1.0021286010742188,928.4800000000002,240760,179.19366126406314
Double_DQN,1,447,167.35459818692436,671,1.5214009284973145,893.0200000000006,240760,179.28119786213819
Double_DQN,1,448,-48.29465223491162,1000,2.6261372566223145,821.7999999999988,240760,180.14398937086563
Double_DQN,1,449,247.45606495719247,334,0.719550371170044,946.8400000000001,240760,179.98654583612995
Double_DQN,1,450,-291.6209756394067,547,1.4114551544189453,907.5100000000003,240760,188.2922957551721
Double_DQN,1,451,16.030761147190034,205,0.4177682399749756,964.75,240760,186.46832508681055
Double_DQN,1,452,-26.67286799583801,1000,2.5192086696624756,824.619999999999,240760,186.8507098011072
Double_DQN,1,453,136.15663591633336,471,1.0873291492462158,925.3600000000001,240760,185.81577832701842
Double_DQN,1,454,257.4588603579112,316,0.6920771598815918,953.89,240760,185.68800047983586
Double_DQN,1,455,30.437046428619166,1000,2.5166831016540527,866.8600000000005,240760,184.64409840932322
Double_DQN,1,456,249.58344611327013,234,0.4656360149383545,966.88,240760,184.62689142321
Double_DQN,1,457,243.90561027813933,282,0.5917377471923828,968.9199999999998,240760,181.8021879702055
Double_DQN,1,458,147.11088395093913,685,1.6485161781311035,903.1900000000004,240760,181.1180718558716
Double_DQN,1,459,166.35533972629355,511,1.143873929977417,922.6900000000002,240760,180.2308707120003
Double_DQN,1,460,195.69623151876374,272,0.5789086818695068,966.5799999999998,240760,180.0544374487759
Double_DQN,1,461,221.89707487933592,194,0.39368104934692383,969.6399999999999,240760,179.0514432004261
Double_DQN,1,462,223.26752964479138,622,1.4236056804656982,967.2399999999996,240760,177.67146731423065
Double_DQN,1,463,207.52451943901283,400,0.9359676837921143,958.0599999999998,240760,177.48218905076
Double_DQN,1,464,254.25255112353037,221,0.46277546882629395,967.3299999999999,240760,177.49933892203188
Double_DQN,1,465,209.3767212582091,736,1.9284484386444092,899.6200000000003,240760,177.37770899786634
Double_DQN,1,466,249.30627147161692,427,0.9164636135101318,938.1100000000001,240760,177.80493268984574
Double_DQN,1,467,-69.21855041391876,1000,2.6128883361816406,823.3899999999988,240760,179.2595509524053
Double_DQN,1,468,-107.68419798863921,200,0.4080028533935547,967.1199999999999,240760,180.6652453347461
Double_DQN,1,469,275.62991369185966,294,0.6275675296783447,967.7499999999999,240760,181.26592807647265
Double_DQN,1,470,133.47140743382812,859,2.20892596244812,859.5700000000002,240760,179.8039050793334
Double_DQN,1,471,-66.26469263132367,1000,2.3884525299072266,818.0499999999986,240760,180.75301927096433
Double_DQN,1,472,265.60834854128325,254,0.5283610820770264,963.9699999999999,240760,180.1074531555251
Double_DQN,1,473,-21.838918742087763,1000,2.6937255859375,829.749999999999,240760,167.8845601347473
Double_DQN,1,474,270.4469591517493,255,0.5076677799224854,965.8,240760,168.43915788183662
Double_DQN,1,475,-54.216758320616414,1000,2.51320481300354,816.4899999999985,240760,168.6022843052894
Double_DQN,1,476,248.94088745401393,548,1.1356489658355713,968.4099999999997,240760,168.5502729146155
Double_DQN,1,477,270.60312943330695,182,0.35483455657958984,971.02,240760,166.5340508025342
Double_DQN,1,478,234.60967370402548,643,1.5461146831512451,927.4299999999998,240760,166.85723543864643
Double_DQN,1,479,211.542947739225,633,1.4130887985229492,962.6499999999996,240760,167.22668377433814
Double_DQN,1,480,286.64290915596393,240,0.48673510551452637,973.3899999999999,240760,167.95986187990778
Double_DQN,1,481,289.63068522997025,261,0.527308464050293,964.1199999999999,240760,166.64651225348499
Double_DQN,1,482,268.12368393740644,426,0.9290437698364258,947.4099999999999,240760,166.769205519734
Double_DQN,1,483,220.55030555087438,224,0.4501535892486572,972.9099999999999,240760,166.3753936932866
Double_DQN,1,484,245.0909937516522,327,0.6988191604614258,956.8,240760,167.01614090947848
Double_DQN,1,485,246.64510143033078,286,0.6010851860046387,958.75,240760,166.68467628234043
Double_DQN,1,486,240.27053500008944,358,0.7071502208709717,969.1599999999999,240760,166.636311334223
Double_DQN,1,487,223.7219688055279,260,0.5517115592956543,958.51,240760,143.68585407756308
Double_DQN,1,488,243.2986549580701,224,0.4596226215362549,965.8599999999999,240760,143.13525633916544
Double_DQN,1,489,257.8946133923422,259,0.5503950119018555,971.7699999999999,240760,144.04461210219006
Double_DQN,1,490,27.81254814657828,160,0.32048988342285156,974.29,240760,144.32722470036737
Double_DQN,1,491,265.05292051982076,259,0.5336551666259766,966.5199999999999,240760,142.29214562432247
Double_DQN,1,492,298.212240611549,228,0.44542527198791504,968.02,240760,143.84715834981074
Double_DQN,1,493,-138.69898220726432,243,0.51670241355896,953.6800000000001,240760,149.15032117230479
Double_DQN,1,494,120.18229830486466,1000,2.446722984313965,927.3399999999992,240760,147.28757469014474
Double_DQN,1,495,268.6659176008716,212,0.43363022804260254,968.05,240760,143.58016645440446
Double_DQN,1,496,190.18918101248397,642,1.6172761917114258,933.2799999999997,240760,137.45283410207037
Double_DQN,1,497,261.6147212257638,232,0.46634626388549805,965.41,240760,138.18481801302994
Double_DQN,1,498,242.48897899326886,227,0.45008301734924316,965.6199999999999,240760,135.30447701752152
Double_DQN,1,499,268.81615297331837,313,0.6310389041900635,952.75,240760,135.5889434821757
Double_DQN,1,500,266.1883984008941,380,0.7600433826446533,966.6099999999998,240760,119.2651063128101
Double_DQN,2,1,-227.44792410092356,67,0.017005205154418945,995.02,inf,0.0
Double_DQN,2,2,-49.968727031925425,112,0.17664313316345215,991.24,inf,88.73959853449907
Double_DQN,2,3,-84.47517438572794,90,0.1317741870880127,991.54,inf,76.83370749175779
Double_DQN,2,4,-186.02660838977167,103,0.1479182243347168,989.44,inf,72.31482113192085
Double_DQN,2,5,-178.0594432043448,82,0.11300277709960938,993.73,inf,66.73496186908609
Double_DQN,2,6,-134.69538534927122,87,0.12385439872741699,992.29,inf,61.0459581035116
Double_DQN,2,7,-152.46579816851087,84,0.11929845809936523,992.11,inf,56.60564765432489
Double_DQN,2,8,-217.3782410802168,129,0.18955492973327637,986.8,inf,58.14519939799492
Double_DQN,2,9,-204.64960704493532,75,0.10730767250061035,993.58,inf,57.10027522144151
Double_DQN,2,10,-145.9046043711018,83,0.11738228797912598,993.25,inf,54.3225733085986
Double_DQN,2,11,-57.084472898080755,121,0.17658329010009766,986.95,inf,59.38106609889966
Double_DQN,2,12,-121.01145095034792,87,0.1211550235748291,991.33,inf,57.37404201701798
Double_DQN,2,13,-169.30977270638084,82,0.11732864379882812,992.11,inf,55.45444706571027
Double_DQN,2,14,-255.94532685330952,180,0.27231669425964355,977.38,inf,60.195221866817185
Double_DQN,2,15,-52.019569086711265,74,0.10652661323547363,992.83,inf,63.67914357570388
Double_DQN,2,16,-73.41916166824168,74,0.10585999488830566,991.39,inf,64.32076219281804
Double_DQN,2,17,-62.492374786131194,80,0.11525702476501465,989.47,inf,65.30633570747264
Double_DQN,2,18,-212.34657910126916,118,0.17552495002746582,987.46,inf,65.62033128583215
Double_DQN,2,19,-32.8459328300067,76,0.11096596717834473,989.47,inf,68.4905674022784
Double_DQN,2,20,-214.81478015339835,91,0.13050580024719238,990.31,inf,68.8360181475456
Double_DQN,2,21,-53.258487403514785,84,0.12389135360717773,989.44,inf,69.76271964519421
Double_DQN,2,22,-113.77235322278216,155,0.23882818222045898,982.33,inf,68.33638039866557
Double_DQN,2,23,-273.6091552782391,127,0.19427251815795898,987.94,inf,72.4603521295929
Double_DQN,2,24,-192.99684852228302,108,0.1650390625,986.35,inf,71.6543247523694
Double_DQN,2,25,-182.7352855293732,108,0.16407227516174316,990.61,inf,70.6070265161878
Double_DQN,2,26,-77.65899897222076,144,0.22942066192626953,980.26,inf,70.4703988924003
Double_DQN,2,27,-159.15187912481036,66,0.10176610946655273,993.31,inf,69.21766145332187
Double_DQN,2,28,-91.19071622448647,161,0.2478952407836914,980.26,inf,68.67086327630523
Double_DQN,2,29,-115.40007699889678,132,0.20653557777404785,980.89,inf,67.65117293129333
Double_DQN,2,30,-71.77298510146491,132,0.2037191390991211,982.99,inf,67.66852219848546
Double_DQN,2,31,-293.188209755928,97,0.15014147758483887,990.4300000000001,inf,71.94052453860374
Double_DQN,2,32,-282.4319730596977,122,0.18920183181762695,986.26,inf,74.8045260608254
Double_DQN,2,33,-211.23210172359217,113,0.169508695602417,991.21,inf,74.4528685405837
Double_DQN,2,34,-186.26266669598544,138,0.2141115665435791,982.9,inf,73.60491958324974
Double_DQN,2,35,-150.47951592594706,113,0.1758866310119629,985.84,inf,72.54587181217639
Double_DQN,2,36,-52.965939793274785,141,0.22207021713256836,978.76,inf,73.32556199958191
Double_DQN,2,37,-147.32604787689982,160,0.24790644645690918,979.18,inf,72.32807805629494
Double_DQN,2,38,-25.219848954508947,218,0.3546106815338135,969.1899999999999,inf,74.0402722013661
Double_DQN,2,39,-213.84149334421787,122,0.18809795379638672,988.27,inf,73.88861204705029
Double_DQN,2,40,-97.38692860189107,193,0.3062150478363037,972.52,inf,73.36658894231634
Double_DQN,2,41,-80.91734755307324,146,0.22836041450500488,979.4499999999999,inf,73.15016637206568
Double_DQN,2,42,-62.11659635652895,79,0.12272143363952637,988.24,inf,73.3450090850203
Double_DQN,2,43,-226.14271770815273,158,0.250307559967041,976.5699999999999,inf,73.58607114929683
Double_DQN,2,44,-56.88233650996229,130,0.20269250869750977,980.11,inf,73.89546421904136
Double_DQN,2,45,-70.06237518687057,178,0.27635836601257324,973.27,inf,73.83632441035492
Double_DQN,2,46,-131.99057181642686,90,0.13937926292419434,985.99,inf,73.03977091281091
Double_DQN,2,47,15.182453449852616,127,0.20201325416564941,979.18,inf,75.66050245034425
Double_DQN,2,48,-95.78379364468267,103,0.1609516143798828,982.48,inf,75.0988644553397
Double_DQN,2,49,-154.83773233333943,129,0.1993274688720703,982.21,inf,74.37578487304658
Double_DQN,2,50,-59.612769855027494,205,0.3347756862640381,968.1999999999999,inf,74.4106648128448
Double_DQN,2,51,-119.81727538285861,161,0.26082730293273926,979.15,inf,73.2514019620407
Double_DQN,2,52,-18.402278511209303,81,0.12628388404846191,985.9,inf,74.09372459227524
Double_DQN,2,53,-10.73982473351532,76,0.11632275581359863,988.06,inf,75.74363291527072
Double_DQN,2,54,-149.18444988595726,104,0.1617271900177002,986.8,inf,75.3800524390776
Double_DQN,2,55,-26.867688388046744,280,0.504016637802124,949.24,inf,76.41500858317539
Double_DQN,2,56,-59.61958205644035,122,0.20698094367980957,978.31,inf,76.98313580337722
Double_DQN,2,57,-37.385122089246565,97,0.16268086433410645,984.58,inf,77.85571643678786
Double_DQN,2,58,-221.04505783037172,470,0.885465145111084,926.7400000000002,inf,77.94613775636809
Double_DQN,2,59,68.60593246682953,208,0.33763909339904785,969.43,inf,81.54036801433074
Double_DQN,2,60,-101.43711893728522,168,0.2698841094970703,974.17,inf,81.47073456821671
Double_DQN,2,61,-5.75996753145013,649,1.3898792266845703,904.6300000000003,inf,82.53361284465622
Double_DQN,2,62,-102.89550539808408,1000,2.591468095779419,840.3999999999993,inf,82.54978129424339
Double_DQN,2,63,-191.76079390077192,598,1.2042357921600342,892.9900000000005,inf,82.90180254605802
Double_DQN,2,64,-76.35025195609458,544,1.111729383468628,905.3500000000004,inf,80.6155757210612
Double_DQN,2,65,-126.1155902584101,691,1.535862684249878,880.0000000000005,inf,80.17343492860908
Double_DQN,2,66,-118.05690330339392,623,1.3660414218902588,894.5200000000004,inf,79.967131813452
Double_DQN,2,67,-6.085496972211359,217,0.3846909999847412,962.02,inf,81.08557714294885
Double_DQN,2,68,-48.13893499320254,515,1.0758931636810303,905.5600000000004,inf,80.33992602203946
Double_DQN,2,69,-104.16248248709655,1000,2.680250644683838,819.1299999999986,inf,79.5821001323243
Double_DQN,2,70,24.2572687666987,1000,2.539336681365967,850.2999999999996,inf,80.42075548566471
Double_DQN,2,71,-314.5090526746076,316,0.5752527713775635,945.0100000000001,inf,85.11444627356757
Double_DQN,2,72,-112.12553709467763,1000,2.3131072521209717,824.1699999999988,inf,85.11412885571502
Double_DQN,2,73,-183.57615742495852,547,1.105114459991455,915.7300000000004,inf,82.59351778390041
Double_DQN,2,74,-218.3234382676219,478,0.9561114311218262,919.7200000000003,inf,83.17467643680834
Double_DQN,2,75,-293.00130656407725,472,0.9844729900360107,919.5100000000002,inf,86.44961685760833
Double_DQN,2,76,-185.5015718788743,638,1.4967029094696045,889.5400000000004,inf,86.88459677028023
Double_DQN,2,77,-52.24475315443618,1000,2.623342990875244,813.5499999999984,inf,87.09138270954783
Double_DQN,2,78,-34.69329555090503,1000,2.5412538051605225,817.8099999999987,inf,87.7317115588443
Double_DQN,2,79,-142.9289306255715,338,0.6137478351593018,938.8900000000001,inf,87.83818971260348
Double_DQN,2,80,-50.60448390435012,1000,2.5039572715759277,816.5799999999986,inf,88.08396039010874
Double_DQN,2,81,-76.22350071225192,1000,2.652763843536377,819.7299999999987,inf,84.31673637313132
Double_DQN,2,82,-51.5072779876399,1000,2.552121162414551,823.3599999999989,inf,80.87341576117544
Double_DQN,2,83,-38.36467296678791,1000,2.937220573425293,815.4699999999984,inf,79.8648291715982
Double_DQN,2,84,-216.18871108200574,1000,2.9092485904693604,820.8699999999988,inf,80.62043107140944
Double_DQN,2,85,-60.32921830067236,1000,3.3183557987213135,817.7499999999985,inf,80.48427233741137
Double_DQN,2,86,-50.109759692128804,1000,2.5944080352783203,820.9299999999987,inf,80.51751955715238
Double_DQN,2,87,-70.68142657938448,1000,2.3522846698760986,821.1699999999987,inf,80.30004865602562
Double_DQN,2,88,-25.55798412886979,1000,2.341259479522705,824.6499999999988,inf,80.29403154911229
Double_DQN,2,89,-148.64791980470616,1000,2.317835807800293,816.4299999999985,inf,78.90067481330442
Double_DQN,2,90,-32.86418908556022,1000,2.7737948894500732,826.629999999999,inf,79.38595013929724
Double_DQN,2,91,-106.66603678982521,1000,2.4738736152648926,823.7199999999989,inf,79.38135751704195
Double_DQN,2,92,-78.50127595911235,1000,2.43083119392395,815.7099999999984,inf,79.27969160806292
Double_DQN,2,93,-64.53978494913527,1000,2.62624192237854,820.3899999999988,inf,77.13598311432443
Double_DQN,2,94,-20.44713564219588,1000,2.2573511600494385,821.7099999999988,inf,77.63340486197916
Double_DQN,2,95,-106.01790985325701,1000,2.642280101776123,820.8999999999987,inf,77.60150169039831
Double_DQN,2,96,-2.2195609538443755,1000,2.7005319595336914,821.7999999999988,inf,78.3815567927101
Double_DQN,2,97,-363.3223287586307,176,0.3260190486907959,971.1099999999999,inf,85.85211782798329
Double_DQN,2,98,19.32778979168686,1000,2.571364402770996,820.5999999999987,inf,87.37883430871975
Double_DQN,2,99,-35.36180788339592,1000,2.8306241035461426,826.9899999999991,inf,87.33017357672617
Double_DQN,2,100,-28.015456734577814,1000,2.506572723388672,820.9299999999987,inf,87.67679865875479
Double_DQN,2,101,-8.199901877911856,1000,2.44413423538208,822.0399999999988,inf,88.34564122266887
Double_DQN,2,102,-51.829538759805466,1000,2.659543991088867,816.9699999999984,inf,87.93240248264354
Double_DQN,2,103,2.626115223138825,124,0.22262120246887207,977.92,inf,88.19267060519987
Double_DQN,2,104,-82.4160481148062,1000,2.766406536102295,823.8699999999989,inf,87.78586640961409
Double_DQN,2,105,-82.61551203524071,1000,2.862483501434326,821.8599999999988,inf,87.35113741451939
Double_DQN,2,106,6.063897958906463,1000,2.504760265350342,825.4599999999989,inf,88.27874669047073
Double_DQN,2,107,13.582968218522725,1000,2.569532632827759,828.669999999999,inf,89.14878345738512
Double_DQN,2,108,-75.22640797629843,1000,2.8441483974456787,824.4699999999989,inf,87.08071189164664
Double_DQN,2,109,-5.804783079157829,303,0.6706452369689941,946.9000000000001,inf,85.06925957504646
Double_DQN,2,110,-44.37903108227562,1000,3.179367780685425,815.7999999999985,inf,85.23279657078265
Double_DQN,2,111,-39.77017955430374,129,0.2384946346282959,983.65,inf,84.73563258581788
Double_DQN,2,112,-110.02631613230173,145,0.2635188102722168,980.92,inf,84.77125427351064
Double_DQN,2,113,210.69472698096433,637,1.5634400844573975,909.8500000000001,440917,92.99447619311825
Double_DQN,2,114,14.77684844325249,315,0.6346499919891357,949.39,440917,93.8842201242557
Double_DQN,2,115,-219.3178385211594,130,0.2520449161529541,978.9399999999999,440917,95.7770154652495
Double_DQN,2,116,37.994837483666736,1000,3.0155842304229736,879.9100000000001,440917,96.93543037160234
Double_DQN,2,117,-216.67648697719432,159,0.2975797653198242,977.29,440917,98.4461645604368
Double_DQN,2,118,-196.873629251048,296,0.5885717868804932,953.08,440917,99.72426290013756
Double_DQN,2,119,-372.1268233706414,336,0.7636454105377197,940.5100000000001,440917,107.6850085134587
Double_DQN,2,120,-176.2532039722879,950,2.816995859146118,840.1599999999994,440917,107.20774623325885
Double_DQN,2,121,15.294474436396257,231,0.44246602058410645,965.77,440917,103.31540445820548
Double_DQN,2,122,-73.94281169277166,1000,3.0112717151641846,817.4799999999985,440917,103.24722052903519
Double_DQN,2,123,-68.2736898015333,250,0.5105874538421631,962.4399999999999,440917,102.26770404678724
Double_DQN,2,124,-244.68399714239797,213,0.41776442527770996,963.64,440917,103.03867406230529
Double_DQN,2,125,-34.91491459406785,176,0.33603787422180176,972.28,440917,98.69468257339614
Double_DQN,2,126,33.29219240967012,181,0.34653615951538086,968.53,440917,98.6147336955485
Double_DQN,2,127,211.91679173597834,404,0.8767390251159668,946.4200000000001,440917,106.31335922630173
Double_DQN,2,128,-60.95699507268108,1000,2.89213490486145,825.0699999999988,440917,106.218114316677
Double_DQN,2,129,-77.61616290726535,1000,2.795541763305664,820.6599999999987,440917,105.68094647455369
Double_DQN,2,130,-42.10821454368056,302,0.6124804019927979,947.7400000000001,440917,105.71247089751725
Double_DQN,2,131,-48.19696732145044,1000,2.519240140914917,821.4999999999987,440917,105.73044271308878
Double_DQN,2,132,-37.60736163697555,1000,2.4868686199188232,821.1999999999988,440917,105.78465392320902
Double_DQN,2,133,-43.76050105738342,1000,2.703042507171631,823.3899999999988,440917,105.7601337393183
Double_DQN,2,134,-64.36985953036269,1000,2.6838953495025635,818.7399999999986,440917,103.5361862295231
Double_DQN,2,135,-46.305966765125035,1000,2.9197397232055664,822.4299999999988,440917,103.55962968360409
Double_DQN,2,136,-59.453159562515,266,0.5286931991577148,954.9100000000001,440917,103.54673668274904
Double_DQN,2,137,-53.62622378058692,1000,3.1550774574279785,817.5099999999986,440917,103.54573257928011
Double_DQN,2,138,-11.690167813865983,1000,3.4706008434295654,819.7299999999987,440917,103.66062233779124
Double_DQN,2,139,252.39844167497938,258,0.5205857753753662,966.6999999999998,440917,111.79603030724131
Double_DQN,2,140,180.91002007046035,838,2.366321086883545,853.8999999999999,440917,116.4881645628566
Double_DQN,2,141,-7.12214998515128,1000,2.5163097381591797,838.2699999999991,440917,116.33792769480011
Double_DQN,2,142,131.3441850670173,593,1.424659013748169,916.48,440917,118.88709398824686
Double_DQN,2,143,0.8960202628215186,1000,2.9358408451080322,818.5899999999987,440917,119.0019700001786
Double_DQN,2,144,-3.1198908111013957,1000,2.5377986431121826,822.9699999999988,440917,119.08828637972682
Double_DQN,2,145,-199.85177081072248,131,0.24831056594848633,986.47,440917,120.82072297772847
Double_DQN,2,146,-14.829345990941688,1000,2.4930126667022705,817.1199999999985,440917,120.74818656198971
Double_DQN,2,147,156.0268480133332,647,1.5027332305908203,889.3600000000005,440917,114.98023167218405
Double_DQN,2,148,112.06063665382128,784,1.8775382041931152,867.0100000000004,440917,116.5466209950153
Double_DQN,2,149,-12.616320026973293,1000,2.3838934898376465,811.0299999999983,440917,116.57367655201475
Double_DQN,2,150,82.69410131333247,736,1.7658352851867676,875.2600000000004,440917,117.64995979159994
Double_DQN,2,151,-93.44897339574968,1000,2.495182991027832,818.9199999999986,440917,117.96101273509782
Double_DQN,2,152,199.0832139068905,499,1.208116054534912,925.45,440917,122.1946145190967
Double_DQN,2,153,-22.72087604498153,1000,2.4442291259765625,817.5699999999986,440917,122.130822702543
Double_DQN,2,154,264.40284441204085,338,0.7523305416107178,946.0,440917,128.3990465876359
Double_DQN,2,155,129.836396570846,853,2.2662353515625,855.64,440917,129.72329485721
Double_DQN,2,156,277.7445751270071,330,0.6584973335266113,950.8600000000001,440917,136.0079386058549
Double_DQN,2,157,241.07253063791254,309,0.6377096176147461,950.1700000000001,440917,140.4225037041549
Double_DQN,2,158,-57.257550266178235,1000,2.6540026664733887,847.7799999999995,440917,140.26395262704608
Double_DQN,2,159,-6.697074197846368,1000,2.714690685272217,820.5099999999986,440917,140.26421939767454
Double_DQN,2,160,123.39521462103839,820,2.1319124698638916,859.1200000000001,440917,141.26523982731885
Double_DQN,2,161,234.9835583868742,545,1.233062982559204,926.08,440917,144.93881470163885
Double_DQN,2,162,214.92545007201244,447,0.9689512252807617,925.0900000000001,440917,146.92119565168326
Double_DQN,2,163,211.39856532099554,555,1.2714626789093018,933.37,440917,146.94034266638786
Double_DQN,2,164,184.8444996399392,554,1.465928554534912,923.6800000000001,440917,148.938522712162
Double_DQN,2,165,250.49842402510205,361,0.752223014831543,962.0199999999999,440917,148.70429242673856
Double_DQN,2,166,297.82643693466946,220,0.42372798919677734,965.62,440917,153.56328006246176
Double_DQN,2,167,120.34949426116084,1000,2.5065739154815674,878.02,440917,149.97791497747923
Double_DQN,2,168,264.31811051764333,635,1.6116540431976318,956.2599999999995,440917,149.55757454566762
Double_DQN,2,169,288.8389433107883,337,0.7339937686920166,963.8799999999999,440917,141.0594220886962
Double_DQN,2,170,223.68347811249072,375,0.8347711563110352,936.3100000000002,440917,138.84975298233365
Double_DQN,2,171,-72.75683741886672,1000,3.0987789630889893,816.0999999999984,440917,140.03974334943132
Double_DQN,2,172,183.9022287284249,364,0.8350279331207275,934.6300000000001,440917,139.58920650176879
Double_DQN,2,173,-30.232585282376313,1000,2.7464916706085205,816.0399999999985,440917,138.9368635081704
Double_DQN,2,174,234.767931520573,443,1.0370409488677979,950.7999999999998,440917,133.28057100074315
Double_DQN,2,175,273.6311234401903,244,0.48795270919799805,970.0899999999999,440917,134.94392714009172
Double_DQN,2,176,-59.05417252930255,313,0.6661465167999268,943.96,440917,136.28202421910646
Double_DQN,2,177,246.79710095783642,484,1.024073839187622,965.5899999999998,440917,137.02001165604256
Double_DQN,2,178,188.96125912858724,812,2.0545151233673096,884.8300000000004,440917,136.15485354560644
Double_DQN,2,179,143.70651743553105,950,2.205758810043335,840.5499999999994,440917,134.21277515220615
Double_DQN,2,180,219.84373997073396,636,1.56197190284729,893.5300000000004,440917,133.8875603821899
Double_DQN,2,181,231.359341891034,269,0.5394222736358643,968.4699999999999,440917,133.426453296374
Double_DQN,2,182,165.39522412570818,760,2.0267300605773926,878.9800000000006,440917,132.09505677272352
Double_DQN,2,183,257.9942275525642,313,0.6392021179199219,952.57,440917,131.84992851693124
Double_DQN,2,184,277.6888530049657,473,1.1124465465545654,956.8899999999998,440917,131.2124799687693
Double_DQN,2,185,239.61348252371712,463,1.063262701034546,951.04,440917,129.96266245732994
Double_DQN,2,186,258.42317916037257,275,0.5721158981323242,963.8799999999999,440917,128.40021494245
Double_DQN,2,187,254.00317622390975,229,0.45374250411987305,968.1099999999999,440917,126.60030126177134
Double_DQN,2,188,237.720665632518,260,0.5230534076690674,965.4699999999999,440917,125.41096990872146
Double_DQN,2,189,259.41647399842276,294,0.5979211330413818,959.41,440917,125.534340388237
Double_DQN,2,190,245.8792735780191,219,0.43971967697143555,965.4399999999999,440917,126.2264758520893
Double_DQN,2,191,275.0774570301424,308,0.6232423782348633,949.1200000000001,440917,125.51636688071224
Double_DQN,2,192,31.166707135678067,1000,2.552114725112915,820.8999999999987,440917,126.63480821745746
Double_DQN,2,193,-89.39879770291031,1000,2.905303716659546,812.7999999999984,440917,129.3715379140985
Double_DQN,2,194,-107.61822406483665,916,2.144819736480713,841.4499999999995,440917,132.6127917085271
Double_DQN,2,195,148.70627717798973,360,0.7588832378387451,945.52,440917,123.02502926712958
Double_DQN,2,196,-144.35239693749145,1000,2.664069890975952,820.9899999999988,440917,127.81686628767795
Double_DQN,2,197,254.63429560852225,254,0.5205590724945068,962.05,440917,128.63550734938624
Double_DQN,2,198,-118.08376576292554,262,0.5594816207885742,951.73,440917,134.02589900608447
Double_DQN,2,199,197.8682414153629,258,0.538668155670166,967.1799999999998,440917,132.1926820542438
Double_DQN,2,200,240.30688614499658,337,0.7152442932128906,966.0399999999998,440917,132.36492189947248
Double_DQN,2,201,-107.49186485131146,260,0.5423974990844727,946.21,440917,132.90738216439198
Double_DQN,2,202,183.45805585753482,369,0.7825655937194824,960.5499999999998,440917,132.82304099338734
Double_DQN,2,203,246.30969099830656,243,0.47123122215270996,967.5999999999999,440917,130.94011803026453
Double_DQN,2,204,264.16897755447474,224,0.4473731517791748,967.8399999999999,440917,130.93641540072042
Double_DQN,2,205,-205.9536538285089,305,0.6150424480438232,960.4599999999999,440917,140.5986096484507
Double_DQN,2,206,-25.205133460352915,1000,2.6070899963378906,823.7199999999988,440917,141.65546488467137
Double_DQN,2,207,-100.79165573087354,1000,2.5295135974884033,818.4099999999985,440917,145.1973072087583
Double_DQN,2,208,-91.32916648895655,1000,2.595313549041748,811.8699999999983,440917,146.2027215416815
Double_DQN,2,209,205.09138371991497,317,0.694411039352417,949.6,440917,144.94401770175813
Double_DQN,2,210,261.4037234362708,288,0.6137621402740479,961.3599999999999,440917,145.8258007840673
Double_DQN,2,211,233.84920601428237,380,0.8056631088256836,942.8199999999999,440917,145.81225041153402
Double_DQN,2,212,245.12510276057725,231,0.46059298515319824,970.6899999999999,440917,146.15322446433277
Double_DQN,2,213,220.98405315286473,327,0.67661452293396,948.19,440917,146.24262943848905
Double_DQN,2,214,294.94690964900553,207,0.40102076530456543,967.03,440917,147.60184414108664
Double_DQN,2,215,-130.443055476193,1000,2.729635000228882,820.3899999999986,440917,151.99977946171472
Double_DQN,2,216,227.83150469206404,249,0.512016773223877,965.7999999999998,440917,150.88276510863085
Double_DQN,2,217,267.73241339454626,243,0.48215508460998535,966.31,440917,151.88121149053458
Double_DQN,2,218,259.3779415967764,237,0.4579031467437744,964.9599999999999,440917,151.80465105465058
Double_DQN,2,219,246.099778278131,311,0.6057536602020264,952.6600000000001,440917,151.10618812412196
Double_DQN,2,220,267.91038679715797,218,0.40846824645996094,971.17,440917,151.7025061431468
Double_DQN,2,221,-76.50830626041183,144,0.25973057746887207,971.5,440917,151.8106643365638
Double_DQN,2,222,240.38461426929166,247,0.46331071853637695,972.4599999999999,440917,152.31200182543472
Double_DQN,2,223,300.32760791791424,209,0.40914177894592285,970.3899999999999,440917,151.72569821926092
Double_DQN,2,224,283.8092327030196,220,0.43614864349365234,965.29,440917,152.4155920591954
Double_DQN,2,225,211.96973335095078,237,0.4624142646789551,969.13,440917,151.68074355847034
Double_DQN,2,226,-178.1647622353397,568,1.4033300876617432,897.0400000000004,440917,155.84826218255958
Double_DQN,2,227,5.214795756612645,375,0.8133544921875,933.5500000000002,440917,156.4911092985388
Double_DQN,2,228,275.4069416835291,268,0.5371589660644531,972.2199999999999,440917,157.4488161296251
Double_DQN,2,229,207.74662700324436,430,0.9212126731872559,955.2099999999998,440917,157.68445613015666
Double_DQN,2,230,248.20455425019534,238,0.4675109386444092,972.7899999999998,440917,157.99481023020996
Double_DQN,2,231,74.13303277536619,107,0.19716596603393555,981.76,440917,157.86791673947585
Double_DQN,2,232,241.69835137368975,246,0.5113844871520996,967.0899999999998,440917,158.42742937290032
Double_DQN,2,233,51.374972436759464,180,0.34598398208618164,969.1899999999999,440917,158.1553001828791
Double_DQN,2,234,287.73019154920826,250,0.5005085468292236,968.0799999999999,440917,158.33349933206338
Double_DQN,2,235,177.97181698342501,258,0.5236721038818359,972.4299999999998,440917,157.81084693209138
Double_DQN,2,236,-77.9219316759142,1000,3.061230421066284,820.8699999999986,440917,159.82481098222826
Double_DQN,2,237,292.63150689042027,237,0.46456122398376465,969.04,440917,160.49287894204403
Double_DQN,2,238,232.6383941422268,279,0.5741627216339111,968.7099999999998,440917,160.4295190673589
Double_DQN,2,239,236.91049544915185,299,0.6312763690948486,966.2199999999999,440917,160.11136638854308
Double_DQN,2,240,261.3678906249362,238,0.48108863830566406,968.8,440917,160.34107144605485
Double_DQN,2,241,265.05890661694326,269,0.5602941513061523,964.87,440917,160.17202620791133
Double_DQN,2,242,31.025716327079607,154,0.29407715797424316,969.79,440917,160.1738512672679
Double_DQN,2,243,-171.15858491237927,1000,2.573272943496704,816.4299999999985,440917,162.84894440000465
Double_DQN,2,244,-140.93348790822677,452,0.9820065498352051,915.8500000000004,440917,163.89738709614176
Double_DQN,2,245,232.49868871416484,270,0.5502285957336426,955.27,440917,164.4822669096551
Double_DQN,2,246,-25.69507599937745,189,0.3690938949584961,970.3299999999999,440917,161.2717639879799
Double_DQN,2,247,254.80433971792095,245,0.5023941993713379,971.6199999999999,440917,161.2742567093012
Double_DQN,2,248,298.3006712565632,256,0.5000224113464355,965.9199999999998,440917,158.64153353326097
Double_DQN,2,249,-6.142665121658922,170,0.33354854583740234,970.9599999999999,440917,159.844223882839
Double_DQN,2,250,-6.082883879040708,278,0.5824639797210693,951.82,440917,160.4960145977699
Double_DQN,2,251,249.91914997955996,298,0.6157491207122803,955.3,440917,157.4294744151791
Double_DQN,2,252,220.3861146124081,515,1.0820939540863037,963.1599999999997,440917,157.70401403706416
Double_DQN,2,253,-47.58649809994761,1000,3.0591957569122314,819.3999999999986,440917,159.2403222350752
Double_DQN,2,254,-38.765005447594156,1000,2.517038106918335,817.8099999999986,440917,160.07937962404034
Double_DQN,2,255,-33.70756704973812,1000,2.664778709411621,816.3099999999986,440917,154.5314113606036
Double_DQN,2,256,273.37738444644344,221,0.4488399028778076,968.02,440917,153.9844743265021
Double_DQN,2,257,263.86324116290086,353,0.7327568531036377,967.9899999999999,440917,150.9561237813131
Double_DQN,2,258,171.1126133796514,444,1.034959316253662,931.9300000000001,440917,147.03787498250742
Double_DQN,2,259,8.830281602883417,144,0.27343249320983887,978.85,440917,148.22949721854079
Double_DQN,2,260,148.83851099711103,337,0.7135894298553467,958.7199999999999,440917,147.36995149046845
Double_DQN,2,261,267.5657813050504,391,0.864729642868042,935.0200000000001,440917,147.83961388071202
Double_DQN,2,262,-139.30316309928253,225,0.4659864902496338,966.0999999999999,440917,152.5231932421928
Double_DQN,2,263,-174.97998686471507,408,0.8723592758178711,962.4399999999999,440917,158.31115892631925
Double_DQN,2,264,257.15691715824437,309,0.6640055179595947,947.9200000000001,440917,157.62315361212893
Double_DQN,2,265,240.74659751669617,457,0.9776782989501953,961.7199999999998,440917,153.78807129000134
Double_DQN,2,266,219.19452352288994,222,0.4443683624267578,969.8499999999999,440917,153.69335456419995
Double_DQN,2,267,184.33469434034959,274,0.5391159057617188,975.1299999999999,440917,152.73818847463752
Double_DQN,2,268,256.1741568548846,445,0.9488918781280518,968.6499999999999,440917,152.68769228367353
Double_DQN,2,269,163.16042142779997,862,2.336674213409424,861.2800000000002,440917,151.94644991848182
Double_DQN,2,270,264.10225291886,288,0.6070632934570312,961.39,440917,151.88111949991713
Double_DQN,2,271,261.1398310654762,251,0.5116915702819824,967.18,440917,149.78939221907171
Double_DQN,2,272,235.71083866005392,339,0.7125144004821777,959.38,440917,149.72967090116916
Double_DQN,2,273,250.11649759842737,284,0.5820972919464111,967.1799999999998,440917,148.8322523736818
Double_DQN,2,274,37.63521977965587,152,0.29846858978271484,976.66,440917,148.10706736040612
Double_DQN,2,275,200.94778791711389,375,0.7526214122772217,969.04,440917,148.00258114526852
Double_DQN,2,276,254.3702801712263,224,0.43337321281433105,969.9699999999999,440917,141.89150023847003
Double_DQN,2,277,157.47819921576075,606,1.3828210830688477,928.0300000000001,440917,140.4895775488317
Double_DQN,2,278,235.1145286331791,306,0.623516321182251,967.6899999999998,440917,139.8698935052108
Double_DQN,2,279,257.65688933224646,233,0.4558563232421875,968.3799999999999,440917,140.47620083743755
Double_DQN,2,280,237.77776128086643,239,0.48569822311401367,964.6899999999999,440917,140.33505071208504
Double_DQN,2,281,243.18122044684225,237,0.4692068099975586,968.0799999999999,440917,140.55448025394452
Double_DQN,2,282,-20.87903792017525,164,0.3134934902191162,973.5999999999999,440917,141.97446870889556
Double_DQN,2,283,248.44261817284152,220,0.44474244117736816,968.8599999999999,440917,142.02879022303728
Double_DQN,2,284,265.55706794081595,238,0.4727764129638672,969.28,440917,141.63187607731138
Double_DQN,2,285,-24.54878512856612,1000,2.568596839904785,820.5399999999986,440917,143.64072572212524
Double_DQN,2,286,251.4528845277176,465,1.0088958740234375,964.9599999999998,440917,140.77065929035047
Double_DQN,2,287,265.93785542279414,281,0.5996921062469482,964.0299999999999,440917,140.28614623006982
Double_DQN,2,288,-191.82888907025188,361,0.7894167900085449,958.0899999999999,440917,147.7621584892519
Double_DQN,2,289,210.87060499135595,665,1.6914775371551514,934.0299999999997,440917,147.475833445844
Double_DQN,2,290,-182.89615241133308,235,0.5071547031402588,958.51,440917,153.31254454261523
Double_DQN,2,291,258.6114221150409,232,0.4894897937774658,965.89,440917,153.204583735963
Double_DQN,2,292,242.65203890437095,214,0.44286561012268066,968.1099999999999,440917,153.23952464234782
Double_DQN,2,293,222.1571814756386,257,0.5308785438537598,960.04,440917,147.1577871335627
Double_DQN,2,294,240.35429689555374,320,0.6813669204711914,961.7199999999999,440917,141.89948368825466
Double_DQN,2,295,270.54752054772825,250,0.5090115070343018,956.98,440917,142.42385500720746
Double_DQN,2,296,-32.59973906374515,314,0.6384994983673096,949.87,440917,142.60120121640483
Double_DQN,2,297,176.26827224570886,911,2.2923836708068848,869.4700000000004,440917,141.91092515931936
Double_DQN,2,298,272.98628792638857,309,0.6319773197174072,955.69,440917,141.43326230144933
Double_DQN,2,299,278.8457093010828,228,0.452117919921875,963.9699999999999,440917,140.69681411110406
Double_DQN,2,300,269.6058001564379,379,0.7985739707946777,937.1200000000001,440917,139.57848434327897
Double_DQN,2,301,247.84063741906857,348,0.840184211730957,956.29,440917,139.5528810926553
Double_DQN,2,302,261.44145621079826,271,0.5502846240997314,958.3,440917,140.00874061682032
Double_DQN,2,303,180.40025976745451,377,0.7858984470367432,966.1899999999998,440917,136.726737051793
Double_DQN,2,304,294.8224092838892,238,0.4728729724884033,972.1899999999999,440917,134.58299295367053
Double_DQN,2,305,309.318469212677,219,0.4372518062591553,970.6899999999999,440917,132.49836088714005
Double_DQN,2,306,60.780471595652585,186,0.3519902229309082,967.5699999999999,440917,132.90235392342555
Double_DQN,2,307,286.53503847339186,232,0.455519437789917,964.75,440917,133.23428634762396
Double_DQN,2,308,271.10618808565675,295,0.5937137603759766,956.29,440917,133.86464444108594
Double_DQN,2,309,14.490164305811518,178,0.3523983955383301,973.18,440917,133.72215810340356
Double_DQN,2,310,234.89219920025715,259,0.5391886234283447,962.9499999999999,440917,133.8620773202261
Double_DQN,2,311,238.98942168063596,286,0.5913991928100586,965.14,440917,133.55553984064096
Double_DQN,2,312,240.4292856910056,248,0.4778323173522949,962.9499999999999,440917,125.67396211287091
Double_DQN,2,313,233.7290596266474,264,0.536841869354248,961.9599999999999,440917,114.54084314690614
Double_DQN,2,314,-2.3698791252512734,158,0.2935807704925537,973.8399999999999,440917,117.54034500316948
Double_DQN,2,315,255.11318515747615,618,1.3951127529144287,954.2199999999995,440917,117.67698988604025
Double_DQN,2,316,250.9562627444251,364,0.7449734210968018,941.7400000000001,440917,117.90680520461213
Double_DQN,2,317,276.7760990292853,251,0.5048489570617676,961.78,440917,118.48326241763264
Double_DQN,2,318,244.19517403306673,368,0.7569148540496826,952.6,440917,118.37062615418347
Double_DQN,2,319,249.43397627393136,329,0.7033698558807373,951.01,440917,118.53154684029231
Double_DQN,2,320,272.42381079507516,309,0.6575014591217041,953.1700000000001,440917,118.63269336916093
Double_DQN,2,321,230.23552380354047,455,1.0333142280578613,932.2600000000002,440917,118.37337857242753
Double_DQN,2,322,257.2523480059498,258,0.5172216892242432,957.64,440917,118.55741632717339
Double_DQN,2,323,290.4935200616046,336,0.6960272789001465,942.3100000000001,440917,119.05909723584136
Double_DQN,2,324,258.82197671781773,314,0.6686661243438721,954.4300000000001,440917,117.15324692945119
Double_DQN,2,325,24.063657692756536,157,0.28963518142700195,972.3699999999999,440917,119.7530194508245
Double_DQN,2,326,-23.43585708985404,169,0.3301548957824707,972.6399999999999,440917,123.38824402949794
Double_DQN,2,327,274.74245505808574,464,1.0437581539154053,941.6500000000001,440917,123.81911238325713
Double_DQN,2,328,271.2930893798343,274,0.5610346794128418,956.74,440917,124.1591455650902
Double_DQN,2,329,245.4099104632843,255,0.49117159843444824,966.3999999999999,440917,124.04791457133283
Double_DQN,2,330,258.8578017741907,214,0.40785884857177734,973.66,440917,124.22809613607026
Double_DQN,2,331,30.538040998544375,226,0.4411473274230957,961.12,440917,126.14713802100474
Double_DQN,2,332,211.36130303367054,237,0.4739367961883545,976.3299999999998,440917,122.47407312954431
Double_DQN,2,333,284.3581262229115,289,0.5874495506286621,964.0,440917,122.88495512503467
Double_DQN,2,334,231.15170277612924,474,1.0451126098632812,953.3499999999999,440917,122.59279522892889
Double_DQN,2,335,29.971430384831194,168,0.3272364139556885,973.75,440917,120.85736583612928
Double_DQN,2,336,253.06440269662806,362,0.7419779300689697,954.49,440917,120.87210035726231
Double_DQN,2,337,256.22144933351626,284,0.5684759616851807,965.8,440917,120.76891015988238
Double_DQN,2,338,234.37850710482596,406,0.8546106815338135,935.0500000000001,440917,107.3295258032282
Double_DQN,2,339,257.89288302459295,326,0.7024836540222168,951.9100000000001,440917,107.57949960568756
Double_DQN,2,340,-339.9098847430649,93,0.17555737495422363,988.45,440917,120.41950650942846
Double_DQN,2,341,270.30963421261356,356,0.7612709999084473,944.4100000000001,440917,120.53834161477182
Double_DQN,2,342,214.72627900121216,350,0.76200270652771,941.6800000000001,440917,120.41973706024787
Double_DQN,2,343,232.7922822245293,316,0.6519498825073242,951.4300000000001,440917,120.46308056590684
Double_DQN,2,344,240.4821467490191,364,0.8029208183288574,952.5699999999998,440917,120.46387398252534
Double_DQN,2,345,9.668907618229284,200,0.3919219970703125,967.4799999999999,440917,123.04889464231948
Double_DQN,2,346,262.60414200449793,371,0.7571041584014893,957.04,440917,118.86215168236315
Double_DQN,2,347,-43.0366390673404,135,0.2561628818511963,981.76,440917,123.74061763692038
Double_DQN,2,348,257.59675456942756,256,0.49883532524108887,962.8,440917,123.57608108333999
Double_DQN,2,349,15.167304267237284,251,0.5023391246795654,955.21,440917,125.6661057938973
Double_DQN,2,350,273.0429913719745,282,0.5785932540893555,956.62,440917,125.7085105061864
Double_DQN,2,351,285.3047598109284,339,0.7110459804534912,964.1799999999998,440917,126.13913050828201
Double_DQN,2,352,233.36350331531915,250,0.4945688247680664,962.41,440917,125.90248769291755
Double_DQN,2,353,208.6955439558843,543,1.221092700958252,944.59,440917,125.90360611864182
Double_DQN,2,354,260.7638897572078,238,0.4711587429046631,969.0699999999999,440917,125.45075581462358
Double_DQN,2,355,272.8903525431514,368,0.793572187423706,941.5600000000001,440917,124.88283963083956
Double_DQN,2,356,229.54297519919635,202,0.3807837963104248,968.77,440917,123.53232758229278
Double_DQN,2,357,266.85643300070353,227,0.4356398582458496,967.9899999999999,440917,123.27608394621828
Double_DQN,2,358,194.1576398753423,602,1.2776460647583008,954.8499999999996,440917,122.8102090792052
Double_DQN,2,359,264.5353691464617,277,0.5556924343109131,959.47,440917,120.44175536225387
Double_DQN,2,360,251.4776496715952,232,0.4510812759399414,966.31,440917,120.5612328918943
Double_DQN,2,361,278.00485768036685,236,0.45877695083618164,961.81,440917,120.93707208932233
Double_DQN,2,362,286.07293909771977,277,0.5533502101898193,960.16,440917,121.40466852723435
Double_DQN,2,363,-199.235897068692,414,0.8470816612243652,959.23,440917,133.63217952029814
Double_DQN,2,364,243.99587503898059,482,1.023832082748413,960.8799999999998,440917,130.85139320891815
Double_DQN,2,365,186.9038433544767,673,1.5218863487243652,940.6,440917,130.60322154872776
Double_DQN,2,366,208.62923011048017,284,0.5718772411346436,969.6699999999998,440917,130.38478851038403
Double_DQN,2,367,102.02270512316524,973,2.6606175899505615,843.0399999999995,440917,130.50672863554848
Double_DQN,2,368,271.5866268509059,260,0.5439066886901855,963.3999999999999,440917,130.78102907351388
Double_DQN,2,369,229.0896043583466,271,0.5500242710113525,967.8999999999999,440917,130.63560988387073
Double_DQN,2,370,253.609904354045,207,0.4043416976928711,971.7099999999999,440917,130.4313445905517
Double_DQN,2,371,268.448944401127,245,0.48102688789367676,961.36,440917,130.76486785200504
Double_DQN,2,372,261.38331651270795,260,0.5203845500946045,962.2299999999999,440917,130.80690503935884
Double_DQN,2,373,204.49900850788777,203,0.3858184814453125,977.0799999999999,440917,130.07457611672626
Double_DQN,2,374,238.84864694707858,248,0.49465346336364746,964.7199999999999,440917,129.89651600068228
Double_DQN,2,375,242.61245579792092,215,0.39930105209350586,979.75,440917,127.87723000809534
Double_DQN,2,376,292.16396371550303,244,0.48969388008117676,963.28,440917,124.6853694607528
Double_DQN,2,377,265.079535707688,229,0.4484131336212158,969.52,440917,124.57895057871067
Double_DQN,2,378,241.5998294023176,380,0.8072309494018555,948.9100000000001,440917,124.31382242910199
Double_DQN,2,379,224.99726163950422,242,0.472034215927124,970.9599999999999,440917,124.19943012181255
Double_DQN,2,380,179.36517736674776,447,1.0214745998382568,932.47,440917,123.94669493143813
Double_DQN,2,381,254.08510581093526,376,0.7477428913116455,948.0100000000001,440917,121.81761928934618
Double_DQN,2,382,-95.01614460653897,283,0.5533773899078369,954.0400000000001,440917,128.7541951922982
Double_DQN,2,383,-59.906465806886345,91,0.16676831245422363,989.14,440917,133.0291275979562
Double_DQN,2,384,224.70027556695106,273,0.5505218505859375,964.66,440917,132.99232401079257
Double_DQN,2,385,243.61151386467816,219,0.4304080009460449,967.18,440917,131.2046827361608
Double_DQN,2,386,283.130131883315,261,0.5255453586578369,961.87,440917,131.5415691784795
Double_DQN,2,387,265.61253681413325,776,1.8364169597625732,946.5999999999998,440917,131.63581204463028
Double_DQN,2,388,-199.5499584905309,137,0.2593803405761719,974.26,440917,142.60003916260862
Double_DQN,2,389,252.97459083517933,272,0.5544788837432861,957.49,440917,142.552312355631
Double_DQN,2,390,-36.41706894290732,110,0.19591355323791504,980.9499999999999,440917,125.45743598363944
Double_DQN,2,391,-27.239746792647438,127,0.2262570858001709,983.53,440917,128.63173335999147
Double_DQN,2,392,275.2505397801754,198,0.38695549964904785,972.9399999999999,440917,129.1769242512204
Double_DQN,2,393,252.48068775768826,307,0.6374058723449707,975.0699999999999,440917,129.344176644636
Double_DQN,2,394,256.25460439065625,399,0.9269580841064453,935.5600000000002,440917,129.4911074058168
Double_DQN,2,395,278.2966620650395,240,0.48909544944763184,961.81,440917,127.52832517375099
Double_DQN,2,396,-40.019310825985016,142,0.26636195182800293,979.7199999999999,440917,131.23791115240573
Double_DQN,2,397,267.541917173382,223,0.4243321418762207,971.41,440917,127.47227545604942
Double_DQN,2,398,276.03480697779185,348,0.7182784080505371,944.5600000000001,440917,127.68285926531037
Double_DQN,2,399,234.13599408896394,310,0.6368663311004639,949.51,440917,125.20003992203574
Double_DQN,2,400,275.8491669340874,364,0.7913455963134766,972.1299999999999,440917,125.2340557424001
Double_DQN,2,401,253.28418847934694,199,0.4869372844696045,971.7399999999999,440917,124.87028396565088
Double_DQN,2,402,254.7236294803519,263,0.6674778461456299,961.81,440917,125.02717901316218
Double_DQN,2,403,262.66509235891283,268,0.6934404373168945,962.56,440917,125.34424160411791
Double_DQN,2,404,-27.053042989744426,97,0.23183751106262207,983.9499999999999,440917,128.95309872790182
Double_DQN,2,405,-164.17996443185785,88,0.20346593856811523,990.73,440917,137.79868489690355
Double_DQN,2,406,232.67491402621562,256,0.6347205638885498,962.29,440917,137.8196514335088
Double_DQN,2,407,263.9679882060984,280,0.7088346481323242,964.3,440917,137.78593465792991
Double_DQN,2,408,255.64501756922084,229,0.571558952331543,970.9899999999999,440917,138.13652575200294
Double_DQN,2,409,271.2140513541792,398,1.0944671630859375,956.4399999999998,440917,138.2154304132403
Double_DQN,2,410,-206.96624367772338,564,1.549475908279419,951.55,440917,148.4182396066837
Double_DQN,2,411,-105.69059076073722,124,0.29970479011535645,977.65,440917,152.85815533487096
Double_DQN,2,412,-136.18930458423836,630,1.658118486404419,913.4800000000004,440917,157.76885394455414
Double_DQN,2,413,284.7204103009222,468,1.2469713687896729,964.9599999999997,440917,150.02493006794518
Double_DQN,2,414,192.217904111775,429,1.133988857269287,957.5799999999999,440917,149.6938244888859
Double_DQN,2,415,262.7187243738854,221,0.5388031005859375,964.1199999999999,440917,150.24364202925747
Double_DQN,2,416,232.62737350855127,327,0.8459548950195312,948.46,440917,150.40072714818652
Double_DQN,2,417,-160.87900194894203,108,0.25345945358276367,983.02,440917,157.1861731385103
Double_DQN,2,418,246.25812893139087,320,0.8216893672943115,952.75,440917,156.8869349569667
Double_DQN,2,419,236.85301225635575,231,0.5642900466918945,979.9899999999999,440917,156.9532181007886
Double_DQN,2,420,226.02489826874248,545,1.4757835865020752,941.2600000000001,440917,156.69277274458867
Double_DQN,2,421,-160.7752022056714,586,1.5319924354553223,911.9800000000002,440917,162.4691508916973
Double_DQN,2,422,262.76238968028474,269,0.6680328845977783,965.02,440917,162.486998021446
Double_DQN,2,423,224.52151384680838,241,0.6045656204223633,964.6899999999999,440917,162.6282957789411
Double_DQN,2,424,232.05570748232154,274,0.6848468780517578,966.5199999999999,440917,162.56298183197237
Double_DQN,2,425,239.3387099164234,275,0.6939888000488281,957.25,440917,162.5292298302956
Double_DQN,2,426,247.96237137867598,295,0.7583937644958496,954.13,440917,161.91149848578357
Double_DQN,2,427,44.07736476435335,203,0.48856115341186523,961.9599999999999,440917,161.89726448577386
Double_DQN,2,428,270.4557343781084,289,0.72652268409729,962.6199999999999,440917,162.2671881891828
Double_DQN,2,429,146.0297436912951,583,1.7356045246124268,924.49,440917,161.93710719934282
Double_DQN,2,430,215.58460178509415,530,1.467761516571045,927.2800000000001,440917,162.14394387132805
Double_DQN,2,431,-123.06653363429683,109,0.2654547691345215,986.17,440917,165.927896035363
Double_DQN,2,432,277.82366486616036,442,1.1778817176818848,945.67,440917,163.37586650611237
Double_DQN,2,433,271.2521397510973,368,0.927509069442749,945.5800000000002,440917,161.3722115340476
Double_DQN,2,434,226.96302425146155,287,0.7118384838104248,958.06,440917,161.3911969104795
Double_DQN,2,435,239.13714159261477,284,0.7152442932128906,954.73,440917,161.34502042496388
Double_DQN,2,436,219.63288347798925,496,1.363490104675293,918.0700000000003,440917,160.60380234882243
Double_DQN,2,437,232.96704479199917,294,0.7650444507598877,952.03,440917,160.22599522588104
Double_DQN,2,438,240.57667888277533,469,1.2877521514892578,940.15,440917,152.33904902380021
Double_DQN,2,439,-127.44209927213367,145,0.34383606910705566,976.66,440917,157.1752754555012
Double_DQN,2,440,251.61171371676704,508,1.3852050304412842,932.2000000000002,440917,155.23487970640332
Double_DQN,2,441,-22.99280146740854,198,0.48359060287475586,965.1099999999999,440917,155.13184052066293
Double_DQN,2,442,262.65364724859546,190,0.454911470413208,972.2199999999999,440917,154.95976206260863
Double_DQN,2,443,172.65546702270848,523,1.4602103233337402,924.4000000000001,440917,154.43922451479668
Double_DQN,2,444,4.691616462546634,131,0.31150078773498535,981.5799999999999,440917,155.35978164821472
Double_DQN,2,445,269.5857995343617,259,0.6309340000152588,964.3599999999999,440917,155.22770632407097
Double_DQN,2,446,228.30536144177975,249,0.6085567474365234,965.6199999999999,440917,152.97578741999064
Double_DQN,2,447,264.7935564435661,246,0.601416826248169,966.1899999999999,440917,152.9381606234892
Double_DQN,2,448,239.3407672657096,589,1.6354124546051025,930.3399999999999,440917,152.47382810776642
Double_DQN,2,449,257.502978347066,170,0.39956188201904297,977.3499999999999,440917,152.73377804085513
Double_DQN,2,450,225.8246770362681,263,0.6440200805664062,967.1499999999999,440917,152.14198614056323
Double_DQN,2,451,225.5299362744127,628,1.709197759628296,896.9200000000004,440917,151.85160017187576
Double_DQN,2,452,238.114825024422,312,0.8109629154205322,960.2499999999998,440917,151.66123123379043
Double_DQN,2,453,300.84947021958703,202,0.48874711990356445,968.65,440917,152.27478918600735
Double_DQN,2,454,265.3453001632057,186,0.448822021484375,973.15,440917,150.58238040143243
Double_DQN,2,455,241.8034917765398,219,0.5338244438171387,973.2099999999999,440917,143.33665693195627
Double_DQN,2,456,297.80476805455896,288,0.7041614055633545,963.2199999999999,440917,144.1574245555479
Double_DQN,2,457,241.49318400573054,337,0.8939013481140137,958.93,440917,143.91513436034936
Double_DQN,2,458,183.63763821985194,555,1.5723254680633545,908.6200000000003,440917,143.4591480289929
Double_DQN,2,459,275.65798970167924,245,0.6025285720825195,962.4699999999999,440917,143.52106718414768
Double_DQN,2,460,287.7328136481867,186,0.43576645851135254,973.2099999999999,440917,133.6637419962664
Double_DQN,2,461,243.65044570927782,284,0.7052531242370605,959.9499999999999,440917,127.35064372307471
Double_DQN,2,462,220.67378019537355,340,0.8486945629119873,945.07,440917,118.54290839743997
Double_DQN,2,463,-103.30751356133852,165,0.397324800491333,967.63,440917,125.10102655657458
Double_DQN,2,464,252.13360024581687,259,0.6461606025695801,963.4599999999999,440917,125.40529836730865
Double_DQN,2,465,215.16927189675044,692,2.000227928161621,898.3300000000004,440917,125.037358348484
Double_DQN,2,466,269.9229267571658,268,0.6823582649230957,956.98,440917,125.40002510463287
Double_DQN,2,467,-226.89436134690217,608,1.6197865009307861,931.0899999999999,440917,129.3798377399867
Double_DQN,2,468,262.2045156108867,269,0.6519918441772461,961.15,440917,129.5390465619148
Double_DQN,2,469,228.3991657483699,209,0.5004217624664307,970.9899999999999,440917,129.48298041390308
Double_DQN,2,470,265.6070357150556,302,0.7753405570983887,953.95,440917,129.8238365750899
Double_DQN,2,471,266.57738746854784,224,0.5498583316802979,966.8499999999999,440917,120.1289947915589
Double_DQN,2,472,-56.76912190509382,396,1.0173087120056152,933.9100000000002,440917,124.96534876776666
Double_DQN,2,473,300.09006132173766,256,0.6590797901153564,957.34,440917,125.79716728466268
Double_DQN,2,474,282.7507563252933,328,0.8366351127624512,949.9300000000001,440917,126.30264078212983
Double_DQN,2,475,248.30988709432626,394,1.023594856262207,945.3700000000001,440917,126.37175564793318
Double_DQN,2,476,280.3019632820435,196,0.47036170959472656,969.79,440917,126.72217392106782
Double_DQN,2,477,236.776784629768,313,0.7884469032287598,953.0799999999999,440917,124.96443547277629
Double_DQN,2,478,222.3841147502452,297,0.7616298198699951,959.0799999999999,440917,124.60113968785264
Double_DQN,2,479,240.29384314515244,235,0.572084903717041,965.05,440917,124.50171553006398
Double_DQN,2,480,290.04010857740457,244,0.6081047058105469,966.79,440917,125.1149171204272
Double_DQN,2,481,281.04332983239516,298,0.7256765365600586,960.31,440917,116.60786259070994
Double_DQN,2,482,248.14255843300995,254,0.6196691989898682,961.99,440917,116.33755746284034
Double_DQN,2,483,260.26361554150634,203,0.5028784275054932,966.7299999999999,440917,116.23131043862143
Double_DQN,2,484,258.3071502404115,197,0.4819200038909912,970.5099999999999,440917,116.40856881384282
Double_DQN,2,485,234.16294134819282,194,0.4805116653442383,970.8699999999999,440917,116.38579798059708
Double_DQN,2,486,211.79995301935867,447,1.2766904830932617,946.24,440917,116.37794158138846
Double_DQN,2,487,-171.05220790778253,402,1.0366508960723877,926.5600000000003,440917,127.94057889870254
Double_DQN,2,488,211.49600299365545,411,1.0702588558197021,934.8400000000001,440917,127.82867204491875
Double_DQN,2,489,284.761498306547,212,0.5380206108093262,965.3199999999999,440917,119.38483604662821
Double_DQN,2,490,240.75157485145232,280,0.6960382461547852,958.21,440917,119.31767111669663
Double_DQN,2,491,272.2482428059673,501,1.3663420677185059,951.22,440917,114.9063437984172
Double_DQN,2,492,256.8431881069324,262,0.6580407619476318,963.4599999999999,440917,114.86109239734687
Double_DQN,2,493,263.41715768719666,242,0.6073894500732422,965.3499999999999,440917,114.89543908394334
Double_DQN,2,494,291.5684455258201,276,0.7146682739257812,955.42,440917,111.26720431432805
Double_DQN,2,495,257.06678171532184,324,0.8277990818023682,962.7099999999999,440917,111.17503215988049
Double_DQN,2,496,275.73878287992113,268,0.6732687950134277,960.43,440917,111.42468914565298
Double_DQN,2,497,268.81451295595167,330,0.8437867164611816,961.5699999999999,440917,111.4561218585315
Double_DQN,2,498,240.33940956814823,231,0.5813846588134766,961.18,440917,111.45908641542229
Double_DQN,2,499,285.84866715148314,261,0.6610147953033447,959.3199999999999,440917,111.70339758399552
Double_DQN,2,500,288.2391469849688,317,0.833451509475708,952.3000000000001,440917,112.06638044446613
Dueling_DQN,0,1,-126.24438144777267,108,0.07097291946411133,989.47,inf,0.0
Dueling_DQN,0,2,11.074892651988463,97,0.1429286003112793,993.64,inf,68.65963704988056
Dueling_DQN,0,3,1.5068327766391292,75,0.11115407943725586,992.83,inf,62.59970140581534
Dueling_DQN,0,4,-252.8048487085722,95,0.13901877403259277,991.0,inf,107.7012664324621
Dueling_DQN,0,5,-72.36760081924928,109,0.16286993026733398,987.85,inf,96.63816931856209
Dueling_DQN,0,6,-75.58492741205887,69,0.10134172439575195,994.3,inf,88.3349198146126
Dueling_DQN,0,7,-57.74729912138396,65,0.09379935264587402,994.21,inf,82.36663536943406
Dueling_DQN,0,8,-217.9744276168998,82,0.11874055862426758,992.35,inf,89.25392965348898
Dueling_DQN,0,9,-84.08105603149824,70,0.09757304191589355,994.15,inf,84.27589830159296
Dueling_DQN,0,10,-84.66759399876021,69,0.09915757179260254,992.95,inf,80.03858781305135
Dueling_DQN,0,11,-406.32473902516983,92,0.13159441947937012,992.53,inf,117.42353008578642
Dueling_DQN,0,12,-196.1684258625125,99,0.14234423637390137,992.38,inf,114.17486336897258
Dueling_DQN,0,13,-263.3391323428968,117,0.17548489570617676,987.1,inf,115.29697674753928
Dueling_DQN,0,14,-107.26988594473856,78,0.117340087890625,992.59,inf,111.42936694082606
Dueling_DQN,0,15,-224.0900582722577,84,0.12581372261047363,992.89,inf,109.7720476616123
Dueling_DQN,0,16,-17.797734650472933,124,0.1805894374847412,986.41,inf,110.57191577023536
Dueling_DQN,0,17,-100.39292746580404,126,0.1883375644683838,989.2,inf,107.59477289578084
Dueling_DQN,0,18,-91.59390784526238,95,0.14355158805847168,990.13,inf,105.00890333900446
Dueling_DQN,0,19,-40.72535019081859,143,0.21777844429016113,983.8,inf,104.19596586025474
Dueling_DQN,0,20,-81.6383154269683,124,0.18878555297851562,985.78,inf,102.03063949114144
Dueling_DQN,0,21,-151.93804095916607,75,0.10872721672058105,993.43,inf,99.7441141792739
Dueling_DQN,0,22,-173.914524541718,69,0.10117459297180176,993.76,inf,97.96650044031286
Dueling_DQN,0,23,-128.51920909841516,73,0.10731697082519531,994.18,inf,95.81320736622223
Dueling_DQN,0,24,-74.05103348389287,83,0.12306880950927734,989.29,inf,94.41196698064297
Dueling_DQN,0,25,-78.6633372258153,88,0.13013553619384766,989.95,inf,92.96241551465413
Dueling_DQN,0,26,-94.05489799965503,151,0.23383283615112305,979.81,inf,91.33659946433833
Dueling_DQN,0,27,-143.49938487174836,181,0.27503371238708496,975.8499999999999,inf,89.71551805974114
Dueling_DQN,0,28,-317.8571212465822,93,0.1329965591430664,990.88,inf,95.20050482735529
Dueling_DQN,0,29,-219.2288017923626,105,0.15139007568359375,989.35,inf,94.93903095546409
Dueling_DQN,0,30,-174.22203005529425,144,0.21919965744018555,981.67,inf,93.62983267469623
Dueling_DQN,0,31,-64.11898916167706,138,0.21001863479614258,981.01,inf,92.9501834652408
Dueling_DQN,0,32,-117.8626124210672,95,0.14072442054748535,985.84,inf,91.52187638338066
Dueling_DQN,0,33,-190.84961057820232,120,0.18182897567749023,989.95,inf,90.68606349013433
Dueling_DQN,0,34,-17.98814858470682,125,0.1832425594329834,984.55,inf,91.46192173589378
Dueling_DQN,0,35,-370.11934333556894,145,0.21874046325683594,985.0,inf,98.59353285913855
Dueling_DQN,0,36,-68.31541326130471,106,0.1670694351196289,986.62,inf,97.87310144964391
Dueling_DQN,0,37,-81.44854419351644,218,0.3645949363708496,972.67,inf,96.93665467427202
Dueling_DQN,0,38,3.551868498037848,95,0.1474769115447998,984.9399999999999,inf,98.15113176497051
Dueling_DQN,0,39,-228.02862977930897,174,0.27870821952819824,976.78,inf,98.1083700189998
Dueling_DQN,0,40,-358.671552562888,104,0.1627352237701416,992.26,inf,103.09286536578371
Dueling_DQN,0,41,-228.59112070493063,129,0.1979827880859375,986.65,inf,102.7728567202175
Dueling_DQN,0,42,-100.91475628373892,102,0.1548748016357422,986.44,inf,101.72253414448573
Dueling_DQN,0,43,-128.28257417061343,95,0.14616727828979492,990.46,inf,100.54749015090951
Dueling_DQN,0,44,-162.17098757723272,181,0.2873528003692627,977.02,inf,99.45606198607558
Dueling_DQN,0,45,-86.54221894805556,116,0.188554048538208,986.38,inf,98.65943876290143
Dueling_DQN,0,46,-383.29716822357403,101,0.1628131866455078,990.16,inf,103.8927907566708
Dueling_DQN,0,47,-167.61728476057397,126,0.19614315032958984,986.02,inf,102.83769673095843
Dueling_DQN,0,48,-134.12029650137856,163,0.2531099319458008,978.49,inf,101.77180613901035
Dueling_DQN,0,49,-139.14288874737076,188,0.2995114326477051,972.6999999999999,inf,100.73067232860022
Dueling_DQN,0,50,-109.70387683389899,105,0.16396594047546387,984.76,inf,99.83555980434951
Dueling_DQN,0,51,-186.6537338951996,164,0.2645416259765625,976.63,inf,99.98401917928803
Dueling_DQN,0,52,-63.799054494265,126,0.19866180419921875,981.43,inf,98.18307177665419
Dueling_DQN,0,53,-113.62903240357342,124,0.19151616096496582,982.9,inf,96.01637238768798
Dueling_DQN,0,54,-201.1325437019834,110,0.17532992362976074,988.54,inf,95.16326943800621
Dueling_DQN,0,55,-12.737688210593092,111,0.17656230926513672,989.11,inf,96.46268023766866
Dueling_DQN,0,56,-172.92096656626526,130,0.20998120307922363,983.98,inf,95.99595308026795
Dueling_DQN,0,57,-38.30004618891222,135,0.21570801734924316,980.38,inf,96.40058928806937
Dueling_DQN,0,58,-209.18554084996867,171,0.27166318893432617,971.53,inf,96.2806081544452
Dueling_DQN,0,59,-113.06521011219813,124,0.19753646850585938,982.45,inf,95.98242362778123
Dueling_DQN,0,60,-105.31618044415652,136,0.21654486656188965,981.61,inf,95.75184313288388
Dueling_DQN,0,61,-57.41428887791193,110,0.17754316329956055,985.3,inf,89.21504413741667
Dueling_DQN,0,62,-45.502616412210145,86,0.1387476921081543,987.4,inf,89.86807068870601
Dueling_DQN,0,63,-57.83457733350305,166,0.27005600929260254,971.41,inf,88.76790327988188
Dueling_DQN,0,64,-327.702459703669,200,0.33504295349121094,971.5899999999999,inf,92.68726162071289
Dueling_DQN,0,65,7.979926003591714,121,0.19895386695861816,978.13,inf,94.11132385982134
Dueling_DQN,0,66,-91.74865085101882,127,0.2042386531829834,987.5500000000001,inf,92.8398712875772
Dueling_DQN,0,67,-224.96375206243337,195,0.31044530868530273,971.17,inf,93.52334710253345
Dueling_DQN,0,68,-279.72862231210195,108,0.1705484390258789,992.26,inf,95.33314729569877
Dueling_DQN,0,69,-73.00744399844615,294,0.5281503200531006,950.98,inf,94.75178273058795
Dueling_DQN,0,70,-4.759839765556137,134,0.20978999137878418,977.3199999999999,inf,96.34173350412547
Dueling_DQN,0,71,-141.28262956622868,201,0.3316519260406494,972.16,inf,96.32960036160405
Dueling_DQN,0,72,-139.48301832716572,284,0.4950985908508301,950.7700000000001,inf,96.21498091801907
Dueling_DQN,0,73,-61.42956930370021,118,0.18519949913024902,981.52,inf,96.83614393056878
Dueling_DQN,0,74,-273.1532844650636,241,0.4099600315093994,957.22,inf,98.1684667332664
Dueling_DQN,0,75,-207.1265084939817,252,0.42903757095336914,961.54,inf,98.13285800978267
Dueling_DQN,0,76,-303.0050184465042,414,0.8002135753631592,926.5300000000002,inf,100.27704192148495
Dueling_DQN,0,77,-71.31663367771752,176,0.2897171974182129,969.9699999999999,inf,100.87400849302232
Dueling_DQN,0,78,-149.89460622238244,175,0.2926187515258789,976.3899999999999,inf,97.92432313786688
Dueling_DQN,0,79,-35.36532724915948,192,0.32960081100463867,969.16,inf,98.51512416201462
Dueling_DQN,0,80,-25.622365641996723,218,0.3718717098236084,965.2299999999999,inf,99.70948646019184
Dueling_DQN,0,81,-42.863078280498144,220,0.3727290630340576,964.81,inf,100.06937759519617
Dueling_DQN,0,82,-243.39688150513211,229,0.4012892246246338,960.9699999999999,inf,101.10604328874447
Dueling_DQN,0,83,-132.23076495581398,181,0.30025219917297363,970.9,inf,100.85324528368018
Dueling_DQN,0,84,-234.48085338745994,180,0.2898695468902588,977.4699999999999,inf,100.20242551712693
Dueling_DQN,0,85,-198.83597727271422,183,0.30513811111450195,969.3399999999999,inf,95.19964588168921
Dueling_DQN,0,86,-48.22761597991126,319,0.5844902992248535,946.84,inf,95.54343798421719
Dueling_DQN,0,87,11.469465071698636,201,0.3499279022216797,966.1899999999999,inf,97.54080615356229
Dueling_DQN,0,88,-312.56090323628155,784,1.7530012130737305,867.7300000000005,inf,98.41318671686945
Dueling_DQN,0,89,-437.97230150953914,711,1.5440630912780762,880.0600000000005,inf,106.08239670208319
Dueling_DQN,0,90,-466.3002980241443,909,2.2404041290283203,838.8699999999994,inf,111.2924397444366
Dueling_DQN,0,91,-171.01663425054684,1000,2.5952231884002686,815.9799999999984,inf,110.77513277044447
Dueling_DQN,0,92,-21.90518172381526,569,1.278956651687622,914.8000000000002,inf,112.01136170603743
Dueling_DQN,0,93,-141.66770393454954,1000,2.4314520359039307,819.9399999999987,inf,111.98046792836018
Dueling_DQN,0,94,-115.12346966846613,1000,2.517526149749756,816.0699999999985,inf,112.05536224153107
Dueling_DQN,0,95,-115.55603098336364,1000,2.394925594329834,815.4999999999984,inf,111.81516645725961
Dueling_DQN,0,96,-205.74097306957978,451,0.9490072727203369,916.0900000000003,inf,106.99104603591383
Dueling_DQN,0,97,-320.18138554254296,595,1.33205246925354,891.4300000000004,inf,109.75733149624315
Dueling_DQN,0,98,-277.618479829472,906,2.204651355743408,835.4799999999991,inf,111.24453740708057
Dueling_DQN,0,99,-118.70781149727593,1000,2.7250704765319824,812.1999999999983,inf,111.32134482918869
Dueling_DQN,0,100,-61.678892592606715,1000,2.540860652923584,814.3599999999984,inf,111.8675727160036
Dueling_DQN,0,101,-59.43485396803399,1000,2.9605746269226074,821.2599999999986,inf,112.42020711735921
Dueling_DQN,0,102,-92.65223561397065,1000,3.387420654296875,814.7799999999984,inf,112.06962212642851
Dueling_DQN,0,103,-85.8221084104027,1000,2.9256973266601562,825.4299999999989,inf,112.30114362951998
Dueling_DQN,0,104,-57.38121476309518,1000,2.859994411468506,820.2699999999986,inf,112.6961411712665
Dueling_DQN,0,105,-337.2035934416076,998,2.864408254623413,817.7199999999984,inf,114.32265383536986
Dueling_DQN,0,106,-187.78716281500363,960,2.765146493911743,828.9699999999991,inf,114.40179470055688
Dueling_DQN,0,107,-107.41646353676961,1000,2.8822522163391113,817.8699999999985,inf,113.45667746075237
Dueling_DQN,0,108,-55.89958612008568,1000,2.937886953353882,814.0599999999984,inf,113.92503968893855
Dueling_DQN,0,109,-175.26554222743124,682,1.5629377365112305,873.0700000000005,inf,113.87222785514123
Dueling_DQN,0,110,-77.42794553670566,1000,3.1030678749084473,814.2399999999983,inf,114.15582987954427
Dueling_DQN,0,111,-109.02784867626015,1000,2.9498720169067383,815.5599999999985,inf,113.55417392890625
Dueling_DQN,0,112,-86.21227601456826,1000,2.509368419647217,816.6699999999985,inf,112.94561786497474
Dueling_DQN,0,113,-83.41734406944158,331,0.6798100471496582,939.8800000000001,inf,112.58016626800364
Dueling_DQN,0,114,-75.50768597209215,1000,2.5072367191314697,816.5199999999984,inf,110.19359079392845
Dueling_DQN,0,115,-210.35669996459507,752,1.6819183826446533,862.9900000000002,inf,108.29998565165197
Dueling_DQN,0,116,-86.06934117373784,200,0.3873159885406494,966.2199999999999,inf,108.36476193927928
Dueling_DQN,0,117,-183.1673926164467,758,1.9527039527893066,861.1600000000002,inf,107.94855371368521
Dueling_DQN,0,118,-85.52833722321822,1000,2.447333574295044,810.0699999999982,inf,106.69004062414118
Dueling_DQN,0,119,-169.4107620057108,687,1.814361333847046,872.8900000000006,inf,106.22517669400494
Dueling_DQN,0,120,-89.17006275316467,1000,2.7620911598205566,815.6499999999984,inf,104.59608579721893
Dueling_DQN,0,121,-154.89469740936616,583,1.352524995803833,896.2900000000004,inf,104.59198340915017
Dueling_DQN,0,122,-48.41478377318799,1000,2.9380433559417725,813.3999999999983,inf,105.54439521153196
Dueling_DQN,0,123,122.90973173234177,911,2.431781530380249,864.9100000000002,inf,111.55191157103481
Dueling_DQN,0,124,-68.89604434343116,1000,2.8198390007019043,813.0399999999983,inf,110.49313608145042
Dueling_DQN,0,125,-71.45730390909944,1000,2.6740238666534424,817.6899999999985,inf,110.48230617721187
Dueling_DQN,0,126,-72.94874411821786,168,0.3190910816192627,970.7499999999999,inf,108.26179175843822
Dueling_DQN,0,127,-37.86062336075441,1000,3.120605707168579,813.3699999999983,inf,108.74262292783162
Dueling_DQN,0,128,-128.33833294253358,1000,2.77009916305542,817.6299999999986,inf,108.71443839887334
Dueling_DQN,0,129,-63.290560470140235,1000,2.758427619934082,819.0999999999985,inf,108.28851792570062
Dueling_DQN,0,130,-26.475329869610942,1000,2.9843928813934326,814.4199999999984,inf,108.27176886865503
Dueling_DQN,0,131,-115.53292887469759,124,0.2512686252593994,979.27,inf,107.54584197991753
Dueling_DQN,0,132,-108.50394172327118,170,0.3313002586364746,969.67,inf,106.44959218896992
Dueling_DQN,0,133,-72.76614619477829,144,0.27586913108825684,975.37,inf,106.76230346417638
Dueling_DQN,0,134,-53.99380224409773,1000,2.5536820888519287,822.7899999999987,inf,106.21629530107504
Dueling_DQN,0,135,-83.44395336952365,1000,2.8610081672668457,824.9199999999988,inf,105.86875720384593
Dueling_DQN,0,136,-59.031068426848876,1000,2.441335678100586,823.9599999999988,inf,105.72478347939432
Dueling_DQN,0,137,-58.809999140630346,1000,2.9774463176727295,813.2199999999983,inf,104.36979416602938
Dueling_DQN,0,138,-190.54087330463645,984,2.9368011951446533,828.4899999999989,inf,101.35357033744266
Dueling_DQN,0,139,-68.87285474680925,1000,2.8230350017547607,817.4199999999985,inf,91.07922208637514
Dueling_DQN,0,140,-51.296791157474736,1000,2.8700897693634033,815.6499999999984,inf,76.50496107654925
Dueling_DQN,0,141,-97.53158313320876,194,0.3895449638366699,961.45,inf,75.97497637931363
Dueling_DQN,0,142,-107.44287728863283,1000,2.847633123397827,818.1699999999985,inf,75.01809015568475
Dueling_DQN,0,143,-99.74068937022514,102,0.20176196098327637,983.53,inf,74.86853657733838
Dueling_DQN,0,144,-37.92585562841923,1000,2.5572361946105957,820.6299999999985,inf,75.47693791669334
Dueling_DQN,0,145,-77.71568431234579,172,0.35431408882141113,967.7199999999999,inf,75.56072291834862
Dueling_DQN,0,146,-103.0563622558168,112,0.2159414291381836,979.81,inf,74.166953554125
Dueling_DQN,0,147,-74.92500718880774,1000,3.6909070014953613,816.9399999999985,inf,67.41521958670673
Dueling_DQN,0,148,-13.474824401476612,1000,2.592296600341797,821.3499999999985,inf,63.33195540637367
Dueling_DQN,0,149,-26.60009801482929,1000,2.9494988918304443,812.4699999999983,inf,63.87649334776058
Dueling_DQN,0,150,-17.350601237485463,1000,2.63401198387146,819.0999999999985,inf,64.57464354260262
Dueling_DQN,0,151,-60.136554806181074,1000,3.2851436138153076,813.1299999999983,inf,64.56815179639992
Dueling_DQN,0,152,-28.42213015436274,1000,2.783250093460083,819.1899999999985,inf,65.1323478956965
Dueling_DQN,0,153,-41.43308199888774,1000,3.1126251220703125,812.5899999999983,inf,65.46280442154148
Dueling_DQN,0,154,-41.47102776709875,1000,2.678971767425537,813.6999999999983,inf,65.6467911147533
Dueling_DQN,0,155,-38.808227318275854,1000,2.7389140129089355,819.0399999999985,inf,55.41064242554639
Dueling_DQN,0,156,-74.3912098945204,1000,3.1580936908721924,819.4899999999986,inf,53.28152500336487
Dueling_DQN,0,157,-42.30069424723693,1000,2.883305788040161,815.0199999999984,inf,53.365186087160225
Dueling_DQN,0,158,-10.053923964312062,1000,2.9508650302886963,824.1399999999987,inf,54.11925746228761
Dueling_DQN,0,159,-85.16308958763776,1000,2.7382497787475586,821.4399999999987,inf,52.27651021522955
Dueling_DQN,0,160,-49.68325247525572,1000,2.4156899452209473,821.8599999999988,inf,52.3939976387867
Dueling_DQN,0,161,-64.6685875774179,1000,2.8249764442443848,819.9699999999987,inf,52.17454856771609
Dueling_DQN,0,162,-20.151571365064417,1000,2.7707018852233887,822.5499999999987,inf,52.669276438012915
Dueling_DQN,0,163,-55.09131260232236,1000,2.6560120582580566,818.2299999999985,inf,52.697375759321304
Dueling_DQN,0,164,-36.471162848733194,1000,3.139059543609619,820.2399999999986,inf,52.922154424012405
Dueling_DQN,0,165,-53.63972347806896,1000,2.9971730709075928,817.0899999999986,inf,49.06444580143852
Dueling_DQN,0,166,-91.97758149202441,1000,3.2866110801696777,820.9299999999987,inf,49.11570574867623
Dueling_DQN,0,167,-48.44238155003567,1000,2.911921977996826,815.6799999999985,inf,46.32844841444474
Dueling_DQN,0,168,-62.31517988232278,1000,2.5136313438415527,814.8699999999984,inf,46.237556401934235
Dueling_DQN,0,169,-32.283682893404006,1000,2.767296314239502,815.3499999999984,inf,43.95141965290149
Dueling_DQN,0,170,-167.1321121889946,956,2.458230495452881,830.439999999999,inf,46.216260351235604
Dueling_DQN,0,171,-54.67255506729155,1000,3.451667308807373,816.8199999999985,inf,44.34189704455262
Dueling_DQN,0,172,-62.26728495193128,1000,3.1157968044281006,821.4399999999987,inf,44.30290317661221
Dueling_DQN,0,173,-65.5199839201855,1000,2.7467217445373535,820.1199999999985,inf,35.59617434693376
Dueling_DQN,0,174,-28.658156125288816,1000,3.0264341831207275,814.4199999999984,inf,35.962950998899736
Dueling_DQN,0,175,-33.418571420297816,1000,2.8554184436798096,823.7799999999988,inf,36.2130424300328
Dueling_DQN,0,176,-318.44186314808076,486,1.0844972133636475,920.9200000000003,inf,50.80616640199936
Dueling_DQN,0,177,-10.432245611362672,1000,2.71932315826416,817.1499999999985,inf,51.28343114335155
Dueling_DQN,0,178,-36.03725525412467,1000,2.9796085357666016,821.7099999999988,inf,50.74684485805305
Dueling_DQN,0,179,5.439989406089521,1000,2.998288631439209,820.9299999999987,inf,51.734691762859384
Dueling_DQN,0,180,-34.75962641370773,1000,3.652989149093628,819.4899999999986,inf,51.623997285890894
Dueling_DQN,0,181,-24.90293332799117,1000,3.4644479751586914,822.9099999999987,inf,51.41652631767623
Dueling_DQN,0,182,-34.38058930779794,1000,3.0104877948760986,823.2099999999987,inf,51.163072328161824
Dueling_DQN,0,183,-25.856722725889608,1000,2.855011224746704,821.5299999999987,inf,51.38541582557661
Dueling_DQN,0,184,-136.2558619348483,882,2.8469743728637695,841.4799999999993,inf,52.44102617587053
Dueling_DQN,0,185,-70.91554626902636,1000,3.2647645473480225,819.7299999999987,inf,52.37090449450593
Dueling_DQN,0,186,-32.34696729124967,1000,3.4561336040496826,815.7699999999984,inf,52.53809449400809
Dueling_DQN,0,187,5.6345225345747565,253,0.5507519245147705,955.6,inf,53.38071974076097
Dueling_DQN,0,188,-48.47005638197672,1000,3.010957717895508,820.5099999999986,inf,50.06480531433654
Dueling_DQN,0,189,-45.5221720988991,1000,2.742262840270996,822.7899999999987,inf,50.067544070663345
Dueling_DQN,0,190,-22.85215559378306,1000,2.739131212234497,817.7499999999985,inf,50.29313486427723
Dueling_DQN,0,191,10.173897018349951,1000,3.114598035812378,819.0399999999986,inf,50.801659787111966
Dueling_DQN,0,192,-151.27325562779285,662,1.7419052124023438,881.2600000000004,inf,52.069394159149866
Dueling_DQN,0,193,-92.4624911255553,629,1.7800936698913574,884.9200000000005,inf,51.955312683149934
Dueling_DQN,0,194,-31.264474246405104,1000,2.794618606567383,825.1899999999989,inf,52.008119821877
Dueling_DQN,0,195,-43.944619112166684,1000,3.335761547088623,818.2299999999985,inf,51.92967943448637
Dueling_DQN,0,196,-227.2659056780435,625,1.7094032764434814,888.2800000000004,inf,56.925747808926374
Dueling_DQN,0,197,-48.715782594463484,1000,2.945079803466797,818.8299999999986,inf,56.87838601430026
Dueling_DQN,0,198,-29.043754693762505,1000,2.6527016162872314,814.5699999999983,inf,56.684734389251695
Dueling_DQN,0,199,-55.47093224174664,1000,2.9028358459472656,816.7599999999984,inf,56.52170419133073
Dueling_DQN,0,200,-43.99023544279804,1000,2.911708354949951,821.7699999999986,inf,56.26754743405291
Dueling_DQN,0,201,-19.472900493744767,1000,2.688464641571045,813.6999999999983,inf,56.521751650787046
Dueling_DQN,0,202,-43.0749876410179,1000,2.6382896900177,820.7199999999987,inf,56.410565573304055
Dueling_DQN,0,203,-44.31285933926009,1000,2.703972101211548,820.2699999999986,inf,56.39578537363948
Dueling_DQN,0,204,-33.47328753845658,1000,2.7885818481445312,814.6599999999985,inf,56.45198355030611
Dueling_DQN,0,205,-33.92066171179216,1000,3.074145793914795,823.5999999999987,inf,56.487993683718734
Dueling_DQN,0,206,-24.546867641732593,1000,2.952367067337036,818.5599999999986,inf,56.614048548351896
Dueling_DQN,0,207,-38.01924624919244,1000,3.0724005699157715,818.0499999999986,inf,56.638120377983334
Dueling_DQN,0,208,1.6252270913353373,1000,3.1047961711883545,816.2199999999984,inf,56.850957092234125
Dueling_DQN,0,209,-48.80292525239367,1000,3.2272675037384033,817.8999999999986,inf,56.70309535875049
Dueling_DQN,0,210,-33.00259665921636,1000,2.6755688190460205,818.6799999999985,inf,56.78285047827438
Dueling_DQN,0,211,-34.38453255000633,1000,3.1252565383911133,817.6599999999986,inf,56.83522033148454
Dueling_DQN,0,212,-17.989213067219662,1000,2.876384735107422,816.3099999999985,inf,56.861879570927854
Dueling_DQN,0,213,-40.408040967204755,1000,2.9321305751800537,823.9599999999988,inf,56.893869657349775
Dueling_DQN,0,214,-19.702855237127896,1000,2.7486040592193604,820.2999999999986,inf,57.04424283128112
Dueling_DQN,0,215,-16.37507148422378,1000,2.9754719734191895,812.7099999999983,inf,57.28001779716514
Dueling_DQN,0,216,-3.981882562918763,1000,2.8686091899871826,818.2299999999985,inf,57.39844428211654
Dueling_DQN,0,217,17.458261657414226,1000,2.554217576980591,820.8099999999987,inf,58.19221500444578
Dueling_DQN,0,218,-5.837494480291326,1000,2.895601749420166,816.4899999999984,inf,58.4826332206919
Dueling_DQN,0,219,5.560519347885713,1000,3.175509452819824,812.7999999999984,inf,58.93091732734387
Dueling_DQN,0,220,-50.56737828281488,1000,3.207333564758301,819.1599999999986,inf,56.414116223027015
Dueling_DQN,0,221,-6.653003559732904,1000,3.418753147125244,812.1999999999982,inf,56.6566877289943
Dueling_DQN,0,222,-34.32622158703307,1000,2.9957470893859863,818.9499999999986,inf,56.61609455898044
Dueling_DQN,0,223,-226.95437532613914,56,0.11119508743286133,998.71,inf,62.094818291560756
Dueling_DQN,0,224,-39.01449655331821,1000,3.1529288291931152,817.6899999999985,inf,62.050107236574156
Dueling_DQN,0,225,-26.280878077742724,1000,3.4283394813537598,815.9499999999985,inf,62.090166427644974
Dueling_DQN,0,226,-27.433672368524228,1000,3.428927421569824,818.4099999999985,inf,48.55556130165863
Dueling_DQN,0,227,-22.079645436520167,294,0.6285033226013184,946.5100000000001,inf,48.43433569474988
Dueling_DQN,0,228,-98.8037130775539,241,0.5044472217559814,962.53,inf,49.08271221740322
Dueling_DQN,0,229,-4.719555105136919,304,0.6395552158355713,949.45,inf,48.903022926643956
Dueling_DQN,0,230,-33.78589248198169,1000,2.826540231704712,819.9999999999986,inf,48.9065212982948
Dueling_DQN,0,231,-1.36925747082104,519,1.2804272174835205,905.2300000000004,inf,49.19129895532268
Dueling_DQN,0,232,-35.164034542125194,1000,3.568053722381592,815.9499999999985,inf,49.188810225509805
Dueling_DQN,0,233,-34.708368829217946,130,0.2639579772949219,982.3,inf,49.14416503027158
Dueling_DQN,0,234,-14.994654668509089,1000,2.8321051597595215,820.6899999999986,inf,47.433166241556386
Dueling_DQN,0,235,235.92104296622153,620,1.5556750297546387,906.1900000000003,140879,60.991903440443664
Dueling_DQN,0,236,2.399955813786533,1000,3.2860405445098877,817.9599999999987,140879,61.20672512713907
Dueling_DQN,0,237,-42.386749161433116,1000,3.009037971496582,818.4699999999987,140879,60.961172751561165
Dueling_DQN,0,238,-12.206414848242929,1000,3.0055885314941406,820.4499999999987,140879,61.0060424936728
Dueling_DQN,0,239,-18.240455979360007,496,1.2196345329284668,909.1300000000003,140879,61.02029997943162
Dueling_DQN,0,240,-63.453626635097336,175,0.3724677562713623,972.0999999999999,140879,61.14717644516227
Dueling_DQN,0,241,182.38221201188355,878,2.288646697998047,867.1000000000004,140879,68.0045253868815
Dueling_DQN,0,242,-361.2067041944829,73,0.1445620059967041,998.65,140879,80.63503180572805
Dueling_DQN,0,243,-44.949491128807736,1000,2.929255485534668,820.2399999999985,140879,80.22847386638709
Dueling_DQN,0,244,-49.24006092712412,1000,3.28751540184021,816.9699999999984,140879,80.25649135550525
Dueling_DQN,0,245,-282.2415455455522,697,1.7460200786590576,879.1600000000005,140879,87.44819950330044
Dueling_DQN,0,246,-69.90013772980501,199,0.40514159202575684,969.7599999999999,140879,83.34955307094832
Dueling_DQN,0,247,-213.34356943229108,315,0.6929059028625488,952.8100000000001,140879,86.9679460724547
Dueling_DQN,0,248,-56.49522423097583,1000,3.0147793292999268,815.9199999999985,140879,86.98944068883607
Dueling_DQN,0,249,19.382410020704157,359,0.8316013813018799,936.1900000000002,140879,87.34745805542595
Dueling_DQN,0,250,-22.362233220076874,1000,3.2503416538238525,813.5199999999984,140879,87.370973711882
Dueling_DQN,0,251,-276.9584771559853,249,0.5329844951629639,957.4000000000001,140879,93.51642200519595
Dueling_DQN,0,252,-45.76759485654296,1000,3.1333699226379395,820.0299999999986,140879,93.51730623647158
Dueling_DQN,0,253,7.739544800979089,1000,3.3832645416259766,816.4899999999984,140879,93.78526850121249
Dueling_DQN,0,254,-24.066272446256534,186,0.38252854347229004,966.0999999999999,140879,93.81135951415564
Dueling_DQN,0,255,-27.269909879499213,1000,3.382113218307495,820.5399999999986,140879,93.82698590608857
Dueling_DQN,0,256,-20.078256401542898,1000,3.0374104976654053,823.0299999999988,140879,93.8452661142796
Dueling_DQN,0,257,-22.90166969888609,1000,3.26225209236145,816.0699999999986,140879,93.8802146160014
Dueling_DQN,0,258,-0.4877107506958278,1000,3.32371187210083,816.4299999999985,140879,93.86142020447271
Dueling_DQN,0,259,32.84719132069645,1000,2.9077775478363037,823.7199999999988,140879,94.4235486455908
Dueling_DQN,0,260,-30.83365387832097,1000,2.709007740020752,822.6999999999988,140879,94.42705304015622
Dueling_DQN,0,261,-11.958351849916449,1000,3.209669589996338,815.9199999999985,140879,94.50363367914916
Dueling_DQN,0,262,-17.70881241304885,1000,3.1800262928009033,818.5299999999986,140879,94.50489315932472
Dueling_DQN,0,263,-28.380618417711442,1000,2.996880531311035,815.2299999999984,140879,94.51648888330979
Dueling_DQN,0,264,0.18986183566441728,1000,3.317613124847412,818.1999999999986,140879,94.6379543498888
Dueling_DQN,0,265,-53.99025479287947,212,0.43756771087646484,965.4699999999999,140879,94.60912895691396
Dueling_DQN,0,266,-12.969819949644837,1000,3.047424077987671,814.2099999999984,140879,94.55059332839741
Dueling_DQN,0,267,36.060754260314106,1000,2.8656251430511475,830.3499999999989,140879,94.80969833375892
Dueling_DQN,0,268,-12.764333121805178,1000,2.9807958602905273,817.3599999999985,140879,94.7662020642659
Dueling_DQN,0,269,266.5770142064099,456,1.0483689308166504,943.2099999999999,140879,103.8391975442833
Dueling_DQN,0,270,18.666231728711416,1000,2.748241424560547,818.4399999999986,140879,104.06920012650801
Dueling_DQN,0,271,-1.8040391336241257,1000,3.067676067352295,819.9399999999987,140879,104.09552096354192
Dueling_DQN,0,272,-28.357851679788553,1000,3.321836471557617,818.7699999999985,140879,104.09669859428551
Dueling_DQN,0,273,142.86020683164693,842,2.8225674629211426,869.4700000000005,140879,103.13763080542628
Dueling_DQN,0,274,-35.07197709356991,1000,3.143946647644043,817.9599999999986,140879,103.12832650622208
Dueling_DQN,0,275,-130.022288816189,301,0.6280884742736816,943.6900000000002,140879,104.17483245323687
Dueling_DQN,0,276,21.46432863215292,1000,2.887690305709839,817.1499999999985,140879,104.39460427733344
Dueling_DQN,0,277,-220.43467186303587,317,0.6474335193634033,948.52,140879,107.88341870736072
Dueling_DQN,0,278,-37.695314961449824,1000,2.7856805324554443,815.6799999999985,140879,107.44112211149725
Dueling_DQN,0,279,-26.00679008924328,1000,3.017590045928955,821.2299999999987,140879,107.38751205764767
Dueling_DQN,0,280,9.720078669675473,1000,3.2077462673187256,818.8599999999985,140879,107.52220450405721
Dueling_DQN,0,281,-30.485420823458746,1000,2.7633185386657715,822.7899999999987,140879,107.45396799454699
Dueling_DQN,0,282,19.57696865925986,1000,3.1586670875549316,816.4899999999985,140879,107.66235977785317
Dueling_DQN,0,283,-233.56558112972843,273,0.5705554485321045,954.7,140879,111.45332848946813
Dueling_DQN,0,284,-26.46421163328619,1000,3.298953056335449,816.9999999999985,140879,111.43051838561829
Dueling_DQN,0,285,-0.9185455509941025,1000,3.1422643661499023,818.2899999999986,140879,104.77936372344269
Dueling_DQN,0,286,25.698349046723266,1000,3.292614698410034,814.6899999999985,140879,105.00360888525351
Dueling_DQN,0,287,16.826686486476923,1000,3.1737120151519775,821.7699999999987,140879,105.26071488164193
Dueling_DQN,0,288,-30.47532184049422,1000,3.0358943939208984,821.4999999999986,140879,105.21261418653484
Dueling_DQN,0,289,-28.108649400670924,1000,2.837888240814209,820.9899999999986,140879,105.18953540359988
Dueling_DQN,0,290,35.70136569072153,1000,3.2763307094573975,832.8999999999992,140879,105.57920011697856
Dueling_DQN,0,291,20.538997119800307,1000,3.125864028930664,818.1999999999986,140879,101.30250398485701
Dueling_DQN,0,292,29.813456785827704,1000,2.620753526687622,826.389999999999,140879,90.47342413133583
Dueling_DQN,0,293,15.919893455995549,1000,3.3021321296691895,816.3699999999985,140879,90.66006216419052
Dueling_DQN,0,294,22.253514569969962,1000,2.492628812789917,826.389999999999,140879,90.87403328301009
Dueling_DQN,0,295,11.266004983756515,1000,2.7345316410064697,819.2499999999986,140879,83.32136904891522
Dueling_DQN,0,296,-9.974975100847686,463,1.1554138660430908,919.3000000000002,140879,83.03252588035697
Dueling_DQN,0,297,-329.86779563442576,984,2.8734471797943115,852.6699999999998,140879,89.80530963652078
Dueling_DQN,0,298,19.49874478871077,1000,3.341568946838379,822.9399999999987,140879,89.84532121474692
Dueling_DQN,0,299,39.4055969823231,1000,3.068122386932373,826.2399999999989,140879,90.06478157399792
Dueling_DQN,0,300,150.2186784477022,837,2.3908820152282715,865.4500000000003,140879,93.15081367486292
Dueling_DQN,0,301,1.762985818280061,1000,3.926633358001709,821.7399999999986,140879,85.39977265165876
Dueling_DQN,0,302,17.232417413539107,1000,3.408045530319214,822.0399999999987,140879,85.33747116358325
Dueling_DQN,0,303,-7.518298859649793,1000,3.0801355838775635,820.0299999999986,140879,85.30285070978086
Dueling_DQN,0,304,-10.148073822161539,1000,2.7267069816589355,824.7699999999988,140879,85.27829220149347
Dueling_DQN,0,305,50.60280024991771,1000,3.1805710792541504,826.869999999999,140879,85.6487963113017
Dueling_DQN,0,306,21.043901131575566,1000,3.677279233932495,840.6399999999994,140879,85.72517347496645
Dueling_DQN,0,307,29.358233413752448,1000,3.2784576416015625,879.22,140879,85.84419944596496
Dueling_DQN,0,308,19.773339856144986,1000,3.119370937347412,819.9699999999987,140879,85.91713859411004
Dueling_DQN,0,309,232.41898612849758,675,1.8471853733062744,906.7000000000003,140879,92.02947155312182
Dueling_DQN,0,310,187.4037879330257,648,1.6403415203094482,907.0300000000003,140879,95.64474377546324
Dueling_DQN,0,311,232.75375035571437,553,1.4523444175720215,923.2300000000001,140879,100.8847735153464
Dueling_DQN,0,312,211.04004836944995,575,1.6173677444458008,916.6600000000002,140879,104.74450174768366
Dueling_DQN,0,313,225.77043412559263,693,1.925429105758667,896.1100000000005,140879,108.74170277361772
Dueling_DQN,0,314,202.63850878226822,644,1.794583797454834,901.9900000000002,140879,111.75666688071297
Dueling_DQN,0,315,185.07027486635354,608,1.684722661972046,915.1900000000002,140879,113.53109398562067
Dueling_DQN,0,316,214.23026118853477,609,1.6560394763946533,915.2200000000003,140879,116.38624984232985
Dueling_DQN,0,317,206.00873957205187,883,2.7136518955230713,899.32,140879,118.94747108364035
Dueling_DQN,0,318,87.82703807188992,982,2.7646584510803223,883.75,140879,118.98901761306794
Dueling_DQN,0,319,213.47188953181393,698,1.9618494510650635,914.1100000000001,140879,117.14964513800663
Dueling_DQN,0,320,201.09562601552415,951,2.6804325580596924,859.6000000000001,140879,119.40273312207563
Dueling_DQN,0,321,248.6832001853806,455,1.1204054355621338,929.2000000000002,140879,122.80591966615043
Dueling_DQN,0,322,256.85254566179185,334,0.7295026779174805,947.2900000000001,140879,125.9120946910661
Dueling_DQN,0,323,184.64234338181382,536,1.3591957092285156,933.5200000000001,140879,126.66610785287479
Dueling_DQN,0,324,246.35134621977443,457,1.1467022895812988,924.6400000000002,140879,128.98262720926766
Dueling_DQN,0,325,215.23739572048396,660,1.7033727169036865,901.7200000000004,140879,128.08599604474534
Dueling_DQN,0,326,197.37999994117388,537,1.327911376953125,942.0999999999998,140879,129.31379357952022
Dueling_DQN,0,327,276.54154470243043,346,0.819817066192627,950.47,140879,125.95072108073082
Dueling_DQN,0,328,249.6505992714072,297,0.6392197608947754,952.1800000000001,140879,127.17202640115146
Dueling_DQN,0,329,250.60104774699994,352,0.7579019069671631,955.09,140879,128.36602005036144
Dueling_DQN,0,330,257.2935828981689,500,1.1800343990325928,942.49,140879,130.0347983643581
Dueling_DQN,0,331,-231.7044101079086,533,1.2349438667297363,920.4700000000003,140879,136.71876372712373
Dueling_DQN,0,332,269.44637673579246,494,1.202441930770874,937.0000000000001,140879,138.66408458550714
Dueling_DQN,0,333,251.2631309231886,438,1.110830545425415,947.83,140879,132.26400110141194
Dueling_DQN,0,334,-330.5396428649268,822,2.0736303329467773,874.3000000000005,140879,144.5060876932675
Dueling_DQN,0,335,-246.80624566274068,518,1.208693504333496,912.8500000000003,140879,151.75763867768214
Dueling_DQN,0,336,231.94736194679874,419,0.9941873550415039,953.6499999999999,140879,152.69660861089935
Dueling_DQN,0,337,241.67463816832867,467,1.0890371799468994,932.1400000000002,140879,153.60007178171233
Dueling_DQN,0,338,249.06063101608547,430,1.0413479804992676,947.62,140879,153.80981613914682
Dueling_DQN,0,339,259.58764715941237,425,1.007575273513794,948.3399999999999,140879,154.05431629517275
Dueling_DQN,0,340,271.8572746187461,373,0.8155994415283203,957.67,140879,155.2558179306347
Dueling_DQN,0,341,276.0354355349039,409,0.9255108833312988,948.34,140879,156.20520791302064
Dueling_DQN,0,342,270.8799387615571,323,0.7273588180541992,959.2299999999999,140879,157.006501460504
Dueling_DQN,0,343,-165.2520050300898,608,1.6082265377044678,904.0000000000003,140879,161.54690735987907
Dueling_DQN,0,344,-55.452212152969366,1000,2.64040470123291,815.6199999999984,140879,162.87794658807604
Dueling_DQN,0,345,260.5843775215251,441,1.0295536518096924,948.0400000000001,140879,163.24122877642424
Dueling_DQN,0,346,276.70023607638234,466,1.0853428840637207,939.5200000000001,140879,163.38015875377423
Dueling_DQN,0,347,179.9662172500827,754,1.971221685409546,933.6099999999997,140879,149.54307630529598
Dueling_DQN,0,348,260.8780340725697,364,0.7974839210510254,961.5099999999999,140879,149.3914587244152
Dueling_DQN,0,349,182.6398531192737,774,1.8514204025268555,939.3399999999999,140879,148.6666608701996
Dueling_DQN,0,350,9.53262048453594,203,0.4155116081237793,967.87,140879,149.9646171953735
Dueling_DQN,0,351,198.53920129609395,751,1.977388858795166,914.53,140879,148.6688054465506
Dueling_DQN,0,352,299.53522886992573,318,0.6922309398651123,967.8699999999998,140879,148.83117959626205
Dueling_DQN,0,353,293.54105678256224,366,0.8261251449584961,953.68,140879,148.14474164288168
Dueling_DQN,0,354,234.12178974886336,500,1.2749452590942383,956.3799999999997,140879,146.37296689222143
Dueling_DQN,0,355,204.50023968615267,308,0.7152061462402344,955.4200000000001,140879,145.49084944848434
Dueling_DQN,0,356,256.5879655680503,255,0.536083459854126,964.0,140879,144.3709776268393
Dueling_DQN,0,357,234.17404450479523,254,0.5337989330291748,965.29,140879,143.06252088754724
Dueling_DQN,0,358,216.6975366640977,397,0.8648557662963867,953.92,140879,141.30483283983367
Dueling_DQN,0,359,-252.01010321486555,968,2.603869676589966,819.2499999999986,140879,153.6938235092161
Dueling_DQN,0,360,185.7261221952641,387,0.9090771675109863,951.73,140879,153.69107031503881
Dueling_DQN,0,361,8.566127940491782,301,0.6519732475280762,942.7900000000001,140879,155.17281918533908
Dueling_DQN,0,362,-195.7614166672646,356,0.7933452129364014,945.19,140879,163.23435741047567
Dueling_DQN,0,363,268.44413993672197,274,0.5894491672515869,964.15,140879,163.68007252413582
Dueling_DQN,0,364,277.49494369369677,345,0.7412528991699219,954.79,140879,164.38420049400068
Dueling_DQN,0,365,-227.767216154905,388,0.8297302722930908,934.9300000000002,140879,173.23180641038738
Dueling_DQN,0,366,236.3928167335827,380,0.8989830017089844,950.1700000000001,140879,173.41000304474983
Dueling_DQN,0,367,254.42579509889728,365,0.8244030475616455,955.93,140879,173.822060646679
Dueling_DQN,0,368,7.331333083334357,180,0.3682518005371094,965.05,140879,174.82351768801405
Dueling_DQN,0,369,271.2332636372406,255,0.5376839637756348,960.97,140879,175.3945846267138
Dueling_DQN,0,370,205.5687413027922,576,1.5783474445343018,925.12,140879,175.41851486181938
Dueling_DQN,0,371,-28.929442678600527,1000,3.301729202270508,814.0299999999984,140879,176.79955458806364
Dueling_DQN,0,372,-24.81961134234592,1000,2.690185308456421,815.3199999999983,140879,177.81854408053422
Dueling_DQN,0,373,279.3088434250334,276,0.5989055633544922,959.59,140879,178.7293141361714
Dueling_DQN,0,374,247.6104495526793,313,0.7001674175262451,961.3899999999999,140879,178.74337535253952
Dueling_DQN,0,375,260.81858059615854,395,0.9355983734130859,950.53,140879,179.20374645313188
Dueling_DQN,0,376,-11.380177924848212,248,0.5412209033966064,953.2900000000001,140879,180.43468265062714
Dueling_DQN,0,377,-40.032040465000094,1000,2.964648962020874,816.3999999999985,140879,181.2227080632543
Dueling_DQN,0,378,251.63860341635962,311,0.6619837284088135,953.59,140879,181.24750492009667
Dueling_DQN,0,379,242.364114167589,280,0.5995795726776123,958.0,140879,181.1484697528006
Dueling_DQN,0,380,269.0878183455809,323,0.6763715744018555,954.61,140879,181.31195080305864
Dueling_DQN,0,381,235.58943575747884,391,0.8866662979125977,957.67,140879,173.92244655006894
Dueling_DQN,0,382,272.15440916928014,285,0.6271181106567383,960.01,140879,173.96096994166095
Dueling_DQN,0,383,-331.7604080750566,437,0.9864256381988525,927.2800000000002,140879,185.73029820514702
Dueling_DQN,0,384,229.59092426638642,369,0.8298652172088623,959.9499999999999,140879,173.79489128760687
Dueling_DQN,0,385,-61.377556304308555,239,0.5012104511260986,963.55,140879,167.21326497112426
Dueling_DQN,0,386,257.33570244573536,319,0.6987447738647461,954.94,140879,167.49855926783604
Dueling_DQN,0,387,273.2827570165691,271,0.6031250953674316,956.98,140879,167.89926286485962
Dueling_DQN,0,388,246.61566658053027,267,0.5674686431884766,956.38,140879,167.8711947791927
Dueling_DQN,0,389,269.2114832316104,357,0.7757151126861572,951.5500000000001,140879,168.00054197997252
Dueling_DQN,0,390,232.03257782547777,291,0.6288537979125977,956.11,140879,167.5224278683931
Dueling_DQN,0,391,9.866426922010547,349,0.7683010101318359,940.8700000000001,140879,167.6885812225429
Dueling_DQN,0,392,2.561008726934901,301,0.6549801826477051,948.82,140879,167.88421985491283
Dueling_DQN,0,393,-71.06340471316072,1000,3.1763157844543457,831.9399999999989,140879,164.9495721033053
Dueling_DQN,0,394,292.2158873034093,225,0.46523547172546387,963.28,140879,163.80181084448208
Dueling_DQN,0,395,257.57380683012946,308,0.6752481460571289,948.4000000000001,140879,163.76132793576278
Dueling_DQN,0,396,267.45110896742153,343,0.751312255859375,955.78,140879,163.62206181421067
Dueling_DQN,0,397,245.21792235537188,306,0.6551990509033203,960.67,140879,164.1253128511371
Dueling_DQN,0,398,226.79999345010452,359,0.8036839962005615,954.07,140879,163.73395956419145
Dueling_DQN,0,399,226.6275514018016,252,0.5348138809204102,962.86,140879,164.02826954600994
Dueling_DQN,0,400,267.6904847396697,323,0.7317399978637695,947.9200000000001,140879,163.58007101588095
Dueling_DQN,0,401,216.86917010353244,349,0.7713887691497803,956.08,140879,163.69680951113216
Dueling_DQN,0,402,251.18837994971392,303,0.6768858432769775,951.37,140879,162.98605026108663
Dueling_DQN,0,403,245.57329155214163,252,0.5320751667022705,966.2199999999999,140879,162.30640692058603
Dueling_DQN,0,404,274.35848996702555,289,0.6498310565948486,956.8299999999999,140879,162.8013892646097
Dueling_DQN,0,405,260.642506765023,365,0.8192927837371826,940.9600000000002,140879,163.33401958265654
Dueling_DQN,0,406,25.803784499896736,286,0.6144766807556152,950.6200000000001,140879,163.68058012788742
Dueling_DQN,0,407,218.4519606538298,403,0.9612278938293457,949.2400000000001,140879,163.53584902602705
Dueling_DQN,0,408,277.3127584685966,458,1.0542356967926025,948.0400000000001,140879,164.2426322498178
Dueling_DQN,0,409,275.0350584020102,429,1.0242300033569336,934.2700000000002,140879,154.60104156804434
Dueling_DQN,0,410,273.4544702015655,301,0.6241064071655273,956.89,140879,155.34950701626445
Dueling_DQN,0,411,230.34166345432087,345,0.7611923217773438,959.68,140879,153.99821450470748
Dueling_DQN,0,412,271.8333488351127,314,0.659423828125,958.3000000000001,140879,145.54150575167236
Dueling_DQN,0,413,282.5132041578377,307,0.6402676105499268,955.84,140879,145.72929089606194
Dueling_DQN,0,414,241.2863739247667,298,0.6525077819824219,961.12,140879,145.3245966769592
Dueling_DQN,0,415,249.75588858334845,270,0.5712876319885254,961.21,140879,133.58047895871886
Dueling_DQN,0,416,244.62019174006193,293,0.6133627891540527,965.11,140879,133.6459603229036
Dueling_DQN,0,417,283.4148716504099,313,0.6462736129760742,958.24,140879,133.99781365020414
Dueling_DQN,0,418,260.3854284084642,266,0.557197093963623,958.9,140879,131.8400362338779
Dueling_DQN,0,419,253.80264898623892,344,0.7161867618560791,946.9600000000002,140879,131.65578146652382
Dueling_DQN,0,420,241.600009540399,271,0.5628561973571777,960.04,140879,131.8226966369735
Dueling_DQN,0,421,260.20885234294815,286,0.6013925075531006,959.23,140879,128.23451456059053
Dueling_DQN,0,422,212.6464292314156,303,0.6568398475646973,960.76,140879,124.18264292350968
Dueling_DQN,0,423,270.9670548084649,404,0.8923180103302002,959.9799999999999,140879,124.08687193099527
Dueling_DQN,0,424,262.77689095222007,317,0.6814382076263428,950.8600000000001,140879,124.21207953064635
Dueling_DQN,0,425,299.46277231229476,336,0.7492733001708984,945.5200000000001,140879,124.6819391483649
Dueling_DQN,0,426,-44.531967662093635,213,0.4393007755279541,964.8399999999999,140879,125.91224330920117
Dueling_DQN,0,427,242.82907035834694,265,0.5561840534210205,960.46,140879,121.07289468890602
Dueling_DQN,0,428,280.5764482106963,270,0.5817382335662842,963.67,140879,121.34006347533256
Dueling_DQN,0,429,-32.13292449086639,264,0.5548906326293945,956.35,140879,125.89589046194975
Dueling_DQN,0,430,275.9389000963537,270,0.5787107944488525,958.6,140879,125.96932315242661
Dueling_DQN,0,431,0.601897419125885,1000,2.4198501110076904,851.2599999999996,140879,129.08874869116715
Dueling_DQN,0,432,239.42170530398067,265,0.5489554405212402,961.9,140879,128.80584732298183
Dueling_DQN,0,433,247.552704409705,264,0.5467355251312256,962.26,140879,104.1759454182808
Dueling_DQN,0,434,268.81315635214105,496,1.140242576599121,920.7100000000003,140879,104.45783312133845
Dueling_DQN,0,435,119.91928800986122,1000,2.627256393432617,944.1099999999991,140879,97.83852695806264
Dueling_DQN,0,436,237.62781028260838,295,0.6159815788269043,961.48,140879,97.70974845732628
Dueling_DQN,0,437,274.234066578367,301,0.627906322479248,954.7900000000001,140879,97.72112124637975
Dueling_DQN,0,438,272.08188467207583,324,0.7165665626525879,949.2400000000001,140879,97.9488036143366
Dueling_DQN,0,439,271.27749248307384,346,0.7305240631103516,950.35,140879,97.97173101564215
Dueling_DQN,0,440,225.20689836545597,271,0.5770461559295654,963.5799999999999,140879,97.95392424473377
Dueling_DQN,0,441,243.6142962522594,257,0.5448768138885498,961.96,140879,93.49152950581801
Dueling_DQN,0,442,242.34052160101785,349,0.787013053894043,957.43,140879,88.19159372440109
Dueling_DQN,0,443,258.5620886511796,375,0.8609716892242432,951.73,140879,77.46314586507042
Dueling_DQN,0,444,257.7551008727954,367,0.7799756526947021,944.2900000000002,140879,77.07519548345417
Dueling_DQN,0,445,272.5078895348694,362,0.806875467300415,943.8100000000002,140879,77.20585102149393
Dueling_DQN,0,446,274.3051276000943,339,0.7253742218017578,949.1500000000001,140879,77.27571054861511
Dueling_DQN,0,447,213.43902256889538,263,0.5712089538574219,962.65,140879,77.2916370459921
Dueling_DQN,0,448,273.41233257174787,340,0.7590618133544922,944.2600000000001,140879,77.51677035987467
Dueling_DQN,0,449,249.38579248363075,279,0.6170015335083008,957.97,140879,77.55140381553014
Dueling_DQN,0,450,-41.0596729503327,371,0.8940784931182861,938.2000000000002,140879,86.29008344338168
Dueling_DQN,0,451,270.05967736596995,314,0.6895089149475098,955.96,140879,86.4966167793558
Dueling_DQN,0,452,246.74570481171625,299,0.6712827682495117,961.18,140879,86.47423222728038
Dueling_DQN,0,453,264.69879904544314,263,0.5501611232757568,959.11,140879,86.59716025806583
Dueling_DQN,0,454,31.817923172216695,221,0.4436185359954834,968.8,140879,90.54070560416392
Dueling_DQN,0,455,275.49807514993836,320,0.6742842197418213,952.0,140879,90.68909059898817
Dueling_DQN,0,456,263.5475290374734,419,0.9704065322875977,937.9900000000001,140879,86.35626753434912
Dueling_DQN,0,457,271.8829637172571,291,0.6219661235809326,958.75,140879,86.56532780741948
Dueling_DQN,0,458,245.4054975877597,446,1.0397686958312988,948.52,140879,86.32251844259078
Dueling_DQN,0,459,257.98250505482747,566,1.3024067878723145,955.4799999999997,140879,86.17015407061925
Dueling_DQN,0,460,31.54997133672404,273,0.601717472076416,954.1600000000001,140879,90.16960812685224
Dueling_DQN,0,461,270.6460958110988,409,0.8931283950805664,937.5400000000002,140879,90.41173798890566
Dueling_DQN,0,462,233.47924557994835,308,0.6545031070709229,955.96,140879,90.16311028298257
Dueling_DQN,0,463,249.19483456614898,326,0.7002155780792236,953.2600000000001,140879,89.84342448888754
Dueling_DQN,0,464,219.25670880025382,379,0.8555665016174316,952.2099999999999,140879,89.8034501734281
Dueling_DQN,0,465,287.80347206405725,270,0.5736091136932373,959.23,140879,90.19658727027928
Dueling_DQN,0,466,295.49946187282416,306,0.6603257656097412,956.44,140879,90.7240332102152
Dueling_DQN,0,467,226.7584368832564,320,0.7093420028686523,957.46,140879,90.32381313269902
Dueling_DQN,0,468,266.3079980277679,273,0.585890531539917,960.28,140879,90.37722459634269
Dueling_DQN,0,469,211.71930314307548,369,0.8512547016143799,953.3499999999999,140879,90.27923561666131
Dueling_DQN,0,470,224.5071418798738,266,0.5766544342041016,959.41,140879,90.23605501453524
Dueling_DQN,0,471,250.7957658429807,585,1.417708396911621,945.3399999999997,140879,90.16485321200608
Dueling_DQN,0,472,255.746417869203,281,0.5893335342407227,959.5,140879,90.28400664725467
Dueling_DQN,0,473,229.74216633648962,362,0.8149733543395996,954.46,140879,90.02234344709866
Dueling_DQN,0,474,266.8914047827458,426,0.9467899799346924,948.82,140879,90.06206345143765
Dueling_DQN,0,475,305.0586411181255,306,0.6557700634002686,955.9300000000001,140879,90.16240427748603
Dueling_DQN,0,476,262.8383874352832,284,0.6162862777709961,961.87,140879,81.91380947953007
Dueling_DQN,0,477,296.0674109793378,292,0.6405594348907471,956.98,140879,82.44816824308488
Dueling_DQN,0,478,287.1275382868412,355,0.7934103012084961,945.3700000000001,140879,82.53560223608102
Dueling_DQN,0,479,219.68909033918465,313,0.7215442657470703,955.0600000000001,140879,73.66144418956029
Dueling_DQN,0,480,245.81517611488724,295,0.6366171836853027,953.1400000000001,140879,73.43803926640817
Dueling_DQN,0,481,263.9586206927819,478,1.0568358898162842,958.9599999999998,140879,65.583578886107
Dueling_DQN,0,482,177.2275993182806,684,1.6495037078857422,924.16,140879,66.14303702783931
Dueling_DQN,0,483,289.677940989598,342,0.7455129623413086,954.5500000000001,140879,66.53506214103277
Dueling_DQN,0,484,221.43871944514478,373,0.859846830368042,948.49,140879,66.42915327150702
Dueling_DQN,0,485,226.04451287500333,284,0.6185264587402344,952.1500000000001,140879,64.30888079631832
Dueling_DQN,0,486,254.81069614071845,422,0.968350887298584,950.2599999999999,140879,64.34469604864704
Dueling_DQN,0,487,194.32632531184464,524,1.1681201457977295,960.3099999999997,140879,64.45904051408174
Dueling_DQN,0,488,228.29456238115918,273,0.5903191566467285,957.07,140879,64.28848377996032
Dueling_DQN,0,489,244.07838881676773,316,0.6809771060943604,952.09,140879,64.11277804750617
Dueling_DQN,0,490,254.58580364327548,310,0.6720712184906006,952.09,140879,64.13965594667792
Dueling_DQN,0,491,193.76418916999793,808,2.047708034515381,935.4099999999997,140879,64.41991307882166
Dueling_DQN,0,492,226.0845206446791,284,0.597780704498291,955.3000000000001,140879,64.4294242293127
Dueling_DQN,0,493,211.76188416361472,323,0.7127783298492432,951.88,140879,64.43385019215371
Dueling_DQN,0,494,264.8946654953492,698,1.6812160015106201,946.9299999999996,140879,64.49200705367434
Dueling_DQN,0,495,270.0368506398431,290,0.6322226524353027,953.8000000000001,140879,64.46429472645458
Dueling_DQN,0,496,243.5303584007935,344,0.7632756233215332,954.19,140879,64.2334587308058
Dueling_DQN,0,497,279.4107583868957,264,0.5708010196685791,962.92,140879,64.46492440131144
Dueling_DQN,0,498,259.3193551945054,407,0.8800449371337891,940.6000000000001,140879,64.33050760062822
Dueling_DQN,0,499,263.8317295748881,370,0.8419103622436523,956.4399999999999,140879,64.42452962556304
Dueling_DQN,0,500,255.77480349082526,406,0.9146900177001953,935.7400000000002,140879,50.893949802483384
Dueling_DQN,1,1,-274.9823209748055,131,0.11098384857177734,989.44,inf,0.0
Dueling_DQN,1,2,-177.9933823988995,87,0.13106536865234375,993.01,inf,48.49446928795298
Dueling_DQN,1,3,-86.42041047137222,66,0.09441709518432617,995.59,inf,76.99066140082282
Dueling_DQN,1,4,-184.09964482828474,92,0.13808274269104004,990.64,inf,66.70187290070453
Dueling_DQN,1,5,-252.7730094183345,96,0.14316415786743164,992.38,inf,66.23011456819106
Dueling_DQN,1,6,-4.227898281342291,92,0.13435792922973633,990.79,inf,93.3998616028638
Dueling_DQN,1,7,-433.71278763308493,138,0.20335817337036133,985.8100000000001,inf,128.15410003107095
Dueling_DQN,1,8,-138.7154357756044,84,0.12431645393371582,994.6,inf,121.69220760213032
Dueling_DQN,1,9,-70.06841296829104,65,0.09614896774291992,992.95,inf,121.17476325874985
Dueling_DQN,1,10,-114.84461206573346,93,0.14073467254638672,990.64,inf,116.62320390509616
Dueling_DQN,1,11,-45.54869470845189,84,0.128326416015625,992.95,inf,117.14754722228807
Dueling_DQN,1,12,-87.39223965849166,115,0.1714792251586914,989.44,inf,114.04631392470169
Dueling_DQN,1,13,-180.0025627819627,72,0.10406160354614258,994.21,inf,109.7602511096545
Dueling_DQN,1,14,-286.9819926847789,105,0.15680551528930664,988.12,inf,110.88039612647287
Dueling_DQN,1,15,-107.63096166053663,96,0.14470434188842773,988.27,inf,108.13889300530307
Dueling_DQN,1,16,-91.60276361442331,79,0.11827754974365234,992.05,inf,106.12280341235778
Dueling_DQN,1,17,-213.64599222798662,110,0.16902637481689453,989.62,inf,103.76685358520358
Dueling_DQN,1,18,-1.7508320535378488,130,0.19013309478759766,986.95,inf,107.30070024500829
Dueling_DQN,1,19,-182.84430144968587,73,0.10257411003112793,995.29,inf,104.65250321912815
Dueling_DQN,1,20,-196.51614478882652,75,0.10555291175842285,992.62,inf,102.41312677129083
Dueling_DQN,1,21,-115.70746149525422,126,0.18289947509765625,986.29,inf,100.3234259067032
Dueling_DQN,1,22,-211.74386263058747,125,0.19072842597961426,987.3100000000001,inf,98.73589718177355
Dueling_DQN,1,23,-280.9414341767125,116,0.17689895629882812,987.01,inf,99.80647363267855
Dueling_DQN,1,24,-0.6479870308261155,127,0.19033098220825195,984.34,inf,102.92613205265114
Dueling_DQN,1,25,-72.92655282970617,72,0.10489630699157715,991.33,inf,102.14789192125136
Dueling_DQN,1,26,-113.60388149998428,112,0.16301941871643066,985.3,inf,100.44385582394214
Dueling_DQN,1,27,-147.67284677589657,133,0.197340726852417,981.52,inf,98.56829962250899
Dueling_DQN,1,28,-77.01335787996325,153,0.23559212684631348,981.4,inf,97.75919969340109
Dueling_DQN,1,29,-115.43890687128882,97,0.14452695846557617,986.02,inf,96.24570694532164
Dueling_DQN,1,30,-233.43649091511617,144,0.21671724319458008,983.23,inf,95.88716419900923
Dueling_DQN,1,31,-86.11659969980556,78,0.11499714851379395,991.0,inf,95.00145091059524
Dueling_DQN,1,32,-139.0711101708883,87,0.13141393661499023,989.23,inf,93.51808392117957
Dueling_DQN,1,33,-143.8670099475207,113,0.16661572456359863,986.65,inf,92.0925746081078
Dueling_DQN,1,34,-180.24253908167623,199,0.3130776882171631,973.8699999999999,inf,90.89590689139371
Dueling_DQN,1,35,-42.03549585415031,151,0.23778772354125977,978.52,inf,91.32802566797406
Dueling_DQN,1,36,-50.1947955070864,95,0.14078450202941895,986.11,inf,91.40228250694366
Dueling_DQN,1,37,-237.46008035331306,115,0.17159223556518555,987.25,inf,91.4548588942734
Dueling_DQN,1,38,-29.104552590519063,126,0.19623112678527832,980.0799999999999,inf,92.14360254713695
Dueling_DQN,1,39,-72.28823153117946,94,0.14830851554870605,986.29,inf,91.62612006345182
Dueling_DQN,1,40,-96.33091497147878,146,0.22647309303283691,977.62,inf,90.73650454315688
Dueling_DQN,1,41,-32.4709279520134,142,0.2233121395111084,982.6,inf,91.12947401218389
Dueling_DQN,1,42,-116.91553664508962,90,0.13443994522094727,989.71,inf,90.08924188138708
Dueling_DQN,1,43,12.568850404273135,175,0.2766425609588623,976.4799999999999,inf,91.82111792284573
Dueling_DQN,1,44,-104.4343966133653,141,0.22373485565185547,984.55,inf,90.87073343444878
Dueling_DQN,1,45,-189.33639941028292,145,0.2317671775817871,976.51,inf,90.24859319182526
Dueling_DQN,1,46,-37.18638342880155,96,0.14685273170471191,983.53,inf,90.36086064789484
Dueling_DQN,1,47,-208.42446149942012,223,0.3758971691131592,966.43,inf,90.08238134681281
Dueling_DQN,1,48,-137.0217314879519,102,0.1647484302520752,986.62,inf,89.1408806759838
Dueling_DQN,1,49,-113.17319033070929,134,0.21526145935058594,978.67,inf,88.27175751410857
Dueling_DQN,1,50,-39.26767145573578,231,0.3984990119934082,962.7399999999999,inf,88.35888080085587
Dueling_DQN,1,51,-72.85548234713535,113,0.17598986625671387,986.02,inf,86.27199677083112
Dueling_DQN,1,52,-141.1585215472933,69,0.10738992691040039,992.26,inf,85.98869810230846
Dueling_DQN,1,53,-104.94586172212716,140,0.2260584831237793,982.3,inf,85.85679864349095
Dueling_DQN,1,54,-78.61995558704535,109,0.17255711555480957,981.64,inf,85.71027633364956
Dueling_DQN,1,55,-267.54144489022264,200,0.3205413818359375,970.18,inf,86.17651928135923
Dueling_DQN,1,56,-96.07397383078548,78,0.12350106239318848,989.8,inf,84.55382176180734
Dueling_DQN,1,57,-50.60264091282538,162,0.271425724029541,975.52,inf,72.92417014305545
Dueling_DQN,1,58,-181.12169684777584,282,0.4821953773498535,956.23,inf,73.39573465709987
Dueling_DQN,1,59,-105.05940968306105,109,0.16661977767944336,983.35,inf,73.08566215789075
Dueling_DQN,1,60,-128.98938288057758,117,0.18367528915405273,988.03,inf,73.09112212802606
Dueling_DQN,1,61,-133.33495458404374,213,0.3550896644592285,962.89,inf,72.3163278324283
Dueling_DQN,1,62,-145.2686019704732,135,0.22230958938598633,980.53,inf,72.20977632197365
Dueling_DQN,1,63,-27.297185340278745,144,0.2287583351135254,975.0699999999999,inf,72.983190418467
Dueling_DQN,1,64,8.770447380860872,204,0.3450741767883301,962.5899999999999,inf,71.21469319437671
Dueling_DQN,1,65,-196.3024116772294,152,0.25553035736083984,979.4499999999999,inf,72.11761569431346
Dueling_DQN,1,66,-253.05164382020342,116,0.18765664100646973,983.59,inf,74.51123000712744
Dueling_DQN,1,67,-42.045436309680184,130,0.21288442611694336,982.75,inf,74.05070517144377
Dueling_DQN,1,68,-6.25258001511142,231,0.41084933280944824,959.7099999999999,inf,73.91415344615105
Dueling_DQN,1,69,-176.25017517250942,139,0.22515201568603516,987.4300000000001,inf,73.80101425677496
Dueling_DQN,1,70,-16.445400928309496,193,0.31705427169799805,969.1899999999999,inf,74.18256226360451
Dueling_DQN,1,71,-20.120030655308682,144,0.2357778549194336,974.9799999999999,inf,75.29904381872802
Dueling_DQN,1,72,-70.08455571816552,135,0.2193589210510254,982.27,inf,74.09580830581348
Dueling_DQN,1,73,5.771249853059807,1000,2.9346704483032227,844.5999999999995,inf,71.52216218010413
Dueling_DQN,1,74,-142.66363941137476,243,0.4303314685821533,957.9399999999999,inf,70.24778937881868
Dueling_DQN,1,75,-29.592793977408306,180,0.3088235855102539,969.7299999999999,inf,70.90094423653532
Dueling_DQN,1,76,-12.489521490817523,112,0.1803882122039795,989.14,inf,72.03157288269108
Dueling_DQN,1,77,-17.40287844386252,146,0.2422313690185547,974.2299999999999,inf,72.68512125608966
Dueling_DQN,1,78,-28.13769073784816,280,0.5183019638061523,949.0000000000001,inf,73.3054341375577
Dueling_DQN,1,79,-18.493890369031647,174,0.3055598735809326,968.8599999999999,inf,74.10703573938609
Dueling_DQN,1,80,-15.236342045163937,236,0.42925238609313965,961.06,inf,72.31586749564092
Dueling_DQN,1,81,-18.301034522158744,158,0.26547694206237793,971.1099999999999,inf,73.04772043949463
Dueling_DQN,1,82,-194.2590767804989,165,0.2848501205444336,977.38,inf,74.1777405465673
Dueling_DQN,1,83,-178.87846145377523,248,0.4443347454071045,960.49,inf,74.82784622447952
Dueling_DQN,1,84,-188.90969863403387,177,0.2989938259124756,971.65,inf,75.04052012778743
Dueling_DQN,1,85,-52.52084252720333,172,0.28746652603149414,972.6099999999999,inf,74.91311007307398
Dueling_DQN,1,86,-224.1227515933469,186,0.3229501247406006,972.2199999999999,inf,76.86049651791326
Dueling_DQN,1,87,45.212295182407075,134,0.2364192008972168,976.15,inf,76.6737395472978
Dueling_DQN,1,88,-324.0835362993845,607,1.2155728340148926,892.8400000000005,inf,82.80587144181074
Dueling_DQN,1,89,-193.9293801750796,141,0.2443835735321045,977.8299999999999,inf,83.83457973992782
Dueling_DQN,1,90,-36.62207104834698,134,0.22918391227722168,979.9,inf,84.28945349727566
Dueling_DQN,1,91,-14.273346168847397,358,0.6944944858551025,942.3100000000001,inf,84.60985870162892
Dueling_DQN,1,92,-11.613094531018376,317,0.5909590721130371,942.6100000000001,inf,85.40804555776728
Dueling_DQN,1,93,9.560885935953479,300,0.5499837398529053,943.3600000000001,inf,85.33297944616164
Dueling_DQN,1,94,-112.9024877958793,319,0.6054518222808838,939.9100000000001,inf,85.35896366599428
Dueling_DQN,1,95,-186.41895170938483,803,1.7392711639404297,871.6600000000005,inf,85.29588234090599
Dueling_DQN,1,96,-52.54258627591205,1000,2.6052463054656982,823.8399999999988,inf,85.11244702710758
Dueling_DQN,1,97,14.451148084363936,1000,2.5901129245758057,840.9399999999994,inf,84.93904144752081
Dueling_DQN,1,98,19.66095053650386,247,0.4717864990234375,954.07,inf,86.08251676188368
Dueling_DQN,1,99,23.151419292309082,1000,2.4101014137268066,865.0900000000004,inf,87.40086522268703
Dueling_DQN,1,100,-28.318689719271774,230,0.42527055740356445,963.4899999999999,inf,87.53027035221234
Dueling_DQN,1,101,94.97025787970632,1000,3.0592780113220215,878.3500000000004,inf,91.0912148670037
Dueling_DQN,1,102,-114.58868671956535,603,1.5702800750732422,918.7600000000002,inf,90.8217396682784
Dueling_DQN,1,103,0.21152105051986325,297,0.6951193809509277,949.21,inf,91.46931615141789
Dueling_DQN,1,104,200.97697671319264,734,1.9813663959503174,928.5100000000002,303879,99.53570098606754
Dueling_DQN,1,105,-84.68378637936326,616,1.6768290996551514,891.0700000000004,303879,95.63235994570432
Dueling_DQN,1,106,-111.88302291346606,306,0.7404227256774902,951.01,303879,95.74367964557509
Dueling_DQN,1,107,-75.70619426507918,379,0.9699678421020508,929.2300000000002,303879,95.70411267301155
Dueling_DQN,1,108,53.206653555442394,1000,3.4261014461517334,840.3999999999995,303879,95.93147218041646
Dueling_DQN,1,109,-17.259477506993733,1000,2.9570822715759277,825.0699999999989,303879,96.00878222769792
Dueling_DQN,1,110,-311.9652164017143,649,1.7447481155395508,888.5200000000006,303879,101.71454463049697
Dueling_DQN,1,111,-78.2989002421642,1000,3.2274348735809326,820.2999999999986,303879,101.30030123025578
Dueling_DQN,1,112,4.556850375225686,1000,3.5753090381622314,816.9699999999985,303879,101.15855057046397
Dueling_DQN,1,113,-85.51854404455875,1000,3.1574926376342773,819.8499999999987,303879,101.06361829559633
Dueling_DQN,1,114,-26.601992285107467,1000,3.1474459171295166,818.7099999999987,303879,100.66613549556114
Dueling_DQN,1,115,-124.32494343835914,226,0.5225088596343994,964.93,303879,99.29697747974873
Dueling_DQN,1,116,-30.948499213601206,1000,3.3952419757843018,812.4099999999983,303879,95.66424959109361
Dueling_DQN,1,117,-5.155688751336622,1000,3.4684581756591797,819.7599999999986,303879,95.94218209799055
Dueling_DQN,1,118,-72.19082402823553,1000,3.832397699356079,811.5699999999983,303879,95.65641431723856
Dueling_DQN,1,119,-65.0675853192378,1000,3.4843552112579346,820.2699999999986,303879,94.22464405112748
Dueling_DQN,1,120,30.697768696695498,1000,3.440359592437744,814.6299999999984,303879,94.87354838898813
Dueling_DQN,1,121,32.9582387825673,1000,2.9588799476623535,825.5499999999989,303879,95.57989299792854
Dueling_DQN,1,122,-26.608857559986674,1000,3.4316117763519287,819.7899999999986,303879,95.64928550029376
Dueling_DQN,1,123,-20.947443279182977,1000,3.8030102252960205,820.3599999999988,303879,95.37950000551636
Dueling_DQN,1,124,-20.067195515108946,1000,4.034299850463867,833.6499999999992,303879,94.69543819554924
Dueling_DQN,1,125,-44.142487848166965,1000,3.693281888961792,818.1999999999986,303879,94.64348233221442
Dueling_DQN,1,126,-29.3672353571354,93,0.23069405555725098,983.17,303879,94.5251531072105
Dueling_DQN,1,127,-42.03332095026511,1000,3.4438302516937256,842.6499999999995,303879,94.39591690479836
Dueling_DQN,1,128,-83.71195021113135,1000,3.545403480529785,831.1599999999991,303879,94.40325109702428
Dueling_DQN,1,129,202.43859499791554,471,1.4014079570770264,937.3299999999999,303879,100.98944230134568
Dueling_DQN,1,130,208.107674401729,405,1.2058074474334717,942.6999999999999,303879,107.23801297231067
Dueling_DQN,1,131,192.4379885813365,726,2.2842652797698975,876.2200000000006,303879,112.30374230812454
Dueling_DQN,1,132,175.2051883452514,884,2.7651002407073975,851.9499999999998,303879,114.23058665534155
Dueling_DQN,1,133,29.258726141721606,1000,3.534327268600464,874.5700000000004,303879,112.70725917858972
Dueling_DQN,1,134,154.0313815826315,804,3.01422381401062,861.7900000000003,303879,113.3345585882894
Dueling_DQN,1,135,115.16531046259956,918,3.2702291011810303,847.4799999999997,303879,114.92114581336602
Dueling_DQN,1,136,65.2490676462675,1000,3.5370686054229736,850.5699999999997,303879,111.78950189727654
Dueling_DQN,1,137,159.26737995432984,999,3.470215320587158,845.5899999999998,303879,114.1380659804438
Dueling_DQN,1,138,199.19550592130815,814,2.590691089630127,868.7500000000006,303879,109.00212524297217
Dueling_DQN,1,139,160.24698220823817,882,3.405426263809204,864.4900000000004,303879,107.8310193189298
Dueling_DQN,1,140,159.16220176126257,921,3.187045097351074,855.01,303879,109.79893299561853
Dueling_DQN,1,141,218.43896608839736,622,1.932830810546875,907.7800000000003,303879,113.59965260776781
Dueling_DQN,1,142,-286.01766702580846,743,2.419774055480957,875.9500000000005,303879,121.04963979949667
Dueling_DQN,1,143,167.9116709450969,652,2.204138994216919,910.0000000000002,303879,123.11063784309647
Dueling_DQN,1,144,200.615351505318,675,2.155176877975464,888.9100000000005,303879,124.62158107905388
Dueling_DQN,1,145,174.41632905460705,618,2.057745933532715,894.6100000000005,303879,123.06254780128572
Dueling_DQN,1,146,180.5211638017473,734,2.8965775966644287,877.5400000000006,303879,124.46727233904745
Dueling_DQN,1,147,211.9052343015224,494,1.5298075675964355,916.3300000000003,303879,127.04796537940445
Dueling_DQN,1,148,211.87873791175625,469,1.410815715789795,922.7500000000002,303879,129.4720887391647
Dueling_DQN,1,149,-112.0554878916557,112,0.2784097194671631,986.86,303879,131.13057107638258
Dueling_DQN,1,150,-175.66546194071452,482,1.3713281154632568,943.54,303879,134.12202773466305
Dueling_DQN,1,151,150.57293600258316,899,3.8803112506866455,842.6499999999995,303879,134.87485245285868
Dueling_DQN,1,152,192.44955908451584,591,1.9985017776489258,903.4900000000005,303879,135.03791174540223
Dueling_DQN,1,153,156.85012733837064,818,2.8244717121124268,859.6000000000001,303879,135.92923439047573
Dueling_DQN,1,154,184.6226888562374,691,2.4308955669403076,880.1800000000005,303879,135.5643996593352
Dueling_DQN,1,155,169.93685208152755,788,2.8558802604675293,864.3400000000003,303879,135.5214715023976
Dueling_DQN,1,156,187.05797858546418,649,1.969088077545166,896.0200000000004,303879,135.0035491490234
Dueling_DQN,1,157,102.36458665510952,987,3.453524589538574,832.3899999999992,303879,133.92435820617266
Dueling_DQN,1,158,119.77209182485241,877,2.976200580596924,852.7599999999998,303879,134.22193343782203
Dueling_DQN,1,159,161.7262683886999,663,2.1443698406219482,886.8100000000004,303879,134.5750254602311
Dueling_DQN,1,160,175.91023617314357,777,2.699056625366211,867.7600000000004,303879,124.50626271469143
Dueling_DQN,1,161,154.3646769485535,872,3.0999374389648438,848.8599999999997,303879,123.1981150623869
Dueling_DQN,1,162,188.5919315960832,665,2.1711738109588623,887.0500000000004,303879,123.78101630465251
Dueling_DQN,1,163,197.73487555687348,666,2.038907289505005,899.8600000000005,303879,122.60459742312065
Dueling_DQN,1,164,186.69398360429602,797,2.567631959915161,866.2600000000003,303879,122.37438807746051
Dueling_DQN,1,165,125.58257687398549,860,3.010847806930542,855.43,303879,118.61379732919471
Dueling_DQN,1,166,-15.751018421431208,1000,4.541306018829346,814.2399999999984,303879,118.31286088377536
Dueling_DQN,1,167,238.74121021812192,328,0.9532277584075928,950.26,303879,119.14534255963245
Dueling_DQN,1,168,187.32532041751313,588,1.8342046737670898,904.1200000000003,303879,117.21303314244953
Dueling_DQN,1,169,-15.853319423482462,1000,3.646310329437256,816.1899999999985,303879,115.98806775306167
Dueling_DQN,1,170,200.69700560206945,684,2.234440565109253,899.4100000000005,303879,116.24730788502785
Dueling_DQN,1,171,196.28712658719348,470,1.2981464862823486,933.0400000000001,303879,116.3721658271087
Dueling_DQN,1,172,144.68930051966555,916,2.843006134033203,854.29,303879,114.75699192999731
Dueling_DQN,1,173,178.15373211573362,772,2.530864715576172,864.4600000000003,303879,113.40883104103956
Dueling_DQN,1,174,42.88296211150478,1000,3.822526216506958,834.6399999999992,303879,112.19853226282459
Dueling_DQN,1,175,202.11019367456697,614,1.7812113761901855,896.8600000000005,303879,110.25216493614317
Dueling_DQN,1,176,-41.91840163096938,1000,3.453371286392212,863.5300000000003,303879,110.6179417408891
Dueling_DQN,1,177,176.46112517477218,771,2.7500956058502197,865.2400000000004,303879,108.21678756452664
Dueling_DQN,1,178,253.02073576920208,482,1.495842456817627,918.6100000000002,303879,105.1722057665989
Dueling_DQN,1,179,-28.41854104812694,1000,3.380058526992798,819.3699999999985,303879,107.21298795682961
Dueling_DQN,1,180,-26.332677845479584,1000,4.009948253631592,822.6399999999987,303879,108.87969933377005
Dueling_DQN,1,181,199.87964610385112,582,1.767991304397583,904.6900000000004,303879,108.97416179971
Dueling_DQN,1,182,198.47439924136046,662,2.0907914638519287,892.2400000000005,303879,109.2280021641381
Dueling_DQN,1,183,180.8652568872967,690,2.291951894760132,887.2900000000004,303879,108.55921844120019
Dueling_DQN,1,184,-31.62273742045597,1000,3.5152947902679443,842.1099999999994,303879,110.84508449606939
Dueling_DQN,1,185,209.54360048905758,631,2.0693891048431396,909.2500000000003,303879,111.43149762439823
Dueling_DQN,1,186,248.4572820089903,509,1.5217409133911133,917.7100000000003,303879,112.2913620030972
Dueling_DQN,1,187,-27.01474754821797,1000,3.5192136764526367,834.3699999999992,303879,114.4095872410117
Dueling_DQN,1,188,200.4157395715876,500,1.6051902770996094,914.9800000000004,303879,114.42474917898993
Dueling_DQN,1,189,209.62563811619862,571,1.7833797931671143,901.1800000000005,303879,114.9045534058822
Dueling_DQN,1,190,141.52003498954844,913,3.2879083156585693,852.5799999999999,303879,114.84067533294046
Dueling_DQN,1,191,209.07376215430799,508,1.5757043361663818,916.0900000000004,303879,114.70280380799944
Dueling_DQN,1,192,115.19598733817534,993,3.851397752761841,826.1199999999989,303879,98.22655420351963
Dueling_DQN,1,193,161.4181560221286,952,3.1588432788848877,876.0400000000002,303879,98.19015592772898
Dueling_DQN,1,194,284.0606553387182,279,0.7561662197113037,959.41,303879,99.94932717656444
Dueling_DQN,1,195,230.30634217859415,476,1.467315673828125,918.0700000000003,303879,100.65207703295202
Dueling_DQN,1,196,251.2526261018757,400,1.1534483432769775,937.7500000000001,303879,101.70512763440505
Dueling_DQN,1,197,222.76498698254204,429,1.2597944736480713,932.8600000000002,303879,101.86719189373657
Dueling_DQN,1,198,237.6856471189896,436,1.2715754508972168,926.1400000000002,303879,102.28702169597202
Dueling_DQN,1,199,162.82848404662352,734,2.5839338302612305,882.3400000000006,303879,95.65611027471499
Dueling_DQN,1,200,254.34987407292797,389,1.1026368141174316,935.7700000000002,303879,84.94475321926164
Dueling_DQN,1,201,256.69521955773365,365,0.8402037620544434,943.0300000000001,303879,86.09790233380916
Dueling_DQN,1,202,277.9927026259088,304,0.6582086086273193,951.34,303879,87.59772988757669
Dueling_DQN,1,203,162.38941907912823,827,2.467752695083618,913.6000000000003,303879,87.59725300996041
Dueling_DQN,1,204,247.40804850542284,348,0.9641613960266113,944.8900000000001,303879,88.38692531764967
Dueling_DQN,1,205,253.64897212838974,422,1.2419648170471191,934.9000000000001,303879,89.32241405331703
Dueling_DQN,1,206,227.97209353863218,508,1.5412545204162598,923.9800000000002,303879,89.72572074675833
Dueling_DQN,1,207,-249.57170915271604,564,1.7703022956848145,915.8800000000002,303879,106.50448344941867
Dueling_DQN,1,208,225.24292122808254,437,1.3518962860107422,928.1200000000002,303879,106.79505670997683
Dueling_DQN,1,209,187.33422912782868,546,1.6616814136505127,930.1000000000001,303879,106.86889974140416
Dueling_DQN,1,210,208.31757476612802,548,1.739976167678833,907.2100000000004,303879,107.06526091877075
Dueling_DQN,1,211,172.00100058993195,521,1.552049160003662,913.2400000000004,303879,107.07506166440247
Dueling_DQN,1,212,240.78188470608214,432,1.326375961303711,926.4700000000003,303879,107.59805564183581
Dueling_DQN,1,213,284.3494744349885,335,0.932004451751709,944.5000000000001,303879,108.8584897584673
Dueling_DQN,1,214,237.90992829070257,385,1.1569859981536865,934.0300000000002,303879,109.31511819793667
Dueling_DQN,1,215,254.2604885677324,294,0.8244526386260986,953.35,303879,109.88923006056345
Dueling_DQN,1,216,198.16581464756771,452,1.360926866531372,923.5600000000003,303879,106.82170000670621
Dueling_DQN,1,217,274.0278013663897,294,0.8063156604766846,956.11,303879,107.38176361628672
Dueling_DQN,1,218,215.20435963603234,409,1.1929349899291992,937.6300000000002,303879,107.53350524809025
Dueling_DQN,1,219,235.33683684782085,375,1.062260627746582,934.1500000000002,303879,104.44930620406292
Dueling_DQN,1,220,226.96755569474314,404,1.1412701606750488,932.2000000000002,303879,104.63147532829234
Dueling_DQN,1,221,250.03938119212722,357,1.012547492980957,944.8000000000001,303879,105.09053052146687
Dueling_DQN,1,222,283.6405609274651,309,0.8232417106628418,953.11,303879,105.98191899423661
Dueling_DQN,1,223,236.97425088188697,418,1.2561724185943604,933.1600000000002,303879,106.26207830857113
Dueling_DQN,1,224,200.60747645111138,548,1.5766284465789795,945.43,303879,104.38382781036731
Dueling_DQN,1,225,211.55806584855165,542,1.5578505992889404,914.3500000000003,303879,104.42130284095663
Dueling_DQN,1,226,285.5100714555732,365,1.0083787441253662,947.2900000000001,303879,100.08553302109563
Dueling_DQN,1,227,214.6879810444371,377,1.1250464916229248,937.5100000000001,303879,100.10402318604194
Dueling_DQN,1,228,293.3122451343843,267,0.7218003273010254,960.43,303879,100.73978022344376
Dueling_DQN,1,229,227.66767153893818,411,1.1537959575653076,929.2600000000002,303879,95.6662914038367
Dueling_DQN,1,230,273.78394155117155,333,0.9047284126281738,948.4300000000001,303879,90.59140319061542
Dueling_DQN,1,231,229.0532563798634,329,0.9062070846557617,946.87,303879,90.64747647313368
Dueling_DQN,1,232,300.62942647147753,247,0.6597607135772705,960.07,303879,91.59994926392473
Dueling_DQN,1,233,245.8518746266979,392,1.1809957027435303,939.9400000000002,303879,91.66542600848037
Dueling_DQN,1,234,210.70532701315466,359,1.0465281009674072,940.5100000000001,303879,84.95487765160816
Dueling_DQN,1,235,219.67443915486044,554,1.7592613697052002,929.35,303879,84.95551899074191
Dueling_DQN,1,236,164.2224068609886,615,1.7489867210388184,920.7400000000002,303879,85.09935025146359
Dueling_DQN,1,237,211.63430404294155,452,1.329437494277954,926.5300000000002,303879,77.90594389663012
Dueling_DQN,1,238,232.61236976871473,478,1.4492993354797363,921.0100000000002,303879,77.89488702731363
Dueling_DQN,1,239,238.95124646808884,459,1.3016817569732666,925.4200000000003,303879,77.93870824964847
Dueling_DQN,1,240,124.19769320332341,789,2.3684799671173096,910.6900000000002,303879,78.31885261647362
Dueling_DQN,1,241,224.4838781967661,462,1.4411704540252686,927.9400000000002,303879,78.3118122469745
Dueling_DQN,1,242,267.01737356908023,306,0.8343253135681152,950.23,303879,77.1739384636265
Dueling_DQN,1,243,198.32999185083565,423,1.2012407779693604,930.3100000000002,303879,76.7686836500348
Dueling_DQN,1,244,255.06573287944954,390,1.094660758972168,939.1900000000002,303879,76.41012224628807
Dueling_DQN,1,245,213.8060188096159,509,1.5430302619934082,917.5900000000003,303879,76.40880707918285
Dueling_DQN,1,246,238.5345582008537,460,1.3871045112609863,926.8300000000002,303879,76.33075616010473
Dueling_DQN,1,247,239.10784035322908,478,1.4272739887237549,923.3200000000003,303879,76.37117154595481
Dueling_DQN,1,248,243.92866012509492,354,0.9842612743377686,942.6700000000001,303879,76.40236841956902
Dueling_DQN,1,249,249.69949947001504,300,0.8277637958526611,952.75,303879,76.02876853539611
Dueling_DQN,1,250,233.62113247767485,446,1.3081331253051758,928.9600000000003,303879,75.91596671380817
Dueling_DQN,1,251,87.94476358400092,1000,3.2197892665863037,927.1599999999997,303879,78.06827552322119
Dueling_DQN,1,252,236.54471044950958,422,1.1878328323364258,940.69,303879,77.66424780070875
Dueling_DQN,1,253,220.9010143368117,449,1.3781766891479492,927.9700000000003,303879,77.24357791909436
Dueling_DQN,1,254,216.47777260447597,533,1.7212615013122559,918.5200000000002,303879,77.14598001163087
Dueling_DQN,1,255,215.48103426428645,347,0.990354061126709,944.4700000000001,303879,76.99253263142329
Dueling_DQN,1,256,214.14131835688607,578,1.742196798324585,944.92,303879,76.98353638273139
Dueling_DQN,1,257,271.98129141565005,293,0.802297830581665,952.3000000000001,303879,38.66294120177746
Dueling_DQN,1,258,238.94790028096983,391,1.1255567073822021,936.8500000000001,303879,38.685002654532205
Dueling_DQN,1,259,203.6694549813856,415,1.2346324920654297,935.1700000000002,303879,38.3986520184163
Dueling_DQN,1,260,293.3085481591896,342,0.9359130859375,955.81,303879,39.29638635110492
Dueling_DQN,1,261,225.42414078050706,316,0.8794033527374268,950.44,303879,38.38953040652157
Dueling_DQN,1,262,248.02492000116555,435,1.255746603012085,939.3700000000001,303879,38.43522329321808
Dueling_DQN,1,263,250.10986601354918,339,0.9786591529846191,944.1400000000001,303879,37.802643917416
Dueling_DQN,1,264,177.48725096158824,522,1.5659620761871338,942.97,303879,38.542544193416674
Dueling_DQN,1,265,225.2612310708396,394,1.1459848880767822,943.1800000000002,303879,38.39804589851779
Dueling_DQN,1,266,242.36494758080568,348,0.9581582546234131,959.8299999999999,303879,38.165678403123
Dueling_DQN,1,267,253.55236342107088,519,1.4833402633666992,942.2200000000001,303879,37.80750635510763
Dueling_DQN,1,268,241.74542859968392,248,0.6482241153717041,966.7599999999999,303879,37.77728958061586
Dueling_DQN,1,269,239.96698211054368,322,0.872657299041748,956.26,303879,37.79374389443312
Dueling_DQN,1,270,268.97326478848254,374,1.0318758487701416,950.0500000000001,303879,38.16021434192869
Dueling_DQN,1,271,256.76347717485726,305,0.872248649597168,959.4699999999999,303879,38.235942915406305
Dueling_DQN,1,272,170.6108019678643,603,1.7710471153259277,940.9899999999998,303879,38.45424004309017
Dueling_DQN,1,273,290.3893411505903,363,0.9930863380432129,947.1400000000001,303879,39.37253777070024
Dueling_DQN,1,274,196.21577915968393,477,1.417684555053711,942.64,303879,39.444552633771906
Dueling_DQN,1,275,231.8172084895623,400,1.2029597759246826,940.9600000000002,303879,39.35000021199845
Dueling_DQN,1,276,237.47047469098754,400,1.1212353706359863,947.89,303879,38.58848210971198
Dueling_DQN,1,277,289.2408757819095,328,0.9034643173217773,950.5300000000001,303879,39.39519156665433
Dueling_DQN,1,278,234.26084339261607,308,0.8588528633117676,952.8100000000001,303879,38.40043321324892
Dueling_DQN,1,279,232.99279037068732,324,0.8893327713012695,952.69,303879,38.4000001803431
Dueling_DQN,1,280,273.6776173700598,317,0.8557183742523193,957.4,303879,38.39760824220953
Dueling_DQN,1,281,272.76171347755337,329,0.9302916526794434,945.3700000000001,303879,38.848755333926434
Dueling_DQN,1,282,224.2970846044778,299,0.8149950504302979,953.6800000000001,303879,37.57772603681724
Dueling_DQN,1,283,188.59826748416273,574,1.696920394897461,930.7300000000001,303879,37.94426693711183
Dueling_DQN,1,284,272.9347518023274,321,0.9187531471252441,964.6599999999999,303879,38.350711568203344
Dueling_DQN,1,285,208.7178176204568,625,2.0472171306610107,940.3299999999997,303879,38.44019457967662
Dueling_DQN,1,286,225.59352335097051,310,0.8572180271148682,950.9200000000001,303879,37.29037969638223
Dueling_DQN,1,287,219.2778698570664,350,0.977522611618042,945.73,303879,37.22631874608692
Dueling_DQN,1,288,249.1470019215308,342,0.9405019283294678,950.71,303879,37.31122314027066
Dueling_DQN,1,289,225.0388770370536,381,1.0543310642242432,944.9500000000002,303879,37.30631726257319
Dueling_DQN,1,290,222.37499580718696,436,1.2516586780548096,947.44,303879,34.06583131770227
Dueling_DQN,1,291,6.756973081318861,265,0.7046816349029541,953.89,303879,46.531651626412504
Dueling_DQN,1,292,-10.379971021396486,283,0.7609851360321045,952.0,303879,57.00371876027639
Dueling_DQN,1,293,246.00491482524086,354,1.0099554061889648,950.08,303879,56.977476647421156
Dueling_DQN,1,294,-19.746450052756813,243,0.6463251113891602,957.28,303879,66.23826103195466
Dueling_DQN,1,295,276.4105323895102,332,0.926588773727417,950.11,303879,66.72352951567014
Dueling_DQN,1,296,273.5934819980587,319,0.8920078277587891,954.07,303879,67.09811090523259
Dueling_DQN,1,297,277.2933276366195,333,0.8880631923675537,947.5300000000001,303879,67.51961648149847
Dueling_DQN,1,298,259.41733223254744,354,1.0162417888641357,943.2400000000001,303879,67.65750128594563
Dueling_DQN,1,299,260.4044869609671,338,0.9228761196136475,951.82,303879,67.76248556080594
Dueling_DQN,1,300,241.97481024542603,337,0.9472923278808594,951.6700000000001,303879,67.80132483852694
Dueling_DQN,1,301,232.81998789655347,362,1.0167536735534668,953.2,303879,65.04482052701658
Dueling_DQN,1,302,217.38967415307872,436,1.230283498764038,936.2500000000001,303879,65.03223362143113
Dueling_DQN,1,303,256.91331057902164,292,0.7976593971252441,964.12,303879,65.1860885917627
Dueling_DQN,1,304,205.90876600961582,502,1.429675817489624,945.22,303879,65.23166549193806
Dueling_DQN,1,305,271.33480580580306,323,0.8681974411010742,950.8000000000001,303879,65.53410207923484
Dueling_DQN,1,306,240.52199607728647,277,0.7462737560272217,957.04,303879,65.54056774444368
Dueling_DQN,1,307,-27.706008295167706,262,0.6891140937805176,958.6,303879,74.25758083830566
Dueling_DQN,1,308,250.06534352438965,280,0.7308163642883301,964.3299999999999,303879,74.32820313955435
Dueling_DQN,1,309,239.48572245147494,423,1.2154128551483154,954.55,303879,74.330116023956
Dueling_DQN,1,310,208.05461697578053,367,1.0641860961914062,946.96,303879,73.64342584343613
Dueling_DQN,1,311,266.7556237295398,319,0.8686575889587402,950.71,303879,73.93071747987096
Dueling_DQN,1,312,237.5874548191111,326,0.9218685626983643,952.03,303879,73.8684263574031
Dueling_DQN,1,313,184.84746362913558,571,1.6935462951660156,943.6,303879,73.91291946698924
Dueling_DQN,1,314,221.95909064701672,297,0.8263156414031982,952.39,303879,73.67105361519164
Dueling_DQN,1,315,250.75084687524756,346,0.9786169528961182,953.59,303879,73.7921682369944
Dueling_DQN,1,316,253.50047717564854,306,0.8346736431121826,953.2900000000001,303879,73.8738445031611
Dueling_DQN,1,317,241.73350052683165,267,0.6999530792236328,960.5799999999999,303879,73.78805963333541
Dueling_DQN,1,318,9.794981782377448,220,0.5797100067138672,960.1,303879,79.3989894195767
Dueling_DQN,1,319,243.35957820313584,289,0.7812039852142334,958.93,303879,79.4208103937247
Dueling_DQN,1,320,284.05365400551386,331,0.9090807437896729,950.74,303879,79.64911030639037
Dueling_DQN,1,321,-45.57057978874761,222,0.5834414958953857,966.8499999999999,303879,87.45365362056054
Dueling_DQN,1,322,225.41857071212883,354,0.9921278953552246,949.9,303879,87.29121664147677
Dueling_DQN,1,323,196.94654359578558,352,0.985377311706543,952.27,303879,86.57983534685695
Dueling_DQN,1,324,181.3957100632776,543,1.5638048648834229,938.32,303879,86.65062894688921
Dueling_DQN,1,325,222.2781811910552,353,1.0033988952636719,946.0600000000001,303879,86.61143375744062
Dueling_DQN,1,326,8.224098952963871,275,0.7258555889129639,954.94,303879,90.95021372205692
Dueling_DQN,1,327,249.6314970300123,373,1.0412898063659668,949.1800000000001,303879,90.37997782476572
Dueling_DQN,1,328,259.58543857505265,344,0.9749813079833984,954.16,303879,90.62003116176098
Dueling_DQN,1,329,-66.22931189611343,283,0.7316129207611084,956.53,303879,98.0981006986995
Dueling_DQN,1,330,-18.784588192985268,250,0.6585986614227295,959.26,303879,102.06808026190133
Dueling_DQN,1,331,-10.03646719147335,309,0.8550028800964355,946.69,303879,105.24694078694341
Dueling_DQN,1,332,251.69229301698488,275,0.7435109615325928,957.16,303879,105.51172681873024
Dueling_DQN,1,333,-13.560684076283351,226,0.5952367782592773,959.3199999999999,303879,109.19515816367405
Dueling_DQN,1,334,271.6684797005589,267,0.7143659591674805,953.9200000000001,303879,109.17451098823204
Dueling_DQN,1,335,-31.19355620696365,276,0.7360830307006836,957.34,303879,113.1504481770089
Dueling_DQN,1,336,-14.33097050182836,253,0.6674120426177979,958.36,303879,116.09943899669562
Dueling_DQN,1,337,246.43414608650414,312,0.8578915596008301,952.36,303879,116.37468952953982
Dueling_DQN,1,338,193.07854692173427,355,0.9604229927062988,948.9100000000001,303879,115.916531303448
Dueling_DQN,1,339,-16.041402963490867,268,0.7314870357513428,952.99,303879,118.63774983190044
Dueling_DQN,1,340,-32.66608276794972,267,0.7035567760467529,952.3600000000001,303879,121.64672667041711
Dueling_DQN,1,341,-33.51276804327067,247,0.6326310634613037,959.47,303879,122.80744539595052
Dueling_DQN,1,342,-6.065656910498575,295,0.7915027141571045,951.52,303879,122.68749510399802
Dueling_DQN,1,343,267.0732698710924,344,0.9523301124572754,951.4300000000001,303879,123.0094719522783
Dueling_DQN,1,344,-3.433520891329337,249,0.6599521636962891,956.35,303879,122.54542104313887
Dueling_DQN,1,345,249.83897793771737,361,0.9733641147613525,953.56,303879,122.11018123727641
Dueling_DQN,1,346,263.8545123459543,370,1.005378007888794,950.71,303879,121.94074528248773
Dueling_DQN,1,347,113.77789129125458,741,2.1980464458465576,931.18,303879,121.0067572231984
Dueling_DQN,1,348,194.45166039541985,349,0.9881622791290283,952.6,303879,120.27032547248587
Dueling_DQN,1,349,279.2023012153684,350,0.958127498626709,946.99,303879,120.6190071340013
Dueling_DQN,1,350,238.4133621282266,313,0.8658878803253174,956.77,303879,120.57060653142537
Dueling_DQN,1,351,217.14081921304305,357,0.9936397075653076,946.45,303879,120.39642349395305
Dueling_DQN,1,352,-30.16370183454795,280,0.7520163059234619,953.0500000000001,303879,122.91201223317427
Dueling_DQN,1,353,-53.132622572787085,304,0.828240156173706,951.25,303879,125.30813854726014
Dueling_DQN,1,354,241.15664353346023,385,1.0444228649139404,958.06,303879,125.7373960002677
Dueling_DQN,1,355,5.017306241355328,292,0.8034918308258057,948.1300000000001,303879,126.01724150683057
Dueling_DQN,1,356,22.68704844474472,276,0.7423012256622314,953.98,303879,126.30536847426876
Dueling_DQN,1,357,249.38212532723296,326,0.9184811115264893,950.2,303879,124.99534725591049
Dueling_DQN,1,358,226.82291689750122,489,1.4208331108093262,931.2400000000002,303879,124.64018710046179
Dueling_DQN,1,359,251.64644390139313,325,0.9175679683685303,952.1500000000001,303879,124.84022899142538
Dueling_DQN,1,360,-59.8497391060143,524,1.559739589691162,926.0200000000001,303879,127.65443646886334
Dueling_DQN,1,361,215.31974319177866,442,1.2754192352294922,932.8900000000002,303879,126.81502954671613
Dueling_DQN,1,362,-180.8251797641106,261,0.685046911239624,958.72,303879,133.51013000220408
Dueling_DQN,1,363,184.68773019388016,404,1.1526880264282227,938.6200000000001,303879,133.50877961761032
Dueling_DQN,1,364,226.0277973159652,360,0.9834849834442139,942.6100000000001,303879,133.56704835953036
Dueling_DQN,1,365,218.24101684494843,339,0.9542398452758789,947.23,303879,133.0480519785772
Dueling_DQN,1,366,270.62828038952546,356,0.9839911460876465,941.2300000000001,303879,133.3929474344042
Dueling_DQN,1,367,278.46463975244797,349,0.960392951965332,941.8900000000001,303879,134.11588243559396
Dueling_DQN,1,368,-32.22074847794309,324,0.865485668182373,943.6300000000001,303879,134.98792812152843
Dueling_DQN,1,369,-70.33781770404468,326,0.8851447105407715,949.1800000000001,303879,136.75882188797954
Dueling_DQN,1,370,202.9124236678864,403,1.1369273662567139,943.3900000000001,303879,135.29656416340384
Dueling_DQN,1,371,151.4377682991369,561,1.7379724979400635,913.0000000000003,303879,133.2678460746164
Dueling_DQN,1,372,244.26615170678494,321,0.8665380477905273,955.78,303879,133.5803453038137
Dueling_DQN,1,373,1.3661182820323434,1000,3.4592669010162354,863.7700000000003,303879,134.26113095015558
Dueling_DQN,1,374,-53.55176835285335,317,0.8469562530517578,946.8100000000001,303879,136.14611565692198
Dueling_DQN,1,375,165.56970467034535,387,1.0789787769317627,946.45,303879,135.48907091356142
Dueling_DQN,1,376,242.29911899626646,285,0.7980320453643799,952.6300000000001,303879,135.77367783088638
Dueling_DQN,1,377,275.51571936626794,331,0.9072322845458984,954.61,303879,136.31766514777462
Dueling_DQN,1,378,-25.27086261044859,214,0.5522174835205078,965.1999999999999,303879,136.3121744871993
Dueling_DQN,1,379,-294.8037583932528,520,1.5750477313995361,917.1100000000002,303879,145.78919737418326
Dueling_DQN,1,380,281.5411037374233,289,0.7940051555633545,959.14,303879,146.56044577237094
Dueling_DQN,1,381,208.2984235062215,405,1.177114486694336,939.4000000000001,303879,146.00327960573753
Dueling_DQN,1,382,260.10943049848044,311,0.8719782829284668,948.58,303879,146.15981736340433
Dueling_DQN,1,383,251.00926949708156,316,0.8628981113433838,948.9100000000001,303879,146.01244017257568
Dueling_DQN,1,384,246.98126951329508,355,0.9862127304077148,942.4300000000001,303879,145.5581600931879
Dueling_DQN,1,385,240.9499228031819,328,0.9255051612854004,951.94,303879,144.70352532266153
Dueling_DQN,1,386,226.64577531528397,333,0.9161174297332764,949.24,303879,143.81349894726665
Dueling_DQN,1,387,270.41548316820274,398,1.119077205657959,943.09,303879,144.22305328865312
Dueling_DQN,1,388,174.87489214806618,471,1.3277676105499268,931.6000000000001,303879,144.10064069742538
Dueling_DQN,1,389,227.19220514417606,327,0.9080629348754883,947.71,303879,143.01015594374414
Dueling_DQN,1,390,238.06482847359305,309,0.8513867855072021,951.0100000000001,303879,141.48009275243436
Dueling_DQN,1,391,242.65618117769918,431,1.1992487907409668,944.08,303879,139.75998599330526
Dueling_DQN,1,392,154.5885555980249,572,1.7308223247528076,915.9100000000003,303879,137.94414507676873
Dueling_DQN,1,393,251.97564562388112,313,0.8396761417388916,963.6099999999999,303879,137.71337565197132
Dueling_DQN,1,394,263.8447185267439,362,1.018261194229126,942.0100000000001,303879,136.68070819456358
Dueling_DQN,1,395,284.0521188465402,291,0.7879438400268555,957.34,303879,137.21643746477307
Dueling_DQN,1,396,240.4948559511615,292,0.7798483371734619,953.9200000000001,303879,136.90167262248073
Dueling_DQN,1,397,289.733197843537,282,0.7378416061401367,961.12,303879,137.93617110952522
Dueling_DQN,1,398,200.1673928355486,415,1.165428876876831,935.2300000000001,303879,137.9644566068667
Dueling_DQN,1,399,232.3403661541323,330,0.8973288536071777,946.8700000000001,303879,137.33117504617832
Dueling_DQN,1,400,276.76819941186545,263,0.6949803829193115,963.9699999999999,303879,137.86030747528366
Dueling_DQN,1,401,283.61682613304254,355,0.7695407867431641,946.3900000000001,303879,138.69345235401119
Dueling_DQN,1,402,259.43275513056045,353,0.8162093162536621,941.2600000000001,303879,136.47688710624524
Dueling_DQN,1,403,239.08603529465887,355,0.8143563270568848,939.8200000000002,303879,133.0012229243967
Dueling_DQN,1,404,233.52214842680257,400,0.9473989009857178,934.9600000000002,303879,132.9307296894405
Dueling_DQN,1,405,241.97197957472767,307,0.6406662464141846,952.33,303879,130.9642728901998
Dueling_DQN,1,406,242.86077425536348,413,0.9417212009429932,936.2500000000001,303879,129.27070986462655
Dueling_DQN,1,407,266.6579986589217,349,0.7651722431182861,945.1000000000001,303879,129.4652220292903
Dueling_DQN,1,408,-204.4203013916996,326,0.7161099910736084,947.14,303879,140.32502967841046
Dueling_DQN,1,409,-247.99341195637552,259,0.5470309257507324,954.01,303879,151.94403517258843
Dueling_DQN,1,410,268.5019484377016,351,0.8066051006317139,941.1400000000001,303879,149.0772713695391
Dueling_DQN,1,411,269.2901698242139,344,0.7761111259460449,948.85,303879,149.57208298917305
Dueling_DQN,1,412,223.36973413036918,385,0.8610823154449463,937.8400000000001,303879,140.82200849704785
Dueling_DQN,1,413,229.4559850208575,330,0.7086806297302246,946.7800000000001,303879,140.9754581373578
Dueling_DQN,1,414,214.6245781621533,400,0.8820700645446777,941.2,303879,140.91547792204767
Dueling_DQN,1,415,272.12388267340657,338,0.7523632049560547,945.94,303879,141.38501716519508
Dueling_DQN,1,416,258.2438494460997,345,0.751492977142334,968.2899999999998,303879,141.24420451182763
Dueling_DQN,1,417,265.63782513894114,436,0.9480652809143066,938.4700000000001,303879,141.08390920868703
Dueling_DQN,1,418,203.51817024680247,457,1.0463314056396484,941.3199999999999,303879,137.6869503092808
Dueling_DQN,1,419,217.01604771319595,503,1.1868329048156738,947.77,303879,132.67166325082843
Dueling_DQN,1,420,186.08660634178915,717,1.6405117511749268,933.94,303879,132.6704240721643
Dueling_DQN,1,421,244.32934706983326,300,0.6661486625671387,953.23,303879,132.71399438106837
Dueling_DQN,1,422,222.68932275124274,340,0.7496292591094971,947.1400000000001,303879,132.59039784020695
Dueling_DQN,1,423,264.7846735767447,364,0.8021373748779297,940.8100000000002,303879,129.98899881209687
Dueling_DQN,1,424,243.0855013039718,296,0.6210474967956543,962.89,303879,124.92767229971233
Dueling_DQN,1,425,281.7108174786687,329,0.7344834804534912,946.09,303879,125.2249741693596
Dueling_DQN,1,426,254.53958832403688,303,0.6425602436065674,954.0100000000001,303879,125.30217897953762
Dueling_DQN,1,427,248.16786947438047,303,0.6859118938446045,952.96,303879,125.07027551779836
Dueling_DQN,1,428,213.5966620954823,259,0.5596084594726562,966.9399999999998,303879,120.5295891099319
Dueling_DQN,1,429,-263.6335986646136,391,0.8530709743499756,934.5400000000002,303879,117.9532004485918
Dueling_DQN,1,430,240.707329215698,311,0.7204122543334961,955.75,303879,117.62288475898322
Dueling_DQN,1,431,211.22887483873217,363,0.8310325145721436,945.1300000000001,303879,117.62122022975538
Dueling_DQN,1,432,135.84600047315115,522,1.1870853900909424,924.5500000000003,303879,117.91483031916708
Dueling_DQN,1,433,253.39359242431658,280,0.5959751605987549,964.9299999999998,303879,117.93162419977365
Dueling_DQN,1,434,235.70332601249225,325,0.7064816951751709,950.0500000000001,303879,117.87277878123325
Dueling_DQN,1,435,166.13293876757214,732,1.9795739650726318,899.3800000000005,303879,117.951214336846
Dueling_DQN,1,436,231.11218173447693,301,0.7036008834838867,954.34,303879,117.96625420872691
Dueling_DQN,1,437,226.4475012213532,405,0.9296207427978516,943.4200000000001,303879,117.66913919470505
Dueling_DQN,1,438,218.85263348404382,386,0.8835816383361816,937.0600000000002,303879,117.58120262104433
Dueling_DQN,1,439,252.44298352850015,327,0.7224428653717041,949.1800000000001,303879,117.71213502885841
Dueling_DQN,1,440,274.42999552034325,403,0.8480923175811768,945.82,303879,117.99795403308795
Dueling_DQN,1,441,266.6897549456648,278,0.5908894538879395,957.46,303879,118.17761100553089
Dueling_DQN,1,442,281.91848106052714,412,0.9112718105316162,936.1300000000002,303879,118.31121844499772
Dueling_DQN,1,443,272.331914116967,355,0.8131351470947266,946.2700000000001,303879,118.47843289755552
Dueling_DQN,1,444,209.3440819213111,398,0.9425632953643799,936.8800000000001,303879,118.26287028806313
Dueling_DQN,1,445,281.55282069654845,326,0.7282414436340332,955.66,303879,118.23320064999632
Dueling_DQN,1,446,219.70593956061003,326,0.720008373260498,955.6299999999999,303879,118.17087703635495
Dueling_DQN,1,447,105.31856594555421,839,2.500685214996338,877.6600000000005,303879,118.56984947857889
Dueling_DQN,1,448,-226.12280986714393,327,0.6982693672180176,940.3900000000001,303879,133.2757862149954
Dueling_DQN,1,449,7.646086064197277,163,0.3343544006347656,974.8599999999999,303879,135.87113957195152
Dueling_DQN,1,450,243.88077081596913,300,0.6336736679077148,957.55,303879,135.55520432480097
Dueling_DQN,1,451,257.7593799989503,347,0.7522413730621338,941.2000000000002,303879,135.26442292625646
Dueling_DQN,1,452,228.97099293658755,295,0.6242830753326416,954.1,303879,135.03806400052966
Dueling_DQN,1,453,269.41683603739153,306,0.6684575080871582,951.52,303879,135.3085182086473
Dueling_DQN,1,454,244.3466614601814,318,0.7099666595458984,966.3399999999998,303879,135.3797578549808
Dueling_DQN,1,455,256.6930254861843,403,0.897907018661499,944.95,303879,135.49862217507328
Dueling_DQN,1,456,247.34108902538637,381,0.8596885204315186,940.4200000000002,303879,135.5318529505272
Dueling_DQN,1,457,248.35121601095318,218,0.4405038356781006,969.0699999999999,303879,135.3620990194328
Dueling_DQN,1,458,269.8441380074873,345,0.748422384262085,951.22,303879,123.13923361902246
Dueling_DQN,1,459,203.69654608053077,474,1.087611436843872,925.9900000000002,303879,104.85965012608193
Dueling_DQN,1,460,281.98530876980215,303,0.6411800384521484,952.48,303879,105.01914467171072
Dueling_DQN,1,461,236.7085596980048,218,0.4586760997772217,965.3499999999999,303879,104.77057377176192
Dueling_DQN,1,462,236.24157286675546,326,0.7297451496124268,963.31,303879,104.81237739622716
Dueling_DQN,1,463,-264.2129434094708,279,0.5716845989227295,956.14,303879,124.24072474560174
Dueling_DQN,1,464,220.13034066719138,293,0.6230905055999756,955.9000000000001,303879,124.25337865912827
Dueling_DQN,1,465,-4.513329745342091,184,0.36158013343811035,971.3499999999999,303879,127.18362901459814
Dueling_DQN,1,466,212.0611917743572,199,0.39940476417541504,971.6199999999999,303879,126.90741429660328
Dueling_DQN,1,467,282.1842231447289,367,0.8215088844299316,942.5500000000002,303879,127.10816662745734
Dueling_DQN,1,468,262.24232182086087,386,0.8955411911010742,955.8699999999999,303879,127.43358882499953
Dueling_DQN,1,469,255.4366809920555,329,0.7161197662353516,946.1500000000001,303879,127.66034372559233
Dueling_DQN,1,470,232.4512987711721,270,0.5670409202575684,961.03,303879,127.73174999034016
Dueling_DQN,1,471,231.98574594277855,339,0.7436249256134033,954.8800000000001,303879,127.65754682182678
Dueling_DQN,1,472,285.31993120377604,389,0.8782334327697754,961.27,303879,128.18363589760838
Dueling_DQN,1,473,243.02128865738092,298,0.6401143074035645,956.86,303879,128.00280671565199
Dueling_DQN,1,474,235.76836941819658,352,0.7745668888092041,962.29,303879,127.9581765344485
Dueling_DQN,1,475,279.17154708316923,341,0.7345540523529053,949.09,303879,127.92636453834763
Dueling_DQN,1,476,221.82355216249746,370,0.8139219284057617,956.3499999999999,303879,127.73064433435486
Dueling_DQN,1,477,201.63442062787902,336,0.7423756122589111,952.48,303879,127.54290103155738
Dueling_DQN,1,478,245.0493417654821,312,0.677875280380249,953.59,303879,127.69235828233818
Dueling_DQN,1,479,257.3694827486267,267,0.5619051456451416,962.5,303879,109.44268856474946
Dueling_DQN,1,480,204.18849867615472,484,1.0586280822753906,943.15,303879,109.3553879826673
Dueling_DQN,1,481,233.15406703829893,249,0.5305323600769043,966.6699999999998,303879,109.40736699394064
Dueling_DQN,1,482,247.69541518472164,450,0.9793591499328613,940.5400000000002,303879,109.02244555720058
Dueling_DQN,1,483,237.4446158996613,357,0.7996742725372314,956.17,303879,108.92322509231235
Dueling_DQN,1,484,244.45938537274,247,0.49960827827453613,966.31,303879,108.96924654372886
Dueling_DQN,1,485,236.12788381790946,348,0.7749640941619873,956.1099999999999,303879,108.82645621884411
Dueling_DQN,1,486,263.28899830342493,263,0.564307689666748,959.71,303879,109.02697780146421
Dueling_DQN,1,487,219.56390224643508,298,0.6654617786407471,953.23,303879,109.01499000364075
Dueling_DQN,1,488,205.9740644770286,360,0.7814395427703857,938.8600000000001,303879,109.01712049235252
Dueling_DQN,1,489,220.95268129386739,399,0.9119842052459717,958.5999999999999,303879,108.87938498313412
Dueling_DQN,1,490,214.89783679379124,676,1.5513901710510254,951.8199999999999,303879,108.52117691537013
Dueling_DQN,1,491,230.0994884463525,374,0.8463952541351318,943.9000000000001,303879,108.2687146545902
Dueling_DQN,1,492,230.37948698900493,275,0.5852341651916504,959.05,303879,107.82958901458674
Dueling_DQN,1,493,260.5286643104173,276,0.5687737464904785,961.3,303879,107.70485035798089
Dueling_DQN,1,494,225.93747181305122,341,0.7304327487945557,959.17,303879,107.7298293511998
Dueling_DQN,1,495,195.62406096941072,324,0.7040479183197021,954.82,303879,107.25420951605275
Dueling_DQN,1,496,259.7465614769492,250,0.518303394317627,964.36,303879,107.4879945784404
Dueling_DQN,1,497,200.00326429728452,247,0.5141472816467285,964.87,303879,106.47785343459239
Dueling_DQN,1,498,258.34702001074555,368,0.8131303787231445,953.23,303879,86.44799059235054
Dueling_DQN,1,499,174.2883099811994,588,1.488016128540039,903.8500000000004,303879,81.23808131843208
Dueling_DQN,1,500,236.94957142190856,279,0.6191728115081787,965.68,303879,81.20943062788001
Dueling_DQN,2,1,-212.9084399188745,70,0.0198366641998291,994.39,inf,0.0
Dueling_DQN,2,2,-338.71264385644906,99,0.14366912841796875,992.29,inf,62.90210196878728
Dueling_DQN,2,3,-325.61061317699665,74,0.10836243629455566,993.07,inf,56.470386333011305
Dueling_DQN,2,4,-232.04817677358855,118,0.1770458221435547,988.57,inf,55.45139108042966
Dueling_DQN,2,5,-67.77682351781051,113,0.17069602012634277,991.69,inf,97.39208464271309
Dueling_DQN,2,6,-87.86407956457857,77,0.11406421661376953,994.39,inf,104.53701019631339
Dueling_DQN,2,7,-108.85711488354013,69,0.10193562507629395,994.06,inf,103.14979904339036
Dueling_DQN,2,8,-100.19314202723416,60,0.08933639526367188,994.72,inf,101.5833352954331
Dueling_DQN,2,9,-169.50096006280944,67,0.0961308479309082,995.05,inf,95.88573110478042
Dueling_DQN,2,10,-160.63240495281087,109,0.16173791885375977,991.54,inf,91.20378004121602
Dueling_DQN,2,11,-160.41178398196217,78,0.11430215835571289,993.49,inf,87.14923586306185
Dueling_DQN,2,12,-44.76839311693854,70,0.10353231430053711,992.62,inf,91.26944404577657
Dueling_DQN,2,13,-143.82114412932935,84,0.1264512538909912,991.0,inf,87.91442185503146
Dueling_DQN,2,14,-132.12260232775438,103,0.14794588088989258,992.47,inf,85.15466541978019
Dueling_DQN,2,15,-330.40008202712636,137,0.21088457107543945,985.12,inf,92.231966139892
Dueling_DQN,2,16,-294.4712673769268,113,0.17386317253112793,986.47,inf,93.91573730370347
Dueling_DQN,2,17,-110.44439510186443,108,0.15873074531555176,989.41,inf,92.6491431122174
Dueling_DQN,2,18,-258.23126300081384,103,0.14949560165405273,988.0600000000001,inf,91.90993757556447
Dueling_DQN,2,19,-270.5041355191178,125,0.18632817268371582,986.47,inf,91.60807421647756
Dueling_DQN,2,20,-78.5175659628704,133,0.20910429954528809,979.4499999999999,inf,92.35486930929626
Dueling_DQN,2,21,-49.72863963634437,103,0.15796780586242676,985.9,inf,94.3896815707918
Dueling_DQN,2,22,-91.91161131346952,90,0.13961219787597656,988.27,inf,93.83414280909598
Dueling_DQN,2,23,-268.7773422475917,103,0.1547408103942871,987.82,inf,93.89824124296636
Dueling_DQN,2,24,-40.10014681028316,82,0.12085318565368652,988.78,inf,95.82467182180542
Dueling_DQN,2,25,-231.97472797939935,85,0.1257922649383545,990.19,inf,94.67257634744466
Dueling_DQN,2,26,-150.6666215171037,88,0.1352708339691162,993.82,inf,92.92823425117948
Dueling_DQN,2,27,-97.55926606523126,140,0.2162611484527588,980.41,inf,92.25619242608535
Dueling_DQN,2,28,-212.1821495798372,100,0.1590268611907959,985.99,inf,90.9502408913152
Dueling_DQN,2,29,-77.88696900465078,108,0.16694402694702148,988.54,inf,90.94803860626183
Dueling_DQN,2,30,-34.248056153188614,74,0.11023855209350586,989.44,inf,92.54907313581549
Dueling_DQN,2,31,-58.71146992241421,113,0.17782092094421387,985.21,inf,92.8816476226684
Dueling_DQN,2,32,-269.06408916396197,151,0.2405095100402832,981.4,inf,93.38870725349486
Dueling_DQN,2,33,-136.3317427784777,88,0.13394880294799805,993.46,inf,92.07496582953274
Dueling_DQN,2,34,-35.472194888614496,148,0.24963068962097168,983.8,inf,93.19694486853965
Dueling_DQN,2,35,-219.56983028263323,114,0.17975306510925293,988.63,inf,92.42120827960093
Dueling_DQN,2,36,-76.34626922568759,125,0.20715785026550293,980.29,inf,92.16102513852734
Dueling_DQN,2,37,-63.45303804047718,123,0.2234799861907959,981.85,inf,92.18367897812003
Dueling_DQN,2,38,-215.3912914029819,117,0.18707036972045898,984.07,inf,91.47178815668474
Dueling_DQN,2,39,-136.54119953111058,121,0.19540786743164062,984.73,inf,90.34804018655836
Dueling_DQN,2,40,-148.72306697135227,88,0.13783788681030273,989.2,inf,89.2192791586867
Dueling_DQN,2,41,-391.52176783618626,177,0.2846357822418213,979.39,inf,95.31625959224655
Dueling_DQN,2,42,-286.12988126886273,138,0.21703720092773438,985.12,inf,96.06318583022046
Dueling_DQN,2,43,-62.19744096080238,63,0.0994272232055664,992.32,inf,96.18984986802474
Dueling_DQN,2,44,-23.842427945280292,155,0.25481724739074707,976.87,inf,97.30610924108456
Dueling_DQN,2,45,-69.05927675285983,92,0.14775395393371582,986.95,inf,97.13257610644123
Dueling_DQN,2,46,-158.69875954242036,128,0.20452094078063965,984.46,inf,96.07122596563222
Dueling_DQN,2,47,-142.69290372618832,72,0.11097908020019531,993.4,inf,95.06693507672226
Dueling_DQN,2,48,-293.8839169696031,119,0.1893002986907959,983.89,inf,96.083036854363
Dueling_DQN,2,49,-115.198875415423,142,0.22858881950378418,980.47,inf,95.30642061430584
Dueling_DQN,2,50,-60.057084678888884,86,0.14008307456970215,986.53,inf,95.35776513145733
Dueling_DQN,2,51,11.168388805454043,106,0.16791915893554688,981.9399999999999,inf,97.85371155553878
Dueling_DQN,2,52,-41.8373971052558,329,0.575408935546875,943.5100000000001,inf,95.34526047694489
Dueling_DQN,2,53,-352.3867966342507,119,0.18984532356262207,989.1700000000001,inf,96.41894070214087
Dueling_DQN,2,54,-111.5163740797963,93,0.1488020420074463,987.07,inf,95.76777991630661
Dueling_DQN,2,55,-79.39901300901845,165,0.26282811164855957,978.52,inf,95.59493502004467
Dueling_DQN,2,56,-189.2911191155308,170,0.28328537940979004,974.4399999999999,inf,95.44012857994365
Dueling_DQN,2,57,-23.44114508445621,178,0.30210304260253906,971.56,inf,96.85934210470393
Dueling_DQN,2,58,-294.57586135958275,178,0.30695438385009766,972.6099999999999,inf,98.85635879869136
Dueling_DQN,2,59,-87.95839308277792,111,0.175154447555542,982.3,inf,99.17778609583387
Dueling_DQN,2,60,-157.26419638573074,103,0.16638588905334473,987.16,inf,99.16993916725896
Dueling_DQN,2,61,-84.44307768936422,142,0.23602008819580078,982.96,inf,99.53963644625857
Dueling_DQN,2,62,-31.137512049294386,194,0.33345580101013184,969.4599999999999,inf,99.8343144248298
Dueling_DQN,2,63,-235.20293765700973,350,0.6325225830078125,944.86,inf,100.61892933544654
Dueling_DQN,2,64,-80.36343818522553,93,0.15310287475585938,986.44,inf,101.03614789126954
Dueling_DQN,2,65,-187.56554545613275,122,0.20208287239074707,984.4,inf,97.75838254948376
Dueling_DQN,2,66,-27.912859479905805,194,0.33474016189575195,965.02,inf,96.64215610441919
Dueling_DQN,2,67,-71.28646167155594,185,0.31967949867248535,971.05,inf,97.02161974376497
Dueling_DQN,2,68,-225.20762345066592,108,0.1795203685760498,986.5600000000001,inf,96.30652782273755
Dueling_DQN,2,69,3.2370723730780355,127,0.2114424705505371,988.3,inf,96.32701128562535
Dueling_DQN,2,70,-120.87081640648321,123,0.20447564125061035,979.0899999999999,inf,96.04532766406999
Dueling_DQN,2,71,-148.76451313064587,202,0.34934091567993164,969.9399999999999,inf,95.34474808660296
Dueling_DQN,2,72,-126.13546958426443,127,0.20996761322021484,987.67,inf,95.1622062433863
Dueling_DQN,2,73,-6.483602105436702,256,0.47053074836730957,957.76,inf,94.85937853172608
Dueling_DQN,2,74,-289.67798734578594,769,1.7621219158172607,911.0200000000002,inf,96.57355170288889
Dueling_DQN,2,75,-66.73223912411257,192,0.3614621162414551,968.8899999999999,inf,96.00753670548367
Dueling_DQN,2,76,8.761702130082256,259,0.4671792984008789,958.06,inf,97.93644751794946
Dueling_DQN,2,77,-21.035342450826548,133,0.2308053970336914,983.44,inf,98.9927556596139
Dueling_DQN,2,78,-3.9119991130620946,231,0.4104475975036621,966.4,inf,99.67880367606934
Dueling_DQN,2,79,3.135562969334444,250,0.45012760162353516,958.21,inf,101.03737290372524
Dueling_DQN,2,80,-114.3563349999617,223,0.3907470703125,964.8399999999999,inf,100.28606527999892
Dueling_DQN,2,81,-184.10580310244418,193,0.3384237289428711,966.79,inf,100.23223145824063
Dueling_DQN,2,82,-70.36669314395382,126,0.2122197151184082,983.17,inf,98.3556919232772
Dueling_DQN,2,83,-29.777638116918524,400,0.8109450340270996,932.4100000000002,inf,99.14812717792397
Dueling_DQN,2,84,5.758078006179588,118,0.205399751663208,981.9399999999999,inf,100.00473013099091
Dueling_DQN,2,85,56.29906562331517,1000,2.3205461502075195,925.3299999999996,inf,101.83570711840224
Dueling_DQN,2,86,-15.932255400310055,338,0.6702337265014648,946.36,inf,102.61138512970219
Dueling_DQN,2,87,13.641667017237452,162,0.28189730644226074,969.91,inf,103.88795503274444
Dueling_DQN,2,88,-67.93972439908327,278,0.513927698135376,954.58,inf,102.93196524007978
Dueling_DQN,2,89,-142.13359977014736,196,0.350034236907959,967.5699999999999,inf,102.96739707134428
Dueling_DQN,2,90,-141.37391223920878,170,0.3023552894592285,974.7399999999999,inf,102.9126509095926
Dueling_DQN,2,91,-31.100146660846022,193,0.34788060188293457,965.7099999999999,inf,95.02594164555367
Dueling_DQN,2,92,-421.7173387570578,214,0.38532185554504395,961.9,inf,101.99435828281258
Dueling_DQN,2,93,-10.618754884327856,180,0.32508087158203125,966.01,inf,102.65180342441563
Dueling_DQN,2,94,-15.510252865623357,182,0.33100104331970215,967.8399999999999,inf,102.78377365950497
Dueling_DQN,2,95,-90.47136905466604,235,0.4510190486907959,955.69,inf,102.6946263549282
Dueling_DQN,2,96,-41.301555446554346,387,0.7948942184448242,931.5100000000002,inf,102.69902931853345
Dueling_DQN,2,97,-106.96682059468353,344,0.6798388957977295,939.5200000000001,inf,102.5168030535439
Dueling_DQN,2,98,-84.88451644270336,320,0.5900082588195801,945.4000000000001,inf,98.64479829577694
Dueling_DQN,2,99,-56.04281062542214,619,1.4646480083465576,904.4500000000004,inf,98.73964551086057
Dueling_DQN,2,100,-40.09536193837238,400,0.8033583164215088,926.5000000000002,inf,98.91200385938274
Dueling_DQN,2,101,-74.95736736013494,402,0.8543441295623779,930.5500000000002,inf,97.8349900589244
Dueling_DQN,2,102,-18.58166153337899,89,0.15450334548950195,985.57,inf,98.1379370525662
Dueling_DQN,2,103,-415.96005421341556,138,0.2463700771331787,986.26,inf,101.82258700000902
Dueling_DQN,2,104,-224.76171096509393,505,1.0563240051269531,923.4100000000002,inf,103.41032385545515
Dueling_DQN,2,105,-211.96124803983207,312,0.6197690963745117,947.7400000000001,inf,104.60885216414586
Dueling_DQN,2,106,-125.18415730619142,210,0.3935079574584961,961.18,inf,103.89687811412551
Dueling_DQN,2,107,-202.28302820487164,805,1.8846211433410645,872.2600000000006,inf,104.3218303858391
Dueling_DQN,2,108,-56.82752372115915,312,0.6297945976257324,942.0400000000001,inf,100.80780995869414
Dueling_DQN,2,109,-247.50068459373014,359,0.7251548767089844,936.6400000000001,inf,102.9565259758865
Dueling_DQN,2,110,-56.217231367410754,392,0.8344039916992188,929.4700000000001,inf,102.81836863968626
Dueling_DQN,2,111,-165.0299482592905,667,1.6130492687225342,890.8000000000004,inf,103.21316958527875
Dueling_DQN,2,112,45.86559683626871,333,0.6671247482299805,939.4000000000001,inf,104.7961390999209
Dueling_DQN,2,113,-171.10652750795742,256,0.49860310554504395,960.0999999999999,inf,103.50340782709152
Dueling_DQN,2,114,-54.20362539696876,264,0.4941251277923584,953.02,inf,103.65464606968912
Dueling_DQN,2,115,-208.16511380975442,143,0.25450634956359863,982.4499999999999,inf,104.05410901969107
Dueling_DQN,2,116,181.4330060846682,801,1.9181389808654785,902.8000000000004,inf,110.76058170851371
Dueling_DQN,2,117,218.21388344523274,450,0.9738707542419434,937.3900000000001,510464,119.01350131256844
Dueling_DQN,2,118,-178.89425754567228,774,1.9174809455871582,857.5,510464,118.11417062965259
Dueling_DQN,2,119,-209.94663699816405,216,0.4027371406555176,965.05,510464,118.64545732175776
Dueling_DQN,2,120,-4.474290909942602,1000,2.653553009033203,846.7599999999996,510464,119.17207239876718
Dueling_DQN,2,121,-234.20470575034494,807,2.0135958194732666,849.9099999999997,510464,120.62893283443287
Dueling_DQN,2,122,-110.99203902304401,1000,2.640500068664551,817.4199999999985,510464,120.55710729436622
Dueling_DQN,2,123,-101.98982247804516,1000,3.0804200172424316,814.4799999999984,510464,119.97689374886163
Dueling_DQN,2,124,-69.89883449631367,1000,3.1123411655426025,814.4199999999984,510464,116.62307864998253
Dueling_DQN,2,125,-52.17998161346483,1000,2.9385790824890137,857.86,510464,116.69225251645192
Dueling_DQN,2,126,207.4873275199173,501,1.092942476272583,939.3400000000001,510464,123.09601726275531
Dueling_DQN,2,127,-5.327170372976795,93,0.17724347114562988,984.01,510464,123.2738377562685
Dueling_DQN,2,128,-154.39399620842585,160,0.3118112087249756,978.7299999999999,510464,123.14925647724213
Dueling_DQN,2,129,-141.39805696422766,169,0.3281242847442627,975.43,510464,122.72431757365277
Dueling_DQN,2,130,-38.079694342389985,1000,3.307171106338501,822.9999999999987,510464,122.86927104668786
Dueling_DQN,2,131,-209.14941146334854,310,0.6307880878448486,945.2800000000001,510464,123.31383672676253
Dueling_DQN,2,132,164.47187155053655,669,1.8162178993225098,892.1800000000005,510464,128.25495503077343
Dueling_DQN,2,133,20.73348517736052,102,0.19173693656921387,981.8199999999999,510464,128.8670879255609
Dueling_DQN,2,134,169.12165166567988,743,2.0091018676757812,886.4800000000006,510464,133.05157426602304
Dueling_DQN,2,135,-245.85669310717168,410,0.9243619441986084,920.4400000000003,510464,133.645580678719
Dueling_DQN,2,136,38.16712224006466,163,0.3159065246582031,968.6199999999999,510464,134.4146633806185
Dueling_DQN,2,137,235.9700561683347,480,1.178818702697754,925.0000000000002,510464,141.07093415792377
Dueling_DQN,2,138,-39.67557348162595,1000,3.1459004878997803,818.2599999999986,510464,141.17137226579118
Dueling_DQN,2,139,-49.479264238520734,1000,2.6045782566070557,819.6099999999986,510464,140.933136445172
Dueling_DQN,2,140,-11.15607754502093,1000,2.7709176540374756,817.3299999999986,510464,140.91796054332892
Dueling_DQN,2,141,-4.376615607597316,1000,3.3199799060821533,823.8099999999988,510464,141.13071139834395
Dueling_DQN,2,142,-46.610576495146795,316,0.6859593391418457,945.8800000000001,510464,132.10812988300043
Dueling_DQN,2,143,93.53287604496222,852,2.506730079650879,855.1,510464,133.7771639812912
Dueling_DQN,2,144,315.0053379555625,294,0.6102917194366455,961.27,510464,143.80125133577206
Dueling_DQN,2,145,-19.445985551242156,1000,2.9864325523376465,826.389999999999,510464,143.81846561078243
Dueling_DQN,2,146,164.4122923949647,828,2.4890410900115967,862.1500000000003,510464,147.08521948610027
Dueling_DQN,2,147,-38.796291872055406,1000,3.3879857063293457,825.849999999999,510464,146.88405951134166
Dueling_DQN,2,148,-67.3911785442337,1000,3.028916835784912,822.8499999999988,510464,146.8225946630376
Dueling_DQN,2,149,124.60950173092225,921,2.642472267150879,847.8099999999997,510464,148.84233853756706
Dueling_DQN,2,150,86.7239579878739,922,2.8508546352386475,858.4000000000001,510464,150.00672343663686
Dueling_DQN,2,151,132.118587504664,801,2.328012704849243,864.6400000000003,510464,151.94133843779912
Dueling_DQN,2,152,-169.82167004716555,180,0.36190152168273926,973.27,510464,152.9891815397074
Dueling_DQN,2,153,-36.88521853519448,1000,2.5265543460845947,821.8899999999987,510464,143.4064837105328
Dueling_DQN,2,154,217.88612703741987,523,1.1842913627624512,915.4900000000004,510464,145.09127098229453
Dueling_DQN,2,155,53.922092243396,1000,2.6464953422546387,843.0399999999995,510464,143.05328619543732
Dueling_DQN,2,156,-93.53799802943928,255,0.5191247463226318,964.87,510464,142.66104770026016
Dueling_DQN,2,157,-259.400744525584,405,0.910599946975708,941.5,510464,144.33090837218614
Dueling_DQN,2,158,-111.68974829351203,576,1.3542895317077637,900.6400000000006,510464,144.80190141356775
Dueling_DQN,2,159,1.444827182816405,1000,3.2488086223602295,818.3199999999986,510464,141.22418910285393
Dueling_DQN,2,160,-44.16575927960266,149,0.29914379119873047,977.53,510464,141.16864354654626
Dueling_DQN,2,161,-218.93959598735916,303,0.6336050033569336,954.3100000000001,510464,142.4907391791346
Dueling_DQN,2,162,260.33220238211163,487,1.1105091571807861,960.43,510464,147.50677171311537
Dueling_DQN,2,163,-161.54276006971156,181,0.3604855537414551,968.17,510464,147.30940903984967
Dueling_DQN,2,164,-136.72589164922292,217,0.4563302993774414,963.64,510464,148.20869163481936
Dueling_DQN,2,165,167.02829729245855,683,1.7391736507415771,887.3200000000006,510464,147.7756634364314
Dueling_DQN,2,166,204.71909771237114,692,2.0101215839385986,899.5000000000003,510464,148.40814709675826
Dueling_DQN,2,167,-129.43553264885261,1000,2.8323025703430176,830.8899999999991,510464,145.77635730168015
Dueling_DQN,2,168,184.86911659502272,717,1.7203145027160645,883.3000000000006,510464,146.47901712270496
Dueling_DQN,2,169,122.02500221029582,916,2.700747013092041,846.4299999999997,510464,144.66411418917275
Dueling_DQN,2,170,240.09439687951016,513,1.1898107528686523,942.5799999999999,510464,148.54154322570912
Dueling_DQN,2,171,155.8064967670229,699,1.7820227146148682,891.9400000000005,510464,146.04505167960693
Dueling_DQN,2,172,122.9935038027232,878,2.8896265029907227,860.1700000000002,510464,145.7826434721698
Dueling_DQN,2,173,248.2655602243418,517,1.2355117797851562,930.9100000000001,510464,148.31284869640984
Dueling_DQN,2,174,195.35398393216238,697,1.7577321529388428,879.1300000000007,510464,149.61441614115373
Dueling_DQN,2,175,221.03206870439894,609,1.5803022384643555,905.2600000000002,510464,151.532725234959
Dueling_DQN,2,176,-26.05548738046535,1000,3.46907114982605,819.8799999999986,510464,149.71072009352528
Dueling_DQN,2,177,-80.97087519324947,894,2.39905047416687,843.4299999999996,510464,150.43673078449024
Dueling_DQN,2,178,31.39455303430848,1000,3.041717767715454,828.399999999999,510464,148.1601869708633
Dueling_DQN,2,179,202.36537179189767,773,1.851733684539795,871.3900000000007,510464,147.93807226859138
Dueling_DQN,2,180,35.053405774368684,1000,3.461111307144165,830.2599999999991,510464,147.53265752809645
Dueling_DQN,2,181,56.54499372582539,1000,3.019538640975952,844.8399999999996,510464,143.17765273031796
Dueling_DQN,2,182,-1.0983011918361434,1000,2.927704334259033,830.9499999999991,510464,142.29929505967476
Dueling_DQN,2,183,97.07980020076882,965,2.939258337020874,843.4299999999996,510464,142.47059716683972
Dueling_DQN,2,184,-27.66591146683197,1000,2.772660970687866,826.839999999999,510464,141.66722189311915
Dueling_DQN,2,185,-26.703850128283342,1000,2.9574460983276367,821.7099999999988,510464,136.04115854725404
Dueling_DQN,2,186,155.11577453749925,992,3.020672082901001,848.3499999999998,510464,136.92080979421902
Dueling_DQN,2,187,34.885779068893164,1000,2.9395527839660645,840.9399999999996,510464,134.2226275363283
Dueling_DQN,2,188,114.38895510630667,886,2.1599044799804688,866.8000000000004,510464,134.06999813223467
Dueling_DQN,2,189,156.18056586365685,863,2.813133478164673,850.7199999999999,510464,134.24634678726082
Dueling_DQN,2,190,-32.20774137695718,1000,3.3709452152252197,820.6599999999987,510464,134.46923474532898
Dueling_DQN,2,191,141.67899397894277,904,3.00042986869812,858.5500000000001,510464,134.8587402085809
Dueling_DQN,2,192,-32.8407710564755,1000,3.083801507949829,824.7099999999989,510464,134.6706967413467
Dueling_DQN,2,193,165.61780380082257,761,1.9650766849517822,869.3800000000006,510464,135.4863693597848
Dueling_DQN,2,194,222.17487379232475,697,1.6875667572021484,887.5900000000006,510464,132.49836241289123
Dueling_DQN,2,195,171.64679100868435,633,1.758409023284912,911.0200000000002,510464,133.13641195018835
Dueling_DQN,2,196,-75.36588604218666,194,0.4095346927642822,963.52,510464,133.45720807657335
Dueling_DQN,2,197,3.6999047767594893,1000,3.140641212463379,880.9900000000001,510464,133.01695658703855
Dueling_DQN,2,198,164.3417219951834,686,1.9763243198394775,885.1000000000006,510464,132.81701158630972
Dueling_DQN,2,199,205.59765823256592,597,1.6068882942199707,898.8100000000004,510464,134.12483826796594
Dueling_DQN,2,200,126.49604149508284,832,2.300748109817505,880.1800000000003,510464,134.40959480349076
Dueling_DQN,2,201,164.8575017278667,875,2.2357213497161865,871.0600000000005,510464,134.8435242631999
Dueling_DQN,2,202,226.8384425484611,538,1.4276530742645264,913.3300000000004,510464,132.76512773370146
Dueling_DQN,2,203,-124.63792473251533,660,1.6819896697998047,881.1100000000006,510464,134.69973411279918
Dueling_DQN,2,204,216.20619670478197,509,1.2757625579833984,915.4000000000003,510464,134.6619925462653
Dueling_DQN,2,205,219.9163055076084,563,1.4407694339752197,913.2700000000003,510464,136.36508025501254
Dueling_DQN,2,206,104.80809867838596,750,2.197509527206421,887.3200000000003,510464,134.44882030996618
Dueling_DQN,2,207,-27.567176570789684,534,1.2203385829925537,911.5300000000003,510464,126.67752600076702
Dueling_DQN,2,208,280.55994140236726,439,1.0515267848968506,931.6600000000002,510464,126.85376328947545
Dueling_DQN,2,209,249.17618983238808,546,1.3397481441497803,913.9900000000004,510464,128.3032508079846
Dueling_DQN,2,210,118.96317619453626,916,2.4775760173797607,874.1200000000002,510464,126.90475761692196
Dueling_DQN,2,211,196.40002312981008,693,1.6181530952453613,918.1000000000001,510464,119.5468168059043
Dueling_DQN,2,212,261.8396062793367,395,0.8646559715270996,935.7100000000002,510464,119.58691704954646
Dueling_DQN,2,213,193.51751826137877,682,1.7371182441711426,902.8300000000004,510464,114.14074053856707
Dueling_DQN,2,214,227.96414859727506,427,0.961498498916626,950.3199999999999,510464,109.76303968607772
Dueling_DQN,2,215,191.40006690047562,589,1.5597155094146729,900.7000000000004,510464,110.04029042348971
Dueling_DQN,2,216,164.83364514100242,595,1.590623378753662,902.6500000000004,510464,109.54456632605317
Dueling_DQN,2,217,132.10710099797666,691,1.7750475406646729,914.8900000000001,510464,103.78589209018743
Dueling_DQN,2,218,242.46239632613143,537,1.2092630863189697,915.8800000000003,510464,104.7987940326945
Dueling_DQN,2,219,229.07244545726252,502,1.1243035793304443,924.4600000000003,510464,105.85470367481867
Dueling_DQN,2,220,228.08156665070163,456,1.0093584060668945,931.5700000000002,510464,105.60579962350651
Dueling_DQN,2,221,202.9444919470811,521,1.2402324676513672,927.1600000000002,510464,106.09096556471808
Dueling_DQN,2,222,126.33800913774924,934,2.6115639209747314,907.8999999999999,510464,106.09049738800329
Dueling_DQN,2,223,225.76038039490484,488,1.158785343170166,922.1200000000002,510464,105.61512121170934
Dueling_DQN,2,224,213.224171520904,481,1.185985803604126,923.2900000000002,510464,105.8825221146892
Dueling_DQN,2,225,-44.561857653826976,507,1.1337344646453857,911.8900000000003,510464,107.59731398604777
Dueling_DQN,2,226,240.4543007966228,405,0.9324731826782227,947.11,510464,106.82656682522642
Dueling_DQN,2,227,197.16667164387806,472,1.2702124118804932,921.1000000000003,510464,103.11432764612287
Dueling_DQN,2,228,237.05233902763862,454,1.349809169769287,928.9300000000002,510464,103.16364886676263
Dueling_DQN,2,229,153.7742218263332,531,1.5267975330352783,911.3200000000003,510464,102.75293514349613
Dueling_DQN,2,230,244.36223842063163,586,1.6470425128936768,922.2100000000003,510464,102.89718794744199
Dueling_DQN,2,231,238.27441194951993,506,1.505486011505127,921.2200000000003,510464,103.15594553699131
Dueling_DQN,2,232,141.684242072361,627,2.0608065128326416,901.7200000000003,510464,101.11414073664048
Dueling_DQN,2,233,177.66388675775963,595,1.8494558334350586,900.8200000000004,510464,100.9836438803956
Dueling_DQN,2,234,270.91356727668824,305,0.8278517723083496,950.11,510464,99.33082750888131
Dueling_DQN,2,235,162.05699257106653,570,1.7489326000213623,905.5900000000004,510464,95.98532350221475
Dueling_DQN,2,236,256.52134162395697,511,1.5551731586456299,937.9300000000001,510464,97.00882874141071
Dueling_DQN,2,237,224.51017531012127,612,1.6687006950378418,932.1100000000001,510464,95.81565528543891
Dueling_DQN,2,238,219.26339580443357,534,1.68037748336792,919.2400000000002,510464,95.89990853686935
Dueling_DQN,2,239,214.96817655090433,653,1.941443681716919,926.47,510464,96.15656406648932
Dueling_DQN,2,240,183.12268414669893,678,2.113635778427124,888.7900000000005,510464,91.94870510337049
Dueling_DQN,2,241,158.2183444913722,651,2.241276979446411,889.6900000000005,510464,91.87772197727284
Dueling_DQN,2,242,113.45114707663298,740,2.2820444107055664,888.5200000000004,510464,87.60692616948282
Dueling_DQN,2,243,214.89153142148575,581,1.7171943187713623,911.0200000000003,510464,87.79793102037517
Dueling_DQN,2,244,162.27294081715283,734,2.484618902206421,873.5200000000006,510464,87.53727126363026
Dueling_DQN,2,245,212.95138356527775,567,1.7215490341186523,908.3500000000004,510464,87.71954811622902
Dueling_DQN,2,246,211.75316807676256,496,1.4547786712646484,923.6800000000003,510464,80.33516541611917
Dueling_DQN,2,247,222.48341341841206,413,1.1302413940429688,935.3800000000001,510464,76.52948198925759
Dueling_DQN,2,248,-142.35220065365195,671,2.0615456104278564,883.9000000000005,510464,89.0804594960386
Dueling_DQN,2,249,46.99565324145219,973,2.9923298358917236,863.0200000000003,510464,90.82523630875893
Dueling_DQN,2,250,-20.23861480093818,1000,3.353341817855835,835.9899999999993,510464,94.6105767927383
Dueling_DQN,2,251,2.2569468879524806,287,0.7710096836090088,948.8800000000001,510464,97.52420225704958
Dueling_DQN,2,252,245.9028738736683,475,1.344665765762329,924.8800000000003,510464,97.79039182730436
Dueling_DQN,2,253,66.81796943933409,861,2.658802032470703,866.8600000000005,510464,89.65142097140355
Dueling_DQN,2,254,-21.956931412412864,1000,3.762166738510132,815.6499999999985,510464,93.43456457676325
Dueling_DQN,2,255,216.72825737514654,513,1.4787366390228271,914.4100000000003,510464,93.39982013381669
Dueling_DQN,2,256,234.01801507255354,491,1.4234039783477783,920.5900000000004,510464,93.42015920406968
Dueling_DQN,2,257,184.15229417377174,593,1.8463971614837646,916.7500000000002,510464,89.06739241666831
Dueling_DQN,2,258,-34.076612113129386,1000,3.987334966659546,815.5599999999986,510464,92.3839323957827
Dueling_DQN,2,259,130.1399469971706,835,2.909072160720825,885.2800000000004,510464,91.79095011232342
Dueling_DQN,2,260,173.81841854241054,766,2.570197343826294,872.0200000000007,510464,91.5553247059939
Dueling_DQN,2,261,-8.579311068927408,1000,2.9510691165924072,871.0300000000004,510464,94.66676022113221
Dueling_DQN,2,262,136.22821867828767,859,2.7774596214294434,890.9500000000002,510464,93.65929733280961
Dueling_DQN,2,263,123.24338406042719,962,3.3595588207244873,837.7899999999995,510464,93.67329718318734
Dueling_DQN,2,264,-335.9463622313363,987,3.2703640460968018,871.0900000000005,510464,115.94405772249813
Dueling_DQN,2,265,148.81257322790998,798,2.6004390716552734,871.5100000000007,510464,115.7735023417158
Dueling_DQN,2,266,190.42776011937326,424,1.222269058227539,941.5600000000002,510464,115.91001699980787
Dueling_DQN,2,267,88.21796085275442,954,3.4857065677642822,837.6699999999994,510464,116.18527959903685
Dueling_DQN,2,268,-59.27440252322816,1000,3.2337229251861572,821.2599999999987,510464,118.83029514793927
Dueling_DQN,2,269,-50.494322790943045,307,0.8435118198394775,949.2700000000001,510464,121.0675663167238
Dueling_DQN,2,270,90.94128916381193,913,3.155137300491333,843.1299999999995,510464,120.46812068007878
Dueling_DQN,2,271,156.07790200734954,697,2.2661919593811035,886.6900000000006,510464,120.09223863273856
Dueling_DQN,2,272,172.51982886478714,675,2.228473663330078,883.4200000000005,510464,120.2318153025334
Dueling_DQN,2,273,124.69356838586903,858,2.9851863384246826,858.7300000000001,510464,119.48124869968855
Dueling_DQN,2,274,140.56572088901726,486,1.4287738800048828,927.9100000000001,510464,118.8971169489293
Dueling_DQN,2,275,164.48062914961795,806,2.691675901412964,875.7700000000007,510464,116.3956800908205
Dueling_DQN,2,276,0.21501513336887879,1000,3.324308395385742,838.6299999999994,510464,116.79547196345122
Dueling_DQN,2,277,186.99860248991712,435,1.2836480140686035,937.2400000000001,510464,116.68302413032946
Dueling_DQN,2,278,182.86968234598373,423,1.211308479309082,949.0299999999999,510464,115.90895075671574
Dueling_DQN,2,279,158.8917491040342,669,2.002476692199707,891.1000000000005,510464,115.93538109916952
Dueling_DQN,2,280,78.45217664069365,770,2.6278131008148193,897.6100000000004,510464,114.88257714001222
Dueling_DQN,2,281,211.91417370388245,429,1.2042388916015625,948.04,510464,114.41248832975833
Dueling_DQN,2,282,-96.84296844061458,660,2.1039233207702637,884.5600000000005,510464,118.42008054722918
Dueling_DQN,2,283,186.90248301735627,474,1.3796610832214355,941.4699999999999,510464,118.52045572002956
Dueling_DQN,2,284,231.37508977862407,386,0.8943963050842285,935.6500000000002,510464,117.62622412578416
Dueling_DQN,2,285,192.6930871765419,397,0.8938837051391602,939.0100000000001,510464,117.93752982933
Dueling_DQN,2,286,-88.92352596798631,326,0.7026717662811279,940.9000000000001,510464,119.71591432155667
Dueling_DQN,2,287,207.82662304862038,537,1.2772109508514404,921.9100000000001,510464,119.42177142912422
Dueling_DQN,2,288,-90.64548217653432,316,0.6511988639831543,943.4200000000001,510464,121.6427136124241
Dueling_DQN,2,289,59.0828464125684,980,2.4404170513153076,900.4000000000002,510464,120.76336837257601
Dueling_DQN,2,290,-14.88072922617421,320,0.6916511058807373,943.6600000000001,510464,121.26014440504336
Dueling_DQN,2,291,215.78833868256163,315,0.6783630847930908,951.4000000000001,510464,122.10330215918056
Dueling_DQN,2,292,236.47868602050477,369,0.8351047039031982,946.1500000000001,510464,123.61062836134262
Dueling_DQN,2,293,191.8663970585418,393,0.9169461727142334,948.88,510464,123.22752307282069
Dueling_DQN,2,294,82.00580254417056,1000,2.5541763305664062,928.8099999999994,510464,122.93445814945478
Dueling_DQN,2,295,255.83901468565313,353,0.8154823780059814,942.3100000000001,510464,123.87349873687268
Dueling_DQN,2,296,228.01824499514947,347,0.7369368076324463,951.46,510464,124.18822250989805
Dueling_DQN,2,297,233.80651932400224,447,1.053281545639038,947.4099999999999,510464,124.42138230872486
Dueling_DQN,2,298,207.3437956931138,512,1.1725518703460693,918.7900000000003,510464,120.34804616816444
Dueling_DQN,2,299,258.0748960021707,479,1.0839006900787354,953.3799999999999,510464,121.85238890296287
Dueling_DQN,2,300,140.44299239064893,781,1.7428176403045654,920.59,510464,120.44657659756834
Dueling_DQN,2,301,220.2234154919956,416,0.9080257415771484,950.4099999999999,510464,120.2420690885107
Dueling_DQN,2,302,185.7767563379985,597,1.514094591140747,927.3100000000002,510464,119.26425530521081
Dueling_DQN,2,303,220.37633669949952,369,0.7884323596954346,951.61,510464,119.88577217503364
Dueling_DQN,2,304,225.60376531773048,393,0.8606977462768555,941.2,510464,118.99092875863963
Dueling_DQN,2,305,224.6309813478112,414,0.9099075794219971,943.4200000000001,510464,119.11667161586249
Dueling_DQN,2,306,-67.99477804558347,264,0.5572013854980469,952.5100000000001,510464,121.12862177206766
Dueling_DQN,2,307,230.54214897040305,422,0.9789018630981445,943.3000000000001,510464,121.79227118656071
Dueling_DQN,2,308,113.90514427141233,963,2.9323246479034424,838.7199999999995,510464,119.7707732942058
Dueling_DQN,2,309,216.64182528821982,388,0.8523190021514893,941.3800000000001,510464,120.47124058815912
Dueling_DQN,2,310,202.12886113744815,290,0.6408312320709229,961.5999999999999,510464,120.76261366069903
Dueling_DQN,2,311,172.02948571657717,362,0.8505897521972656,952.4200000000001,510464,119.37065652262142
Dueling_DQN,2,312,278.62607771006674,424,0.9131872653961182,952.54,510464,121.17510439806195
Dueling_DQN,2,313,221.07536987163815,690,1.7461788654327393,919.0600000000003,510464,121.79573281766226
Dueling_DQN,2,314,166.78726453950452,451,1.115370512008667,937.4200000000001,510464,101.61434002338902
Dueling_DQN,2,315,110.58275317478137,733,1.8249397277832031,878.7700000000007,510464,101.72397543756338
Dueling_DQN,2,316,202.51367982446152,322,0.7015295028686523,961.66,510464,101.84854647041234
Dueling_DQN,2,317,-289.4127204665165,316,0.7102963924407959,942.19,510464,118.37579538902106
Dueling_DQN,2,318,176.84948268954452,393,0.8767752647399902,952.7499999999998,510464,115.1336369627123
Dueling_DQN,2,319,210.06473200399188,354,0.7901229858398438,943.9000000000001,510464,112.1936426409095
Dueling_DQN,2,320,214.83429527062168,435,1.0216178894042969,940.33,510464,112.30693743154302
Dueling_DQN,2,321,216.9786172144294,329,0.716529130935669,958.3299999999999,510464,112.70669183896784
Dueling_DQN,2,322,209.5082479107272,371,0.8721134662628174,953.4999999999999,510464,112.97176084346268
Dueling_DQN,2,323,-42.94564679252564,1000,2.8620738983154297,849.6399999999999,510464,116.14436759056204
Dueling_DQN,2,324,191.96891533144412,496,1.1192781925201416,926.6200000000003,510464,116.30494829942334
Dueling_DQN,2,325,-34.295351672684504,330,0.6937742233276367,941.1100000000001,510464,119.05975084682393
Dueling_DQN,2,326,227.4818507371665,309,0.6627492904663086,956.41,510464,117.79023838697158
Dueling_DQN,2,327,71.50682169210205,790,1.9222373962402344,865.0600000000004,510464,118.15812243004783
Dueling_DQN,2,328,-75.38317535825327,234,0.4774487018585205,962.53,510464,122.05266647840396
Dueling_DQN,2,329,219.23949970859553,684,1.5639925003051758,938.8,510464,122.5139957790419
Dueling_DQN,2,330,121.77665947141966,834,2.2342610359191895,870.7900000000005,510464,122.20773755359752
Dueling_DQN,2,331,253.64106282289148,364,0.7806236743927002,945.0700000000002,510464,122.8110423510111
Dueling_DQN,2,332,-115.20542934553737,830,2.0097763538360596,846.7899999999996,510464,123.55777021827977
Dueling_DQN,2,333,11.271228027530825,278,0.5749173164367676,951.8500000000001,510464,124.78604909692406
Dueling_DQN,2,334,224.19614208402706,464,0.9806907176971436,938.62,510464,124.68578342471528
Dueling_DQN,2,335,-32.35061406694325,351,0.7531149387359619,940.6900000000002,510464,126.7687373341913
Dueling_DQN,2,336,265.813944332578,269,0.5826222896575928,952.48,510464,123.86966978949627
Dueling_DQN,2,337,218.64924210552587,281,0.580449104309082,954.58,510464,123.99180492474414
Dueling_DQN,2,338,139.54604844471623,545,1.2777824401855469,932.2300000000001,510464,119.40421137323209
Dueling_DQN,2,339,-102.14218337567479,552,1.2087717056274414,906.6700000000005,510464,123.85637133253964
Dueling_DQN,2,340,252.92228880454766,287,0.6132287979125977,952.51,510464,122.61974054632775
Dueling_DQN,2,341,246.20282433928276,414,0.8467113971710205,942.1,510464,123.01862752651283
Dueling_DQN,2,342,205.47510372572881,448,1.0668303966522217,941.86,510464,122.66262782790821
Dueling_DQN,2,343,238.99244721064085,464,1.0468549728393555,939.19,510464,123.15966777510512
Dueling_DQN,2,344,197.339536731169,299,0.6171567440032959,951.22,510464,122.9241303527185
Dueling_DQN,2,345,233.7505579308817,444,1.0749425888061523,935.3200000000002,510464,122.59440039539888
Dueling_DQN,2,346,197.0746021893317,416,0.8763747215270996,943.8700000000001,510464,122.29160460998762
Dueling_DQN,2,347,198.0478165219916,381,0.8208673000335693,942.1300000000001,510464,121.91701288836674
Dueling_DQN,2,348,-63.907595114780904,241,0.48451709747314453,960.49,510464,125.30444411344288
Dueling_DQN,2,349,144.7019291810356,861,2.0668699741363525,879.7300000000004,510464,124.2808837297098
Dueling_DQN,2,350,235.78678088467566,303,0.6634502410888672,952.0,510464,124.94256221046265
Dueling_DQN,2,351,-159.08371293303645,1000,2.319998264312744,838.2399999999994,510464,131.5364284038717
Dueling_DQN,2,352,256.3114527871193,414,0.9268293380737305,945.4900000000001,510464,132.41396326765803
Dueling_DQN,2,353,223.8645461889053,417,0.9333059787750244,943.6,510464,132.4573868713836
Dueling_DQN,2,354,233.19464753511835,351,0.7530019283294678,948.1300000000001,510464,132.56004372581194
Dueling_DQN,2,355,254.55015398331025,398,0.8773365020751953,938.1700000000002,510464,133.00805919609218
Dueling_DQN,2,356,264.30557304233616,366,0.7434647083282471,946.1200000000001,510464,130.70764120395154
Dueling_DQN,2,357,215.44782134488025,355,0.7530970573425293,944.9800000000001,510464,130.5319290192499
Dueling_DQN,2,358,181.54005153309987,360,0.8022563457489014,948.01,510464,130.53430285027497
Dueling_DQN,2,359,245.62933870190267,320,0.6691958904266357,951.3100000000001,510464,130.9009812437388
Dueling_DQN,2,360,203.50382239965435,392,0.8608639240264893,934.9900000000001,510464,130.91233601127385
Dueling_DQN,2,361,203.87677025542627,380,0.8137705326080322,944.1700000000001,510464,131.1012585437338
Dueling_DQN,2,362,232.04922536013575,289,0.6341478824615479,952.57,510464,130.34311931371775
Dueling_DQN,2,363,-196.17634053802323,939,2.128493070602417,858.4600000000003,510464,138.52829877798442
Dueling_DQN,2,364,182.35913865519683,537,1.2554054260253906,916.8400000000004,510464,138.6053451542443
Dueling_DQN,2,365,242.58564465401102,346,0.7239944934844971,947.3500000000001,510464,139.26690259654345
Dueling_DQN,2,366,222.75661858282155,315,0.6703686714172363,950.26,510464,139.468344040632
Dueling_DQN,2,367,-52.484800940896974,1000,2.5597176551818848,825.069999999999,510464,128.25348210058772
Dueling_DQN,2,368,210.5929358270655,381,0.8817248344421387,945.8500000000001,510464,128.49084864590938
Dueling_DQN,2,369,267.6271896804584,411,0.8954975605010986,938.7700000000001,510464,129.28904233375158
Dueling_DQN,2,370,200.06419841162537,365,0.8366107940673828,951.79,510464,129.15751061367266
Dueling_DQN,2,371,227.01897504439287,479,1.0488553047180176,956.29,510464,129.26961399447242
Dueling_DQN,2,372,184.04353682407225,344,0.6989185810089111,946.5100000000001,510464,129.08404860394634
Dueling_DQN,2,373,209.51328722447295,630,1.5251832008361816,932.6199999999998,510464,126.36843274662701
Dueling_DQN,2,374,202.04386023326788,396,0.9185760021209717,945.52,510464,126.43602585481425
Dueling_DQN,2,375,216.52766943508027,347,0.7720255851745605,944.92,510464,123.78577763368384
Dueling_DQN,2,376,235.80457387814542,443,0.9439353942871094,934.2700000000002,510464,123.88234064665697
Dueling_DQN,2,377,246.10607364827408,395,0.8745701313018799,946.8100000000001,510464,123.80260578425268
Dueling_DQN,2,378,221.58261081631258,402,0.861302375793457,941.8300000000002,510464,119.24512955239356
Dueling_DQN,2,379,236.92881332507758,320,0.715977668762207,953.26,510464,119.41882594450139
Dueling_DQN,2,380,195.11553523026362,286,0.6345264911651611,954.79,510464,119.27182766363153
Dueling_DQN,2,381,220.66341272817556,276,0.5785036087036133,958.21,510464,118.90440216960332
Dueling_DQN,2,382,262.8325793769025,272,0.5831606388092041,958.84,510464,112.33583664194833
Dueling_DQN,2,383,256.33182116983994,305,0.668194055557251,957.28,510464,110.27992216651607
Dueling_DQN,2,384,223.5423007211619,389,0.8195979595184326,944.71,510464,110.2750682574525
Dueling_DQN,2,385,243.02512764910554,374,0.8648695945739746,940.8400000000001,510464,106.1865233800009
Dueling_DQN,2,386,-62.03524695777523,401,0.8413107395172119,935.4100000000001,510464,111.2095599853997
Dueling_DQN,2,387,78.43672615984364,1000,2.638341188430786,939.0399999999995,510464,112.0119320898988
Dueling_DQN,2,388,170.0700022188306,644,1.4512317180633545,944.0799999999998,510464,111.87792634849306
Dueling_DQN,2,389,139.21338467605636,804,2.169816255569458,892.6900000000004,510464,104.58291262851857
Dueling_DQN,2,390,180.6419407933099,423,0.9698762893676758,946.9,510464,104.12588450106985
Dueling_DQN,2,391,242.61482649930133,381,0.8803973197937012,934.7800000000002,510464,104.08357700123233
Dueling_DQN,2,392,249.77068316557893,284,0.597069263458252,956.14,510464,104.45897387547069
Dueling_DQN,2,393,212.6083843511087,337,0.710869550704956,949.09,510464,104.24566897422952
Dueling_DQN,2,394,215.764351298514,337,0.7150537967681885,948.73,510464,104.32698736956307
Dueling_DQN,2,395,182.92758255902848,555,1.3205111026763916,927.1,510464,104.0819098567628
Dueling_DQN,2,396,249.1723305990236,340,0.7449972629547119,949.8100000000001,510464,104.48054448060836
Dueling_DQN,2,397,206.4876158360991,500,1.1299662590026855,929.0200000000001,510464,104.51032357631816
Dueling_DQN,2,398,231.70023142828148,299,0.6584560871124268,955.99,510464,98.51283531802225
Dueling_DQN,2,399,198.9510600870754,602,1.349146842956543,950.2599999999998,510464,98.30837433817331
Dueling_DQN,2,400,220.10400227311936,408,0.8701286315917969,943.69,510464,98.18965294071444
Dueling_DQN,2,401,239.5863462395017,418,1.1698319911956787,937.7800000000001,510464,84.73514594253228
Dueling_DQN,2,402,213.20025134641696,832,2.4416942596435547,931.72,510464,84.36176586884223
Dueling_DQN,2,403,-181.08014617512126,892,2.563122510910034,905.1100000000004,510464,99.53542108327046
Dueling_DQN,2,404,-97.18507797212922,458,1.3555874824523926,922.8100000000003,510464,107.10140860596132
Dueling_DQN,2,405,245.3260226797036,303,0.830411434173584,950.6500000000001,510464,106.98589513418186
Dueling_DQN,2,406,251.15216711236417,356,0.9890005588531494,948.1600000000001,510464,106.80122014848398
Dueling_DQN,2,407,220.80025942247275,475,1.3597190380096436,943.51,510464,106.83680946124706
Dueling_DQN,2,408,211.42103788942924,346,0.9349808692932129,949.87,510464,106.9123941780154
Dueling_DQN,2,409,265.7488506788774,518,1.4651496410369873,941.3499999999999,510464,107.18388787155335
Dueling_DQN,2,410,236.33352702601783,378,1.053096055984497,950.74,510464,107.40373861811656
Dueling_DQN,2,411,228.42963739082367,412,1.1675806045532227,942.8500000000001,510464,107.54805704202712
Dueling_DQN,2,412,254.6982652362752,279,0.7137043476104736,958.45,510464,107.79347757196075
Dueling_DQN,2,413,250.42031095286598,320,0.8599939346313477,952.15,510464,93.35204241203398
Dueling_DQN,2,414,244.86197462267177,336,0.9045870304107666,945.7600000000001,510464,93.60329456311565
Dueling_DQN,2,415,230.49829503255668,314,0.8600232601165771,950.86,510464,93.49678747959436
Dueling_DQN,2,416,250.45331408894458,264,0.7085301876068115,956.68,510464,93.74010637115293
Dueling_DQN,2,417,234.32764096424137,335,0.9509081840515137,949.5400000000001,510464,86.8996485084417
Dueling_DQN,2,418,236.51163849394086,340,0.9237866401672363,947.8900000000001,510464,87.02957728908143
Dueling_DQN,2,419,254.60071926702676,326,0.8538119792938232,949.6,510464,86.85208652844192
Dueling_DQN,2,420,272.9731511246914,371,1.0036225318908691,951.8499999999999,510464,87.42165758118183
Dueling_DQN,2,421,222.8679724844222,538,1.6287243366241455,929.5000000000001,510464,87.4009781414462
Dueling_DQN,2,422,264.77903942702847,337,0.9061613082885742,949.0300000000001,510464,87.7784375248356
Dueling_DQN,2,423,228.4315998251158,380,1.0919556617736816,946.24,510464,87.83893499952926
Dueling_DQN,2,424,259.59240820519585,513,1.410733938217163,943.75,510464,88.16748425765155
Dueling_DQN,2,425,240.4754113168408,276,0.7182438373565674,960.73,510464,88.28685663264731
Dueling_DQN,2,426,194.47255645248222,589,1.725841999053955,931.6599999999999,510464,88.20442102735404
Dueling_DQN,2,427,28.534599921803675,192,0.4978675842285156,966.4899999999999,510464,91.42287588924906
Dueling_DQN,2,428,211.76427131205435,292,0.7714977264404297,950.92,510464,91.39022636927537
Dueling_DQN,2,429,251.82307979248037,285,0.7519690990447998,956.05,510464,91.5297879922192
Dueling_DQN,2,430,228.06627886126861,371,1.0749528408050537,955.99,510464,91.59878298730315
Dueling_DQN,2,431,232.21367938069218,282,0.7416374683380127,955.87,510464,91.65926117936152
Dueling_DQN,2,432,29.838561065882573,236,0.6356518268585205,955.78,510464,94.35969555007266
Dueling_DQN,2,433,253.78424864828222,361,1.0309360027313232,945.5200000000001,510464,94.3288159487853
Dueling_DQN,2,434,228.9376538825314,672,1.9339828491210938,942.6099999999998,510464,94.36122029223637
Dueling_DQN,2,435,158.66836701578137,720,2.227412223815918,888.5800000000004,510464,94.29454066410963
Dueling_DQN,2,436,276.47521824937235,251,0.6837713718414307,958.15,510464,87.40584033159135
Dueling_DQN,2,437,236.430906943601,342,0.9057025909423828,950.23,510464,85.68279840631767
Dueling_DQN,2,438,239.96412935410436,369,1.0466253757476807,957.5499999999998,510464,85.65200580673354
Dueling_DQN,2,439,255.92164541303788,555,1.6325092315673828,947.53,510464,85.34616796211729
Dueling_DQN,2,440,209.26604850802647,450,1.2613756656646729,935.47,510464,85.24368217075701
Dueling_DQN,2,441,244.8434179785393,331,0.8914222717285156,952.36,510464,85.26103835161008
Dueling_DQN,2,442,242.99022476984922,307,0.8145809173583984,952.48,510464,85.20392927510109
Dueling_DQN,2,443,188.43737766257357,638,1.8235785961151123,939.4599999999998,510464,85.25868604655638
Dueling_DQN,2,444,252.5328197207281,419,1.1234216690063477,943.21,510464,85.46411073071484
Dueling_DQN,2,445,225.7781575483461,370,1.0109496116638184,941.3200000000002,510464,85.396433961323
Dueling_DQN,2,446,241.6711238973627,369,1.0269725322723389,941.1100000000001,510464,85.33673634778087
Dueling_DQN,2,447,106.0826708714348,789,2.3193118572235107,876.2800000000007,510464,86.60016434413089
Dueling_DQN,2,448,245.58359953681264,325,0.8733835220336914,950.8900000000001,510464,86.69352532004078
Dueling_DQN,2,449,231.09026474592784,356,1.0051043033599854,947.32,510464,86.73097546574105
Dueling_DQN,2,450,-129.45024289820986,592,1.7663445472717285,894.8800000000005,510464,98.89352386833815
Dueling_DQN,2,451,246.92597756317414,379,1.0863909721374512,949.0600000000001,510464,98.95270777623107
Dueling_DQN,2,452,204.20833152360416,428,1.2235078811645508,947.3499999999999,510464,98.94298681778896
Dueling_DQN,2,453,257.28139669788493,407,1.15163254737854,945.58,510464,82.56371371844052
Dueling_DQN,2,454,220.02674613306164,447,1.304290533065796,937.0000000000001,510464,69.75297801235662
Dueling_DQN,2,455,260.4968617064216,304,0.8217947483062744,953.2900000000001,510464,69.90237721211285
Dueling_DQN,2,456,158.0532475977505,561,1.7147431373596191,910.5700000000003,510464,70.25170016352021
Dueling_DQN,2,457,216.87954144849073,439,1.2458758354187012,950.02,510464,70.24940038922242
Dueling_DQN,2,458,163.35611504253825,774,2.417337417602539,937.0299999999999,510464,70.64337047213188
Dueling_DQN,2,459,124.0696396169978,694,2.17842435836792,891.1000000000005,510464,71.41939027042008
Dueling_DQN,2,460,151.48229559307603,691,2.0000157356262207,889.4500000000005,510464,71.85028754715539
Dueling_DQN,2,461,-84.5664211330673,836,2.8580262660980225,857.1400000000001,510464,82.87039293734031
Dueling_DQN,2,462,226.70655264175588,307,0.8272926807403564,953.11,510464,82.6268775735295
Dueling_DQN,2,463,155.72089691918328,913,3.2739109992980957,868.0600000000006,510464,82.63630012274336
Dueling_DQN,2,464,241.27049282253034,275,0.7508294582366943,953.4100000000001,510464,82.60103030753034
Dueling_DQN,2,465,210.05053187823904,317,0.8626315593719482,956.29,510464,82.51178530946746
Dueling_DQN,2,466,249.30345524469936,235,0.6180388927459717,963.16,510464,82.49845168557947
Dueling_DQN,2,467,212.6427877484872,328,0.92755126953125,955.75,510464,82.38444699516363
Dueling_DQN,2,468,229.9504585524555,343,0.9496924877166748,946.0000000000001,510464,82.33394001060505
Dueling_DQN,2,469,186.7621053213238,885,2.864133596420288,877.2400000000005,510464,82.00545690395035
Dueling_DQN,2,470,235.33025240936456,496,1.3800685405731201,945.9999999999999,510464,81.50432839944185
Dueling_DQN,2,471,244.54956471568124,482,1.4045109748840332,937.9000000000001,510464,81.68573989212005
Dueling_DQN,2,472,265.38940208558176,411,1.154529333114624,947.2900000000001,510464,81.69549607474382
Dueling_DQN,2,473,235.15347913509845,295,0.7654144763946533,957.13,510464,81.74801166884185
Dueling_DQN,2,474,257.73901590323237,344,0.9384407997131348,950.0500000000001,510464,81.72136879459913
Dueling_DQN,2,475,255.609011324005,301,0.7851688861846924,953.8000000000001,510464,81.89892162176062
Dueling_DQN,2,476,241.4696844217995,371,1.0460624694824219,941.7400000000001,510464,82.09721864821206
Dueling_DQN,2,477,214.67168451239917,353,1.0194580554962158,958.1499999999999,510464,78.3191409663983
Dueling_DQN,2,478,222.0024161892036,298,0.7970116138458252,952.99,510464,78.35028885344883
Dueling_DQN,2,479,-42.99001883943704,554,1.5723981857299805,899.1100000000005,510464,85.38709921326617
Dueling_DQN,2,480,216.81308161974653,323,0.9070107936859131,952.0300000000001,510464,85.32545500353102
Dueling_DQN,2,481,217.7197841865531,439,1.2890596389770508,930.6400000000001,510464,85.23652354201714
Dueling_DQN,2,482,221.84951767672732,321,0.8587517738342285,953.0500000000001,510464,81.8001880192187
Dueling_DQN,2,483,225.27845599861143,542,1.473613977432251,921.9700000000003,510464,81.53968319424938
Dueling_DQN,2,484,189.2834672006262,420,1.2015416622161865,932.8900000000001,510464,81.46593860504954
Dueling_DQN,2,485,226.58901942694007,426,1.2171039581298828,948.28,510464,81.31262093152975
Dueling_DQN,2,486,207.76707343198746,474,1.41904616355896,955.8699999999999,510464,80.62844090540769
Dueling_DQN,2,487,187.57614659004645,895,2.7244668006896973,946.1499999999999,510464,80.4905076204523
Dueling_DQN,2,488,260.6341356721275,230,0.6001625061035156,963.2199999999999,510464,80.74664263435619
Dueling_DQN,2,489,209.12945217295626,284,0.7761745452880859,957.7,510464,80.36981774337677
Dueling_DQN,2,490,251.34910234361334,247,0.6568953990936279,962.5899999999999,510464,80.68615688301409
Dueling_DQN,2,491,246.48277947062184,288,0.7520780563354492,960.9399999999999,510464,80.70451587637227
Dueling_DQN,2,492,239.43251380148268,287,0.772465705871582,957.04,510464,80.66857808377222
Dueling_DQN,2,493,234.0935103637602,270,0.7141976356506348,961.0,510464,80.78604902482512
Dueling_DQN,2,494,273.8096998678031,344,0.9633040428161621,946.1800000000001,510464,81.1099904303702
Dueling_DQN,2,495,256.5371145160834,361,0.9702937602996826,946.7500000000001,510464,81.40591275936363
Dueling_DQN,2,496,236.39608214605292,327,0.8870863914489746,950.08,510464,81.3583245422073
Dueling_DQN,2,497,240.8139170059873,371,1.0100743770599365,952.63,510464,80.35283814915826
Dueling_DQN,2,498,208.18149311285703,558,1.5627691745758057,941.7999999999998,510464,80.145060666188
Dueling_DQN,2,499,260.4115338273581,426,1.1302430629730225,951.8199999999999,510464,80.44624437477937
Dueling_DQN,2,500,207.02240790542407,454,1.287484884262085,942.88,510464,64.74474134560312
PER_DQN,0,1,-168.88982969597743,108,0.07541608810424805,990.94,inf,0.0
PER_DQN,0,2,-96.82297900504956,75,0.1152958869934082,993.43,inf,36.03342534546393
PER_DQN,0,3,-149.67864078468313,94,0.14420008659362793,993.76,inf,30.471155267558537
PER_DQN,0,4,-336.5356987560509,125,0.19175982475280762,988.84,inf,89.73548185747845
PER_DQN,0,5,-154.57690136958394,87,0.12884140014648438,993.73,inf,81.36649915928633
PER_DQN,0,6,-131.55540161698977,127,0.1939377784729004,986.98,inf,76.55576105044084
PER_DQN,0,7,-6.352417036901755,131,0.20528793334960938,988.42,inf,91.78516041425497
PER_DQN,0,8,-67.13386519051087,79,0.12524056434631348,989.71,inf,90.04502163940043
PER_DQN,0,9,-133.16279476406044,95,0.14822816848754883,992.68,inf,84.91469449294746
PER_DQN,0,10,-231.57650455660414,111,0.17827486991882324,988.8100000000001,inf,85.27886294026507
PER_DQN,0,11,-144.50260835928336,68,0.10314536094665527,993.88,inf,81.31517110503131
PER_DQN,0,12,-64.19922654530768,144,0.22882747650146484,985.66,inf,81.17406379743265
PER_DQN,0,13,-212.73367616900828,99,0.15710163116455078,991.66,inf,80.33504413980388
PER_DQN,0,14,-112.2093192457127,107,0.16839313507080078,991.15,inf,77.89977754808346
PER_DQN,0,15,-99.01805153631561,78,0.12249755859375,993.28,inf,76.07430929124021
PER_DQN,0,16,-85.58837100446934,71,0.11345744132995605,992.65,inf,74.85247437782245
PER_DQN,0,17,-209.72620204123297,91,0.14305639266967773,988.6,inf,74.59797614507535
PER_DQN,0,18,-210.079709077292,78,0.1256275177001953,992.29,inf,74.18217459086854
PER_DQN,0,19,-207.3989597153175,84,0.13741540908813477,991.0,inf,73.5255583868101
PER_DQN,0,20,-201.01722750453945,142,0.225632905960083,985.81,inf,72.5717013984787
PER_DQN,0,21,-211.40041216101162,127,0.20295500755310059,985.78,inf,71.97607840808385
PER_DQN,0,22,-311.4954791104241,91,0.14429402351379395,991.99,inf,77.59648932518783
PER_DQN,0,23,-188.66006464990065,110,0.1784212589263916,989.95,inf,76.09770188249503
PER_DQN,0,24,-16.031612363175824,144,0.23477935791015625,982.42,inf,80.02864970351143
PER_DQN,0,25,-242.4895032786871,83,0.12981843948364258,992.83,inf,80.21157268846723
PER_DQN,0,26,1.4670540181159737,116,0.19217777252197266,987.25,inf,84.54114987796147
PER_DQN,0,27,-365.2707925936727,99,0.16728711128234863,990.76,inf,92.0964573316966
PER_DQN,0,28,-147.36668212377145,67,0.11147713661193848,994.03,inf,90.47418536706567
PER_DQN,0,29,-231.24183921993182,90,0.15167593955993652,990.76,inf,89.82345505879718
PER_DQN,0,30,-98.82927509764792,89,0.14958691596984863,991.48,inf,89.06838586172351
PER_DQN,0,31,-304.0848747352593,82,0.13423943519592285,988.06,inf,91.18760452147175
PER_DQN,0,32,-299.5940397148745,125,0.2135753631591797,987.7,inf,92.72366546975351
PER_DQN,0,33,-150.39275489120433,125,0.2171790599822998,987.76,inf,91.36935245277726
PER_DQN,0,34,-38.21583984885566,76,0.1312851905822754,991.39,inf,92.70178869736215
PER_DQN,0,35,-7.594066910152861,88,0.1538829803466797,987.16,inf,95.07880596589351
PER_DQN,0,36,-250.86653712402637,148,0.26654577255249023,982.99,inf,94.90582154261685
PER_DQN,0,37,-142.20917186614295,91,0.16288089752197266,989.17,inf,93.67797566093004
PER_DQN,0,38,-215.3642880096113,111,0.19118070602416992,986.77,inf,92.81796511685002
PER_DQN,0,39,-168.79673569570807,101,0.17501354217529297,990.85,inf,91.62305308448607
PER_DQN,0,40,-150.40994148406884,108,0.19121623039245605,987.34,inf,90.4968391870577
PER_DQN,0,41,-68.39823779361197,85,0.14634227752685547,989.53,inf,90.59577619323112
PER_DQN,0,42,-89.41335814504751,109,0.18759369850158691,987.07,inf,90.18676008984113
PER_DQN,0,43,-118.35508731158922,110,0.18861007690429688,987.73,inf,89.3524778813196
PER_DQN,0,44,-135.9315517516673,81,0.14282822608947754,989.71,inf,88.39825644765057
PER_DQN,0,45,-362.9275740367786,125,0.2210245132446289,987.01,inf,92.45920699891259
PER_DQN,0,46,-347.1242730878738,108,0.1898338794708252,991.0600000000001,inf,95.30767347204583
PER_DQN,0,47,-51.16636215804044,194,0.34586358070373535,973.1199999999999,inf,95.7594535747828
PER_DQN,0,48,-37.93536833416471,92,0.16236233711242676,988.33,inf,96.46749918658442
PER_DQN,0,49,-99.42028317009378,86,0.1512463092803955,990.28,inf,95.88633124924989
PER_DQN,0,50,-149.5568222050485,77,0.13740158081054688,990.85,inf,94.93534901381094
PER_DQN,0,51,-273.64367701114224,101,0.1784813404083252,990.01,inf,96.24561548612374
PER_DQN,0,52,-90.40916313814685,129,0.2324810028076172,984.94,inf,96.33733724307423
PER_DQN,0,53,-78.58228865052308,83,0.14536714553833008,991.42,inf,97.0368079293487
PER_DQN,0,54,-269.1926270255754,66,0.12151980400085449,993.13,inf,95.03754856119765
PER_DQN,0,55,-59.51381995681142,115,0.20706987380981445,985.54,inf,96.06504571825914
PER_DQN,0,56,-95.10394294158114,153,0.28873109817504883,980.41,inf,96.39867634098394
PER_DQN,0,57,-105.45638872141545,88,0.15955257415771484,991.54,inf,94.27618836901438
PER_DQN,0,58,-241.90575451963952,108,0.1948549747467041,986.77,inf,94.04549774005865
PER_DQN,0,59,-96.03942847258986,151,0.2856101989746094,981.16,inf,94.41982981108714
PER_DQN,0,60,-130.84502045226714,85,0.1581728458404541,988.78,inf,93.98186302883413
PER_DQN,0,61,-59.211705356836916,94,0.1727912425994873,987.46,inf,95.01107403373804
PER_DQN,0,62,-36.53403590441805,156,0.29038238525390625,978.6999999999999,inf,95.63433998062766
PER_DQN,0,63,-94.03400825077374,125,0.23038625717163086,984.67,inf,95.70617409153573
PER_DQN,0,64,-72.48731182623767,99,0.18506836891174316,989.05,inf,96.2223070110281
PER_DQN,0,65,-47.821513362507545,111,0.20718979835510254,986.83,inf,97.07373396627607
PER_DQN,0,66,-204.86473593066682,136,0.25602149963378906,982.24,inf,96.84641157258278
PER_DQN,0,67,-408.4634891661358,116,0.22032427787780762,986.83,inf,102.874519901483
PER_DQN,0,68,-220.0709351409828,106,0.2031571865081787,991.84,inf,102.9819602728012
PER_DQN,0,69,-181.72491200301147,131,0.24765706062316895,979.0,inf,102.80737148962761
PER_DQN,0,70,-34.804489862889255,104,0.19963812828063965,985.84,inf,104.08464696956682
PER_DQN,0,71,-126.79725617743613,103,0.19471406936645508,988.72,inf,103.85763331861945
PER_DQN,0,72,-292.66120362617255,98,0.18106341361999512,989.17,inf,103.31958636751375
PER_DQN,0,73,-247.14783961905584,104,0.19749784469604492,991.15,inf,104.03481866724157
PER_DQN,0,74,-173.5784595634324,105,0.20361065864562988,989.62,inf,102.14384260496202
PER_DQN,0,75,-177.82050299212148,93,0.18065309524536133,990.76,inf,101.47620346682965
PER_DQN,0,76,-130.13074160987767,91,0.17461085319519043,993.64,inf,99.00977943499998
PER_DQN,0,77,-93.2374105798689,91,0.17460250854492188,990.07,inf,94.94870185228227
PER_DQN,0,78,-91.2910785707941,86,0.16625714302062988,989.08,inf,95.35246630457759
PER_DQN,0,79,-297.5592356130646,74,0.1451737880706787,992.8,inf,96.88024361777934
PER_DQN,0,80,-71.57859362644881,77,0.15244102478027344,990.73,inf,97.26693211634344
PER_DQN,0,81,-168.80596103933073,112,0.22486543655395508,988.0600000000001,inf,94.90183201098617
PER_DQN,0,82,-413.37462148015214,163,0.3343830108642578,978.43,inf,99.67913614093555
PER_DQN,0,83,-285.29656942339955,105,0.21310877799987793,991.48,inf,101.37325336457556
PER_DQN,0,84,-511.6061113838655,100,0.20372295379638672,990.7,inf,111.52200521536308
PER_DQN,0,85,-192.12613511020555,99,0.2064683437347412,990.22,inf,109.26447450521772
PER_DQN,0,86,-370.66191481732216,112,0.2371060848236084,982.84,inf,112.29951738178426
PER_DQN,0,87,-199.8848424058055,111,0.23491477966308594,988.84,inf,112.2876262856172
PER_DQN,0,88,-358.84333795551936,142,0.30715179443359375,971.3199999999999,inf,115.1364045136979
PER_DQN,0,89,-366.1825646066261,95,0.19807910919189453,990.43,inf,118.17746667306628
PER_DQN,0,90,-433.2252502954116,166,0.3445289134979248,977.3199999999999,inf,123.30210568361375
PER_DQN,0,91,-135.91745434982232,89,0.18148469924926758,991.66,inf,122.3812063102816
PER_DQN,0,92,-343.78797513212766,107,0.21831369400024414,989.8,inf,123.51712053826337
PER_DQN,0,93,-203.79157343142077,111,0.23174118995666504,990.67,inf,123.08094247986844
PER_DQN,0,94,-398.61226123381437,95,0.19695281982421875,986.5600000000001,inf,126.08525098674559
PER_DQN,0,95,-290.66256569844677,139,0.28996920585632324,978.64,inf,124.59935957030545
PER_DQN,0,96,-225.14659024744756,95,0.20053982734680176,989.08,inf,122.82170677823318
PER_DQN,0,97,-151.22937784819084,133,0.27759695053100586,974.38,inf,121.27094021672184
PER_DQN,0,98,-211.25375805511777,110,0.2344498634338379,982.54,inf,119.13958637448239
PER_DQN,0,99,-209.25454734171507,132,0.2929348945617676,981.0699999999999,inf,118.26985056819873
PER_DQN,0,100,-248.02114876604384,103,0.21896743774414062,994.9,inf,118.19272736838187
PER_DQN,0,101,-186.32015848274884,53,0.11179900169372559,996.52,inf,117.80122334983022
PER_DQN,0,102,-132.11916821812486,129,0.2818179130554199,987.22,inf,117.14927125272288
PER_DQN,0,103,-234.21520346180841,92,0.19757986068725586,992.8,inf,115.84944912479588
PER_DQN,0,104,-495.51819778619455,78,0.1611332893371582,991.12,inf,122.44053370411113
PER_DQN,0,105,-225.75757521494205,139,0.29717040061950684,981.91,inf,120.520346958437
PER_DQN,0,106,-368.88898535092085,79,0.16327619552612305,993.25,inf,121.19103397777876
PER_DQN,0,107,-390.0615249844862,117,0.25638842582702637,983.95,inf,122.35874031027498
PER_DQN,0,108,-500.32566694970086,86,0.18251466751098633,992.59,inf,128.25315729696115
PER_DQN,0,109,-279.86528549425066,130,0.2903444766998291,986.11,inf,126.96595983770729
PER_DQN,0,110,-70.34222144678225,131,0.2805628776550293,986.23,inf,128.22980431627275
PER_DQN,0,111,-434.11040014845975,109,0.23067045211791992,987.25,inf,128.79304787602345
PER_DQN,0,112,-242.93687683404482,107,0.23054742813110352,993.7,inf,125.44548011940662
PER_DQN,0,113,-180.31542494216853,58,0.12332963943481445,995.05,inf,123.94295848414434
PER_DQN,0,114,-230.5811692965877,89,0.1933302879333496,994.51,inf,121.45214541915597
PER_DQN,0,115,-515.7637432955664,112,0.2640702724456787,988.9,inf,123.54104485577338
PER_DQN,0,116,-234.8421999466173,100,0.21781063079833984,992.41,inf,123.34882643626693
PER_DQN,0,117,-320.03798655177445,108,0.23510313034057617,990.76,inf,121.82821689056578
PER_DQN,0,118,-263.2911728484358,90,0.1994633674621582,991.0,inf,121.70957629109867
PER_DQN,0,119,-152.54627511201426,117,0.25983119010925293,984.7,inf,122.1470288737281
PER_DQN,0,120,-275.1153625610225,68,0.14769291877746582,995.38,inf,117.91521886726086
PER_DQN,0,121,-215.7426498269715,111,0.2503840923309326,989.5600000000001,inf,116.5088065121117
PER_DQN,0,122,-524.4003225556986,90,0.19510793685913086,989.59,inf,122.00362817828467
PER_DQN,0,123,-792.391033725689,282,0.687605619430542,952.57,inf,142.21496034203088
PER_DQN,0,124,-231.0533754499153,90,0.2097184658050537,990.73,inf,141.57801220664217
PER_DQN,0,125,-562.4976913245149,110,0.25723886489868164,988.96,inf,146.11327265932988
PER_DQN,0,126,-322.7401714377153,87,0.20624756813049316,992.2,inf,144.3973928028883
PER_DQN,0,127,-267.3913526069887,114,0.26486873626708984,986.08,inf,141.60880354608327
PER_DQN,0,128,-306.7892631479156,71,0.16187453269958496,992.5,inf,138.54236511611072
PER_DQN,0,129,-536.8283068955386,106,0.24353766441345215,987.67,inf,142.42377455639067
PER_DQN,0,130,-526.6335451235512,91,0.21842527389526367,990.73,inf,141.71362233312448
PER_DQN,0,131,-562.3979057616662,93,0.21737980842590332,988.96,inf,144.29658744169487
PER_DQN,0,132,-453.6934949351832,116,0.27550315856933594,988.33,inf,144.91287662762844
PER_DQN,0,133,-624.3669750426783,95,0.22905516624450684,989.5,inf,150.7848242848069
PER_DQN,0,134,-546.4465324914515,112,0.2648308277130127,985.54,inf,151.6992516413326
PER_DQN,0,135,-225.53678229085318,118,0.27515625953674316,982.99,inf,151.15913069358584
PER_DQN,0,136,-504.66278147896134,90,0.21230816841125488,989.59,inf,153.00515090942136
PER_DQN,0,137,-444.6056320543963,121,0.281144380569458,982.84,inf,152.5422551825824
PER_DQN,0,138,-534.3836979702824,101,0.2374436855316162,987.97,inf,154.95626127815478
PER_DQN,0,139,-466.36375733317533,109,0.2575247287750244,986.8000000000001,inf,155.8924197477644
PER_DQN,0,140,-479.63573051419013,108,0.24905848503112793,986.44,inf,156.55377966452798
PER_DQN,0,141,-355.70843881634596,115,0.2670574188232422,987.7,inf,153.66396074263832
PER_DQN,0,142,-280.4949358568757,106,0.2465198040008545,984.7,inf,153.97014732910472
PER_DQN,0,143,-348.1715909992897,59,0.1354212760925293,995.41,inf,152.57268689153736
PER_DQN,0,144,-313.1982120468362,92,0.21841192245483398,989.26,inf,152.51492481900195
PER_DQN,0,145,-350.42667250246836,91,0.2119147777557373,994.51,inf,152.28005148021964
PER_DQN,0,146,-461.2502981034163,91,0.21869993209838867,992.47,inf,151.96184394941864
PER_DQN,0,147,-593.9910206509661,100,0.2393026351928711,991.87,inf,152.681097433304
PER_DQN,0,148,-574.7485970594946,98,0.24029326438903809,992.11,inf,153.85271447853424
PER_DQN,0,149,-256.4249833428056,67,0.15693259239196777,994.99,inf,152.99450724001687
PER_DQN,0,150,-238.47027173324366,54,0.12391042709350586,995.29,inf,153.15615310446708
PER_DQN,0,151,-417.1814804837724,99,0.23132991790771484,984.22,inf,150.9318465001939
PER_DQN,0,152,-341.6720781810272,105,0.2548515796661377,983.5,inf,146.9215014115469
PER_DQN,0,153,-335.3639506688529,73,0.176422119140625,993.49,inf,145.5697929048522
PER_DQN,0,154,-556.3105819373415,101,0.23820066452026367,992.02,inf,146.74926871697875
PER_DQN,0,155,-500.8431209254467,96,0.22974920272827148,990.97,inf,145.83971753906323
PER_DQN,0,156,-75.87276716272613,87,0.21963977813720703,989.3199999999999,inf,152.32288235241916
PER_DQN,0,157,-467.6975320781253,82,0.2064228057861328,991.69,inf,152.7679646602291
PER_DQN,0,158,-282.36770275190906,109,0.272200345993042,986.89,inf,152.55103286491953
PER_DQN,0,159,-260.7198110770644,127,0.3163902759552002,985.51,inf,152.82960918642578
PER_DQN,0,160,-126.43486612725836,64,0.18474531173706055,995.44,inf,150.73524472953034
PER_DQN,0,161,-443.5373906454053,106,0.27738332748413086,987.04,inf,150.8057991846409
PER_DQN,0,162,-456.50389221704563,148,0.3682365417480469,980.35,inf,149.81368382344277
PER_DQN,0,163,-189.74900272359582,90,0.21763873100280762,990.7,inf,149.5592869684606
PER_DQN,0,164,-269.6107377119191,53,0.13054108619689941,996.3100000000001,inf,148.84120738169065
PER_DQN,0,165,-385.27572991027506,112,0.2771899700164795,985.63,inf,147.71325060486396
PER_DQN,0,166,-319.17732597071125,114,0.28423595428466797,987.31,inf,146.46375492341915
PER_DQN,0,167,-481.09463542253496,105,0.25927138328552246,979.15,inf,146.7305175958756
PER_DQN,0,168,-206.31756501278977,79,0.19536542892456055,995.92,inf,147.9267087494718
PER_DQN,0,169,-536.3562587742103,106,0.2737612724304199,991.51,inf,145.39959495515947
PER_DQN,0,170,-182.4514691254366,70,0.1806950569152832,995.47,inf,147.51111435467072
PER_DQN,0,171,-450.67510262896116,112,0.28845667839050293,987.13,inf,145.4627657158622
PER_DQN,0,172,-565.3265301817494,91,0.23408722877502441,979.63,inf,146.27661084570627
PER_DQN,0,173,-313.74922832184484,71,0.1771695613861084,993.22,inf,135.56958294068542
PER_DQN,0,174,-200.1286350793415,101,0.2537965774536133,992.38,inf,136.36455836628255
PER_DQN,0,175,-452.4211984058605,112,0.2898874282836914,991.48,inf,134.43758970310938
PER_DQN,0,176,-464.0787374653257,108,0.2765364646911621,993.55,inf,134.52486563729946
PER_DQN,0,177,-217.647578426414,59,0.14372777938842773,995.08,inf,135.6124400022599
PER_DQN,0,178,-303.9309306419914,72,0.18903589248657227,995.71,inf,135.6479661397562
PER_DQN,0,179,-163.61258027227066,62,0.1625814437866211,996.43,inf,137.59657329214554
PER_DQN,0,180,-390.78791547402994,67,0.16637587547302246,995.35,inf,136.04940897343675
PER_DQN,0,181,-293.59033260528133,68,0.16945242881774902,995.29,inf,134.00911582043577
PER_DQN,0,182,-441.56384940327604,82,0.20107769966125488,994.36,inf,133.87565292423997
PER_DQN,0,183,-378.010358236808,76,0.19330310821533203,994.69,inf,129.00882500362255
PER_DQN,0,184,-345.8411644546733,62,0.15961217880249023,996.91,inf,126.51992500818656
PER_DQN,0,185,-335.9114483611885,65,0.1614072322845459,997.93,inf,125.02349162824166
PER_DQN,0,186,-415.0472684994951,81,0.2024834156036377,995.65,inf,123.67345278914304
PER_DQN,0,187,-401.2084004190511,63,0.16180086135864258,993.76,inf,123.26540869837795
PER_DQN,0,188,-200.3287844982703,66,0.16954350471496582,993.34,inf,122.92509684237248
PER_DQN,0,189,-371.04502428375656,98,0.2518908977508545,992.77,inf,121.96116089950337
PER_DQN,0,190,-187.9271366681238,52,0.1315441131591797,998.11,inf,122.87337252256287
PER_DQN,0,191,-448.78016682855093,94,0.23920059204101562,989.17,inf,123.64821245070429
PER_DQN,0,192,-654.982995445368,127,0.33954858779907227,988.36,inf,130.26318573354706
PER_DQN,0,193,-301.6797773730236,66,0.1730666160583496,998.47,inf,130.5054122617989
PER_DQN,0,194,-362.9668294380304,61,0.16171836853027344,996.61,inf,130.34635503316173
PER_DQN,0,195,-323.11887292652517,77,0.19916558265686035,994.24,inf,130.44007752778265
PER_DQN,0,196,-269.0624705443156,65,0.16218304634094238,996.1,inf,130.19814265708007
PER_DQN,0,197,-372.3327384950664,69,0.17498040199279785,997.3,inf,125.6815847297241
PER_DQN,0,198,-523.4674627253348,66,0.17084074020385742,993.22,inf,124.04683635184205
PER_DQN,0,199,-533.0568613581504,89,0.22916746139526367,994.51,inf,125.92379259453658
PER_DQN,0,200,-256.6154366477515,60,0.15286827087402344,998.44,inf,125.61289729967504
PER_DQN,0,201,-299.69909822048885,105,0.36409926414489746,988.36,inf,125.53531227245853
PER_DQN,0,202,-474.2503780772688,81,0.2757120132446289,994.72,inf,126.6606460526011
PER_DQN,0,203,-216.5215344378073,56,0.20024442672729492,995.74,inf,128.12785502785505
PER_DQN,0,204,-259.50015466963043,107,0.38128232955932617,987.19,inf,125.43653345824266
PER_DQN,0,205,-441.9124801423312,72,0.24993300437927246,996.94,inf,124.26112333928229
PER_DQN,0,206,-484.57054476332104,178,0.6268095970153809,973.42,inf,119.55799804033306
PER_DQN,0,207,-478.25849237951826,175,0.6237664222717285,973.42,inf,119.76702322063531
PER_DQN,0,208,-462.5721053216853,92,0.3223233222961426,995.32,inf,120.24765190220837
PER_DQN,0,209,-242.5182181947878,139,0.4885718822479248,985.24,inf,120.56953454573355
PER_DQN,0,210,-487.89999019853616,85,0.2927670478820801,994.78,inf,117.26537243103189
PER_DQN,0,211,-75.8278344630735,87,0.3113417625427246,989.65,inf,123.48317603583548
PER_DQN,0,212,-335.78537269986145,65,0.22808146476745605,996.04,inf,122.70700536823452
PER_DQN,0,213,-423.3513513373078,82,0.2875652313232422,993.28,inf,120.74374449222782
PER_DQN,0,214,-252.7058182547741,155,0.7506694793701172,981.64,inf,121.0198287779217
PER_DQN,0,215,-292.27811419426973,122,0.45589303970336914,986.02,inf,121.32669569038283
PER_DQN,0,216,-326.7057414527205,140,0.5006000995635986,987.13,inf,121.28328633446772
PER_DQN,0,217,-522.4350043006159,73,0.26036810874938965,995.14,inf,122.25670121111465
PER_DQN,0,218,-270.3090566221098,54,0.19509029388427734,996.82,inf,120.98188488632968
PER_DQN,0,219,-78.93224915060532,86,0.31411051750183105,991.39,inf,124.54971324351929
PER_DQN,0,220,-340.1668658706474,94,0.34444475173950195,994.72,inf,122.21778458427177
PER_DQN,0,221,-227.94438161163208,151,0.5531752109527588,978.52,inf,122.67489643847297
PER_DQN,0,222,-598.1914508871907,88,0.3181335926055908,994.54,inf,123.91057845887036
PER_DQN,0,223,-235.43354527446064,73,0.264801025390625,991.9,inf,124.85415260286891
PER_DQN,0,224,-485.7266634695393,80,0.2919425964355469,992.26,inf,124.45703103076227
PER_DQN,0,225,-442.27150055157455,73,0.26363396644592285,995.05,inf,124.30525602299551
PER_DQN,0,226,-370.95279639825753,63,0.22481989860534668,994.48,inf,123.33957245642708
PER_DQN,0,227,-455.34500667243617,83,0.2969036102294922,994.9,inf,122.63353684338908
PER_DQN,0,228,-507.22517833515025,82,0.3006775379180908,992.71,inf,124.16259781342431
PER_DQN,0,229,-376.6887087954362,61,0.22412562370300293,996.67,inf,120.92201351498723
PER_DQN,0,230,-358.8798821832235,74,0.26739954948425293,995.8,inf,120.87088061339536
PER_DQN,0,231,-449.59075396454216,70,0.2571604251861572,996.16,inf,121.00509947461353
PER_DQN,0,232,-470.0689798065698,83,0.30906009674072266,993.55,inf,121.41703820992142
PER_DQN,0,233,-374.10846615389045,102,0.37699222564697266,989.83,inf,121.41216600633824
PER_DQN,0,234,-369.6179261485306,71,0.26224231719970703,993.76,inf,121.36927746683487
PER_DQN,0,235,-271.3873710628427,92,0.3442704677581787,991.96,inf,122.05443728157069
PER_DQN,0,236,-296.7668235446756,65,0.24115204811096191,996.01,inf,122.25845596059538
PER_DQN,0,237,-338.07472504239087,60,0.2249314785003662,997.93,inf,122.20666663153786
PER_DQN,0,238,-489.26630793611565,83,0.31501030921936035,993.82,inf,121.15766678833572
PER_DQN,0,239,-512.0914278462469,177,0.6860032081604004,973.6299999999999,inf,122.78544959926334
PER_DQN,0,240,-218.1032558025533,77,0.2828691005706787,992.86,inf,121.94757158760272
PER_DQN,0,241,-279.0666010883044,159,0.6139264106750488,981.0699999999999,inf,122.1583551332171
PER_DQN,0,242,-432.91593799190315,77,0.2945706844329834,995.38,inf,115.56848433152223
PER_DQN,0,243,-436.7231756613172,86,0.33017945289611816,995.44,inf,115.6265839425382
PER_DQN,0,244,-199.48699483261385,58,0.22179484367370605,996.3100000000001,inf,118.01130989579487
PER_DQN,0,245,-499.0283881018659,83,0.3194911479949951,993.58,inf,119.33114069690671
PER_DQN,0,246,-353.58501023394876,58,0.2156236171722412,995.47,inf,118.50901072632976
PER_DQN,0,247,-365.48077641893343,61,0.23671603202819824,995.74,inf,118.51020062335931
PER_DQN,0,248,-370.28223590899,56,0.22040891647338867,995.62,inf,116.46211515758418
PER_DQN,0,249,-360.55877151590096,59,0.22878193855285645,998.32,inf,114.0153438466656
PER_DQN,0,250,-319.20240627354156,77,0.3053591251373291,991.75,inf,113.17710759975007
PER_DQN,0,251,-564.8333906454673,83,0.3233034610748291,995.02,inf,116.18308177752522
PER_DQN,0,252,-427.72851403837865,87,0.3389155864715576,990.25,inf,115.52818003788501
PER_DQN,0,253,-395.210911208105,65,0.24382519721984863,997.63,inf,113.50284298122216
PER_DQN,0,254,-252.63364524978746,84,0.31606626510620117,996.13,inf,113.64361033095412
PER_DQN,0,255,-178.0429421582534,80,0.3052642345428467,992.14,inf,116.38737451404418
PER_DQN,0,256,-260.56353235320836,87,0.33769798278808594,989.92,inf,116.09173668186303
PER_DQN,0,257,-290.49445101989136,64,0.24845600128173828,995.23,inf,115.32588584092677
PER_DQN,0,258,-425.277666245138,96,0.36368632316589355,992.71,inf,114.77224047998367
PER_DQN,0,259,-332.43331377915365,57,0.2176833152770996,996.49,inf,113.6451799781216
PER_DQN,0,260,-594.589562411238,82,0.31542444229125977,994.18,inf,116.98012174932472
PER_DQN,0,261,-515.7371245126433,84,0.3267636299133301,995.65,inf,111.53570959011489
PER_DQN,0,262,-472.7763800611575,92,0.3620586395263672,991.99,inf,112.31964206223948
PER_DQN,0,263,-486.773937003038,82,0.3304629325866699,993.4,inf,113.22849196210197
PER_DQN,0,264,-304.47647806465216,54,0.21106362342834473,995.77,inf,112.33963275013797
PER_DQN,0,265,-256.49294837844855,107,0.41121411323547363,990.01,inf,112.98243783904269
PER_DQN,0,266,-421.9231668075642,70,0.2726907730102539,998.26,inf,112.95122932622375
PER_DQN,0,267,-227.39942947953767,99,0.3928663730621338,988.1800000000001,inf,112.91206037238437
PER_DQN,0,268,-557.5145216780718,87,0.34007811546325684,994.27,inf,114.92007277255748
PER_DQN,0,269,-449.6926641391982,108,0.43921494483947754,991.84,inf,107.14946615190202
PER_DQN,0,270,-415.99770773112107,92,0.3752262592315674,992.74,inf,107.0495961488915
PER_DQN,0,271,-197.16551894879137,82,0.3280770778656006,991.57,inf,108.04000745948164
PER_DQN,0,272,-322.58844203518686,56,0.22051191329956055,995.68,inf,103.99140641745461
PER_DQN,0,273,-262.88670683540806,122,0.49259305000305176,987.88,inf,103.29806339900995
PER_DQN,0,274,-322.15484074150334,57,0.2259974479675293,996.64,inf,102.49490020271814
PER_DQN,0,275,-572.8565390576143,107,0.4352447986602783,986.74,inf,105.73621200878756
PER_DQN,0,276,-381.7261223613557,53,0.20920610427856445,996.07,inf,105.72923623583733
PER_DQN,0,277,-279.8205408408842,60,0.23620176315307617,997.27,inf,106.07835971006102
PER_DQN,0,278,-455.3011794401969,73,0.2959728240966797,996.37,inf,105.04122946124166
PER_DQN,0,279,-339.51223378988607,64,0.25788450241088867,997.48,inf,105.16042745012955
PER_DQN,0,280,-265.0148925056827,149,0.6034317016601562,981.25,inf,106.25602766748561
PER_DQN,0,281,-331.2611171967461,100,0.41249895095825195,995.05,inf,105.83404433745592
PER_DQN,0,282,-413.1297643406253,65,0.2623317241668701,997.99,inf,105.05825124176923
PER_DQN,0,283,-233.63586843742777,75,0.31452059745788574,996.1,inf,106.75385996004867
PER_DQN,0,284,-474.51962066067387,85,0.3545510768890381,992.35,inf,107.82223744879649
PER_DQN,0,285,-462.50733700746287,113,0.44803857803344727,992.35,inf,107.6999487525471
PER_DQN,0,286,-264.11824287875004,130,0.5373754501342773,986.5,inf,108.25350439768565
PER_DQN,0,287,-346.9887278636778,116,0.4702467918395996,988.48,inf,108.20538754694424
PER_DQN,0,288,-579.6784765462596,101,0.4137535095214844,993.97,inf,110.87526798461398
PER_DQN,0,289,-256.0468539781919,58,0.23625516891479492,995.8,inf,110.27368285977236
PER_DQN,0,290,-333.3097508963069,63,0.2530977725982666,997.09,inf,108.29253457831584
PER_DQN,0,291,-275.13918234737605,59,0.23940491676330566,998.05,inf,108.36046320204149
PER_DQN,0,292,-374.2499002623715,73,0.30726075172424316,996.97,inf,107.99793042056436
PER_DQN,0,293,-354.0286051912649,74,0.29633474349975586,998.41,inf,107.5893153206053
PER_DQN,0,294,-493.57284979081936,73,0.29976940155029297,994.15,inf,106.25101867033355
PER_DQN,0,295,-226.58356736476532,55,0.22768521308898926,994.54,inf,106.67420818155104
PER_DQN,0,296,-309.741475165529,49,0.20092391967773438,996.7,inf,106.97175709935652
PER_DQN,0,297,-320.7740176849476,70,0.28933119773864746,993.61,inf,107.17133027063201
PER_DQN,0,298,-449.9950287352812,58,0.23557424545288086,997.72,inf,107.8055791732718
PER_DQN,0,299,-319.6446087341622,115,0.4909937381744385,992.05,inf,108.01534258974455
PER_DQN,0,300,-249.0109321305978,67,0.2809889316558838,994.45,inf,109.08288699368539
PER_DQN,0,301,-398.030464700014,66,0.2552940845489502,995.5,inf,105.43929713995907
PER_DQN,0,302,-341.9557139965443,82,0.24768829345703125,994.12,inf,105.0630452537105
PER_DQN,0,303,-435.84743984337587,71,0.21955180168151855,994.57,inf,105.48166293487743
PER_DQN,0,304,-313.96453093680753,64,0.2011418342590332,998.23,inf,104.55864624389882
PER_DQN,0,305,-279.60867959996204,82,0.25207090377807617,992.35,inf,101.89961882623837
PER_DQN,0,306,-506.6988356863605,81,0.24470901489257812,997.42,inf,102.67922787649549
PER_DQN,0,307,-303.6035636766086,220,0.6986408233642578,970.18,inf,102.4927232291818
PER_DQN,0,308,-305.5458574191996,66,0.20230960845947266,998.02,inf,102.57553982007333
PER_DQN,0,309,-281.1929878939865,70,0.21755766868591309,993.85,inf,103.17756361296858
PER_DQN,0,310,-322.00219495484316,79,0.256972074508667,993.97,inf,98.0691702195001
PER_DQN,0,311,-556.414475903434,71,0.22599124908447266,996.37,inf,99.50529165291867
PER_DQN,0,312,-276.8355873407222,67,0.20201826095581055,996.94,inf,98.92593958177069
PER_DQN,0,313,-628.2802438020527,74,0.2318739891052246,997.03,inf,104.43511950718258
PER_DQN,0,314,-695.4869230716347,232,0.7583224773406982,976.4799999999999,inf,114.10141371042488
PER_DQN,0,315,-504.48887113260156,81,0.26661252975463867,991.72,inf,114.49985103799335
PER_DQN,0,316,-425.795975974736,92,0.3028895854949951,996.67,inf,114.53369132653172
PER_DQN,0,317,-406.18480642313074,148,0.4744255542755127,986.14,inf,112.68104959874114
PER_DQN,0,318,-369.63310343974007,95,0.29950666427612305,993.52,inf,109.70686958326583
PER_DQN,0,319,-317.6026750910854,119,0.3801734447479248,987.85,inf,109.43480514947626
PER_DQN,0,320,-285.8448991348926,92,0.2950136661529541,991.39,inf,109.88154886106936
PER_DQN,0,321,-414.6838601237305,71,0.22488832473754883,996.85,inf,107.28981018273176
PER_DQN,0,322,-346.1037960007873,76,0.24346923828125,993.88,inf,107.12012573827164
PER_DQN,0,323,-511.9955023894188,79,0.2516977787017822,996.4300000000001,inf,107.66244421100862
PER_DQN,0,324,-289.0857792535396,69,0.2234485149383545,995.89,inf,108.10562579767675
PER_DQN,0,325,-336.9162576195139,73,0.22519707679748535,994.33,inf,104.57046283842823
PER_DQN,0,326,-232.19313013335992,55,0.17344355583190918,994.24,inf,106.39653416822215
PER_DQN,0,327,-366.163084259589,59,0.18526792526245117,997.42,inf,105.61880325757208
PER_DQN,0,328,-350.38372847273695,142,0.44938087463378906,981.97,inf,104.97526834676985
PER_DQN,0,329,-314.5730753945503,85,0.2706937789916992,994.48,inf,105.17562606639014
PER_DQN,0,330,-353.1809402618493,127,0.4159243106842041,986.6800000000001,inf,104.15154873073044
PER_DQN,0,331,-319.0443103050671,88,0.2800426483154297,997.6,inf,104.25821164572213
PER_DQN,0,332,-387.43178133494183,82,0.2608342170715332,995.47,inf,104.11013014459523
PER_DQN,0,333,-250.84378896494556,121,0.38472676277160645,991.24,inf,103.68633902003299
PER_DQN,0,334,-243.57932202487896,83,0.2703886032104492,991.33,inf,104.08610973878008
PER_DQN,0,335,-287.0919267128804,84,0.2892763614654541,997.36,inf,103.72070149618722
PER_DQN,0,336,-279.4180167685821,114,0.3836967945098877,988.03,inf,103.4530447803308
PER_DQN,0,337,-244.85824515676592,58,0.19588422775268555,996.67,inf,104.73996368471965
PER_DQN,0,338,-268.3978661552178,65,0.21592330932617188,997.21,inf,100.69959913067107
PER_DQN,0,339,-369.9112330832423,62,0.20371580123901367,998.02,inf,99.73565376341587
PER_DQN,0,340,-274.8624282235527,85,0.27959132194519043,989.41,inf,100.34172730709345
PER_DQN,0,341,-426.2519782273044,64,0.20450258255004883,998.11,inf,100.15526204727806
PER_DQN,0,342,-321.6767779375714,78,0.2547733783721924,995.83,inf,100.25916997865224
PER_DQN,0,343,-81.62797719225068,106,0.3448338508605957,989.62,inf,107.43531467127592
PER_DQN,0,344,-254.91290356900754,71,0.2297203540802002,995.26,inf,106.33059736257256
PER_DQN,0,345,-282.7557116948733,63,0.20784807205200195,997.51,inf,105.34329796659419
PER_DQN,0,346,-275.1338449935461,72,0.24175453186035156,994.96,inf,105.70705911045582
PER_DQN,0,347,-8.767915910228766,165,0.5598537921905518,982.24,inf,115.82821366705852
PER_DQN,0,348,-359.62079875482016,75,0.25061464309692383,998.38,inf,114.81884017997956
PER_DQN,0,349,-311.3826192063414,51,0.16863203048706055,996.16,inf,114.8532397799616
PER_DQN,0,350,-450.58414201590176,85,0.28163766860961914,995.83,inf,115.14926023806433
PER_DQN,0,351,-493.3172900844038,78,0.265880823135376,998.41,inf,116.81460755249226
PER_DQN,0,352,-303.5956172280735,145,0.4951503276824951,983.74,inf,116.9597649530026
PER_DQN,0,353,-349.25611394483036,74,0.25391530990600586,996.58,inf,116.23329492288929
PER_DQN,0,354,-286.5866279299761,58,0.19533705711364746,998.17,inf,116.43204720909245
PER_DQN,0,355,-334.42371645693504,67,0.22702479362487793,998.32,inf,116.09484889137507
PER_DQN,0,356,-436.078163855219,76,0.24745655059814453,998.53,inf,114.51751085531511
PER_DQN,0,357,-433.28745232606843,116,0.4176452159881592,991.12,inf,115.08766925770492
PER_DQN,0,358,-461.88838958803115,88,0.2987940311431885,995.11,inf,116.1060325050046
PER_DQN,0,359,-317.1786414848724,55,0.19063663482666016,996.73,inf,115.8030969390756
PER_DQN,0,360,-445.085935264552,86,0.2887601852416992,994.81,inf,116.52278244644515
PER_DQN,0,361,-469.49995717427765,80,0.26920628547668457,994.15,inf,114.06503876666378
PER_DQN,0,362,-356.36590045261096,75,0.24881792068481445,996.3100000000001,inf,113.60014693692223
PER_DQN,0,363,-294.56964689731285,189,0.6508991718292236,977.4699999999999,inf,106.68643155681916
PER_DQN,0,364,-204.6469616656242,61,0.21218466758728027,992.59,inf,95.93223473302096
PER_DQN,0,365,-247.9814145114738,59,0.20083904266357422,997.66,inf,93.5153911828897
PER_DQN,0,366,-354.69546181026305,166,0.5870954990386963,979.54,inf,92.56916611201105
PER_DQN,0,367,-434.25027677383366,71,0.23453879356384277,998.05,inf,93.12724465498722
PER_DQN,0,368,-338.5669812921457,80,0.27265095710754395,994.72,inf,92.9521045460345
PER_DQN,0,369,-299.7647182216345,76,0.2535233497619629,997.18,inf,93.02385317665812
PER_DQN,0,370,-208.62342605168402,68,0.23943257331848145,993.91,inf,94.32960704679265
PER_DQN,0,371,-586.7321076926166,86,0.2996222972869873,994.03,inf,100.45341878263528
PER_DQN,0,372,-322.29798013566983,58,0.2048788070678711,998.5,inf,100.42812436103463
PER_DQN,0,373,-267.11358086426264,58,0.20070838928222656,998.23,inf,97.28831782302808
PER_DQN,0,374,-366.5068923158728,93,0.32768797874450684,996.97,inf,97.34071456305394
PER_DQN,0,375,-235.39951413400865,141,0.5033602714538574,985.6,inf,98.13228037919082
PER_DQN,0,376,-375.19828755376767,83,0.2828054428100586,995.2,inf,97.51884773492948
PER_DQN,0,377,-370.3274392752412,78,0.27216172218322754,995.47,inf,97.55479394950889
PER_DQN,0,378,-294.1846618272135,61,0.21370649337768555,993.61,inf,97.59331910019488
PER_DQN,0,379,-440.46900809831465,87,0.3063657283782959,995.53,inf,98.9053485750569
PER_DQN,0,380,-287.0487059197194,76,0.2603776454925537,995.95,inf,98.99635414665325
PER_DQN,0,381,-356.15931120234234,60,0.20742368698120117,996.79,inf,99.07856666800554
PER_DQN,0,382,-240.7296738715999,64,0.2159442901611328,995.77,inf,99.41725067475203
PER_DQN,0,383,-339.7341388978516,74,0.25197601318359375,996.4,inf,98.8852585396147
PER_DQN,0,384,-240.3174487544552,66,0.22205090522766113,994.72,inf,98.94057252177133
PER_DQN,0,385,-351.0200985027157,67,0.22708773612976074,998.44,inf,98.84533944999048
PER_DQN,0,386,-257.2803143255951,64,0.22215747833251953,995.8,inf,99.1069884147185
PER_DQN,0,387,-375.3134027520708,192,0.6858775615692139,973.93,inf,98.63628482206997
PER_DQN,0,388,-310.9885541307238,67,0.2434251308441162,997.3,inf,98.29058537163381
PER_DQN,0,389,-286.936148841846,79,0.2756352424621582,998.2,inf,98.30453027737286
PER_DQN,0,390,-365.98408354216576,82,0.29305577278137207,994.87,inf,98.13925087605539
PER_DQN,0,391,-271.4100517562639,55,0.19559597969055176,996.61,inf,97.50174417028303
PER_DQN,0,392,-263.90729515231044,70,0.2533693313598633,997.78,inf,97.90116723657117
PER_DQN,0,393,-339.6630216437011,80,0.2856462001800537,996.46,inf,91.47397045651009
PER_DQN,0,394,-480.0298950245594,166,0.5757672786712646,981.97,inf,93.13576727294992
PER_DQN,0,395,-358.45093407973,82,0.2881283760070801,994.6899999999999,inf,92.8784750461899
PER_DQN,0,396,-373.9761058191393,58,0.20492887496948242,995.44,inf,92.58854577112032
PER_DQN,0,397,-234.8962674292164,62,0.21734237670898438,994.21,inf,81.15768864367102
PER_DQN,0,398,-295.787928013478,167,0.6077423095703125,980.86,inf,81.3983841422995
PER_DQN,0,399,-307.5075577076369,203,0.7429115772247314,973.5999999999999,inf,81.42970866346158
PER_DQN,0,400,-347.4576766525407,77,0.2799069881439209,996.7,inf,79.95384464537878
PER_DQN,0,401,-299.72056978795035,56,0.21041417121887207,994.57,inf,77.08362185178572
PER_DQN,0,402,-227.98033105651947,77,0.27903103828430176,994.6,inf,78.44172824476146
PER_DQN,0,403,-370.943505588332,77,0.27612853050231934,997.33,inf,78.57994134472897
PER_DQN,0,404,-263.39219478884365,64,0.22817754745483398,992.68,inf,78.93380871238321
PER_DQN,0,405,-390.7354937218876,91,0.3289775848388672,995.98,inf,79.32068263231331
PER_DQN,0,406,-233.9629658900823,141,0.5282890796661377,982.57,inf,79.26562268254928
PER_DQN,0,407,-226.64101352257376,78,0.29510045051574707,995.47,inf,79.25981763907966
PER_DQN,0,408,-324.112954334768,89,0.32710838317871094,995.77,inf,76.90987636228074
PER_DQN,0,409,-382.4031156777834,85,0.3023717403411865,995.11,inf,77.31769252678772
PER_DQN,0,410,-323.6668000899989,82,0.2944979667663574,995.17,inf,75.43366131603034
PER_DQN,0,411,-240.7397009594232,71,0.2578160762786865,996.73,inf,73.37366619920402
PER_DQN,0,412,-355.41681932625266,58,0.21141314506530762,993.94,inf,73.36420525591751
PER_DQN,0,413,-330.58974169233426,73,0.25504279136657715,997.66,inf,73.29451875454184
PER_DQN,0,414,-312.5302485227635,64,0.22813987731933594,998.02,inf,71.43022431098626
PER_DQN,0,415,-1526.3229966139272,252,0.92254638671875,953.3800000000001,inf,182.58464994071593
PER_DQN,0,416,-233.93943136326584,63,0.22673511505126953,998.11,inf,183.27425114608593
PER_DQN,0,417,-225.8261466423088,73,0.26454877853393555,993.52,inf,183.57469124925547
PER_DQN,0,418,-191.61635020661197,163,0.6058883666992188,979.48,inf,184.76537609799965
PER_DQN,0,419,-226.48825898453285,80,0.29703640937805176,995.89,inf,185.35437477242837
PER_DQN,0,420,-265.4509366144182,81,0.3046116828918457,998.02,inf,184.7383303243605
PER_DQN,0,421,-262.60644986657815,67,0.24281787872314453,992.14,inf,181.55258606917246
PER_DQN,0,422,-186.28743500591636,96,0.34619736671447754,996.07,inf,182.68433640591715
PER_DQN,0,423,-226.52550895716774,67,0.24316835403442383,996.4,inf,183.04602746502522
PER_DQN,0,424,-327.57265602826783,89,0.3202097415924072,997.6,inf,182.9628955411334
PER_DQN,0,425,-246.5650389234594,81,0.29123497009277344,998.32,inf,182.85760442400885
PER_DQN,0,426,-358.67790133689294,87,0.32371950149536133,996.94,inf,182.78573479503856
PER_DQN,0,427,-402.94338044399507,99,0.36823439598083496,995.23,inf,182.99725201951566
PER_DQN,0,428,-272.75606861446386,86,0.32207798957824707,995.44,inf,183.1002072698163
PER_DQN,0,429,-181.4576744561474,77,0.2875199317932129,987.52,inf,183.48672242865035
PER_DQN,0,430,-327.9466031714295,96,0.3646562099456787,996.85,inf,183.4200174759471
PER_DQN,0,431,-298.6237167507813,71,0.26807665824890137,997.48,inf,183.3880222007612
PER_DQN,0,432,-144.46289258496552,65,0.24745845794677734,990.85,inf,184.72861137867244
PER_DQN,0,433,-352.6470258960478,66,0.2513704299926758,995.23,inf,184.7653343956368
PER_DQN,0,434,-266.81580966731383,68,0.24999165534973145,997.72,inf,184.57378027827076
PER_DQN,0,435,-267.21297277097915,79,0.29566001892089844,996.3100000000001,inf,184.67024171548945
PER_DQN,0,436,-232.01857813193672,61,0.22762513160705566,996.67,inf,184.87258927086714
PER_DQN,0,437,-347.711302730203,88,0.330096960067749,997.03,inf,184.7429777490267
PER_DQN,0,438,-176.5137991952321,81,0.30118799209594727,994.6,inf,185.79905928036536
PER_DQN,0,439,-262.74981230312335,83,0.3111238479614258,997.0600000000001,inf,185.90335665288717
PER_DQN,0,440,-271.4762146947088,71,0.280301570892334,994.66,inf,185.85248893312624
PER_DQN,0,441,-316.1906176183239,71,0.27225279808044434,994.36,inf,185.75883237028762
PER_DQN,0,442,-237.64829682196654,62,0.2529590129852295,996.28,inf,185.93583897631478
PER_DQN,0,443,-286.2598560113487,73,0.2737741470336914,996.4,inf,185.933872728856
PER_DQN,0,444,-296.56700243981186,61,0.2307724952697754,995.2,inf,184.38722515217762
PER_DQN,0,445,-267.82578701794034,60,0.22513747215270996,991.45,inf,184.3318868656549
PER_DQN,0,446,-297.56884307113614,87,0.3238966464996338,994.42,inf,184.08356789803028
PER_DQN,0,447,-331.62435099637,95,0.35919928550720215,997.45,inf,183.8439907060423
PER_DQN,0,448,-293.7725569077022,81,0.30228209495544434,996.25,inf,183.84666756627345
PER_DQN,0,449,-319.5840929596915,83,0.3149852752685547,995.47,inf,183.85514849146668
PER_DQN,0,450,-354.79600493014766,72,0.27307605743408203,995.17,inf,183.89014341067224
PER_DQN,0,451,-169.57894376472018,70,0.2653844356536865,991.42,inf,184.89808976540854
PER_DQN,0,452,-290.3674567745538,93,0.3661224842071533,995.32,inf,184.58602319612973
PER_DQN,0,453,-244.68950365648843,65,0.24846935272216797,994.84,inf,184.54393449075192
PER_DQN,0,454,-256.64829094346385,87,0.3371107578277588,988.63,inf,184.57564425215108
PER_DQN,0,455,-333.36346286343144,91,0.35648632049560547,997.42,inf,184.20675005697635
PER_DQN,0,456,-338.05999284285195,92,0.35933399200439453,985.42,inf,184.01196950149446
PER_DQN,0,457,-297.52941529289234,79,0.30580973625183105,997.6,inf,183.68113112945477
PER_DQN,0,458,-315.04164019285065,75,0.2874631881713867,995.35,inf,183.66732910819638
PER_DQN,0,459,-390.50795901290917,88,0.3350391387939453,995.14,inf,183.7386796278602
PER_DQN,0,460,-319.7321294648683,71,0.27132511138916016,995.71,inf,183.7317998086377
PER_DQN,0,461,-369.9892851939913,79,0.3061060905456543,995.5,inf,183.71034337315226
PER_DQN,0,462,-240.05877776526918,62,0.24043774604797363,993.85,inf,183.8269836649614
PER_DQN,0,463,-358.1747161785851,86,0.3363683223724365,996.34,inf,183.94168811354618
PER_DQN,0,464,-192.68611348157367,79,0.30675768852233887,993.0699999999999,inf,184.62608672019755
PER_DQN,0,465,-260.7426562196788,58,0.223372220993042,995.35,inf,60.02971563497517
PER_DQN,0,466,-325.67508492698994,79,0.29791975021362305,997.45,inf,60.034969477702965
PER_DQN,0,467,-219.028457068772,73,0.27855563163757324,994.45,inf,60.16630132633728
PER_DQN,0,468,-302.49611284408456,67,0.25656795501708984,995.29,inf,58.88213494488013
PER_DQN,0,469,-377.3985588643533,79,0.31224942207336426,989.5600000000001,inf,59.787571365996456
PER_DQN,0,470,-162.51756906599627,83,0.33084869384765625,994.81,inf,62.172324756452596
PER_DQN,0,471,-150.94942432610407,84,0.3260366916656494,993.46,inf,64.8343479236132
PER_DQN,0,472,-232.40522380580808,84,0.32541322708129883,990.25,inf,63.79495358108554
PER_DQN,0,473,-183.67855150907604,81,0.3177196979522705,991.63,inf,64.81775006115265
PER_DQN,0,474,-286.8698746626047,63,0.2526535987854004,990.82,inf,64.48783405451152
PER_DQN,0,475,-189.02096033262382,72,0.277205228805542,990.1,inf,65.58925918982564
PER_DQN,0,476,-220.60072757944235,81,0.33317089080810547,995.41,inf,65.10077060724106
PER_DQN,0,477,-349.2983569192845,70,0.27510643005371094,994.39,inf,63.43201986691371
PER_DQN,0,478,-142.58038464716196,55,0.23509907722473145,994.39,inf,66.11130705572823
PER_DQN,0,479,43.00373499054851,84,0.33461952209472656,991.12,inf,78.6150617392663
PER_DQN,0,480,-263.59666043661457,90,0.34606289863586426,995.59,inf,78.15729056809077
PER_DQN,0,481,-347.74352208534845,72,0.2838706970214844,996.07,inf,78.85113010613944
PER_DQN,0,482,-381.78402309951167,83,0.32555270195007324,993.7,inf,78.39962954715232
PER_DQN,0,483,-339.08563753685576,66,0.25481677055358887,994.33,inf,78.14658347691818
PER_DQN,0,484,-294.06451885285003,73,0.2799994945526123,995.95,inf,78.19861151077691
PER_DQN,0,485,-217.90781759664233,78,0.302731990814209,993.13,inf,78.5784696768072
PER_DQN,0,486,-382.54378310484293,83,0.3360440731048584,994.78,inf,79.8520787517058
PER_DQN,0,487,-210.7978074693785,79,0.3080418109893799,992.77,inf,79.66841741716594
PER_DQN,0,488,-210.9139087839399,85,0.3267512321472168,993.55,inf,78.98179618628679
PER_DQN,0,489,12.710857198502538,73,0.28204846382141113,992.47,inf,88.54801247402956
PER_DQN,0,490,-480.10139103224833,102,0.4023399353027344,989.6800000000001,inf,93.40889317081876
PER_DQN,0,491,-223.78045697290045,82,0.32657432556152344,988.75,inf,93.42822999165287
PER_DQN,0,492,-226.4053471597368,77,0.3125424385070801,997.45,inf,93.51940055526812
PER_DQN,0,493,-405.5275598445874,91,0.36710667610168457,997.0,inf,95.41039042528456
PER_DQN,0,494,-478.71864089598216,86,0.34741830825805664,993.67,inf,99.65440189169198
PER_DQN,0,495,-405.24647188576625,69,0.2697479724884033,993.61,inf,101.27719013070124
PER_DQN,0,496,29.85246515845816,93,0.36206722259521484,989.2,inf,110.04421193004082
PER_DQN,0,497,-355.5750078880019,89,0.35173559188842773,995.44,inf,110.35421575416605
PER_DQN,0,498,-313.91635111857215,89,0.3492732048034668,987.76,inf,110.46777479265704
PER_DQN,0,499,-284.05280897356874,89,0.3475353717803955,996.4,inf,110.27945561223218
PER_DQN,0,500,-383.65494779544207,69,0.2702648639678955,993.61,inf,110.78452778177943
PER_DQN,1,1,-154.02093702989532,135,0.12270689010620117,987.85,inf,0.0
PER_DQN,1,2,-111.92027491813596,135,0.19983816146850586,986.92,inf,21.05033105587968
PER_DQN,1,3,-82.37134213528711,67,0.09808039665222168,992.92,inf,29.40005598523641
PER_DQN,1,4,-90.31752377697084,138,0.22139978408813477,985.69,inf,27.801995372452513
PER_DQN,1,5,-116.13632866753514,80,0.12440705299377441,992.59,inf,25.001534999695586
PER_DQN,1,6,-237.28228016533896,91,0.1417396068572998,993.1,inf,52.320428964961806
PER_DQN,1,7,-257.02669690411085,83,0.12866759300231934,993.4,inf,65.27021100887043
PER_DQN,1,8,-32.32997387689127,67,0.10107994079589844,992.5,inf,72.37892833908583
PER_DQN,1,9,-311.09468231226595,107,0.1618802547454834,988.78,inf,87.82467518596323
PER_DQN,1,10,-325.0263192030402,76,0.11357831954956055,991.69,inf,97.7352023030227
PER_DQN,1,11,-53.574137583296036,66,0.10189270973205566,993.19,inf,99.1867863623118
PER_DQN,1,12,-174.9246203061467,93,0.1501932144165039,989.92,inf,95.041968122232
PER_DQN,1,13,-155.30550388391407,130,0.20079874992370605,986.86,inf,91.33168181005331
PER_DQN,1,14,-91.4904326249514,65,0.09737968444824219,995.41,inf,89.8446120078345
PER_DQN,1,15,-150.18421289695533,120,0.18737459182739258,986.68,inf,86.81303262158643
PER_DQN,1,16,-322.48131465831955,94,0.1484529972076416,992.44,inf,93.19630270733963
PER_DQN,1,17,-12.22876220091284,122,0.22487449645996094,984.85,inf,97.43638642547319
PER_DQN,1,18,1.622065922153709,93,0.17845368385314941,990.34,inf,101.46494244030933
PER_DQN,1,19,-310.3155036230621,105,0.20004963874816895,991.66,inf,105.14799088251127
PER_DQN,1,20,-188.70618610416085,85,0.16190361976623535,991.48,inf,102.71566105169983
PER_DQN,1,21,-115.68173633191557,125,0.23924899101257324,986.35,inf,100.65905680164875
PER_DQN,1,22,-39.30951445072412,78,0.14828705787658691,990.85,inf,101.33928848901124
PER_DQN,1,23,-465.23561609782803,115,0.222930908203125,990.46,inf,117.98337455867316
PER_DQN,1,24,-95.34739721676075,78,0.15039372444152832,992.71,inf,116.335199544103
PER_DQN,1,25,-334.93693128940794,83,0.15959858894348145,993.37,inf,118.90951000671645
PER_DQN,1,26,-35.63835382578455,76,0.14881491661071777,988.6,inf,119.38858516549006
PER_DQN,1,27,-83.24282633567525,110,0.2170579433441162,987.85,inf,118.14277517376594
PER_DQN,1,28,-136.4375996679109,92,0.18333101272583008,991.12,inf,116.10274289607942
PER_DQN,1,29,-163.3808033521912,138,0.27556824684143066,986.47,inf,114.08504539506377
PER_DQN,1,30,-165.8092637802079,107,0.21316838264465332,988.78,inf,112.1721145893685
PER_DQN,1,31,-93.46787548179073,79,0.15770816802978516,992.23,inf,110.97876070661168
PER_DQN,1,32,-40.9302294929069,136,0.2771589756011963,986.1700000000001,inf,111.11971470945639
PER_DQN,1,33,-82.66935209754236,150,0.3053700923919678,982.51,inf,110.11406237949805
PER_DQN,1,34,-68.94604137382106,115,0.2335503101348877,987.82,inf,109.3938436378913
PER_DQN,1,35,-81.38392515686901,133,0.26938652992248535,983.95,inf,108.42205899220173
PER_DQN,1,36,-196.2814959312331,99,0.20047831535339355,988.99,inf,107.20048381123463
PER_DQN,1,37,-188.93972734484038,98,0.20850157737731934,988.84,inf,105.93737671194162
PER_DQN,1,38,-91.11128008500013,85,0.1830904483795166,989.8,inf,104.96330107758621
PER_DQN,1,39,-189.08342252449285,144,0.30866432189941406,984.85,inf,103.80448144625089
PER_DQN,1,40,-140.67879688039025,83,0.17806577682495117,992.02,inf,102.50864627654494
PER_DQN,1,41,-78.57649318002814,148,0.3196728229522705,982.18,inf,101.84168927799905
PER_DQN,1,42,-73.84967275189638,126,0.2699425220489502,986.47,inf,101.25261069784735
PER_DQN,1,43,-235.26184775251352,137,0.3027615547180176,986.65,inf,100.96665265469248
PER_DQN,1,44,-192.8646615986534,123,0.2717289924621582,985.24,inf,100.03472064962884
PER_DQN,1,45,-267.02115999646844,109,0.24260687828063965,987.49,inf,100.43042734961377
PER_DQN,1,46,-114.88862324186303,135,0.30151987075805664,982.75,inf,99.47856848426245
PER_DQN,1,47,-176.48605234028219,110,0.2394239902496338,987.61,inf,98.48328065655238
PER_DQN,1,48,-204.64278279122493,123,0.28150153160095215,984.67,inf,97.74666270170539
PER_DQN,1,49,-89.01439358043625,135,0.3071620464324951,983.2,inf,97.16161362939901
PER_DQN,1,50,-121.90852998402667,115,0.2603588104248047,986.47,inf,96.27337541682027
PER_DQN,1,51,-59.55707415752136,96,0.2106015682220459,986.8,inf,97.11411292254995
PER_DQN,1,52,-151.65883078973278,146,0.32878923416137695,983.68,inf,96.9709416901911
PER_DQN,1,53,-83.34295235886603,143,0.3254120349884033,982.51,inf,96.9575503912966
PER_DQN,1,54,-163.908239880996,113,0.26067018508911133,986.62,inf,96.60304499097289
PER_DQN,1,55,-123.77628234473602,118,0.26711559295654297,985.51,inf,96.55355661402349
PER_DQN,1,56,-64.3442920860254,76,0.18060898780822754,989.68,inf,96.50947454448125
PER_DQN,1,57,-208.7944794122302,103,0.24165749549865723,985.3,inf,95.65065951604595
PER_DQN,1,58,-88.96620247692708,152,0.35053277015686035,978.2199999999999,inf,94.61707713352477
PER_DQN,1,59,-73.791435332832,184,0.4329078197479248,972.76,inf,92.23997357827513
PER_DQN,1,60,-37.23647457109958,138,0.32933712005615234,982.6899999999999,inf,89.66216164009964
PER_DQN,1,61,-78.60439030735742,136,0.31734800338745117,980.9499999999999,inf,89.26105323258973
PER_DQN,1,62,-328.63463672387,157,0.3816075325012207,976.66,inf,93.04580615855872
PER_DQN,1,63,-100.36353494203355,124,0.3032515048980713,983.2,inf,93.19579422441036
PER_DQN,1,64,-140.36507874704535,76,0.1767723560333252,993.25,inf,92.93787117895879
PER_DQN,1,65,-46.27869557317301,111,0.2685399055480957,986.53,inf,93.86572236952229
PER_DQN,1,66,-312.66038559286767,99,0.2363908290863037,990.25,inf,93.49088089276212
PER_DQN,1,67,-220.81786333038855,142,0.3417644500732422,987.94,inf,92.40194163437765
PER_DQN,1,68,-345.1070425672099,88,0.2097938060760498,993.85,inf,94.28923701972077
PER_DQN,1,69,-250.6579502549691,103,0.24799633026123047,979.99,inf,92.61312439420541
PER_DQN,1,70,-80.14749972384482,125,0.2960476875305176,988.0,inf,92.91971566588312
PER_DQN,1,71,-121.7726738745971,125,0.30174708366394043,984.49,inf,92.88329586006739
PER_DQN,1,72,-125.9744392886524,87,0.2053532600402832,991.84,inf,91.6663255438685
PER_DQN,1,73,-477.7062162117938,134,0.33092236518859863,986.89,inf,92.54112859706588
PER_DQN,1,74,-190.21799584256908,147,0.37310075759887695,983.05,inf,92.40342067470054
PER_DQN,1,75,-84.43696294091963,80,0.20941615104675293,990.94,inf,88.99250047060426
PER_DQN,1,76,-50.47011005059743,162,0.4253361225128174,977.86,inf,88.65009321226904
PER_DQN,1,77,-16.572930178932623,170,0.45024704933166504,979.06,inf,90.06995857560506
PER_DQN,1,78,-35.88637753262816,191,0.5074234008789062,973.3299999999999,inf,91.33878231380109
PER_DQN,1,79,-200.3021718621759,116,0.3001880645751953,991.48,inf,91.6542386081906
PER_DQN,1,80,-191.64482735689285,70,0.18078136444091797,996.25,inf,91.85328572293777
PER_DQN,1,81,-66.365758168314,93,0.24152803421020508,990.1,inf,92.22696845960196
PER_DQN,1,82,-55.937683853971585,122,0.3290891647338867,987.46,inf,91.91788151309221
PER_DQN,1,83,-18.516974335968328,80,0.21691226959228516,989.35,inf,93.19547880103707
PER_DQN,1,84,-42.45994697584457,87,0.2315540313720703,987.67,inf,93.6838592371006
PER_DQN,1,85,-63.175514712197874,119,0.3137385845184326,986.32,inf,93.95217257942024
PER_DQN,1,86,-117.69778781729418,126,0.335568904876709,985.51,inf,93.67483678900648
PER_DQN,1,87,-93.29121680458421,99,0.26590847969055176,986.44,inf,93.62535547933416
PER_DQN,1,88,28.630003820337834,111,0.29697704315185547,981.04,inf,96.2811019289165
PER_DQN,1,89,-286.0163832164377,114,0.29631590843200684,986.32,inf,98.29845166282128
PER_DQN,1,90,-193.76160589771064,96,0.2506704330444336,993.43,inf,98.61556640410267
PER_DQN,1,91,-416.4794814217741,105,0.27789878845214844,984.07,inf,105.61783956123831
PER_DQN,1,92,-516.5590771050945,106,0.27630090713500977,986.5,inf,117.19570490326089
PER_DQN,1,93,-504.98871590466973,120,0.3194546699523926,986.23,inf,126.64129084275636
PER_DQN,1,94,-259.98419611070847,61,0.1648235321044922,994.39,inf,127.34322792022928
PER_DQN,1,95,-189.47682283856057,97,0.2639496326446533,989.9200000000001,inf,126.5082753215707
PER_DQN,1,96,-419.7895032984897,99,0.2653932571411133,989.65,inf,131.47909610414197
PER_DQN,1,97,-107.11348236839754,79,0.21737909317016602,991.75,inf,131.71889630714097
PER_DQN,1,98,-427.50042910076513,83,0.22119140625,990.73,inf,136.7001932883032
PER_DQN,1,99,-438.10330585228576,94,0.2577552795410156,984.43,inf,141.30901135304399
PER_DQN,1,100,-288.18533858825356,89,0.2420978546142578,990.82,inf,141.96863653142168
PER_DQN,1,101,-343.4107932897711,69,0.15595173835754395,991.12,inf,142.76735282025723
PER_DQN,1,102,-323.71176599410296,76,0.16647863388061523,990.88,inf,144.00740139142314
PER_DQN,1,103,-435.49583369740856,64,0.14188408851623535,991.27,inf,147.3034348650986
PER_DQN,1,104,-414.9112934894568,71,0.16368579864501953,989.68,inf,150.4102034476429
PER_DQN,1,105,3.6123653535432823,76,0.1709434986114502,996.82,inf,152.7372283266781
PER_DQN,1,106,-151.99843617105597,64,0.14351201057434082,992.53,inf,151.70124256626193
PER_DQN,1,107,-532.5467864366979,98,0.22001194953918457,993.73,inf,158.72764592043288
PER_DQN,1,108,-458.67271373143103,75,0.16410160064697266,995.83,inf,161.71103239132123
PER_DQN,1,109,-486.485844236653,130,0.29450201988220215,988.6,inf,164.90229768849247
PER_DQN,1,110,-628.7463570571455,84,0.18903756141662598,994.75,inf,172.3357670498606
PER_DQN,1,111,-219.82704091271762,94,0.20977568626403809,992.71,inf,170.93449714389428
PER_DQN,1,112,-444.7169557125968,98,0.22246336936950684,994.48,inf,172.95625751172324
PER_DQN,1,113,-62.496139173398745,118,0.2566649913787842,993.97,inf,173.6392902599545
PER_DQN,1,114,-231.59375492404064,68,0.14983487129211426,994.03,inf,173.08910171882388
PER_DQN,1,115,-536.6045506215204,92,0.2020397186279297,990.58,inf,175.75238960303057
PER_DQN,1,116,-625.2500375972597,74,0.16912603378295898,991.21,inf,183.30400406001039
PER_DQN,1,117,-135.49479174549765,120,0.2766709327697754,985.1800000000001,inf,184.01217829092997
PER_DQN,1,118,-316.46425482228,136,0.3143301010131836,977.4399999999999,inf,183.77059051224225
PER_DQN,1,119,-545.4791875781112,100,0.23311328887939453,990.19,inf,188.27706244773958
PER_DQN,1,120,-99.17993306209797,74,0.17518091201782227,991.72,inf,187.93432591700443
PER_DQN,1,121,-258.15435872375735,262,0.6410927772521973,961.6,inf,186.90648174732132
PER_DQN,1,122,-129.09312889159403,88,0.20658135414123535,989.62,inf,186.86160827402804
PER_DQN,1,123,-73.63983656764756,76,0.17323970794677734,988.81,inf,186.09459189458747
PER_DQN,1,124,-81.66464274402774,88,0.19801616668701172,987.88,inf,187.45351609146164
PER_DQN,1,125,-158.25124851413128,104,0.23292064666748047,992.08,inf,186.41773622583548
PER_DQN,1,126,-122.47098407589989,100,0.22070956230163574,990.13,inf,185.1194238366463
PER_DQN,1,127,-309.37246221547036,131,0.2954721450805664,989.74,inf,182.10121123799527
PER_DQN,1,128,-541.8899477235918,95,0.20708274841308594,993.97,inf,183.39115712844918
PER_DQN,1,129,-56.833560698984016,147,0.33564162254333496,981.76,inf,185.57877782016905
PER_DQN,1,130,-309.27642981181623,120,0.2684307098388672,988.8100000000001,inf,185.34408810956845
PER_DQN,1,131,-114.16285095177864,109,0.24707746505737305,987.61,inf,184.41155011604897
PER_DQN,1,132,-560.5207201821463,123,0.27851271629333496,990.73,inf,186.1593230144329
PER_DQN,1,133,-93.42809854628754,94,0.21985912322998047,988.42,inf,184.33179508636997
PER_DQN,1,134,-368.71173719762663,136,0.3196744918823242,985.33,inf,181.46487807342876
PER_DQN,1,135,-68.44107112843346,87,0.19900035858154297,989.8,inf,181.33515317665507
PER_DQN,1,136,-69.94647286493965,74,0.16713881492614746,990.76,inf,182.35933086187117
PER_DQN,1,137,-123.28529473699334,80,0.1860370635986328,995.47,inf,181.7650225649319
PER_DQN,1,138,-555.1585451745723,136,0.3165438175201416,978.67,inf,179.7281014494076
PER_DQN,1,139,-19.811197171332537,116,0.2770400047302246,980.89,inf,183.9750173629098
PER_DQN,1,140,-289.16413282564287,115,0.27307558059692383,990.64,inf,183.40577438257222
PER_DQN,1,141,33.716274318294296,81,0.19510340690612793,991.0,inf,188.3149029627688
PER_DQN,1,142,-148.65005723979195,86,0.2019197940826416,992.26,inf,186.42720478120947
PER_DQN,1,143,-110.69081422396317,70,0.17035365104675293,992.08,inf,185.11438895735836
PER_DQN,1,144,-574.9948256648777,65,0.15609025955200195,990.31,inf,189.86480564387574
PER_DQN,1,145,-535.6622751065178,99,0.23100876808166504,990.19,inf,192.75419455748326
PER_DQN,1,146,-503.03942934541834,105,0.26903247833251953,991.3,inf,194.2547021226171
PER_DQN,1,147,-476.90280392463234,72,0.17169523239135742,991.51,inf,194.27186297171295
PER_DQN,1,148,-385.4947696864619,66,0.1558520793914795,994.81,inf,193.78838630680244
PER_DQN,1,149,-504.3934643288316,95,0.225830078125,990.91,inf,194.98993052178525
PER_DQN,1,150,-503.6474459065139,71,0.16367530822753906,992.71,inf,197.1442714601955
PER_DQN,1,151,-640.3863169068001,88,0.20579767227172852,988.6,inf,202.75491734991516
PER_DQN,1,152,-218.24659924597097,78,0.19546127319335938,990.58,inf,203.10786058687472
PER_DQN,1,153,-85.20297162291423,62,0.14810490608215332,995.02,inf,204.4838994267642
PER_DQN,1,154,-68.83353137849869,64,0.15677189826965332,995.26,inf,206.221138549108
PER_DQN,1,155,-560.2895719396647,87,0.2106320858001709,994.27,inf,205.27539676726582
PER_DQN,1,156,-500.6889851552807,119,0.2845432758331299,989.2,inf,206.0087776901872
PER_DQN,1,157,-233.45847745527075,100,0.2359006404876709,994.84,inf,203.7375500768674
PER_DQN,1,158,-529.3504905122304,71,0.16916680335998535,992.41,inf,205.0590124980916
PER_DQN,1,159,-81.72636029622355,95,0.2370743751525879,988.9,inf,205.6693301533226
PER_DQN,1,160,-467.78898009472834,119,0.29311466217041016,988.5699999999999,inf,201.649161921256
PER_DQN,1,161,6.715057032179459,132,0.3302440643310547,981.79,inf,205.73092035106393
PER_DQN,1,162,-25.698284486071984,114,0.28346967697143555,983.77,inf,207.6928631751387
PER_DQN,1,163,-233.11353673847094,105,0.26160430908203125,992.2,inf,205.49089675009776
PER_DQN,1,164,-61.95287137904705,80,0.2077481746673584,990.49,inf,207.6973374158146
PER_DQN,1,165,-213.29370412339665,72,0.185288667678833,994.15,inf,204.59981728039287
PER_DQN,1,166,-451.17841301177714,72,0.17946839332580566,994.81,inf,200.0051653355987
PER_DQN,1,167,-80.80879055893226,78,0.1983022689819336,992.17,inf,200.88248360804715
PER_DQN,1,168,-181.4849834002964,64,0.1589367389678955,997.69,inf,201.12510378404616
PER_DQN,1,169,-87.55952945290869,89,0.22872710227966309,992.41,inf,198.5859878661613
PER_DQN,1,170,-128.4301692297943,102,0.26136183738708496,991.63,inf,198.16422815288485
PER_DQN,1,171,-81.91642732004391,85,0.21486997604370117,988.69,inf,199.6760265759818
PER_DQN,1,172,-80.53114869964489,79,0.19778108596801758,992.02,inf,200.39604071399268
PER_DQN,1,173,-288.70385705582186,98,0.24352478981018066,987.4,inf,198.81004159932488
PER_DQN,1,174,-271.8541160022902,100,0.2552978992462158,993.37,inf,197.23367794974655
PER_DQN,1,175,-171.105372750804,80,0.2028343677520752,995.17,inf,197.10827888218827
PER_DQN,1,176,-359.5946771346359,97,0.2416074275970459,992.29,inf,196.57050040402922
PER_DQN,1,177,-332.5933161977601,207,0.5303783416748047,968.4099999999999,inf,196.70046123314933
PER_DQN,1,178,-222.5580961780476,92,0.2341020107269287,994.63,inf,192.7904024903729
PER_DQN,1,179,-460.928385782443,115,0.2893989086151123,989.83,inf,192.5822522593629
PER_DQN,1,180,-420.73261885938894,138,0.34565067291259766,983.8299999999999,inf,193.69031891494177
PER_DQN,1,181,-94.81070564500867,70,0.18164515495300293,995.83,inf,194.02061564012092
PER_DQN,1,182,-236.98802941675677,99,0.2520458698272705,991.57,inf,189.55828288840803
PER_DQN,1,183,-81.77476009716298,72,0.18507885932922363,991.42,inf,189.77398868629172
PER_DQN,1,184,-107.64667066724736,58,0.15141606330871582,998.26,inf,190.38471072040338
PER_DQN,1,185,-381.18845101089556,194,0.5285632610321045,970.3,inf,189.194480110301
PER_DQN,1,186,-485.5068950807845,79,0.20619487762451172,996.55,inf,189.6119857859264
PER_DQN,1,187,-420.1586942564434,78,0.20064067840576172,995.41,inf,189.49876720326074
PER_DQN,1,188,-137.71577317968848,107,0.27075719833374023,992.62,inf,186.28588970499345
PER_DQN,1,189,-132.0619259869853,81,0.21105670928955078,994.54,inf,183.91910678868868
PER_DQN,1,190,-440.9252677775476,78,0.2059004306793213,996.16,inf,185.42013188295678
PER_DQN,1,191,-253.5492181886279,104,0.27099132537841797,984.64,inf,180.13324365846677
PER_DQN,1,192,-33.59106331468064,74,0.1942455768585205,993.61,inf,182.52808137219967
PER_DQN,1,193,-568.3234633738562,100,0.26876378059387207,993.85,inf,185.3272095819173
PER_DQN,1,194,-410.804381308265,130,0.3404521942138672,984.64,inf,181.62762719143637
PER_DQN,1,195,4.515456878172486,116,0.3102095127105713,982.5699999999999,inf,182.43327337552282
PER_DQN,1,196,-38.841796902997075,82,0.21390914916992188,987.1,inf,182.33978949803355
PER_DQN,1,197,-175.83201503306884,97,0.25480008125305176,990.07,inf,180.18331312334584
PER_DQN,1,198,-130.4463744048399,110,0.29341840744018555,989.62,inf,180.12440878799393
PER_DQN,1,199,-344.7721988371874,160,0.4290800094604492,984.22,inf,177.03459953956047
PER_DQN,1,200,-26.05664499833179,83,0.23093318939208984,990.07,inf,175.9803917337955
PER_DQN,1,201,-130.35567572958428,117,0.3392198085784912,988.8100000000001,inf,167.06719593875044
PER_DQN,1,202,-202.12250102555166,124,0.3361632823944092,988.21,inf,167.10589126311953
PER_DQN,1,203,-91.4222256622096,105,0.2839071750640869,992.77,inf,167.00029286262054
PER_DQN,1,204,-191.20389273628984,153,0.42963719367980957,979.75,inf,165.50756770490673
PER_DQN,1,205,-244.59996034131035,63,0.1760549545288086,997.48,inf,158.7725411431917
PER_DQN,1,206,-533.5905860899959,112,0.3040440082550049,990.19,inf,159.97190565206677
PER_DQN,1,207,-131.38766178992628,93,0.2513315677642822,994.54,inf,160.52662117379157
PER_DQN,1,208,-154.0402047206287,68,0.1812152862548828,994.09,inf,154.78946633222486
PER_DQN,1,209,-106.05770100873265,65,0.17678213119506836,994.21,inf,154.39979854434046
PER_DQN,1,210,-91.6416124128076,65,0.18101048469543457,993.94,inf,151.17225051161955
PER_DQN,1,211,2.3233609882145743,62,0.16836309432983398,991.6,inf,151.04729864808274
PER_DQN,1,212,-529.4069587168494,81,0.22234821319580078,996.55,inf,155.12882307912798
PER_DQN,1,213,-128.90423536891672,53,0.14345383644104004,997.99,inf,155.64542630556056
PER_DQN,1,214,-270.8759021902946,113,0.30820631980895996,991.27,inf,154.18466756809647
PER_DQN,1,215,-362.11136369408644,128,0.3563210964202881,989.2,inf,155.406652333367
PER_DQN,1,216,-59.94471065875626,59,0.16512656211853027,992.44,inf,153.69353931044913
PER_DQN,1,217,230.2860871297675,217,0.627448558807373,974.65,67996,164.99526619147673
PER_DQN,1,218,-154.13877270203488,103,0.2818169593811035,988.63,67996,165.13941372953528
PER_DQN,1,219,-127.84670953735899,100,0.2760918140411377,991.24,67996,164.63245380749487
PER_DQN,1,220,-268.0096961035804,58,0.16166019439697266,997.57,67996,164.37748105040666
PER_DQN,1,221,-66.2366501704405,104,0.2885427474975586,987.55,67996,164.64512954824497
PER_DQN,1,222,-207.35673499267807,72,0.20009088516235352,994.03,67996,163.5375432672461
PER_DQN,1,223,-243.51923149801752,64,0.1760396957397461,997.6,67996,163.2626775879935
PER_DQN,1,224,-110.09153980788021,157,0.4440028667449951,980.92,67996,163.72512262312608
PER_DQN,1,225,-298.42610713916895,77,0.21491217613220215,993.7,67996,164.04780291994487
PER_DQN,1,226,-521.3566075712043,84,0.236680269241333,986.53,67996,168.39950760584074
PER_DQN,1,227,-398.6968572617413,90,0.2563807964324951,992.68,67996,169.54557304483941
PER_DQN,1,228,-176.81007944365018,87,0.2557821273803711,992.53,67996,169.65178201823036
PER_DQN,1,229,-305.3358852830704,81,0.2371997833251953,997.66,67996,166.5833040917215
PER_DQN,1,230,-266.07749615055025,123,0.37694811820983887,989.41,67996,164.16775043263064
PER_DQN,1,231,-249.85913798044055,85,0.24179959297180176,992.71,67996,163.37392199741603
PER_DQN,1,232,-475.39692867432365,141,0.40236592292785645,982.33,67996,167.35304879546192
PER_DQN,1,233,-233.60490078237882,119,0.3381984233856201,992.32,67996,166.18029332515178
PER_DQN,1,234,-80.85429614618636,99,0.2992548942565918,990.55,67996,166.59604290839954
PER_DQN,1,235,-117.92768456603063,83,0.23902153968811035,995.29,67996,165.67341144363908
PER_DQN,1,236,-61.48746995880074,72,0.20979928970336914,989.8,67996,162.57712784517958
PER_DQN,1,237,-73.88929816395417,129,0.3677060604095459,984.4,67996,160.81452821302986
PER_DQN,1,238,-129.86004245384754,126,0.37038731575012207,986.71,67996,160.88147851143322
PER_DQN,1,239,-359.7847437650879,126,0.3581967353820801,989.17,67996,162.0491245726494
PER_DQN,1,240,-62.2494438338356,59,0.166611909866333,996.13,67996,159.76307670044878
PER_DQN,1,241,-151.82179611440338,66,0.19551706314086914,997.0,67996,159.70612542598832
PER_DQN,1,242,-103.6085013006076,77,0.23034143447875977,992.02,67996,158.56835692723368
PER_DQN,1,243,-547.3017099372503,106,0.31771111488342285,982.9599999999999,67996,157.6124792802213
PER_DQN,1,244,-554.2915311723882,129,0.3837010860443115,980.05,67996,162.68251976354185
PER_DQN,1,245,-16.011571770849002,106,0.31378698348999023,994.33,67996,162.1884020377576
PER_DQN,1,246,-318.6459820124602,99,0.2860715389251709,990.19,67996,161.30576951803752
PER_DQN,1,247,-303.78928898343645,120,0.34228944778442383,990.85,67996,161.80440100744443
PER_DQN,1,248,-118.40149305332592,70,0.20217323303222656,993.13,67996,161.93100237412702
PER_DQN,1,249,-148.9504039918175,68,0.19534969329833984,996.55,67996,160.97409078272162
PER_DQN,1,250,-211.78906142689345,123,0.361316442489624,985.78,67996,158.9213206478016
PER_DQN,1,251,-119.26315918339182,50,0.14312982559204102,997.39,67996,159.03888718754328
PER_DQN,1,252,-86.77770831206784,55,0.1568291187286377,996.85,67996,159.95507145015748
PER_DQN,1,253,-336.03697567091785,137,0.4041252136230469,983.17,67996,160.09700231078574
PER_DQN,1,254,23.902145964957924,95,0.2805593013763428,989.41,67996,163.44073078018067
PER_DQN,1,255,-138.53435045890595,55,0.16281890869140625,996.28,67996,163.6301583725334
PER_DQN,1,256,-476.3439896631621,107,0.32461047172546387,992.47,67996,161.5143492047675
PER_DQN,1,257,-316.57539749370727,92,0.2710750102996826,992.53,67996,161.93035826975174
PER_DQN,1,258,-215.8155243416447,153,0.45828914642333984,984.82,67996,161.7520379747163
PER_DQN,1,259,-151.90922957318503,69,0.20172405242919922,997.57,67996,161.2956958182551
PER_DQN,1,260,-111.52362196079027,141,0.4175705909729004,986.86,67996,161.02814473001482
PER_DQN,1,261,-188.88139025787117,73,0.2143692970275879,996.1,67996,158.18047323844033
PER_DQN,1,262,2.389617109623387,92,0.2749295234680176,988.33,67996,154.45293626740798
PER_DQN,1,263,-83.53844718537717,220,0.679619312286377,972.3099999999998,67996,155.02013535127145
PER_DQN,1,264,-129.80971597500596,51,0.16045880317687988,999.01,67996,155.03371467260948
PER_DQN,1,265,-157.36317200841142,69,0.2100048065185547,996.37,67996,153.38450188156634
PER_DQN,1,266,-115.26118055797261,54,0.1641829013824463,997.78,67996,152.59966472633607
PER_DQN,1,267,-153.1672505730722,58,0.183563232421875,997.78,67996,140.0698437032629
PER_DQN,1,268,-106.00361297584435,87,0.2748243808746338,993.13,67996,140.57620010405802
PER_DQN,1,269,-201.49523181704825,68,0.2102358341217041,991.8100000000001,67996,140.16210842346842
PER_DQN,1,270,-91.03340084817903,96,0.29418468475341797,991.12,67996,140.75625871895326
PER_DQN,1,271,-70.11575613171924,76,0.22936463356018066,993.7,67996,140.68282667956038
PER_DQN,1,272,-62.519404461873364,72,0.2171320915222168,989.83,67996,142.01533102703604
PER_DQN,1,273,-149.03108052266697,107,0.32114315032958984,993.31,67996,142.03249941951657
PER_DQN,1,274,-160.85095301456334,66,0.20094633102416992,997.27,67996,141.5911161248197
PER_DQN,1,275,-103.82954539329013,71,0.21813011169433594,994.66,67996,141.44156084564136
PER_DQN,1,276,-272.78962303944627,146,0.44795656204223633,987.01,67996,134.01254730073313
PER_DQN,1,277,-125.16695227809478,70,0.21729350090026855,994.84,67996,130.8777432358329
PER_DQN,1,278,-257.49587549075795,71,0.21891236305236816,998.08,67996,131.2845448915509
PER_DQN,1,279,-188.62793580266396,85,0.2581782341003418,994.3,67996,130.15543824508447
PER_DQN,1,280,-215.26214746378656,99,0.30514979362487793,991.03,67996,129.697085355457
PER_DQN,1,281,-236.57902773965714,81,0.24944114685058594,993.9399999999999,67996,129.57049258947313
PER_DQN,1,282,-92.05515083328147,59,0.18398308753967285,995.32,67996,123.12253095625505
PER_DQN,1,283,-207.6655757599516,104,0.3215150833129883,992.05,67996,122.92322770637922
PER_DQN,1,284,-167.94608585417672,116,0.36279726028442383,989.41,67996,122.21858843004135
PER_DQN,1,285,-49.45070137975644,68,0.20969867706298828,993.4,67996,123.22832510661209
PER_DQN,1,286,-366.5010850770803,101,0.3107748031616211,991.3,67996,125.06889083341956
PER_DQN,1,287,-106.17624191720462,86,0.2601284980773926,995.29,67996,124.60398817124727
PER_DQN,1,288,-237.966959047556,107,0.3354227542877197,993.01,67996,124.64909932416695
PER_DQN,1,289,-109.19540490987434,77,0.23824620246887207,994.09,67996,122.43404173517584
PER_DQN,1,290,-87.61833060189377,81,0.24812984466552734,990.91,67996,122.00769153866646
PER_DQN,1,291,-231.0786229663524,73,0.23024845123291016,994.3,67996,122.17345828204296
PER_DQN,1,292,-47.72317009591166,96,0.31247830390930176,992.35,67996,123.11442312974636
PER_DQN,1,293,-91.99174232172703,80,0.2550365924835205,992.26,67996,111.80796100832526
PER_DQN,1,294,-112.78717612966314,75,0.23090338706970215,997.9,67996,97.57915604028882
PER_DQN,1,295,-387.3360936917873,94,0.28607749938964844,991.6,67996,100.3955442089
PER_DQN,1,296,-301.94585946049926,74,0.23633146286010742,995.47,67996,99.91995567623312
PER_DQN,1,297,-109.96674770279854,72,0.22524189949035645,995.44,67996,98.30453677570308
PER_DQN,1,298,-372.71556756793575,66,0.20819854736328125,996.67,67996,102.32918663382684
PER_DQN,1,299,-204.43755589305226,113,0.35164594650268555,988.03,67996,102.40957720912778
PER_DQN,1,300,-156.0202561516186,85,0.2754249572753906,994.27,67996,102.25012161348172
PER_DQN,1,301,-346.0381639106794,86,0.27640676498413086,993.97,67996,104.94975907624026
PER_DQN,1,302,-212.09326794911982,143,0.4601116180419922,984.61,67996,104.3493211043669
PER_DQN,1,303,-557.4155323643872,109,0.3623366355895996,986.98,67996,115.18952172153033
PER_DQN,1,304,-148.92846369853933,77,0.2640402317047119,994.5699999999999,67996,111.54896262526577
PER_DQN,1,305,-157.70889826449837,149,0.49721574783325195,980.5,67996,111.426115263113
PER_DQN,1,306,-99.92580614138086,87,0.2799990177154541,990.76,67996,103.88254153329399
PER_DQN,1,307,-188.84723111620897,52,0.1714951992034912,996.97,67996,101.95919622432612
PER_DQN,1,308,-57.008950111258535,64,0.20440149307250977,994.39,67996,103.07280709534884
PER_DQN,1,309,-280.93348707309997,122,0.3864884376525879,982.81,67996,104.17753738968963
PER_DQN,1,310,-157.38543132157506,133,0.43148231506347656,984.73,67996,103.83047592348082
PER_DQN,1,311,-71.1023977030724,86,0.281691312789917,988.0,67996,104.80363041383245
PER_DQN,1,312,-132.3869125964697,103,0.3315396308898926,989.11,67996,101.98121211985757
PER_DQN,1,313,-85.34691549553374,75,0.24611830711364746,994.3,67996,101.94922278710015
PER_DQN,1,314,-149.36670488581498,103,0.34546971321105957,990.97,67996,101.81389466952865
PER_DQN,1,315,-222.81785134999882,92,0.30241942405700684,991.6,67996,101.99891349066382
PER_DQN,1,316,-175.1827563130863,69,0.21967315673828125,995.35,67996,101.62554316472654
PER_DQN,1,317,-176.98750781907572,62,0.20258569717407227,994.45,67996,101.56598290447911
PER_DQN,1,318,-465.0829373370152,110,0.3743422031402588,985.9300000000001,67996,108.66687953620938
PER_DQN,1,319,-227.0346508902039,69,0.23172926902770996,998.62,67996,108.80222061524441
PER_DQN,1,320,-162.25670232770543,66,0.22417283058166504,993.97,67996,108.01677448253395
PER_DQN,1,321,-95.25622185289772,101,0.33556699752807617,989.02,67996,107.52830298649799
PER_DQN,1,322,-318.69413918544694,101,0.3314692974090576,992.38,67996,107.5477544812539
PER_DQN,1,323,-182.12997191309427,100,0.33022212982177734,989.83,67996,107.37828706494578
PER_DQN,1,324,-313.59199627558843,69,0.23233866691589355,992.23,67996,108.57422493891613
PER_DQN,1,325,-225.23155556040578,64,0.21396470069885254,998.38,67996,107.83010798349406
PER_DQN,1,326,-528.8289542900454,87,0.28175830841064453,989.14,67996,116.91418393171655
PER_DQN,1,327,-172.62329708132233,90,0.2884180545806885,992.89,67996,116.4618968143048
PER_DQN,1,328,43.03571462031016,79,0.25925660133361816,991.75,67996,121.25288929959498
PER_DQN,1,329,-179.1762446066968,56,0.18457341194152832,996.16,67996,121.27622186507332
PER_DQN,1,330,-170.64083585337397,113,0.362354040145874,991.21,67996,121.31578737318712
PER_DQN,1,331,-225.0317775315574,75,0.2520155906677246,996.88,67996,121.25287773615177
PER_DQN,1,332,-263.5319076605664,80,0.27246809005737305,994.36,67996,120.64115488469511
PER_DQN,1,333,-129.52674362397994,99,0.33032751083374023,994.36,67996,121.05114885444029
PER_DQN,1,334,-478.02678837258856,103,0.33745622634887695,988.78,67996,127.06816617751113
PER_DQN,1,335,-262.2138331936919,103,0.33827972412109375,991.3,67996,125.31415692393601
PER_DQN,1,336,-258.86005495199504,64,0.21262168884277344,998.29,67996,123.51838945081809
PER_DQN,1,337,2.3412748734363333,92,0.30445432662963867,992.23,67996,126.20943042729456
PER_DQN,1,338,-483.5621272777542,88,0.2898263931274414,993.34,67996,132.01698745713838
PER_DQN,1,339,-92.31777457754497,74,0.2463226318359375,995.65,67996,132.2970249633668
PER_DQN,1,340,-136.31180970644067,81,0.27268505096435547,992.71,67996,131.56810485253675
PER_DQN,1,341,-325.65486492690945,144,0.5061142444610596,987.64,67996,132.51671979636794
PER_DQN,1,342,-244.45177577475826,108,0.3717637062072754,986.44,67996,130.45279038677634
PER_DQN,1,343,-436.0011753508323,71,0.23328304290771484,994.45,67996,132.72872525610043
PER_DQN,1,344,-191.7136100931107,70,0.23038220405578613,994.18,67996,131.8643202179574
PER_DQN,1,345,-191.10509789571978,98,0.32728052139282227,993.28,67996,129.89427992497644
PER_DQN,1,346,-115.51544784799282,106,0.35832977294921875,989.29,67996,130.20867456955042
PER_DQN,1,347,-157.1910817090963,67,0.224348783493042,995.83,67996,129.59264871882786
PER_DQN,1,348,-176.81944670748894,123,0.42104601860046387,983.83,67996,127.82867195163875
PER_DQN,1,349,-241.77738018515325,67,0.22868967056274414,993.49,67996,127.87467232715221
PER_DQN,1,350,-111.01449342122868,97,0.32584500312805176,988.51,67996,128.44804137765834
PER_DQN,1,351,-414.9908135297134,88,0.29710888862609863,992.86,67996,130.20874151384155
PER_DQN,1,352,-137.0652095347716,76,0.25517702102661133,994.24,67996,130.67756941287024
PER_DQN,1,353,-419.5534674991789,75,0.25161266326904297,991.84,67996,124.73413755545212
PER_DQN,1,354,-1.0030895010839345,92,0.3127319812774658,990.19,67996,127.90488894679174
PER_DQN,1,355,-417.19103368157107,69,0.24022412300109863,993.34,67996,130.9517108183202
PER_DQN,1,356,-75.27445437064357,118,0.4139106273651123,991.24,67996,131.4260311171116
PER_DQN,1,357,-174.8909701625946,99,0.33880186080932617,993.67,67996,131.49303367033147
PER_DQN,1,358,-77.45299974534103,61,0.20583415031433105,995.35,67996,131.03744772925202
PER_DQN,1,359,-244.88369959764987,65,0.22309494018554688,995.5600000000001,67996,130.76439386993178
PER_DQN,1,360,-4.7231158093415075,73,0.25251221656799316,996.82,67996,133.77432031290917
PER_DQN,1,361,29.034503534526266,99,0.33688974380493164,988.66,67996,136.55818462179207
PER_DQN,1,362,-328.6251652097876,56,0.19049429893493652,993.46,67996,137.14970844555344
PER_DQN,1,363,-529.4745909070089,57,0.19420862197875977,998.56,67996,142.92979102198214
PER_DQN,1,364,-446.99164211896334,70,0.23789739608764648,996.07,67996,145.99858034447863
PER_DQN,1,365,-324.1528226942762,89,0.3017001152038574,991.03,67996,146.6329057983299
PER_DQN,1,366,-300.0352934785366,54,0.18935728073120117,994.48,67996,146.76323022114534
PER_DQN,1,367,-112.23924847478484,84,0.28829264640808105,994.36,67996,147.51957562405983
PER_DQN,1,368,-392.9637882954997,76,0.26419591903686523,990.31,67996,145.55252782878054
PER_DQN,1,369,-401.3181243941888,84,0.28569579124450684,993.73,67996,147.54971952678133
PER_DQN,1,370,-57.094833662540005,93,0.31913328170776367,991.51,67996,149.26767065609206
PER_DQN,1,371,-150.1219794012682,55,0.1905369758605957,998.8,67996,148.47377896909876
PER_DQN,1,372,-58.666459495289686,74,0.26499176025390625,991.36,67996,149.85660547044347
PER_DQN,1,373,-93.97403315848571,108,0.37475013732910156,991.57,67996,150.87449419612386
PER_DQN,1,374,-264.3662719156504,77,0.27329349517822266,996.22,67996,150.44652994104516
PER_DQN,1,375,-111.1159119236567,86,0.3022189140319824,995.17,67996,151.25868497487346
PER_DQN,1,376,-262.3620672369459,120,0.4188499450683594,988.36,67996,144.86812234858945
PER_DQN,1,377,-121.415883684537,72,0.26836419105529785,994.15,67996,145.34701252715877
PER_DQN,1,378,-507.2848641900951,70,0.2583460807800293,993.28,67996,146.27258907293083
PER_DQN,1,379,-106.31451361263844,56,0.20192551612854004,998.35,67996,147.08617222074108
PER_DQN,1,380,-298.2558818854679,74,0.28061771392822266,993.34,67996,147.24682751609745
PER_DQN,1,381,-329.75523686571967,59,0.2142653465270996,993.7,67996,147.95470334244573
PER_DQN,1,382,-108.62872728996965,79,0.2828643321990967,994.93,67996,148.8092004473557
PER_DQN,1,383,34.85091540603969,107,0.37436962127685547,991.42,67996,152.65819733037821
PER_DQN,1,384,-220.21483240583598,98,0.34491753578186035,995.74,67996,148.2186228843116
PER_DQN,1,385,-174.26738109428578,67,0.22815489768981934,998.44,67996,148.19362403380228
PER_DQN,1,386,-143.92074317811307,89,0.30785298347473145,993.73,67996,148.3907280688418
PER_DQN,1,387,-221.2003170109598,89,0.309964656829834,996.07,67996,145.16928443778937
PER_DQN,1,388,-294.11205224686887,56,0.19538092613220215,994.03,67996,140.5731729092984
PER_DQN,1,389,-310.4985012636363,53,0.18464231491088867,994.18,67996,140.12510388003284
PER_DQN,1,390,-264.0426260777515,56,0.19747114181518555,998.65,67996,139.77643112950764
PER_DQN,1,391,-152.27417285556464,93,0.33296728134155273,990.28,67996,139.27583891644605
PER_DQN,1,392,-430.09826647206916,91,0.3224189281463623,992.2,67996,142.39544339834953
PER_DQN,1,393,-227.45968164346812,62,0.21534132957458496,996.94,67996,139.0457976103875
PER_DQN,1,394,-94.27637439407962,67,0.2485342025756836,997.39,67996,140.06045091606984
PER_DQN,1,395,-94.21135199868351,68,0.2449047565460205,993.97,67996,141.04013545006418
PER_DQN,1,396,-406.77980463373,67,0.24314641952514648,991.9,67996,142.9066725616458
PER_DQN,1,397,-110.66312815821388,57,0.20957612991333008,996.28,67996,143.45375573482644
PER_DQN,1,398,-277.4466884461219,88,0.32070446014404297,993.22,67996,143.5727887663932
PER_DQN,1,399,-114.8805938167675,62,0.2182772159576416,994.63,67996,144.2790721228431
PER_DQN,1,400,-213.97188544851304,77,0.27425193786621094,993.85,67996,143.48264376672134
PER_DQN,1,401,54.54110433344792,103,0.38339829444885254,995.29,67996,145.70713534821658
PER_DQN,1,402,-94.40327993052807,65,0.23563766479492188,994.3,67996,146.2543373339219
PER_DQN,1,403,0.1041396358221931,97,0.3593883514404297,987.85,67996,145.9675362750756
PER_DQN,1,404,-268.1933305117295,86,0.3147883415222168,991.54,67996,143.4337998380344
PER_DQN,1,405,-129.67986643524264,94,0.34799695014953613,993.7,67996,140.58187061753574
PER_DQN,1,406,-33.774543261286894,88,0.31974005699157715,989.83,67996,141.43647442265788
PER_DQN,1,407,-98.25561838002635,72,0.25855517387390137,992.17,67996,142.10632349112768
PER_DQN,1,408,-332.5458566758184,65,0.23957300186157227,992.44,67996,142.27432555195497
PER_DQN,1,409,-16.25666788397541,104,0.37246251106262207,985.39,67996,144.50690568739788
PER_DQN,1,410,-142.5542483448986,83,0.30228114128112793,994.8100000000001,67996,142.0823104658287
PER_DQN,1,411,-360.21891871730486,67,0.25132155418395996,991.27,67996,139.90946783920072
PER_DQN,1,412,30.202919223978682,120,0.43732166290283203,990.4,67996,142.7549548771419
PER_DQN,1,413,-131.31407601586895,95,0.36185288429260254,991.54,67996,135.14916965671486
PER_DQN,1,414,-93.26749161026984,74,0.29537081718444824,991.93,67996,130.89619763221827
PER_DQN,1,415,-357.8949308373537,102,0.3863790035247803,990.16,67996,131.68808453500327
PER_DQN,1,416,-364.2702376443664,112,0.4224669933319092,991.39,67996,133.08753178644528
PER_DQN,1,417,-102.7088237990213,59,0.21687579154968262,995.02,67996,133.20350865831176
PER_DQN,1,418,-410.4194885487675,90,0.32274389266967773,992.56,67996,133.76092358828046
PER_DQN,1,419,-173.1088615433829,69,0.2522237300872803,998.29,67996,130.27762571857645
PER_DQN,1,420,-35.421013756481344,64,0.23760032653808594,991.87,67996,130.73500317493637
PER_DQN,1,421,-271.8738820525426,77,0.2830641269683838,992.23,67996,131.2190665980231
PER_DQN,1,422,-51.08094888777947,111,0.4138681888580322,986.77,67996,131.37070050533524
PER_DQN,1,423,-264.36090513725543,80,0.30161285400390625,994.78,67996,131.14838690819207
PER_DQN,1,424,-388.4824736949194,80,0.2963407039642334,996.04,67996,133.6930974071954
PER_DQN,1,425,-170.43873891614788,64,0.23185276985168457,997.36,67996,133.2332060262648
PER_DQN,1,426,-331.8905682186934,83,0.31838440895080566,991.42,67996,134.30732043284158
PER_DQN,1,427,-68.55179953471637,72,0.2753112316131592,990.76,67996,135.0842646501088
PER_DQN,1,428,-62.00072463801193,111,0.42061400413513184,987.58,67996,128.6232434611712
PER_DQN,1,429,-90.85650887422565,105,0.40652990341186523,988.15,67996,128.8292858701988
PER_DQN,1,430,-221.84491281525214,95,0.36835193634033203,994.57,67996,127.91748727007712
PER_DQN,1,431,-190.47052142977373,69,0.2574183940887451,995.29,67996,126.18949906805916
PER_DQN,1,432,-168.89611273193646,99,0.3876066207885742,991.03,67996,125.79009485531722
PER_DQN,1,433,-83.7266479179458,101,0.3843374252319336,987.4,67996,122.7778361157309
PER_DQN,1,434,-26.327747492612957,93,0.35562968254089355,987.76,67996,124.60475044662212
PER_DQN,1,435,-96.17890649224766,80,0.3036952018737793,994.87,67996,125.15006636902936
PER_DQN,1,436,-220.05573619832194,99,0.38106203079223633,993.76,67996,125.18877278597874
PER_DQN,1,437,-329.1910019782968,77,0.2933986186981201,990.25,67996,126.80946579061809
PER_DQN,1,438,-175.09054515119618,84,0.3245823383331299,995.41,67996,125.79050082776038
PER_DQN,1,439,-345.7151230071547,102,0.39397764205932617,992.56,67996,126.61874438675476
PER_DQN,1,440,-29.07176662934836,163,0.6357071399688721,980.3499999999999,67996,127.76943994949531
PER_DQN,1,441,-424.85870557576914,81,0.3077869415283203,994.75,67996,132.39987769231612
PER_DQN,1,442,-246.97019358278428,84,0.30979084968566895,993.88,67996,127.90980664709296
PER_DQN,1,443,-186.02246143973878,64,0.24486303329467773,995.14,67996,127.71519277354197
PER_DQN,1,444,-200.952743943214,98,0.37627482414245605,993.67,67996,127.21699087723447
PER_DQN,1,445,-321.7406334424194,103,0.38446855545043945,994.87,67996,128.18818999920893
PER_DQN,1,446,-208.48018481129122,60,0.24817323684692383,992.11,67996,124.20906974160476
PER_DQN,1,447,-519.0925348998037,87,0.34041404724121094,991.87,67996,132.59157864108352
PER_DQN,1,448,-223.7333837219516,79,0.3158750534057617,995.29,67996,132.07261443018018
PER_DQN,1,449,-378.33545657146385,144,0.5707521438598633,983.89,67996,134.36068772402007
PER_DQN,1,450,-182.1654973508281,71,0.2697901725769043,997.57,67996,134.32757686548845
PER_DQN,1,451,-88.81778670241003,123,0.4777333736419678,986.62,67996,130.53766021399895
PER_DQN,1,452,-345.4045819411556,86,0.3358926773071289,990.82,67996,131.44854823791246
PER_DQN,1,453,-220.20009337389035,75,0.29112720489501953,990.76,67996,128.36889853284035
PER_DQN,1,454,-393.4194341434086,69,0.26398587226867676,993.85,67996,130.81373299175524
PER_DQN,1,455,-403.6819467140385,70,0.2787621021270752,996.04,67996,133.23715246854655
PER_DQN,1,456,-241.96995471959454,80,0.30673933029174805,995.17,67996,130.86446499031328
PER_DQN,1,457,-200.19190388580225,73,0.28948974609375,993.43,67996,129.81655576817062
PER_DQN,1,458,-181.6509579074501,68,0.26119160652160645,994.36,67996,128.85124626884217
PER_DQN,1,459,-291.3619083837354,74,0.2909846305847168,991.3,67996,126.12530546376227
PER_DQN,1,460,-225.16516979276068,83,0.33081746101379395,993.37,67996,125.64376674088791
PER_DQN,1,461,-172.98458294775435,69,0.2723255157470703,993.22,67996,124.23209014615911
PER_DQN,1,462,-220.49943045319813,75,0.2992541790008545,993.37,67996,119.080693513569
PER_DQN,1,463,-143.05848656999652,61,0.23998427391052246,992.83,67996,118.91177519283649
PER_DQN,1,464,-75.19420659570491,82,0.3238492012023926,990.52,67996,119.33194370473959
PER_DQN,1,465,-186.50284866844754,72,0.2771146297454834,994.06,67996,117.84635616879214
PER_DQN,1,466,-151.1040854012429,74,0.297515869140625,996.61,67996,116.36357480404367
PER_DQN,1,467,-38.037187566005244,79,0.3158738613128662,989.29,67996,117.95121966094644
PER_DQN,1,468,-130.40691136340035,85,0.33843374252319336,994.24,67996,115.0827564729697
PER_DQN,1,469,-199.1701831239261,99,0.40253400802612305,991.15,67996,114.98282794581712
PER_DQN,1,470,-234.7041149486887,93,0.3663170337677002,991.84,67996,112.33938889907836
PER_DQN,1,471,-136.51464894254931,49,0.19428205490112305,998.77,67996,112.50534687693042
PER_DQN,1,472,-31.160754108721733,96,0.39084935188293457,991.12,67996,113.10015653419168
PER_DQN,1,473,-347.3882714935611,83,0.33106422424316406,995.02,67996,114.49676054668456
PER_DQN,1,474,-279.13932713011457,98,0.38596391677856445,994.18,67996,112.10513400948926
PER_DQN,1,475,-392.59685068102397,69,0.27652525901794434,990.73,67996,114.86489609019665
PER_DQN,1,476,-515.0136959439201,79,0.31183648109436035,993.91,67996,121.32699143812553
PER_DQN,1,477,-201.45398699519131,69,0.27824926376342773,992.23,67996,119.4894569485572
PER_DQN,1,478,-267.45959608686144,75,0.306286096572876,992.26,67996,117.51655198648112
PER_DQN,1,479,-74.67602530862668,69,0.27321934700012207,997.96,67996,117.9035103484826
PER_DQN,1,480,-86.55365178728458,67,0.2739691734313965,992.8,67996,119.44946056263055
PER_DQN,1,481,-131.0429174574729,67,0.2662222385406494,993.85,67996,120.03806196203682
PER_DQN,1,482,-191.14411325908713,135,0.5677027702331543,984.85,67996,119.8909406735511
PER_DQN,1,483,-181.21346254950072,61,0.24124693870544434,992.23,67996,118.44440029916392
PER_DQN,1,484,-171.90720098617152,71,0.279604434967041,996.58,67996,115.35104099936176
PER_DQN,1,485,-571.281401801047,122,0.4902517795562744,987.79,67996,123.63771349652804
PER_DQN,1,486,-206.41102174470578,64,0.25964784622192383,993.82,67996,123.6838380506998
PER_DQN,1,487,-229.08395890731305,53,0.2125089168548584,995.05,67996,122.93466665406099
PER_DQN,1,488,-129.37167083269412,83,0.32981324195861816,994.57,67996,123.52314144225127
PER_DQN,1,489,-217.12652563064464,98,0.3853766918182373,990.25,67996,122.44357943125496
PER_DQN,1,490,-28.04323578386206,72,0.29062676429748535,989.65,67996,122.47716523403096
PER_DQN,1,491,30.604220508896788,116,0.46453118324279785,984.97,67996,124.45499479228643
PER_DQN,1,492,-166.66298148840986,75,0.3034181594848633,993.91,67996,124.6066737354494
PER_DQN,1,493,-238.9738256735234,70,0.28949403762817383,993.76,67996,124.55732609118533
PER_DQN,1,494,-472.1949808677422,88,0.36712026596069336,992.23,67996,129.4702756102786
PER_DQN,1,495,-226.2228906843649,73,0.30521726608276367,996.43,67996,128.7203227084049
PER_DQN,1,496,-108.49895086898721,84,0.3397104740142822,991.06,67996,129.6931224941014
PER_DQN,1,497,-193.06237830895202,67,0.27784204483032227,995.02,67996,122.50595023045366
PER_DQN,1,498,-205.35411050881368,95,0.3795325756072998,993.4,67996,122.5032483371953
PER_DQN,1,499,-199.29130680027913,73,0.29966115951538086,994.0,67996,120.22710283061922
PER_DQN,1,500,-161.67364584663864,75,0.301572322845459,993.13,67996,120.355732445988
PER_DQN,2,1,-229.9632477637278,67,0.016741275787353516,994.66,inf,0.0
PER_DQN,2,2,-327.0621987540527,109,0.1689302921295166,992.02,inf,48.549475495162454
PER_DQN,2,3,-168.06023554278465,91,0.1340031623840332,992.5,inf,65.4402301599501
PER_DQN,2,4,-158.2305037580242,85,0.1291821002960205,991.75,inf,67.21614618865085
PER_DQN,2,5,-180.72885002428222,117,0.1814289093017578,988.36,inf,62.222924773461784
PER_DQN,2,6,-179.599312437737,106,0.1628282070159912,992.05,inf,58.13422928913299
PER_DQN,2,7,-394.53095928363507,86,0.1290760040283203,993.04,inf,84.79670818080687
PER_DQN,2,8,-102.39477263894487,66,0.10290908813476562,995.35,inf,90.4807191547104
PER_DQN,2,9,-118.14065409375961,81,0.13068628311157227,990.61,inf,90.84910307945935
PER_DQN,2,10,-125.60184836601704,71,0.10986065864562988,994.15,inf,89.54077602609327
PER_DQN,2,11,-308.81099311741804,77,0.11781167984008789,994.24,inf,91.08017635496746
PER_DQN,2,12,-35.802657689709804,77,0.12346148490905762,990.64,inf,99.40647110645139
PER_DQN,2,13,-373.4847253015974,90,0.13763141632080078,992.17,inf,106.80352018205944
PER_DQN,2,14,-306.63377279331337,105,0.16697049140930176,989.59,inf,106.01449326445498
PER_DQN,2,15,-353.86237976574023,113,0.17595767974853516,989.29,inf,108.12398846430494
PER_DQN,2,16,-146.71111072458962,91,0.1430189609527588,992.95,inf,106.35738646509772
PER_DQN,2,17,-73.24112635179104,96,0.1484997272491455,988.03,inf,108.75841050904702
PER_DQN,2,18,-145.47331685629752,129,0.20488858222961426,985.63,inf,106.74678639941544
PER_DQN,2,19,-68.16006580461391,83,0.1350231170654297,988.84,inf,108.43476228383444
PER_DQN,2,20,-58.303446431896774,107,0.17197799682617188,988.96,inf,110.09727720674555
PER_DQN,2,21,-43.985662216230494,83,0.1325359344482422,989.35,inf,112.01664428545821
PER_DQN,2,22,-161.6013819357542,75,0.12398838996887207,991.84,inf,109.5558464554397
PER_DQN,2,23,-161.46174419439689,68,0.11190986633300781,993.22,inf,107.25124835956616
PER_DQN,2,24,-127.95113015995375,110,0.18526315689086914,988.0600000000001,inf,105.57943940606911
PER_DQN,2,25,-191.64518516419236,126,0.23916220664978027,985.45,inf,103.46638869230647
PER_DQN,2,26,-10.439114604655728,141,0.24529075622558594,987.94,inf,106.6663736097077
PER_DQN,2,27,-139.02298222095024,110,0.1953420639038086,988.18,inf,104.8936004181229
PER_DQN,2,28,-144.01055181073428,89,0.15463685989379883,992.77,inf,103.15109093407472
PER_DQN,2,29,-226.9528426668092,110,0.18131566047668457,991.6,inf,101.83972781063356
PER_DQN,2,30,-332.35792541378987,135,0.23385357856750488,987.67,inf,104.05810559606351
PER_DQN,2,31,-204.28337553890105,137,0.236708402633667,982.12,inf,102.4572962779028
PER_DQN,2,32,-37.98031336559025,94,0.16311430931091309,985.54,inf,103.85180897470505
PER_DQN,2,33,-111.59387179546204,97,0.16386795043945312,988.21,inf,102.86300542144974
PER_DQN,2,34,-88.16852554068751,92,0.15279150009155273,990.52,inf,102.37581231939515
PER_DQN,2,35,-396.09208293672367,93,0.15739059448242188,990.73,inf,107.6078179255634
PER_DQN,2,36,-151.1005597206202,91,0.16213107109069824,988.78,inf,106.1952437688814
PER_DQN,2,37,-69.8814627638474,142,0.2518913745880127,979.12,inf,106.18928705113542
PER_DQN,2,38,-47.738222554037556,160,0.28605175018310547,982.66,inf,106.72673034759104
PER_DQN,2,39,-159.8580829559929,103,0.176924467086792,986.95,inf,105.36448637801594
PER_DQN,2,40,-139.79554441395473,121,0.21605324745178223,983.38,inf,104.15158865783228
PER_DQN,2,41,-107.56329876709741,154,0.2844202518463135,977.23,inf,103.32373705936078
PER_DQN,2,42,-101.2995234924481,96,0.17330694198608398,988.54,inf,102.59899504054798
PER_DQN,2,43,-70.97920460284205,95,0.16573762893676758,987.91,inf,102.42423205023593
PER_DQN,2,44,-270.46437167929344,177,0.32244443893432617,980.41,inf,102.47398625409487
PER_DQN,2,45,-314.4986485858781,136,0.2424788475036621,984.25,inf,103.63321649047474
PER_DQN,2,46,-100.06123112054168,104,0.19041132926940918,986.77,inf,103.01175232884592
PER_DQN,2,47,-233.2597767226484,109,0.20170950889587402,985.96,inf,102.33340183210254
PER_DQN,2,48,-273.36464117185125,104,0.19231152534484863,988.51,inf,102.32846333830254
PER_DQN,2,49,-99.72526580666785,139,0.26158618927001953,985.54,inf,101.79796391910736
PER_DQN,2,50,-87.28286928939514,92,0.16713213920593262,988.0,inf,101.45178051554413
PER_DQN,2,51,-187.36648493186772,94,0.17214512825012207,988.8100000000001,inf,101.11611257704499
PER_DQN,2,52,-211.36623434459017,97,0.1793830394744873,989.89,inf,98.75347653424926
PER_DQN,2,53,-270.9007359562752,153,0.2767312526702881,979.3,inf,99.83957698386182
PER_DQN,2,54,-80.95956002334191,77,0.13932108879089355,991.99,inf,100.57533173306062
PER_DQN,2,55,-105.58727187640127,116,0.22037529945373535,986.44,inf,100.91276712606513
PER_DQN,2,56,-46.73014415858305,140,0.26697349548339844,979.03,inf,102.2348318642249
PER_DQN,2,57,-246.58874925502013,179,0.33443164825439453,976.03,inf,97.50428529128158
PER_DQN,2,58,-292.29751975835336,235,0.47582435607910156,963.22,inf,98.8980362372048
PER_DQN,2,59,-462.2106580219989,96,0.18553757667541504,988.99,inf,107.14889998503656
PER_DQN,2,60,-392.45175623550034,185,0.35509157180786133,973.78,inf,111.3629728201679
PER_DQN,2,61,-7.982192046662931,75,0.14133977890014648,991.06,inf,112.11799553500217
PER_DQN,2,62,-72.50557632431118,133,0.2641627788543701,984.16,inf,111.35841239643838
PER_DQN,2,63,-28.516408080273635,200,0.40711069107055664,967.06,inf,109.21228518755032
PER_DQN,2,64,-76.25249997016714,146,0.28517770767211914,980.4399999999999,inf,107.91776230588407
PER_DQN,2,65,-6.610386019859433,160,0.3355824947357178,971.0799999999999,inf,106.29206398986463
PER_DQN,2,66,109.43385405384953,1000,2.792171001434326,907.1199999999998,inf,112.40553329586967
PER_DQN,2,67,-274.8131465801257,101,0.21149325370788574,988.57,inf,113.31432693181668
PER_DQN,2,68,-182.00128752079434,138,0.29244065284729004,979.54,inf,113.39663278832592
PER_DQN,2,69,107.10969307238655,1000,2.687561511993408,924.8199999999996,inf,118.50737464185522
PER_DQN,2,70,-165.6298867733956,198,0.44364142417907715,971.17,inf,117.83650692962814
PER_DQN,2,71,-342.6339445055744,98,0.21209931373596191,990.58,inf,119.86436249199183
PER_DQN,2,72,61.1697466925161,194,0.42650890350341797,974.4699999999999,inf,123.65176476686072
PER_DQN,2,73,-269.88394894358527,165,0.3621253967285156,975.79,inf,124.75339102131916
PER_DQN,2,74,-217.6191159349803,193,0.4205894470214844,967.7499999999999,inf,125.01517019030392
PER_DQN,2,75,57.854086289449214,210,0.4708118438720703,965.68,inf,128.40438602785582
PER_DQN,2,76,-228.19035073366078,175,0.37842392921447754,975.8199999999999,inf,127.26909821681211
PER_DQN,2,77,54.48107626352581,181,0.4173727035522461,973.78,inf,130.58932931280677
PER_DQN,2,78,-85.61320596337407,262,0.6032571792602539,959.29,inf,130.90690271572987
PER_DQN,2,79,-63.064853437652566,219,0.5038595199584961,967.9899999999999,inf,130.9852898686986
PER_DQN,2,80,-46.115642698152456,119,0.2654225826263428,979.06,inf,128.97700098140533
PER_DQN,2,81,-81.20875185481069,276,0.6534442901611328,956.65,inf,128.91591285933276
PER_DQN,2,82,-13.946285472126533,268,0.659221887588501,949.87,inf,129.3332604963308
PER_DQN,2,83,-61.23351984117893,340,0.8842067718505859,941.3500000000001,inf,129.7291817963064
PER_DQN,2,84,43.74934438467887,1000,2.9640390872955322,895.6,inf,132.01327448493967
PER_DQN,2,85,-230.82518096400386,346,0.901423454284668,935.9800000000001,inf,127.40284741739974
PER_DQN,2,86,-231.39321356273717,129,0.3057835102081299,984.85,inf,128.15137881506368
PER_DQN,2,87,-108.27686470316391,313,0.7928247451782227,948.1600000000001,inf,127.88868590677893
PER_DQN,2,88,118.68524954460983,1000,2.882524251937866,937.8399999999998,inf,132.1653071764021
PER_DQN,2,89,-279.1777393261302,749,2.2841594219207764,907.3600000000001,inf,133.75187015654004
PER_DQN,2,90,18.127709405926822,321,0.8645024299621582,944.44,inf,135.3925023721171
PER_DQN,2,91,78.58572237212299,1000,3.3152925968170166,913.39,inf,138.45967939546634
PER_DQN,2,92,-32.07992218950183,242,0.6306631565093994,961.15,inf,139.03890125056088
PER_DQN,2,93,-20.838961969361165,256,0.6947224140167236,955.78,inf,139.59774182935212
PER_DQN,2,94,171.81844832622278,870,2.6852362155914307,904.6300000000001,inf,143.92203672383934
PER_DQN,2,95,-35.44110467430782,105,0.2693784236907959,981.55,inf,141.43579023765446
PER_DQN,2,96,23.26198802166671,244,0.6731467247009277,956.35,inf,142.63376404280046
PER_DQN,2,97,-7.696178511915477,189,0.4991638660430908,967.9,inf,142.108390716257
PER_DQN,2,98,121.13505665700501,1000,3.750793933868408,906.3099999999998,inf,143.30165162852734
PER_DQN,2,99,-234.09745417591583,373,1.0565307140350342,943.6600000000001,inf,144.64219215844574
PER_DQN,2,100,-6.511840252785177,343,0.9783623218536377,943.6600000000001,inf,145.1854577456812
PER_DQN,2,101,174.67566654227554,458,1.4616079330444336,936.0400000000001,inf,149.35765270094174
PER_DQN,2,102,-49.836449587255096,115,0.32221078872680664,981.91,inf,148.38909595543964
PER_DQN,2,103,-46.32462204772662,438,1.392695665359497,919.6900000000003,inf,146.05502136528008
PER_DQN,2,104,63.83402921357143,1000,3.501932144165039,883.21,inf,147.4334605000254
PER_DQN,2,105,61.75513786241595,1000,3.388551950454712,877.4800000000001,inf,148.64019217348613
PER_DQN,2,106,97.33347751666602,1000,3.4692442417144775,925.6599999999993,inf,150.51789466804672
PER_DQN,2,107,-167.24741291418945,224,0.6727840900421143,961.8399999999999,inf,149.06685615810153
PER_DQN,2,108,206.21228673754553,527,1.7500536441802979,949.1199999999998,118080,150.4729918584257
PER_DQN,2,109,-299.89713327704084,500,1.7679767608642578,912.1900000000003,118080,143.32412412794216
PER_DQN,2,110,17.144630341647982,255,0.7967977523803711,955.12,118080,135.33891057854817
PER_DQN,2,111,102.85583375162028,1000,3.6638388633728027,897.37,118080,136.87104808997861
PER_DQN,2,112,26.47627862604606,1000,4.327950716018677,852.1599999999997,118080,137.18196045698483
PER_DQN,2,113,66.33730708287533,1000,4.2809834480285645,867.19,118080,138.02991981844414
PER_DQN,2,114,-62.60335448719778,485,1.7482171058654785,913.0300000000003,118080,137.97469920179608
PER_DQN,2,115,-10.54607003995173,400,1.3832504749298096,932.9500000000002,118080,137.95596484235864
PER_DQN,2,116,-61.99165173727655,173,0.5770900249481201,977.8,118080,136.28347325646462
PER_DQN,2,117,4.087266025286121,1000,4.116704702377319,852.5499999999997,118080,132.41099708406608
PER_DQN,2,118,-62.12641561089148,156,0.5167629718780518,983.53,118080,130.8819870520361
PER_DQN,2,119,-125.12029131238874,238,0.7925131320953369,966.4599999999999,118080,129.8049911009478
PER_DQN,2,120,-51.316753740579614,156,0.5180625915527344,982.21,118080,128.60057723689198
PER_DQN,2,121,200.62236149152773,796,3.261396646499634,908.11,118080,125.42062915116908
PER_DQN,2,122,-53.955241451281495,110,0.3672618865966797,986.77,118080,124.8104055767509
PER_DQN,2,123,-69.33674345016621,1000,3.940058946609497,843.8499999999995,118080,120.19671340757591
PER_DQN,2,124,-46.16303599063502,1000,4.418415307998657,856.2099999999996,118080,117.10683201855359
PER_DQN,2,125,-88.08526457572816,76,0.2651667594909668,991.63,118080,116.86714875088063
PER_DQN,2,126,9.302538245166957,136,0.4892418384552002,981.13,118080,113.33314424197849
PER_DQN,2,127,-187.62267032817005,442,1.6598286628723145,930.7900000000002,118080,115.14377427474099
PER_DQN,2,128,-38.73104589390451,181,0.6458892822265625,975.25,118080,114.84724667208127
PER_DQN,2,129,44.20007370329037,1000,4.340821981430054,887.9799999999999,118080,115.12395371310342
PER_DQN,2,130,-37.75793555771858,1000,4.480055570602417,841.8099999999994,118080,115.09661107697895
PER_DQN,2,131,237.483404814076,260,0.9982054233551025,963.79,118080,120.40005804550331
PER_DQN,2,132,-88.32481424856904,285,1.090475082397461,955.3299999999999,118080,120.81622695281565
PER_DQN,2,133,-55.03041950801985,228,0.8618979454040527,965.41,118080,120.7750873143223
PER_DQN,2,134,-272.1254220762422,201,0.7510261535644531,965.2299999999999,118080,125.54631070944949
PER_DQN,2,135,5.496373375505456,1000,4.659235954284668,854.7699999999998,118080,122.08412212312709
PER_DQN,2,136,21.705372498439246,131,0.48442935943603516,974.41,118080,118.38897871975811
PER_DQN,2,137,130.0386961926006,1000,4.276439189910889,936.8499999999995,118080,119.31296948920274
PER_DQN,2,138,123.19577860036176,895,4.017868995666504,865.7200000000003,118080,119.41172729515813
PER_DQN,2,139,-44.67096452143038,106,0.41979122161865234,986.53,118080,113.17741092708533
PER_DQN,2,140,-220.70957056865,141,0.540978193283081,978.6999999999999,118080,117.07375032078882
PER_DQN,2,141,-28.23500820733942,103,0.38875722885131836,985.03,118080,116.41465546736791
PER_DQN,2,142,-93.92192968651719,92,0.3450338840484619,989.65,118080,116.94967823068615
PER_DQN,2,143,-178.77494314176835,161,0.6206097602844238,973.2099999999999,118080,119.22552503774394
PER_DQN,2,144,29.529553936184328,140,0.5450420379638672,977.8299999999999,118080,116.36510286982973
PER_DQN,2,145,226.31065861174687,294,1.2087643146514893,964.0899999999998,118080,121.29775830403548
PER_DQN,2,146,-144.3134416372029,95,0.38332653045654297,988.39,118080,122.53303147066917
PER_DQN,2,147,-60.976741317451356,120,0.4808197021484375,986.56,118080,122.67675990028786
PER_DQN,2,148,-27.964293478223013,132,0.5262720584869385,981.1899999999999,118080,121.05175285876197
PER_DQN,2,149,265.4445073415869,469,2.0448336601257324,961.5399999999997,118080,123.66402767421877
PER_DQN,2,150,-108.57291216573148,599,2.71186900138855,898.3600000000005,118080,124.4078399824014
PER_DQN,2,151,178.72926239691895,437,1.9466688632965088,932.7400000000001,118080,124.53161171255313
PER_DQN,2,152,-296.8369898021954,201,0.8235034942626953,971.8599999999999,118080,130.63324754358192
PER_DQN,2,153,12.711290891624643,121,0.47776126861572266,983.08,118080,130.640719759119
PER_DQN,2,154,257.1929280939705,384,1.619469165802002,955.3899999999999,118080,135.73992767596135
PER_DQN,2,155,-225.53579423553373,164,0.6699862480163574,979.0899999999999,118080,138.49893564264795
PER_DQN,2,156,19.574802467737754,109,0.43331289291381836,980.41,118080,137.6185704614797
PER_DQN,2,157,53.21369635345201,96,0.3973405361175537,981.61,118080,136.371565085893
PER_DQN,2,158,229.14126503352085,275,1.1431024074554443,967.3299999999999,118080,137.15456351647546
PER_DQN,2,159,83.68181750099534,1000,5.061752080917358,912.2799999999996,118080,131.6559932369606
PER_DQN,2,160,29.05951172382248,136,0.5561268329620361,980.17,118080,131.71194734117194
PER_DQN,2,161,-81.91694834973904,214,0.8848106861114502,968.92,118080,131.14914403368772
PER_DQN,2,162,-74.96634233316544,188,0.7535569667816162,970.2399999999999,118080,131.33211656769276
PER_DQN,2,163,112.51493132307453,1000,4.791978597640991,917.8899999999998,118080,132.05016440288938
PER_DQN,2,164,-272.4734961935121,608,2.832009792327881,902.0200000000003,118080,136.82523779419623
PER_DQN,2,165,-85.91004360109609,78,0.3224766254425049,991.57,118080,137.16386188328556
PER_DQN,2,166,263.16751515568205,333,1.4197461605072021,967.2699999999999,118080,142.53663777413774
PER_DQN,2,167,-47.61083678040168,287,1.2363057136535645,950.5300000000001,118080,142.60584864127406
PER_DQN,2,168,-322.4260724806794,76,0.3146851062774658,995.17,118080,148.92515741930592
PER_DQN,2,169,164.0875897834531,614,2.8352208137512207,946.4799999999997,118080,150.26040967006494
PER_DQN,2,170,-64.68657921160897,133,0.5478448867797852,980.9499999999999,118080,150.34173238084531
PER_DQN,2,171,-135.5444476516951,194,0.819364070892334,973.5699999999999,118080,148.16484942449125
PER_DQN,2,172,106.8648743038495,1000,4.972959041595459,920.1999999999997,118080,149.11683728343928
PER_DQN,2,173,-192.06241446831362,234,0.9832303524017334,971.3499999999998,118080,150.97418913453293
PER_DQN,2,174,-48.8710525586946,1000,5.0017409324646,830.1699999999989,118080,150.98462947261748
PER_DQN,2,175,-47.511757508928774,78,0.3232452869415283,992.38,118080,150.71693443434015
PER_DQN,2,176,-208.2892196258957,88,0.35938572883605957,992.38,118080,153.0005820229064
PER_DQN,2,177,-141.2463371031871,85,0.35188746452331543,990.55,118080,152.13171336986548
PER_DQN,2,178,-18.58177280751883,96,0.4024999141693115,982.99,118080,152.11103757154459
PER_DQN,2,179,-82.18531876933865,97,0.40456652641296387,990.64,118080,152.06248468076197
PER_DQN,2,180,-193.99922271373828,270,1.1876282691955566,957.34,118080,153.92394964661477
PER_DQN,2,181,7.290989507305355,174,0.73716139793396,976.39,118080,149.3395328737384
PER_DQN,2,182,183.88679520767025,281,1.2443275451660156,959.7099999999999,118080,152.08366798246806
PER_DQN,2,183,2.1511897300214287,118,0.49408721923828125,982.87,118080,152.07201800932592
PER_DQN,2,184,-88.35013676960014,309,1.3310909271240234,957.22,118080,148.21007294188726
PER_DQN,2,185,171.81032771984613,270,1.2095329761505127,967.2699999999999,118080,150.60631663147268
PER_DQN,2,186,-54.20805358148155,134,0.5670115947723389,979.3299999999999,118080,150.5879214544841
PER_DQN,2,187,106.69840523318084,1000,5.0534508228302,902.86,118080,150.16127750367457
PER_DQN,2,188,-179.0523474233969,125,0.5436828136444092,983.26,118080,150.38670168128385
PER_DQN,2,189,-103.93957551760597,346,1.5372929573059082,939.9100000000001,118080,150.7674461214746
PER_DQN,2,190,-130.45028157982432,92,0.3829965591430664,994.36,118080,148.96122503825868
PER_DQN,2,191,-144.99029480400173,88,0.36618733406066895,993.67,118080,149.91001534657616
PER_DQN,2,192,-320.2874913287168,98,0.40328431129455566,990.97,118080,155.18612545541885
PER_DQN,2,193,-72.31644227177163,83,0.3434751033782959,990.25,118080,153.8769073079259
PER_DQN,2,194,-49.860915917682306,240,1.0505175590515137,957.28,118080,153.66948013631878
PER_DQN,2,195,219.86753851818486,335,1.5065817832946777,962.5599999999998,118080,153.45616657245378
PER_DQN,2,196,-62.03725112871446,88,0.3726491928100586,987.16,118080,152.67330223200503
PER_DQN,2,197,217.72996219481064,614,2.8761494159698486,940.2699999999998,118080,156.46422644481126
PER_DQN,2,198,3.9922845165328766,196,0.8459181785583496,968.9799999999999,118080,156.5118147127311
PER_DQN,2,199,-118.9022637090481,74,0.3148026466369629,988.6,118080,151.49887048943313
PER_DQN,2,200,-7.196955830917318,212,0.9660072326660156,964.3,118080,151.12510784821475
PER_DQN,2,201,119.7012789942557,939,4.406635999679565,897.0699999999999,118080,149.72197528631403
PER_DQN,2,202,187.33438924567105,489,2.3286690711975098,949.24,118080,147.80598498429882
PER_DQN,2,203,-5.781701232968451,1000,4.997185945510864,891.9100000000002,118080,147.7456052352294
PER_DQN,2,204,-195.94274847316342,118,0.49730801582336426,987.58,118080,144.26961303073185
PER_DQN,2,205,-148.72110568126942,83,0.3461756706237793,987.13,118080,142.57729586359312
PER_DQN,2,206,-87.84986103348578,102,0.4419984817504883,985.84,118080,142.64798613566703
PER_DQN,2,207,217.4936944998743,910,4.276922941207886,934.6899999999998,118080,146.38182503733526
PER_DQN,2,208,-144.4110674382921,162,0.6992757320404053,973.54,118080,142.5898574623139
PER_DQN,2,209,-25.653981082289732,198,0.844383955001831,967.6899999999999,118080,141.5924278049216
PER_DQN,2,210,-20.61736920153084,1000,5.137828350067139,856.8099999999997,118080,141.3001571199433
PER_DQN,2,211,180.86205439937487,444,1.9667308330535889,950.4999999999999,118080,144.41725865259963
PER_DQN,2,212,11.558080819409327,127,0.5486464500427246,980.98,118080,144.41798052527722
PER_DQN,2,213,-171.34068202983417,74,0.3263702392578125,996.25,118080,144.24787077485846
PER_DQN,2,214,212.59826797850303,353,1.6203546524047852,946.69,118080,144.36806719286335
PER_DQN,2,215,-182.87133124837456,67,0.2831575870513916,998.44,118080,145.79222666443798
PER_DQN,2,216,38.78512129262759,128,0.5480716228485107,975.6099999999999,118080,140.07698881704587
PER_DQN,2,217,71.9837219357826,1000,4.824160575866699,921.4599999999997,118080,140.83127115391846
PER_DQN,2,218,39.418868971506384,1000,4.994000196456909,897.7299999999998,118080,134.83457187468395
PER_DQN,2,219,-18.734922474631446,84,0.3673112392425537,986.71,118080,132.1453739363188
PER_DQN,2,220,256.51978596246647,317,1.426360845565796,968.4099999999997,118080,137.85726573378747
PER_DQN,2,221,-167.34370607571583,92,0.38428211212158203,988.51,118080,138.45671814704394
PER_DQN,2,222,302.76090480413114,431,1.9981606006622314,959.9499999999998,118080,144.6671607366695
PER_DQN,2,223,27.232830674312368,125,0.5290946960449219,981.4,118080,142.62192117745528
PER_DQN,2,224,243.97795643493535,381,1.7777771949768066,945.8199999999999,118080,146.98471866442424
PER_DQN,2,225,-184.1850808067161,209,0.8826243877410889,972.4599999999999,118080,148.96316022588266
PER_DQN,2,226,191.6779881338054,519,2.389421224594116,932.11,118080,148.84543368966214
PER_DQN,2,227,3.1402647753073722,105,0.4667980670928955,985.84,118080,147.51278966017955
PER_DQN,2,228,200.09558933069476,349,1.525209665298462,955.03,118080,150.09327450823903
PER_DQN,2,229,276.10433564223365,274,1.1756765842437744,963.2199999999999,118080,154.2480623085859
PER_DQN,2,230,-3.8100137137359553,92,0.39499711990356445,985.48,118080,151.4328355759517
PER_DQN,2,231,172.67067283775214,472,2.1912033557891846,928.5100000000001,118080,153.00193121323917
PER_DQN,2,232,-267.00077381962353,104,0.43998193740844727,991.3,118080,156.2948903077723
PER_DQN,2,233,-138.26730618793334,85,0.36830854415893555,992.44,118080,157.67345694619945
PER_DQN,2,234,264.3363639300351,379,1.7393805980682373,956.3199999999998,118080,161.07556426572566
PER_DQN,2,235,32.12587682321755,1000,5.110767841339111,866.8600000000001,118080,159.52950222907472
PER_DQN,2,236,204.2598785621703,168,0.7185187339782715,976.4799999999999,118080,161.48070010973578
PER_DQN,2,237,68.46911825320636,1000,5.104480028152466,886.9300000000001,118080,161.14446578912157
PER_DQN,2,238,-145.43189495921501,436,1.9650163650512695,931.48,118080,160.39647846579396
PER_DQN,2,239,199.08449970188636,948,4.553239107131958,949.0899999999995,118080,161.43622881374804
PER_DQN,2,240,40.70152648353075,1000,5.028547525405884,851.6799999999996,118080,159.95404522971643
PER_DQN,2,241,241.2861608267726,362,1.6381216049194336,959.7099999999998,118080,160.81465942831846
PER_DQN,2,242,-164.4265991780638,115,0.5068788528442383,986.98,118080,155.33128834411932
PER_DQN,2,243,8.262290402040136,299,1.2495448589324951,952.0,118080,154.60234533192207
PER_DQN,2,244,-63.87988353984306,96,0.3952827453613281,986.68,118080,154.7756293625601
PER_DQN,2,245,6.175456520015842,142,0.583676815032959,972.8799999999999,118080,152.64676279492892
PER_DQN,2,246,208.39319099805897,264,1.1220219135284424,965.3799999999999,118080,153.92248314028438
PER_DQN,2,247,294.6718950353623,203,0.875138521194458,981.16,118080,156.06408581155878
PER_DQN,2,248,-81.33019612529868,105,0.4427683353424072,990.04,118080,156.9264069775196
PER_DQN,2,249,8.858505258056184,121,0.5081617832183838,978.52,118080,155.35770245717865
PER_DQN,2,250,254.7682607874167,227,0.9655241966247559,974.8599999999999,118080,158.0011442838252
PER_DQN,2,251,248.32569184189302,283,1.2398111820220947,958.0899999999999,118080,160.19005230191343
PER_DQN,2,252,204.27339767123345,827,3.876072406768799,931.1499999999999,118080,160.4979087455585
PER_DQN,2,253,-79.80163633221383,96,0.4041624069213867,990.07,118080,161.34717344627072
PER_DQN,2,254,-262.9051392273193,174,0.7433435916900635,974.3199999999999,118080,163.63464898011372
PER_DQN,2,255,1.484904619633383,109,0.4685845375061035,982.48,118080,161.3688093309924
PER_DQN,2,256,-211.06575213353977,90,0.3717806339263916,987.88,118080,164.37485233730263
PER_DQN,2,257,-7.080056783633651,106,0.4479990005493164,983.89,118080,162.7418303630005
PER_DQN,2,258,263.499061124832,232,1.0309696197509766,971.8599999999999,118080,163.34081961082967
PER_DQN,2,259,-26.962183537845902,124,0.5286979675292969,981.55,118080,163.35330479172066
PER_DQN,2,260,-65.94022947352295,98,0.416841983795166,982.75,118080,163.87658493510818
PER_DQN,2,261,3.73049088283355,100,0.42788052558898926,982.66,118080,162.93680965371064
PER_DQN,2,262,226.81559817642926,376,1.715214729309082,955.9599999999999,118080,164.77225305426646
PER_DQN,2,263,13.560572079672061,1000,5.436458349227905,879.19,118080,161.7775636117131
PER_DQN,2,264,11.837893563116381,129,0.5512955188751221,985.36,118080,160.30539829125638
PER_DQN,2,265,145.98870788397934,1000,4.964702129364014,928.1799999999994,118080,157.28614451975685
PER_DQN,2,266,-501.0752539513789,137,0.589057207107544,980.8,118080,175.6721490598493
PER_DQN,2,267,-36.27465245667082,111,0.47598695755004883,986.4399999999999,118080,176.01700942132524
PER_DQN,2,268,-289.29162520781813,61,0.2572348117828369,993.73,118080,182.12706492451636
PER_DQN,2,269,234.4945765149656,397,1.9215166568756104,936.4000000000001,118080,183.98467308566586
PER_DQN,2,270,-72.64200803251688,88,0.5244417190551758,987.49,118080,182.1159702301434
PER_DQN,2,271,-38.202951740200916,135,0.5791623592376709,982.06,118080,180.1087314586259
PER_DQN,2,272,235.0519126699555,538,2.446820020675659,950.7999999999997,118080,178.36867123311654
PER_DQN,2,273,-23.874864659730335,122,0.5321519374847412,983.11,118080,178.5732817902308
PER_DQN,2,274,265.6977985257465,349,1.6055266857147217,956.0799999999999,118080,179.1021411801637
PER_DQN,2,275,6.697609938109579,119,0.5061616897583008,982.09,118080,176.35307445497446
PER_DQN,2,276,-189.9764530465951,138,0.5960526466369629,985.15,118080,177.9249560918654
PER_DQN,2,277,-114.45478375606795,124,0.5365018844604492,982.78,118080,179.0843243467119
PER_DQN,2,278,47.00218841885104,1000,5.004067420959473,886.1500000000001,118080,177.4712889470238
PER_DQN,2,279,241.5874258270105,359,1.594916820526123,957.9399999999999,118080,176.57008417593312
PER_DQN,2,280,-99.87281910170101,117,0.5084106922149658,984.1,118080,177.41990186717095
PER_DQN,2,281,256.3300630487136,628,2.932084083557129,949.5099999999996,118080,179.18574565682158
PER_DQN,2,282,110.12334437396346,1000,4.887704372406006,947.7699999999992,118080,174.52130339880276
PER_DQN,2,283,-13.324279424956003,119,0.5105907917022705,980.8299999999999,118080,172.91385165245495
PER_DQN,2,284,229.8761303235466,263,1.1475059986114502,962.14,118080,172.07379402663017
PER_DQN,2,285,155.9786844448912,516,2.501537322998047,924.1300000000001,118080,172.88236965769923
PER_DQN,2,286,-176.1640872286821,323,1.4319167137145996,952.63,118080,173.81012544653106
PER_DQN,2,287,221.12555609771775,313,1.3829360008239746,962.7099999999999,118080,175.7645798267576
PER_DQN,2,288,-44.51541707152583,127,0.5551702976226807,982.66,118080,174.26054856231545
PER_DQN,2,289,-150.0424678129498,102,0.43077731132507324,982.15,118080,174.59841451516797
PER_DQN,2,290,241.86819058081352,833,4.017902374267578,938.8299999999996,118080,177.11057771752758
PER_DQN,2,291,-250.63094931582012,483,2.2285850048065186,919.3900000000002,118080,178.9478610890356
PER_DQN,2,292,-24.34330064597566,237,1.0534441471099854,958.54,118080,177.0679846347651
PER_DQN,2,293,299.7733056576355,489,2.1938366889953613,960.1899999999998,118080,181.12564660783994
PER_DQN,2,294,85.66347725612044,1000,4.781173467636108,918.0999999999995,118080,180.7472694525696
PER_DQN,2,295,-158.24197880222408,215,0.9607465267181396,969.0999999999999,118080,182.7315528197142
PER_DQN,2,296,240.29864754584497,368,1.7078118324279785,953.08,118080,183.4009330240164
PER_DQN,2,297,10.715703145475814,109,0.4740104675292969,983.1999999999999,118080,179.55474393853567
PER_DQN,2,298,-314.7417647649279,103,0.44082117080688477,988.18,118080,185.25299178966907
PER_DQN,2,299,-184.27034013916585,140,0.5858135223388672,982.36,118080,187.4924266916725
PER_DQN,2,300,-79.10850998033716,104,0.44127750396728516,986.23,118080,184.8832420295193
PER_DQN,2,301,208.0805425933267,317,1.5506041049957275,966.3399999999998,118080,183.9366782709189
PER_DQN,2,302,95.8870723911767,1000,4.784982919692993,928.9299999999994,118080,182.27656224670915
PER_DQN,2,303,-278.8905479434291,147,0.620114803314209,980.68,118080,186.29799343629762
PER_DQN,2,304,24.89071968661672,95,0.4147768020629883,984.22,118080,182.34234323487834
PER_DQN,2,305,19.273828201839592,1000,4.65155291557312,893.3199999999998,118080,182.34167987781728
PER_DQN,2,306,-255.48833868820228,362,1.60597825050354,950.8899999999999,118080,183.52540151448423
PER_DQN,2,307,-39.21905831530496,191,0.8045940399169922,966.31,118080,183.6403737619807
PER_DQN,2,308,29.61416954306415,218,0.950526237487793,961.54,118080,180.0511970935758
PER_DQN,2,309,185.56157507318693,308,1.355309009552002,954.25,118080,181.75432525158058
PER_DQN,2,310,210.07690947658654,353,1.574974536895752,951.5799999999999,118080,183.57874104027772
PER_DQN,2,311,-53.34637237455405,79,0.3436148166656494,988.24,118080,183.81920653706624
PER_DQN,2,312,230.0116427502481,311,1.4036874771118164,956.8,118080,183.89397724337576
PER_DQN,2,313,233.23662955783337,325,1.4465782642364502,960.3699999999999,118080,186.45218336735076
PER_DQN,2,314,216.989712733905,419,1.856600284576416,932.2,118080,188.52216469853528
PER_DQN,2,315,231.2864136912095,398,1.7817656993865967,955.3299999999998,118080,190.0175370755738
PER_DQN,2,316,237.23607146989977,624,2.8431122303009033,935.47,118080,176.9073764848119
PER_DQN,2,317,8.96905103711913,1000,4.817612171173096,899.2599999999999,118080,176.63886503113952
PER_DQN,2,318,214.20739429598353,739,3.431635856628418,919.3900000000001,118080,171.9104150725622
PER_DQN,2,319,267.8857901627967,258,1.132181167602539,963.2499999999999,118080,172.69153315883813
PER_DQN,2,320,143.55735135600295,1000,4.562464475631714,946.1499999999995,118080,172.2729469710259
PER_DQN,2,321,65.19583860559771,1000,4.927410125732422,924.3099999999994,118080,171.7697885224785
PER_DQN,2,322,248.0073964481922,544,2.562464952468872,952.8399999999998,118080,172.04865216514733
PER_DQN,2,323,286.3181627458697,306,1.3179163932800293,959.0799999999999,118080,174.60695724971222
PER_DQN,2,324,202.53587040965226,310,1.4283080101013184,953.1999999999999,118080,173.3588376708135
PER_DQN,2,325,190.10908314659156,349,1.5496134757995605,947.56,118080,174.09752946603084
PER_DQN,2,326,-1.163775573121803,1000,5.103777170181274,851.4399999999996,118080,170.5317363415323
PER_DQN,2,327,156.17634443944257,449,2.041116237640381,938.0500000000001,118080,168.90927362408368
PER_DQN,2,328,-89.81714945124033,513,2.3771088123321533,909.3700000000003,118080,170.43302467628283
PER_DQN,2,329,-39.14655046004114,83,0.3480195999145508,989.53,118080,169.36485949470224
PER_DQN,2,330,-156.14568581169087,320,1.4226961135864258,945.46,118080,170.6460996213104
PER_DQN,2,331,-102.22045695267929,390,1.7769830226898193,934.9600000000002,118080,169.9861130083272
PER_DQN,2,332,242.65973932795742,348,1.5805156230926514,956.8299999999998,118080,171.80509558095116
PER_DQN,2,333,-16.84014855398229,179,0.7874774932861328,965.41,118080,171.83599059487702
PER_DQN,2,334,-0.10926690286491691,213,0.9452252388000488,962.17,118080,170.3085463422478
PER_DQN,2,335,215.1163589100891,681,3.1738617420196533,955.1799999999996,118080,171.20332972071938
PER_DQN,2,336,265.79800938144376,332,1.5135726928710938,961.6899999999998,118080,170.3461739463703
PER_DQN,2,337,-163.9355794456326,283,1.2198114395141602,956.9799999999999,118080,171.8473462126037
PER_DQN,2,338,-17.370882507688407,180,0.7670133113861084,971.92,118080,171.56497014419176
PER_DQN,2,339,-25.10325013389391,304,1.3406782150268555,951.49,118080,169.40364062651193
PER_DQN,2,340,169.50925331756676,861,4.60936975479126,886.9300000000004,118080,168.15800831829475
PER_DQN,2,341,-7.052742729534558,1000,5.139510869979858,825.1299999999989,118080,162.53151102888313
PER_DQN,2,342,272.38565483960144,344,1.5573499202728271,963.3099999999998,118080,164.58130654966556
PER_DQN,2,343,-73.77391636031464,1000,4.826151371002197,893.11,118080,162.46879869808583
PER_DQN,2,344,196.71023058905723,383,1.7546970844268799,940.4200000000001,118080,163.51868760048234
PER_DQN,2,345,286.9280645740031,408,1.8565964698791504,966.0699999999999,118080,163.22685618580084
PER_DQN,2,346,-635.720031727761,104,0.46111607551574707,987.22,118080,189.3732670699419
PER_DQN,2,347,35.17914128370501,188,0.8244667053222656,973.4799999999999,118080,189.2855934605111
PER_DQN,2,348,-187.01905488021816,168,0.7315893173217773,974.8,118080,185.06477775046483
PER_DQN,2,349,205.1621581938975,337,1.5467066764831543,969.2499999999998,118080,182.8154342455343
PER_DQN,2,350,240.3419608046017,436,2.0120882987976074,943.39,118080,183.16320251328685
PER_DQN,2,351,-1.2665773424692475,107,0.4657020568847656,984.13,118080,182.43828386105784
PER_DQN,2,352,190.15791072541373,399,1.8323090076446533,942.34,118080,183.1851417847503
PER_DQN,2,353,178.75902608716126,298,1.3552985191345215,955.18,118080,176.76746833809585
PER_DQN,2,354,-14.52791542122037,157,0.6935875415802002,970.7199999999999,118080,177.10221161447473
PER_DQN,2,355,-29.60774047910043,130,0.5724666118621826,980.62,118080,177.56855810703485
PER_DQN,2,356,243.77469103100285,312,1.3985202312469482,967.9899999999999,118080,172.44572233247013
PER_DQN,2,357,-59.16144983948743,142,0.6261482238769531,977.92,118080,172.76440362963828
PER_DQN,2,358,256.3714987367715,343,1.5469605922698975,964.4499999999999,118080,174.12935642855894
PER_DQN,2,359,-21.764273884249846,104,0.4622159004211426,986.86,118080,174.34558145558216
PER_DQN,2,360,-128.2046523942849,371,1.704883337020874,954.8199999999999,118080,176.0675195405174
PER_DQN,2,361,-148.060821612863,302,1.3451685905456543,954.0999999999999,118080,178.01382381261217
PER_DQN,2,362,195.62991296076623,250,1.0993201732635498,962.92,118080,177.49966167695817
PER_DQN,2,363,226.48416356193303,426,1.883054256439209,961.0299999999999,118080,177.38522123308394
PER_DQN,2,364,241.2441962274367,347,1.5309391021728516,958.0899999999999,118080,177.79343616227663
PER_DQN,2,365,237.85168955854994,443,2.0652215480804443,956.2899999999997,118080,177.90756842846432
PER_DQN,2,366,262.94479428670627,331,1.5260918140411377,959.8599999999999,118080,178.39760245831542
PER_DQN,2,367,278.3340830544418,469,2.223825693130493,949.3,118080,180.21231064749023
PER_DQN,2,368,7.394452461167944,130,0.5710084438323975,977.53,118080,179.59331675831183
PER_DQN,2,369,179.52196536701214,439,2.0967955589294434,938.23,118080,178.18278676328723
PER_DQN,2,370,-43.6528943294297,131,0.5645027160644531,980.17,118080,178.77476896889803
PER_DQN,2,371,-10.810979524350671,116,0.504460334777832,984.34,118080,179.18538939202088
PER_DQN,2,372,221.16743869852104,289,1.3167381286621094,962.7699999999999,118080,178.70519058526648
PER_DQN,2,373,292.3745034448335,275,1.230180263519287,958.12,118080,178.8508885179525
PER_DQN,2,374,304.3176284061578,265,1.1871016025543213,973.1199999999999,118080,180.86601044609975
PER_DQN,2,375,181.72527602326036,340,1.559175968170166,956.8,118080,180.76437232246028
PER_DQN,2,376,217.9596530630646,458,2.1009857654571533,952.4799999999999,118080,181.48965385675749
PER_DQN,2,377,259.40702483326993,352,1.6315791606903076,949.3,118080,182.91905325941713
PER_DQN,2,378,186.19340450479177,502,2.305286169052124,943.54,118080,181.79143242446818
PER_DQN,2,379,-97.30191594514588,356,1.6761863231658936,936.0400000000002,118080,182.785787711527
PER_DQN,2,380,-73.55012407381776,251,1.1052560806274414,956.41,118080,180.94454913045286
PER_DQN,2,381,186.44556870026955,917,4.451924800872803,927.0999999999998,118080,179.35947263966494
PER_DQN,2,382,-44.94657980681093,134,0.5729103088378906,981.9399999999999,118080,179.12609415744652
PER_DQN,2,383,235.97945212085864,428,1.9293110370635986,939.82,118080,179.64286260128227
PER_DQN,2,384,255.301873723275,560,2.5738112926483154,935.3500000000001,118080,180.53006454525777
PER_DQN,2,385,-234.67556959742896,428,1.9489099979400635,933.0700000000002,118080,185.64756386008375
PER_DQN,2,386,-51.57739448590699,150,0.6582262516021729,980.74,118080,184.948504766098
PER_DQN,2,387,-94.97985021674698,219,0.9758386611938477,964.6899999999999,118080,183.34824803405562
PER_DQN,2,388,231.7776442850226,938,4.6153364181518555,921.9399999999998,118080,183.88566807186623
PER_DQN,2,389,-4.4991330982650055,99,0.43223071098327637,982.18,118080,183.65044259541804
PER_DQN,2,390,-87.8430293421717,105,0.46094822883605957,985.99,118080,184.96012232574333
PER_DQN,2,391,-251.782036051484,301,1.3389978408813477,967.1799999999998,118080,190.4909215715973
PER_DQN,2,392,-430.62208896208534,336,1.5047876834869385,938.9500000000002,118080,201.42225255474995
PER_DQN,2,393,-395.7872820759852,345,1.5579171180725098,937.6600000000002,118080,210.72793206373015
PER_DQN,2,394,-263.80438790361825,627,3.0284969806671143,895.5100000000002,118080,214.56987569589404
PER_DQN,2,395,285.82985435957863,296,1.3233745098114014,972.2799999999999,118080,214.5457329767598
PER_DQN,2,396,-216.11676834268195,197,0.8596663475036621,971.5899999999999,118080,194.84015070511865
PER_DQN,2,397,277.81104033820964,237,1.0450353622436523,973.8699999999999,118080,197.19562908151164
PER_DQN,2,398,-178.9692196117673,401,1.8492200374603271,930.5800000000002,118080,196.99399100610358
PER_DQN,2,399,173.69942792045975,606,2.8988232612609863,920.1700000000002,118080,196.59170614300902
PER_DQN,2,400,-84.4848997249317,94,0.4130849838256836,985.45,118080,196.00025265275542
PER_DQN,2,401,273.52998636571056,281,1.3043301105499268,962.17,118080,198.13580119746032
PER_DQN,2,402,-149.167632044509,310,1.4093413352966309,944.5600000000002,118080,199.44730400556313
PER_DQN,2,403,-107.40773797412484,133,0.596038818359375,980.23,118080,199.93400575417067
PER_DQN,2,404,188.3805648840305,472,2.246258020401001,956.2599999999996,118080,200.64522404772737
PER_DQN,2,405,-61.03108188644987,146,0.6539533138275146,975.9399999999999,118080,200.95463341367596
PER_DQN,2,406,251.3089189580596,468,2.258545398712158,950.4699999999998,118080,201.10023139874156
PER_DQN,2,407,-78.45447318466096,296,1.3601837158203125,954.61,118080,201.33416465556925
PER_DQN,2,408,-180.49926047205994,214,0.9539129734039307,959.14,118080,201.79733489123885
PER_DQN,2,409,-254.47895686433534,360,1.6453900337219238,935.7400000000001,118080,205.90810194586058
PER_DQN,2,410,231.3277169275333,483,2.244821310043335,937.6,118080,206.20012237562096
PER_DQN,2,411,-148.78913226532103,384,1.8321833610534668,929.5300000000002,118080,206.21391152242845
PER_DQN,2,412,246.3064192763343,405,1.8742446899414062,951.6999999999999,118080,207.06581498364935
PER_DQN,2,413,213.20328600579063,347,1.58518648147583,947.74,118080,206.84481863512474
PER_DQN,2,414,162.2962024243024,512,2.4306678771972656,924.7900000000002,118080,205.65792663998192
PER_DQN,2,415,280.1792845815206,245,1.059643030166626,965.0199999999999,118080,206.53140130608938
PER_DQN,2,416,-153.86472124922324,361,1.6451148986816406,930.4000000000002,118080,206.0497782298977
PER_DQN,2,417,260.7487510015427,506,2.375067710876465,951.8799999999999,118080,205.65465496359178
PER_DQN,2,418,266.70578422710963,440,2.012697696685791,952.8699999999999,118080,208.0703653343574
PER_DQN,2,419,242.46533209006637,819,4.012221336364746,950.6499999999997,118080,209.07876609731343
PER_DQN,2,420,237.2921910740526,491,2.290445327758789,945.25,118080,210.40387180787076
PER_DQN,2,421,270.28530974448216,285,1.2625877857208252,968.4999999999999,118080,212.4449854591491
PER_DQN,2,422,257.5756163146632,351,1.6009514331817627,964.1199999999999,118080,213.07205281728181
PER_DQN,2,423,-105.32650763051646,287,1.2888002395629883,953.3199999999999,118080,211.53653764261023
PER_DQN,2,424,269.1523097688812,299,1.3444018363952637,967.7799999999999,118080,210.74201004823922
PER_DQN,2,425,-27.76667922340438,253,1.1290919780731201,958.42,118080,210.12048364920417
PER_DQN,2,426,211.9683098076087,386,1.7901561260223389,941.4100000000001,118080,210.02274101361334
PER_DQN,2,427,287.3968352718358,245,1.1036615371704102,963.49,118080,210.63375817963532
PER_DQN,2,428,-59.88456678899456,155,0.6681544780731201,975.1899999999999,118080,210.13064742933585
PER_DQN,2,429,204.1153653815818,641,3.016099691390991,931.81,118080,210.4518692358063
PER_DQN,2,430,143.67555313526788,1000,4.978464841842651,933.7599999999995,118080,210.19728072557143
PER_DQN,2,431,157.98257998872677,480,2.2422897815704346,935.0500000000001,118080,209.86407195494743
PER_DQN,2,432,-150.4230644856892,80,0.34386563301086426,996.1,118080,211.322766064986
PER_DQN,2,433,260.2488517746698,222,0.9907393455505371,969.0699999999998,118080,211.78391811130592
PER_DQN,2,434,-112.34469628792283,96,0.4197123050689697,993.34,118080,210.8169220818029
PER_DQN,2,435,248.23737538877847,298,1.3879971504211426,963.2199999999999,118080,209.06590238492458
PER_DQN,2,436,-148.3744345675391,100,0.4456062316894531,993.82,118080,210.43816755480802
PER_DQN,2,437,-14.667599982770298,186,0.8269541263580322,969.52,118080,209.64772911028678
PER_DQN,2,438,-192.13078069224542,168,0.7357041835784912,972.4899999999999,118080,210.66756167408974
PER_DQN,2,439,229.80695708533267,244,1.086399793624878,964.8999999999999,118080,212.20672431026662
PER_DQN,2,440,-226.05360523848975,198,0.879875898361206,962.1999999999999,118080,214.81049860450187
PER_DQN,2,441,-275.7919021901871,139,0.6093094348907471,976.4799999999999,118080,215.49420113981827
PER_DQN,2,442,212.9829938118095,801,3.819068193435669,939.9099999999996,118080,205.86757613297033
PER_DQN,2,443,268.40779815058914,636,3.1027169227600098,952.9899999999998,118080,197.60299991938652
PER_DQN,2,444,-115.42329029844568,110,0.48755908012390137,987.04,118080,193.66568387420904
PER_DQN,2,445,235.18281104519002,297,1.365422010421753,961.5699999999999,118080,192.67154315375936
PER_DQN,2,446,-92.19719433508544,75,0.32761621475219727,992.56,118080,189.74461613707015
PER_DQN,2,447,239.04986172491488,264,1.2041916847229004,960.76,118080,188.98347871518706
PER_DQN,2,448,-14.718461185909693,1000,4.7855517864227295,942.9699999999998,118080,185.99427100746513
PER_DQN,2,449,-210.75115441379506,260,1.1854376792907715,952.8100000000001,118080,189.68187400723787
PER_DQN,2,450,142.90043720008427,679,3.35261869430542,942.3999999999996,118080,188.70158143677855
PER_DQN,2,451,-67.09200982354574,76,0.3337585926055908,991.51,118080,187.45695603616755
PER_DQN,2,452,240.19407732097434,402,1.9257185459136963,943.7199999999999,118080,186.4643418683032
PER_DQN,2,453,218.8032355425201,288,1.3126013278961182,960.31,118080,185.7350554904331
PER_DQN,2,454,-92.42175833154252,98,0.42560839653015137,988.72,118080,186.60910962277254
PER_DQN,2,455,-138.00634408341563,178,0.7911951541900635,968.3499999999999,118080,188.0300670209971
PER_DQN,2,456,150.21033268773758,505,2.4397003650665283,928.1800000000001,118080,186.63594219471855
PER_DQN,2,457,-209.6432078812658,388,1.8971750736236572,933.7,118080,189.61115857895336
PER_DQN,2,458,249.06930313723845,474,2.2560760974884033,957.3099999999997,118080,187.88276491621667
PER_DQN,2,459,-57.0456400120727,112,0.498551607131958,983.38,118080,182.89252253576046
PER_DQN,2,460,-100.94888715650721,248,1.1068634986877441,963.91,118080,183.32763038105264
PER_DQN,2,461,285.950487855791,512,2.3951141834259033,970.9299999999996,118080,182.87069967421388
PER_DQN,2,462,-56.0603181042286,97,0.43207287788391113,989.95,118080,182.35421519158345
PER_DQN,2,463,-232.90797942202224,271,1.2197191715240479,958.99,118080,186.31805484094392
PER_DQN,2,464,-96.44772383098625,70,0.3052687644958496,994.33,118080,187.20663716407756
PER_DQN,2,465,-182.24848009472117,76,0.3314392566680908,995.44,118080,187.64167894480002
PER_DQN,2,466,-29.300303445395954,111,0.4911613464355469,985.9,118080,185.69333778237694
PER_DQN,2,467,242.9428146293545,481,2.303105354309082,936.5200000000001,118080,185.31635092651592
PER_DQN,2,468,-124.46563923465811,284,1.2847318649291992,951.28,118080,184.48114379974484
PER_DQN,2,469,-35.23819002620252,65,0.2840237617492676,992.02,118080,182.69861498235747
PER_DQN,2,470,119.91672045030572,1000,5.0618896484375,924.5199999999995,118080,180.91852763310044
PER_DQN,2,471,-123.98407276204412,99,0.42783188819885254,990.85,118080,179.27549372531777
PER_DQN,2,472,156.76409068774592,393,1.8356730937957764,937.1800000000001,118080,177.27941231349428
PER_DQN,2,473,-253.8708056557913,233,1.067760944366455,967.0599999999998,118080,180.727878555702
PER_DQN,2,474,286.48574633678606,296,1.3641669750213623,956.59,118080,181.20860796370027
PER_DQN,2,475,180.67922350679163,411,1.9279148578643799,954.2499999999999,118080,182.29424163959789
PER_DQN,2,476,-49.73144773391394,153,0.678530216217041,976.6899999999999,118080,180.77986908254888
PER_DQN,2,477,-123.96540668325173,84,0.36438727378845215,996.19,118080,178.03515043992252
PER_DQN,2,478,-238.96084688373173,220,0.9940767288208008,961.93,118080,181.33160091743406
PER_DQN,2,479,239.81173795049702,666,3.3117032051086426,922.6000000000001,118080,182.1464848479975
PER_DQN,2,480,237.94280710060244,741,3.748843193054199,939.9699999999997,118080,183.94878425079568
PER_DQN,2,481,-38.165313872801576,173,0.7689971923828125,976.18,118080,182.98437308884598
PER_DQN,2,482,-153.58297167338176,190,0.8569374084472656,965.5299999999999,118080,183.04128733639484
PER_DQN,2,483,204.59260231646186,918,4.500569581985474,944.7699999999992,118080,181.69727780064815
PER_DQN,2,484,-56.18863640760634,169,0.7567334175109863,970.81,118080,181.0998267555191
PER_DQN,2,485,273.0671939413601,677,3.3473498821258545,955.7799999999996,118080,181.77754187835072
PER_DQN,2,486,256.11325246326237,393,1.7916314601898193,964.2699999999999,118080,183.3963612620282
PER_DQN,2,487,237.92536434965464,856,4.108520984649658,955.2099999999996,118080,185.79714940597952
PER_DQN,2,488,-182.51420923217256,151,0.6743614673614502,976.1199999999999,118080,185.5756487727858
PER_DQN,2,489,-212.8827026809339,255,1.1527647972106934,956.41,118080,186.22967027145103
PER_DQN,2,490,0.09010341558069968,144,0.6373975276947021,974.8299999999999,118080,182.97078231162928
PER_DQN,2,491,235.88854699825794,441,2.1169426441192627,957.8499999999998,118080,180.30252161963415
PER_DQN,2,492,-137.55207200644742,83,0.3654212951660156,994.63,118080,179.964052529392
PER_DQN,2,493,254.3022271021831,585,2.7979416847229004,952.9899999999998,118080,179.5937455211409
PER_DQN,2,494,275.12387858377383,371,1.7041242122650146,967.3899999999999,118080,181.78600998344373
PER_DQN,2,495,141.4556416016783,870,4.768387794494629,939.5499999999995,118080,180.16795732695684
PER_DQN,2,496,-203.38704821908675,193,0.8972501754760742,969.3399999999999,118080,182.34990673955787
PER_DQN,2,497,-20.987668443237794,134,0.5926041603088379,979.3,118080,179.97614909852203
PER_DQN,2,498,235.51604991613058,516,2.5517101287841797,946.7499999999999,118080,182.30122332680324
PER_DQN,2,499,-46.249218515610266,149,0.6571972370147705,975.55,118080,179.4107217566094
PER_DQN,2,500,-224.00677088717194,642,3.05452823638916,913.1200000000002,118080,182.20792169190983
PPO,0,1,-219.601124,128,1.029231309890747,986.38,inf,0.0
PPO,0,2,-216.294402,99,1.036226511001587,989.8,inf,1.6533610000000039
PPO,0,3,-112.370681,79,1.037710189819336,993.13,inf,49.78781879452417
PPO,0,4,-275.487746,118,1.0335807800292969,987.19,inf,58.91932274810978
PPO,0,5,-255.85251,118,1.0169532299041748,989.56,inf,56.35436811142732
PPO,0,6,-307.300077,176,1.0477125644683838,978.58,inf,61.69478083212372
PPO,0,7,-163.620201,137,1.0648751258850098,984.34,inf,61.813553935313344
PPO,0,8,-71.619512,119,1.0501790046691895,985.6,inf,76.16064497972962
PPO,0,9,-78.837965,86,1.0525314807891846,989.71,inf,81.68758188552314
PPO,0,10,-29.961698,94,1.0567562580108643,986.05,inf,91.00500572811715
PPO,0,11,-38.401601,90,1.0475635528564453,988.51,inf,95.01771190264618
PPO,0,12,-258.367956,136,1.0705618858337402,982.84,inf,94.88121262669014
PPO,0,13,-99.766966,214,1.0765089988708496,970.84,inf,93.00571048375109
PPO,0,14,-186.526161,221,1.078199863433838,972.85,inf,89.81593924718925
PPO,0,15,-65.78677,203,1.3099849224090576,969.97,inf,90.25031580571977
PPO,0,16,-38.433107,145,1.080448865890503,978.22,inf,92.1026327533333
PPO,0,17,-70.406893,255,1.103339672088623,960.79,inf,91.34956854561878
PPO,0,18,-48.922678,287,1.2011675834655762,952.96,inf,91.54015767677278
PPO,0,19,-104.414033,301,1.1511242389678955,950.98,inf,89.47189821613014
PPO,0,20,-1.371242,148,1.264660120010376,972.76,inf,92.22449870601181
PPO,0,21,-132.057433,436,1.3597991466522217,924.7300000000002,inf,90.00189804862832
PPO,0,22,5.701608,120,1.5043668746948242,978.79,inf,92.50297474566791
PPO,0,23,-30.45096,214,1.2434265613555908,965.89,inf,92.53981048630543
PPO,0,24,-150.190139,291,1.38828444480896,951.37,inf,90.76952421094062
PPO,0,25,-68.323763,297,1.341029405593872,944.17,inf,89.57705343127617
PPO,0,26,23.281161,1000,2.454984426498413,887.6800000000001,inf,92.10097959650007
PPO,0,27,-32.728474,264,1.2908821105957031,955.84,inf,91.71172868694931
PPO,0,28,-46.487524,268,1.6356372833251953,951.13,inf,90.87982172091212
PPO,0,29,2.466974,239,1.3917436599731445,955.15,inf,91.61892076937973
PPO,0,30,-160.538453,468,1.5442092418670654,910.3900000000004,inf,90.61068070493664
PPO,0,31,-96.406887,1000,2.228588819503784,819.0699999999986,inf,89.15978843771613
PPO,0,32,16.419096,1000,1.7766962051391602,862.6000000000001,inf,90.3609214094618
PPO,0,33,-12.94076,211,1.5857272148132324,961.9,inf,90.32586624845761
PPO,0,34,-4.599833,1000,1.9369726181030273,818.8599999999985,inf,90.45910656708686
PPO,0,35,-112.618346,1000,2.010550022125244,820.2699999999986,inf,89.19096631309789
PPO,0,36,-68.972818,1000,2.04219388961792,818.3499999999985,inf,88.07603538361882
PPO,0,37,-120.261696,1000,1.8472506999969482,822.2799999999987,inf,86.9556986888216
PPO,0,38,-152.993587,1000,2.1380503177642822,812.8299999999983,inf,86.2516329475341
PPO,0,39,-92.775536,1000,1.8205325603485107,818.0199999999985,inf,85.14550803946716
PPO,0,40,-52.800609,1000,1.8306288719177246,820.1199999999986,inf,84.38906991220752
PPO,0,41,-105.921497,1000,1.8987855911254883,821.5899999999987,inf,83.36194795089591
PPO,0,42,-97.95825,1000,1.971294641494751,817.5999999999985,inf,82.36359968824311
PPO,0,43,-81.722543,1000,2.268681049346924,822.0999999999987,inf,81.43923653042619
PPO,0,44,-125.231551,1000,2.394604206085205,815.7699999999985,inf,80.61031002969496
PPO,0,45,-83.00917,1000,1.9001820087432861,812.4699999999983,inf,79.74302695996442
PPO,0,46,-135.761274,1000,1.676316261291504,815.3799999999985,inf,79.060246018293
PPO,0,47,-90.285884,1000,2.0833427906036377,817.5699999999986,inf,78.22508190594134
PPO,0,48,-76.333578,1000,2.7409627437591553,816.0399999999985,inf,77.47330149647313
PPO,0,49,-55.476688,1000,2.2633891105651855,818.4699999999985,inf,76.91933218367191
PPO,0,50,-182.896505,919,1.7749080657958984,836.0199999999993,inf,77.07695510726235
PPO,0,51,-59.272434,1000,2.191561460494995,819.6399999999986,inf,75.32064655537471
PPO,0,52,70.06168,1000,1.756333827972412,901.75,inf,76.83511414607766
PPO,0,53,-54.263792,1000,2.643311023712158,816.4599999999984,inf,76.93294692993794
PPO,0,54,-38.428675,1000,1.7745296955108643,816.5799999999984,inf,72.48291167326029
PPO,0,55,-40.317776,1000,2.3291563987731934,818.4699999999985,inf,68.45959855313838
PPO,0,56,-199.821312,920,1.8692920207977295,831.939999999999,inf,62.74237708170776
PPO,0,57,-86.409143,693,1.5205841064453125,878.3800000000006,inf,61.55518684122061
PPO,0,58,-25.333906,1000,2.352786064147949,825.1599999999988,inf,61.96771998979651
PPO,0,59,4.352683,1000,1.9129374027252197,815.4999999999984,inf,62.965544845792444
PPO,0,60,-18.506707,1000,1.9263734817504883,820.7199999999987,inf,63.14548268224753
PPO,0,61,14.685355,1000,2.336940050125122,852.9999999999999,inf,64.1671735063776
PPO,0,62,64.198011,1000,2.4132838249206543,874.8400000000004,inf,61.31606658241937
PPO,0,63,6.645286,1000,1.989910364151001,816.4299999999985,inf,61.95507674080244
PPO,0,64,30.563703,1000,1.9196231365203857,825.3099999999988,inf,60.81281489057075
PPO,0,65,110.748085,791,1.74534273147583,871.3300000000005,inf,65.31284864864278
PPO,0,66,-68.518135,628,1.5852460861206055,888.0400000000004,inf,65.28561363237134
PPO,0,67,26.673075,1000,1.9372859001159668,848.2899999999997,inf,66.28597247835559
PPO,0,68,50.407295,1000,2.6797544956207275,866.3200000000004,inf,67.90085871076379
PPO,0,69,-118.010831,639,1.59346342086792,888.6700000000004,inf,68.13383450428996
PPO,0,70,41.850819,1000,2.3715202808380127,859.5100000000001,inf,69.05234468918329
PPO,0,71,-1.221356,1000,1.6564486026763916,819.2199999999985,inf,68.45342328130252
PPO,0,72,51.223239,1000,2.413501739501953,866.3800000000003,inf,69.47786550203782
PPO,0,73,74.410627,1000,1.958587408065796,870.9400000000003,inf,71.54839936223638
PPO,0,74,39.558283,1000,2.2707931995391846,845.6799999999996,inf,70.98253312577573
PPO,0,75,52.096901,1000,1.985358476638794,874.9900000000004,inf,72.10936544154373
PPO,0,76,44.709171,1000,2.080857038497925,879.4900000000004,inf,72.54880105167368
PPO,0,77,31.79413,1000,2.4176931381225586,837.3699999999993,inf,73.23645156518164
PPO,0,78,-125.675327,940,2.0145559310913086,829.059999999999,inf,74.23787952676244
PPO,0,79,168.800345,944,1.5018770694732666,919.87,inf,79.60987119733868
PPO,0,80,-178.353771,985,2.287565231323242,823.2099999999988,inf,80.20001988754724
PPO,0,81,-134.326647,870,1.5541741847991943,843.8799999999995,inf,80.9315281347352
PPO,0,82,35.526261,1000,2.4583241939544678,859.0300000000001,inf,81.2323059294009
PPO,0,83,82.356133,1000,2.4188058376312256,862.2400000000002,inf,82.89083077130465
PPO,0,84,-78.412246,466,1.5044546127319336,917.9800000000002,inf,82.98017859771812
PPO,0,85,-112.109753,594,1.5304932594299316,892.9000000000004,inf,82.97096673492221
PPO,0,86,29.360618,1000,1.9024007320404053,832.5099999999991,inf,83.3593810190366
PPO,0,87,164.534222,557,1.6453776359558105,910.6300000000005,inf,87.00604833803024
PPO,0,88,-51.403309,469,1.447685718536377,914.1700000000004,inf,85.26849767094906
PPO,0,89,5.772814,1000,2.1654841899871826,824.2599999999987,inf,84.87540688469238
PPO,0,90,-87.202556,561,1.4731965065002441,903.6400000000004,inf,85.23222045391032
PPO,0,91,111.860689,636,1.5518817901611328,901.5100000000002,inf,86.60247022248126
PPO,0,92,61.196594,1000,1.6991002559661865,885.5800000000004,inf,86.67261120357173
PPO,0,93,-85.174733,561,1.589155673980713,900.4300000000004,inf,86.72414873574752
PPO,0,94,-41.355838,1000,2.1086816787719727,820.9599999999987,inf,85.45043259864005
PPO,0,95,154.892099,641,1.4554874897003174,928.87,inf,88.22577199700231
PPO,0,96,-150.170091,724,1.4816079139709473,865.0300000000003,inf,88.65097258555599
PPO,0,97,-114.033674,622,1.5192718505859375,894.3400000000004,inf,89.12813347909102
PPO,0,98,163.817625,627,1.41987943649292,922.3600000000002,inf,92.01485992949583
PPO,0,99,-24.331038,1000,1.498948335647583,818.9799999999985,inf,91.79849417610423
PPO,0,100,147.973702,634,1.504591703414917,906.5500000000004,inf,90.84918242899411
PPO,0,101,-69.300461,1000,1.6700630187988281,821.6799999999988,inf,90.988452700815
PPO,0,102,133.695519,650,1.5207939147949219,898.2700000000003,inf,92.41094767090863
PPO,0,103,123.482857,963,1.8918814659118652,833.3799999999992,inf,93.6646650709931
PPO,0,104,-77.981345,370,1.6401393413543701,935.74,inf,94.18166959631183
PPO,0,105,23.354748,1000,1.7281949520111084,821.7099999999987,inf,94.02059475944387
PPO,0,106,-70.589031,1000,1.6781425476074219,817.1199999999985,inf,90.0738648036986
PPO,0,107,43.456063,1000,1.8570828437805176,919.12,inf,89.22156774907064
PPO,0,108,-16.069741,1000,1.9902706146240234,820.5399999999987,inf,89.15917498646544
PPO,0,109,158.161441,858,1.8847053050994873,849.5199999999998,inf,91.55234347487293
PPO,0,110,106.762264,873,1.7581188678741455,876.1600000000003,inf,92.37980253112762
PPO,0,111,83.712366,657,1.6276109218597412,894.4900000000004,inf,92.87911342963541
PPO,0,112,67.078012,1000,1.5951149463653564,920.83,inf,92.90963405617636
PPO,0,113,100.171661,696,1.6806151866912842,890.6500000000003,inf,93.6321778518946
PPO,0,114,70.216431,1000,2.0931546688079834,870.7900000000005,inf,93.90010642134429
PPO,0,115,-93.800256,506,1.5700039863586426,912.0400000000004,inf,94.27355770814802
PPO,0,116,131.217896,685,1.6908087730407715,888.7300000000004,inf,94.87904902613984
PPO,0,117,-32.378399,1000,1.722109079360962,820.4499999999987,inf,95.1434959617617
PPO,0,118,-122.592655,692,1.6256048679351807,881.2000000000005,inf,97.0230129758048
PPO,0,119,-52.582347,425,1.5178546905517578,927.1,inf,95.66038206855424
PPO,0,120,-24.873996,1000,2.7666633129119873,822.0999999999988,inf,95.7513498092335
PPO,0,121,22.829763,1000,1.8150722980499268,824.0499999999988,inf,95.73235149814582
PPO,0,122,42.528879,1000,1.9990777969360352,854.68,inf,95.67396058047034
PPO,0,123,39.923475,1000,1.8030908107757568,822.7299999999988,inf,95.3644712006266
PPO,0,124,167.570714,418,1.7124571800231934,937.84,inf,97.7068800474865
PPO,0,125,-12.237458,1000,1.8488259315490723,818.9799999999987,inf,97.65352714378952
PPO,0,126,-62.582426,1000,2.657174825668335,821.5599999999987,inf,98.15980703654179
PPO,0,127,145.661808,679,1.7856237888336182,889.2100000000004,inf,99.87326590687368
PPO,0,128,-28.624253,1000,1.7513847351074219,820.1799999999987,inf,98.03950917339583
PPO,0,129,18.509531,1000,2.7724969387054443,864.0700000000003,inf,95.62292702513984
PPO,0,130,34.855287,1000,2.4852919578552246,836.4699999999992,inf,91.60610379778868
PPO,0,131,31.447595,1000,2.2831032276153564,827.349999999999,inf,88.97457519310424
PPO,0,132,15.194218,1000,1.6912057399749756,892.9900000000002,inf,88.95774971568238
PPO,0,133,-5.135536,1000,1.6651854515075684,877.2100000000004,inf,88.60278913236526
PPO,0,134,-30.829727,1000,2.599759101867676,821.5899999999987,inf,87.79546692948374
PPO,0,135,-112.730738,854,1.450002670288086,887.6200000000003,inf,87.81429228704047
PPO,0,136,29.213889,1000,2.4546706676483154,827.859999999999,inf,87.81400410507615
PPO,0,137,-80.745281,484,1.599600076675415,918.5200000000002,inf,86.48075724721991
PPO,0,138,-101.1461,414,1.6080327033996582,923.3200000000004,inf,87.52741007918736
PPO,0,139,-147.147959,704,1.4165940284729004,872.7700000000007,inf,90.4122392469868
PPO,0,140,133.616886,593,1.5919711589813232,915.28,inf,90.86516826936804
PPO,0,141,-61.151476,1000,2.233659029006958,819.6999999999986,inf,90.44664735661411
PPO,0,142,-131.240896,451,1.4817092418670654,921.8500000000004,inf,92.37322612151387
PPO,0,143,-191.70287,993,1.7857038974761963,819.6399999999987,inf,95.68554004397535
PPO,0,144,-68.0802,530,1.5605058670043945,905.8300000000004,inf,96.0264028818867
PPO,0,145,-93.447326,1000,2.06429123878479,819.3399999999987,inf,94.61642038948662
PPO,0,146,-184.223476,862,1.4467155933380127,848.7999999999997,inf,95.81833695657103
PPO,0,147,24.447617,1000,1.7643210887908936,867.4600000000005,inf,94.45954231644328
PPO,0,148,-93.455602,801,1.654937744140625,864.4300000000003,inf,92.56192358874588
PPO,0,149,76.68889,604,1.5517621040344238,899.3200000000004,inf,93.15041529649179
PPO,0,150,-41.103276,1000,1.581099510192871,818.4399999999986,inf,90.88257458521736
PPO,0,151,-61.486392,1000,1.8933711051940918,823.3599999999988,inf,90.77618540545947
PPO,0,152,-155.610166,705,1.413999080657959,878.0200000000006,inf,91.0677406677604
PPO,0,153,-29.444409,1000,1.8777940273284912,837.8499999999993,inf,89.10476381271016
PPO,0,154,-171.814648,938,1.822331428527832,836.8299999999994,inf,91.42566161228481
PPO,0,155,2.47379,1000,2.042806625366211,865.7200000000005,inf,91.3007494912599
PPO,0,156,-32.767291,1000,1.8848485946655273,818.3499999999985,inf,90.99007180161497
PPO,0,157,-112.973453,537,1.4558777809143066,903.8800000000005,inf,91.65227033503326
PPO,0,158,-28.717732,1000,2.400512933731079,818.2899999999986,inf,91.66682356622997
PPO,0,159,-59.439475,1000,1.8864610195159912,827.499999999999,inf,88.34086942753162
PPO,0,160,-97.480762,560,1.5617008209228516,896.5000000000005,inf,87.02328723903001
PPO,0,161,-33.657147,1000,1.9639818668365479,825.6399999999988,inf,85.61228616914514
PPO,0,162,-142.28353,788,1.6262598037719727,860.7400000000002,inf,85.97725125217933
PPO,0,163,-24.844663,1000,2.236156463623047,817.8399999999986,inf,83.88313944114759
PPO,0,164,-62.10667,1000,2.0809032917022705,822.0699999999988,inf,82.60842377299088
PPO,0,165,-22.637365,1000,1.8531863689422607,815.2599999999984,inf,82.23603707154734
PPO,0,166,-44.730906,1000,1.9293217658996582,821.0499999999988,inf,78.69612138082961
PPO,0,167,2.38775,1000,2.683840751647949,840.9099999999994,inf,78.90892838961629
PPO,0,168,-138.035559,982,1.9921739101409912,825.9099999999988,inf,79.26584763799403
PPO,0,169,25.964633,1000,2.0892088413238525,835.1799999999993,inf,79.75938213277946
PPO,0,170,-118.731076,594,1.5156338214874268,896.0800000000004,inf,80.54069620014845
PPO,0,171,-108.412578,599,1.4901812076568604,893.2600000000004,inf,80.60905346502966
PPO,0,172,-113.655652,770,1.5329136848449707,863.2600000000003,inf,80.29829332452856
PPO,0,173,-166.352405,929,2.1451196670532227,835.7499999999993,inf,81.11731322601261
PPO,0,174,-132.991692,807,1.6569387912750244,854.92,inf,75.788232239402
PPO,0,175,-76.252634,1000,2.003007650375366,820.0599999999987,inf,75.5909837687875
PPO,0,176,70.827822,1000,1.9293997287750244,867.2200000000004,inf,77.65714245079629
PPO,0,177,-7.403532,1000,2.0600366592407227,834.0099999999992,inf,72.5819182078338
PPO,0,178,8.366524,1000,2.054823875427246,863.4700000000003,inf,73.05374558946438
PPO,0,179,90.110003,752,1.6719489097595215,877.3300000000005,inf,75.17512730091136
PPO,0,180,-57.882731,1000,1.7563180923461914,814.6599999999985,inf,74.0770465194554
PPO,0,181,-40.131587,278,1.4127066135406494,946.5700000000002,inf,73.04568591006583
PPO,0,182,-130.249724,719,1.629042148590088,872.1700000000006,inf,72.96677291459062
PPO,0,183,4.840821,947,1.865912914276123,847.4499999999996,inf,73.13261087012367
PPO,0,184,37.965993,1000,2.5277187824249268,845.7999999999996,inf,74.3203501848219
PPO,0,185,-131.603801,618,1.608353614807129,893.1400000000004,inf,74.63756424897673
PPO,0,186,-143.275282,714,1.6514153480529785,872.6500000000005,inf,74.43118443901842
PPO,0,187,-82.834239,337,1.6031267642974854,941.35,inf,74.44159849405854
PPO,0,188,-158.480739,700,1.6515491008758545,870.0100000000004,inf,75.45116164401027
PPO,0,189,-160.342905,870,1.6789216995239258,840.4899999999993,inf,75.762542799155
PPO,0,190,-27.533834,1000,1.8491771221160889,821.7999999999987,inf,70.50406476070353
PPO,0,191,-162.625795,825,1.901050090789795,851.2899999999997,inf,71.73070424882111
PPO,0,192,52.165438,1000,2.410844326019287,860.9200000000002,inf,73.17599634181839
PPO,0,193,-111.926209,586,1.6192810535430908,896.7700000000006,inf,71.26810407506491
PPO,0,194,35.702492,1000,2.119295358657837,848.1999999999997,inf,72.63632211765008
PPO,0,195,35.431681,1000,1.572026014328003,877.5100000000004,inf,73.7730424362138
PPO,0,196,48.490879,1000,1.8674697875976562,862.9900000000002,inf,73.12727767376484
PPO,0,197,33.277035,1000,1.9701695442199707,865.5700000000004,inf,73.33013542778193
PPO,0,198,136.990366,906,1.8643989562988281,884.9200000000002,inf,77.87989513858453
PPO,0,199,79.474818,827,1.6171298027038574,870.1900000000005,inf,77.97185865742951
PPO,0,200,-73.894169,348,1.492192029953003,939.94,inf,78.02788759977604
PPO,0,201,-114.783363,682,1.907834529876709,875.7100000000005,inf,78.52410442650394
PPO,0,202,-80.113808,830,1.4686026573181152,855.76,inf,77.23698785178405
PPO,0,203,50.53158,1000,1.8585221767425537,859.5700000000002,inf,78.47913549536042
PPO,0,204,-123.840265,529,1.4774351119995117,908.4700000000004,inf,77.25694524136239
PPO,0,205,28.871665,1000,2.1977627277374268,858.3100000000001,inf,77.6901447559494
PPO,0,206,-101.738647,233,1.2925989627838135,955.9,inf,78.02555702301143
PPO,0,207,8.011985,1000,1.7707958221435547,884.2000000000004,inf,77.880308572307
PPO,0,208,-62.505608,623,1.3742241859436035,889.1500000000004,inf,77.86887344910252
PPO,0,209,-140.884928,847,1.560849666595459,849.1599999999997,inf,78.95080718030678
PPO,0,210,-147.268092,789,1.4320669174194336,860.1700000000002,inf,79.8659485647284
PPO,0,211,128.897711,877,2.10537052154541,860.1400000000002,inf,83.6782162096884
PPO,0,212,141.322664,783,1.454153299331665,866.5000000000005,inf,86.56515815210255
PPO,0,213,144.027309,790,1.8140313625335693,868.7800000000005,inf,90.34041604035127
PPO,0,214,-79.408062,647,1.4310154914855957,885.2200000000005,inf,90.46669982336377
PPO,0,215,-108.066575,531,1.3871252536773682,908.5600000000004,inf,90.96694374728798
PPO,0,216,140.144618,665,1.659919261932373,890.9500000000004,inf,94.37843536543954
PPO,0,217,-133.703165,792,1.653986930847168,855.3699999999999,inf,95.192474783035
PPO,0,218,19.25819,1000,2.207038402557373,863.7400000000002,inf,94.45292759606073
PPO,0,219,-83.087402,386,1.292914628982544,927.8800000000002,inf,94.26677808811655
PPO,0,220,-82.849051,329,1.2786598205566406,942.04,inf,93.78254768501768
PPO,0,221,184.325525,564,1.3865270614624023,905.6200000000003,inf,98.17560556179006
PPO,0,222,-101.018893,483,1.4551734924316406,913.5700000000004,inf,97.97890925680828
PPO,0,223,150.8263,638,1.6739885807037354,896.0200000000004,inf,99.2618628810918
PPO,0,224,158.415722,686,1.6394541263580322,895.8100000000004,inf,101.25775156371161
PPO,0,225,-148.138833,500,1.4877376556396484,913.1500000000004,inf,102.56647946395948
PPO,0,226,-104.990371,602,1.5805416107177734,891.2200000000005,inf,102.40098892056149
PPO,0,227,-92.599498,233,1.6800122261047363,956.89,inf,102.82420827307836
PPO,0,228,-81.611207,732,1.49924635887146,871.3900000000006,inf,103.00529199441978
PPO,0,229,172.579891,573,1.4337291717529297,900.8200000000004,inf,105.50007233544106
PPO,0,230,-91.849136,561,1.5453753471374512,900.0100000000004,inf,105.81518033007096
PPO,0,231,-86.318452,490,1.4391529560089111,909.3400000000004,inf,106.13392095893141
PPO,0,232,-95.965746,709,1.66200590133667,874.1200000000006,inf,105.5747065613083
PPO,0,233,130.724916,499,1.560560941696167,921.4300000000002,inf,107.76871853819486
PPO,0,234,124.41524,540,1.5117628574371338,915.61,inf,109.42835232870556
PPO,0,235,94.202873,845,1.6793780326843262,871.2700000000006,inf,109.47905799244676
PPO,0,236,-157.734858,780,1.4958007335662842,862.5400000000004,inf,109.82900028014504
PPO,0,237,74.911291,907,1.5869951248168945,848.5599999999998,inf,110.18524033017684
PPO,0,238,-76.485716,324,1.5400938987731934,943.87,inf,108.63395278662979
PPO,0,239,-96.472018,461,1.3282725811004639,917.7100000000004,inf,107.26266885640231
PPO,0,240,137.360137,581,1.648409128189087,908.9200000000002,inf,109.24747223389441
PPO,0,241,-75.755557,554,1.4132893085479736,904.5100000000004,inf,107.4601167426189
PPO,0,242,-84.641325,519,1.4219260215759277,907.2100000000004,inf,107.66404822458904
PPO,0,243,15.821176,1000,2.5682992935180664,892.24,inf,106.71680090903322
PPO,0,244,25.454862,1000,1.768355131149292,902.8000000000002,inf,106.64434297061436
PPO,0,245,-71.57822,424,1.5169532299041748,927.22,inf,106.8401135532049
PPO,0,246,-50.027093,375,1.3507294654846191,931.4800000000002,inf,106.66298871389962
PPO,0,247,106.468969,690,1.5323936939239502,891.5800000000003,inf,107.76197917486549
PPO,0,248,-63.73976,520,1.5890271663665771,910.2100000000004,inf,105.93903708431922
PPO,0,249,165.011154,693,1.6868798732757568,898.7200000000005,inf,108.10162538737637
PPO,0,250,84.58165,1000,1.7123069763183594,909.82,inf,108.56823090981295
PPO,0,251,128.852454,637,1.644972801208496,904.7200000000004,inf,109.17773528927935
PPO,0,252,149.564965,961,1.6410374641418457,898.0000000000003,inf,110.70596043927765
PPO,0,253,146.764649,584,1.5147716999053955,908.2000000000004,inf,112.38379177366458
PPO,0,254,134.68573,757,1.495485782623291,896.6500000000001,inf,112.4052626112959
PPO,0,255,156.623124,757,1.5002641677856445,876.9100000000007,inf,114.29708292111242
PPO,0,256,-65.289472,656,1.401388168334961,888.4900000000005,inf,113.6961342151634
PPO,0,257,27.644462,1000,2.003786325454712,878.8000000000004,inf,113.71963843526204
PPO,0,258,172.968409,746,1.6860604286193848,874.3000000000006,inf,115.43196308005436
PPO,0,259,77.563232,680,1.586310625076294,900.4300000000002,inf,113.53249558828344
PPO,0,260,156.762555,733,1.7373130321502686,874.9300000000006,inf,112.53247114271944
PPO,0,261,139.203639,713,1.4441726207733154,891.7900000000004,inf,112.72932922500115
PPO,0,262,83.472008,1000,1.5032854080200195,920.5600000000002,inf,111.83911036836946
PPO,0,263,-88.871887,200,1.6665263175964355,967.12,inf,111.65234161375295
PPO,0,264,-146.703067,875,1.9922492504119873,847.3599999999997,inf,113.24601772920772
PPO,0,265,171.815582,733,1.688842535018921,875.7400000000006,inf,113.72217869454741
PPO,0,266,74.071119,753,1.741245985031128,877.0000000000005,inf,112.75652506560367
PPO,0,267,69.260936,783,1.5558784008026123,870.8800000000005,inf,110.65066724344467
PPO,0,268,81.25598,749,1.463292121887207,881.5000000000003,inf,110.89557811862448
PPO,0,269,-183.52973,934,1.6493024826049805,834.0699999999991,inf,113.78000803139238
PPO,0,270,-145.007004,477,1.569786787033081,916.3000000000004,inf,115.30268330862076
PPO,0,271,-35.654647,1000,1.8211443424224854,839.0199999999993,inf,113.3481378167843
PPO,0,272,-93.952087,184,1.2909119129180908,966.13,inf,113.19977917005174
PPO,0,273,-42.857182,244,1.7538275718688965,955.81,inf,112.01525681466795
PPO,0,274,-74.612812,267,1.6382369995117188,949.87,inf,110.90224086920988
PPO,0,275,-88.783262,390,1.4886448383331299,932.5600000000002,inf,109.48009549850912
PPO,0,276,16.856761,1000,2.118752956390381,890.8300000000002,inf,108.1492407219284
PPO,0,277,-143.344182,696,1.5970110893249512,877.0600000000005,inf,109.39988171924699
PPO,0,278,-148.46027,598,1.516463279724121,897.6700000000005,inf,110.97639736839774
PPO,0,279,-145.999952,482,1.391594409942627,918.8500000000004,inf,110.84711291156282
PPO,0,280,-88.282441,245,1.7143354415893555,956.32,inf,110.78405749883703
PPO,0,281,102.034002,830,1.973517894744873,855.1,inf,110.71770448606236
PPO,0,282,147.541031,687,1.7330267429351807,886.4200000000005,inf,111.22943201650713
PPO,0,283,-113.56949,601,1.6102075576782227,891.2800000000004,inf,111.47258557819202
PPO,0,284,167.888177,680,1.5402538776397705,885.6100000000006,inf,112.51321247809041
PPO,0,285,-91.937215,513,1.5143566131591797,907.7500000000005,inf,112.82880847416176
PPO,0,286,-84.949517,230,1.6679744720458984,956.08,inf,111.1272077687501
PPO,0,287,-46.066281,213,1.4930121898651123,960.16,inf,111.0105837122757
PPO,0,288,-90.071423,653,1.5261824131011963,885.7000000000005,inf,111.23310061161989
PPO,0,289,-68.291806,213,1.5988483428955078,963.91,inf,110.77486551974846
PPO,0,290,86.909724,816,1.548151969909668,862.8400000000003,inf,109.81899420098327
PPO,0,291,-114.735421,506,1.5721449851989746,905.5300000000004,inf,110.54069726615764
PPO,0,292,-153.303205,710,1.6173572540283203,872.3500000000006,inf,112.07849286936538
PPO,0,293,135.24777,669,1.776240348815918,895.8400000000003,inf,113.54683108399207
PPO,0,294,91.151627,792,1.6506993770599365,872.8300000000004,inf,114.1270438467581
PPO,0,295,124.979014,668,1.433751106262207,895.1500000000003,inf,114.67832512184732
PPO,0,296,-101.595014,614,1.713151454925537,889.0000000000005,inf,115.4663090753156
PPO,0,297,-124.6295,517,1.5068378448486328,911.5300000000004,inf,116.19894076772984
PPO,0,298,-75.513031,352,1.6339929103851318,933.1900000000002,inf,116.3538127580943
PPO,0,299,201.966524,653,1.5239436626434326,886.7200000000005,217348,117.46891115029376
PPO,0,300,-62.976335,627,1.3275995254516602,891.5200000000004,217348,117.34813018584286
PPO,0,301,101.162942,919,1.6303822994232178,870.3400000000003,217348,116.82424881394846
PPO,0,302,106.917158,669,1.7032454013824463,893.1400000000003,217348,115.9102191300683
PPO,0,303,-56.038929,498,1.5015504360198975,913.2100000000004,217348,114.35037431167667
PPO,0,304,-77.165957,597,1.423341989517212,893.3500000000004,217348,113.16523056610421
PPO,0,305,170.062591,501,1.4241375923156738,931.1500000000002,217348,113.5644765383413
PPO,0,306,68.087339,745,1.7075233459472656,880.2400000000005,217348,113.68125831063526
PPO,0,307,-48.300148,980,1.7898592948913574,835.5399999999993,217348,113.77910958177134
PPO,0,308,-99.262328,636,1.4413440227508545,887.5000000000005,217348,111.68613196641073
PPO,0,309,99.578251,753,1.5257995128631592,883.4200000000003,217348,112.07006593721874
PPO,0,310,-125.010414,675,1.612701416015625,882.7600000000004,217348,110.68069463098206
PPO,0,311,-43.171135,1000,1.543231725692749,822.2199999999988,217348,108.54300596081461
PPO,0,312,159.324293,784,1.6700124740600586,867.2200000000005,217348,110.4643576034264
PPO,0,313,126.606979,889,1.8963367938995361,858.7300000000002,217348,111.75376850305447
PPO,0,314,137.416496,727,1.6049487590789795,889.7800000000004,217348,111.99435540177096
PPO,0,315,197.421065,588,1.39400315284729,903.0100000000004,217348,112.86390092188692
PPO,0,316,75.112511,917,1.6308565139770508,848.8299999999997,217348,112.87877529981547
PPO,0,317,185.039503,843,1.503908634185791,857.8600000000001,217348,115.55483774209894
PPO,0,318,54.57635,1000,1.6677484512329102,863.3800000000003,217348,115.22247406938202
PPO,0,319,78.914889,1000,1.6036267280578613,878.0800000000006,217348,112.88886698445971
PPO,0,320,126.562967,771,1.387343406677246,872.6500000000005,217348,112.26345806949381
PPO,0,321,-79.691734,784,1.3582391738891602,865.6300000000005,217348,112.76201340064576
PPO,0,322,185.089331,722,1.7069838047027588,877.2100000000006,217348,114.58844996332328
PPO,0,323,-143.535835,579,1.4072976112365723,900.6700000000004,217348,116.39030659164793
PPO,0,324,158.475121,745,1.4140710830688477,915.76,217348,117.60387946338406
PPO,0,325,-83.121483,687,1.47556471824646,880.4500000000005,217348,117.5077339194258
PPO,0,326,207.601953,618,1.460883378982544,891.6700000000005,217348,120.59689416554444
PPO,0,327,113.41207,785,1.4598045349121094,871.9900000000006,217348,119.0857464505789
PPO,0,328,185.208285,690,1.3968474864959717,884.9200000000005,217348,118.64611560949668
PPO,0,329,110.498706,569,1.614159107208252,909.4300000000004,217348,116.47047109347524
PPO,0,330,-89.809782,517,1.504037618637085,908.2600000000004,217348,116.50291006805949
PPO,0,331,208.881532,637,1.6354129314422607,890.9500000000005,217348,118.67906815468031
PPO,0,332,192.971284,565,1.55267333984375,904.7500000000005,217348,119.69316581073554
PPO,0,333,177.454133,506,1.4313294887542725,919.6300000000002,217348,119.2715804253037
PPO,0,334,32.804639,1000,1.7835960388183594,880.7200000000003,217348,117.94612026024059
PPO,0,335,193.378377,655,1.55857253074646,897.5200000000004,217348,118.28730334096603
PPO,0,336,162.734261,561,1.4792397022247314,907.4500000000004,217348,117.8637434625988
PPO,0,337,138.918237,905,1.5865578651428223,905.65,217348,117.6473012838336
PPO,0,338,-108.660932,728,1.4220106601715088,873.8500000000006,217348,118.13405735700537
PPO,0,339,191.141869,577,1.4495799541473389,903.5200000000004,217348,118.31126513732278
PPO,0,340,173.145508,568,1.4282376766204834,908.8000000000004,217348,119.31554501645485
PPO,0,341,-62.645943,544,1.3901612758636475,906.9400000000004,217348,117.99046418098281
PPO,0,342,200.83524,544,1.4645144939422607,914.6800000000004,217348,115.40961793902454
PPO,0,343,190.611295,503,1.4244022369384766,923.7100000000004,217348,116.29412869178273
PPO,0,344,156.496895,562,1.369652509689331,912.6400000000004,217348,116.8796403100242
PPO,0,345,191.707265,477,1.3719375133514404,929.5,217348,117.85107508854918
PPO,0,346,82.718814,1000,1.4893040657043457,936.7299999999994,217348,115.16611383739344
PPO,0,347,198.323244,473,1.3705487251281738,927.7000000000004,217348,112.69150521614837
PPO,0,348,-93.657688,331,1.3101637363433838,945.4,217348,113.2316257201071
PPO,0,349,182.378039,495,1.3766791820526123,931.45,217348,112.85384611244373
PPO,0,350,-35.066028,391,1.575871467590332,933.49,217348,112.19769136758649
PPO,0,351,202.42303,536,1.4039137363433838,925.6,217348,113.40510890875983
PPO,0,352,-39.75351,416,1.3768641948699951,929.7100000000002,217348,114.70407372487476
PPO,0,353,-82.328602,343,1.2954621315002441,943.27,217348,115.39663494232671
PPO,0,354,-39.888012,324,1.307384729385376,941.9500000000002,217348,114.48206901120737
PPO,0,355,135.747238,446,1.32304048538208,930.97,217348,114.05920067227198
PPO,0,356,230.356633,493,1.6672422885894775,921.9400000000004,217348,115.90639572627005
PPO,0,357,-105.282354,452,1.3618686199188232,921.1600000000002,217348,117.4847764331303
PPO,0,358,119.618075,630,1.4002511501312256,901.7500000000005,217348,114.60762463111188
PPO,0,359,144.848029,531,1.4354703426361084,920.2600000000002,217348,114.86899870255496
PPO,0,360,117.589032,1000,1.4075243473052979,948.73,217348,110.7538579935015
PPO,0,361,-62.276943,557,1.3882429599761963,902.9200000000004,217348,111.25962371307872
PPO,0,362,230.700884,511,1.3443989753723145,921.8200000000004,217348,112.53900541396536
PPO,0,363,139.599694,616,1.3794612884521484,905.7700000000002,217348,112.62563724788988
PPO,0,364,68.401791,1000,1.4195399284362793,922.0,217348,112.52878354673285
PPO,0,365,-31.190955,214,1.4025564193725586,961.63,217348,112.89057222612955
PPO,0,366,187.890633,379,1.3132357597351074,941.74,217348,113.69939444601215
PPO,0,367,43.567609,1000,1.5580344200134277,902.41,217348,113.10769179015001
PPO,0,368,-36.33921,372,1.309826374053955,934.72,217348,114.37295617260952
PPO,0,369,-69.435588,424,1.3945012092590332,927.6400000000002,217348,116.4586275000176
PPO,0,370,219.390538,456,1.2988972663879395,927.2200000000004,217348,117.84779911484256
PPO,0,371,-86.143765,475,1.4678266048431396,916.5700000000004,217348,118.03281220844127
PPO,0,372,-18.158888,327,1.2984058856964111,939.7000000000002,217348,118.05409201866382
PPO,0,373,-52.140808,344,1.2479753494262695,938.14,217348,115.22061006693951
PPO,0,374,221.23214,503,1.3648614883422852,920.2000000000004,217348,116.36253999436157
PPO,0,375,-104.319201,442,1.3373310565948486,922.5100000000002,217348,117.01159303066574
PPO,0,376,-43.42427,389,1.259162187576294,931.12,217348,117.01634143067761
PPO,0,377,-41.719341,289,1.4426600933074951,947.89,217348,118.13235887135517
PPO,0,378,231.280699,588,1.3341307640075684,938.47,217348,119.15131967472695
PPO,0,379,70.836553,1000,1.8758141994476318,911.2899999999998,217348,119.06103597965647
PPO,0,380,147.437504,444,1.4307117462158203,933.07,217348,117.04033836186677
PPO,0,381,-42.14491,371,1.3374361991882324,934.3300000000002,217348,116.85063696491288
PPO,0,382,185.063012,547,1.4169409275054932,912.1300000000005,217348,116.69804829376406
PPO,0,383,-7.879445,310,1.3259286880493164,946.24,217348,116.36853183822734
PPO,0,384,208.892365,483,1.2818279266357422,951.5799999999998,217348,117.76778620245064
PPO,0,385,183.018998,461,1.3408162593841553,931.2100000000002,217348,117.57021748076859
PPO,0,386,-17.983042,461,1.269573450088501,919.4800000000002,217348,117.62265757833995
PPO,0,387,178.850318,494,1.4226007461547852,930.49,217348,118.20656448788436
PPO,0,388,-68.535737,389,1.457982063293457,929.8300000000002,217348,117.10108321005802
PPO,0,389,-58.128175,471,1.4839389324188232,914.4100000000004,217348,117.3084974677163
PPO,0,390,36.204275,1000,1.7303736209869385,925.9299999999998,217348,116.4378262219046
PPO,0,391,202.973826,515,1.4658255577087402,915.3700000000003,217348,116.49968526247574
PPO,0,392,184.169941,488,1.3022918701171875,919.2700000000002,217348,116.15239887297707
PPO,0,393,199.55743,511,1.3472685813903809,916.3600000000004,217348,116.34304457405801
PPO,0,394,181.353995,501,1.4959640502929688,929.53,217348,116.75836065377968
PPO,0,395,201.219186,597,1.4639897346496582,934.12,217348,116.96113675834722
PPO,0,396,-103.586414,547,1.528677225112915,904.3000000000004,217348,119.50027103278234
PPO,0,397,237.202246,477,1.3720264434814453,919.0300000000004,217348,120.4665679538188
PPO,0,398,189.773172,469,1.448932409286499,921.7000000000004,217348,119.34020519564149
PPO,0,399,-52.337415,329,1.3850984573364258,943.66,217348,119.62895492404787
PPO,0,400,224.428792,530,1.4058756828308105,921.2800000000002,217348,120.58235188240667
PPO,0,401,-83.785751,311,1.2455623149871826,946.09,217348,121.19941122986077
PPO,0,402,174.087582,558,1.5124411582946777,910.9300000000004,217348,121.04193309852852
PPO,0,403,220.29036,494,1.3902528285980225,919.0300000000002,217348,120.65075386900791
PPO,0,404,219.37005,562,1.3223650455474854,914.6800000000004,217348,120.96539622876406
PPO,0,405,177.623784,619,1.7180614471435547,929.98,217348,121.45780579083956
PPO,0,406,195.19838,448,1.4632484912872314,928.1500000000002,217348,120.71863395504
PPO,0,407,212.315069,484,1.502617597579956,924.4900000000002,217348,118.87360407684156
PPO,0,408,173.842843,523,1.5047705173492432,921.8500000000004,217348,119.37158607965169
PPO,0,409,234.278742,497,1.6392590999603271,923.0500000000002,217348,120.8028600102375
PPO,0,410,-4.538419,316,1.389237642288208,949.78,217348,121.54094795611921
PPO,0,411,165.77442,481,1.530219316482544,924.8200000000002,217348,119.9373066125623
PPO,0,412,-45.372979,392,1.3383407592773438,933.0400000000002,217348,119.98591202789964
PPO,0,413,182.070493,479,1.5357129573822021,927.8800000000002,217348,120.47657416798222
PPO,0,414,225.910994,426,1.4379148483276367,928.3900000000002,217348,121.8744945607772
PPO,0,415,-64.942292,288,1.3597733974456787,951.01,217348,122.66225490444724
PPO,0,416,202.850989,500,1.4899353981018066,938.11,217348,122.90822249396439
PPO,0,417,-40.959515,330,1.4112718105316162,940.72,217348,124.173094235886
PPO,0,418,225.610453,395,1.6307239532470703,937.2100000000002,217348,124.13611478195565
PPO,0,419,223.604947,434,1.3030903339385986,940.54,217348,122.9988758196913
PPO,0,420,237.790683,384,1.3094213008880615,938.62,217348,123.37055209684726
PPO,0,421,216.790575,441,1.4410228729248047,938.7100000000002,217348,121.28710183248954
PPO,0,422,95.484291,1000,1.2898924350738525,942.91,217348,119.91334691956627
PPO,0,423,226.1199,454,1.3009610176086426,928.9000000000002,217348,118.58398608118392
PPO,0,424,217.757773,400,1.3225657939910889,935.89,217348,118.52462790341625
PPO,0,425,80.293957,1000,1.9471526145935059,915.13,217348,114.33716797629052
PPO,0,426,181.172248,423,1.3268983364105225,932.71,217348,112.14550173249333
PPO,0,427,-49.166857,417,1.3716778755187988,925.9000000000002,217348,112.37337373941044
PPO,0,428,233.941606,410,1.2869155406951904,931.36,217348,112.42373358907747
PPO,0,429,215.08176,451,1.4276213645935059,933.6700000000002,217348,112.81414682693296
PPO,0,430,163.482751,381,1.3078532218933105,941.41,217348,112.8884752107816
PPO,0,431,100.941634,1000,1.4597163200378418,928.78,217348,110.28505999420088
PPO,0,432,-14.819576,328,1.2992262840270996,941.26,217348,111.91231462959121
PPO,0,433,220.014977,382,1.2984671592712402,935.23,217348,110.90766105822362
PPO,0,434,233.61831,390,1.5355920791625977,939.37,217348,111.29981019749543
PPO,0,435,228.549746,384,1.410454273223877,937.12,217348,111.88677397019447
PPO,0,436,215.826054,475,1.43572998046875,931.45,217348,110.29880996659179
PPO,0,437,233.439905,348,1.4361016750335693,940.54,217348,110.95622985682851
PPO,0,438,235.297523,406,1.3882079124450684,941.35,217348,107.63509546829584
PPO,0,439,-8.887383,336,1.3560009002685547,942.97,217348,105.97394603707181
PPO,0,440,87.098258,1000,1.858875036239624,933.37,217348,105.14470965833144
PPO,0,441,-83.912056,466,1.4567244052886963,919.0600000000002,217348,109.72467056453196
PPO,0,442,-21.255006,192,1.3766486644744873,965.95,217348,111.90862610662852
PPO,0,443,208.920292,335,1.3169310092926025,951.58,217348,112.01873427379307
PPO,0,444,45.74864,1000,1.8228774070739746,926.9799999999996,217348,112.58842597817741
PPO,0,445,241.078746,432,1.4224936962127686,933.0700000000002,217348,113.18842982128105
PPO,0,446,213.45173,372,1.360023021697998,946.3,217348,108.33269242081559
PPO,0,447,-69.227725,408,1.214625358581543,928.6600000000002,217348,111.44864922719039
PPO,0,448,-41.742571,247,1.2629115581512451,959.53,217348,113.93303723787501
PPO,0,449,197.333217,346,1.230144739151001,944.92,217348,111.17520208790974
PPO,0,450,81.736389,1000,1.6381409168243408,929.9499999999994,217348,110.72888679846334
PPO,0,451,-2.709493,419,1.2123332023620605,927.37,217348,108.08537752941255
PPO,0,452,202.693441,371,1.2542192935943604,943.87,217348,108.36121994455496
PPO,0,453,-51.26992,324,1.2173957824707031,943.63,217348,110.80326063337671
PPO,0,454,169.71947,397,1.3385984897613525,942.73,217348,110.22842951213022
PPO,0,455,-35.028527,301,1.3593997955322266,950.14,217348,112.39292201362153
PPO,0,456,-14.857316,338,1.2584583759307861,936.73,217348,113.64002818775592
PPO,0,457,212.354146,542,1.4704630374908447,911.6200000000003,217348,113.64065206410585
PPO,0,458,145.076634,545,1.4103806018829346,907.5400000000004,217348,113.44746093526712
PPO,0,459,218.701077,422,1.3380687236785889,930.5500000000002,217348,113.15708378090373
PPO,0,460,97.350746,1000,1.5919334888458252,931.5999999999996,217348,111.7919908025832
PPO,0,461,-95.383416,532,1.2814526557922363,911.1700000000004,217348,115.69358817152983
PPO,0,462,-40.328668,347,1.4522719383239746,939.13,217348,115.55359010351098
PPO,0,463,194.944383,407,1.4887351989746094,929.8300000000002,217348,115.71108463701667
PPO,0,464,165.314195,543,1.4283661842346191,923.68,217348,114.88792531376137
PPO,0,465,207.380181,412,1.4233119487762451,933.91,217348,112.57982120765232
PPO,0,466,-64.8218,338,1.2446763515472412,940.36,217348,114.95377647502566
PPO,0,467,-81.76051,577,1.3060383796691895,900.9400000000004,217348,116.20863943119922
PPO,0,468,219.069057,447,1.3063421249389648,927.6700000000002,217348,116.08875378602863
PPO,0,469,-37.525956,372,1.3324718475341797,933.7000000000002,217348,116.99351019569467
PPO,0,470,-11.397045,434,1.407118797302246,924.4600000000004,217348,116.77728689306672
PPO,0,471,219.988038,449,1.32497239112854,924.2500000000002,217348,116.83899994242422
PPO,0,472,-87.047159,449,1.2665619850158691,922.4500000000002,217348,119.91226160387998
PPO,0,473,228.084557,419,1.2649803161621094,933.5800000000002,217348,119.95322653056421
PPO,0,474,217.529116,476,1.2589831352233887,919.5700000000004,217348,119.94882082445777
PPO,0,475,225.961537,279,1.2745757102966309,958.27,217348,121.14727142038018
PPO,0,476,193.741488,484,1.3466384410858154,921.4900000000002,217348,121.3180011554577
PPO,0,477,221.62295,402,1.2876191139221191,934.1500000000002,217348,120.34419652899831
PPO,0,478,-59.465864,440,1.293733835220337,919.7500000000002,217348,121.33922433903537
PPO,0,479,204.347897,396,1.209160327911377,945.25,217348,121.15326301426191
PPO,0,480,86.474117,728,1.439455270767212,892.3900000000002,217348,120.88385075942826
PPO,0,481,-42.153267,460,1.3199591636657715,916.8700000000002,217348,122.58158481772686
PPO,0,482,196.564422,401,1.4456279277801514,933.8200000000002,217348,122.18712750182213
PPO,0,483,-34.682961,281,1.3959851264953613,954.37,217348,122.56974803500148
PPO,0,484,237.518965,542,1.3951334953308105,920.3500000000004,217348,122.6564176009709
PPO,0,485,95.273269,1000,1.4412569999694824,900.0699999999999,217348,121.26080011730471
PPO,0,486,80.667557,1000,1.8148069381713867,897.9399999999998,217348,120.07632142634023
PPO,0,487,229.034825,517,1.3359527587890625,926.2900000000002,217348,119.97556899527547
PPO,0,488,241.096505,413,1.381244421005249,929.11,217348,120.11489174717474
PPO,0,489,98.566556,1000,1.733931303024292,922.66,217348,119.21183462503963
PPO,0,490,-128.203274,630,1.3553967475891113,883.0600000000005,217348,123.28169985012062
PPO,0,491,124.322331,1000,1.5278985500335693,915.25,217348,120.76394672584975
PPO,0,492,-39.631695,341,1.3268036842346191,939.28,217348,121.14776681716985
PPO,0,493,-35.167291,269,1.3287279605865479,955.57,217348,121.4042286451329
PPO,0,494,195.835871,365,1.3039579391479492,944.62,217348,122.1064839171387
PPO,0,495,168.101701,397,1.3022997379302979,945.1,217348,120.76623068153434
PPO,0,496,211.437448,418,1.3018574714660645,932.1700000000002,217348,120.72615540073541
PPO,0,497,9.500412,400,1.298783779144287,943.63,217348,119.11166653059847
PPO,0,498,195.948827,422,1.3525111675262451,942.85,217348,118.34462377438892
PPO,0,499,227.912702,384,1.361032485961914,935.65,217348,118.93065642069526
PPO,0,500,220.295607,376,1.2413222789764404,938.92,217348,120.0988544673845
PPO,1,1,-292.706085,121,1.0011262893676758,989.32,inf,0.0
PPO,1,2,-118.316907,119,1.013085126876831,987.85,inf,87.19458899999998
PPO,1,3,-122.471328,69,1.0203871726989746,992.17,inf,81.24634494904299
PPO,1,4,-104.254966,115,1.0046427249908447,988.48,inf,77.23831440328233
PPO,1,5,-96.797136,73,1.13004469871521,993.76,inf,73.4874997792423
PPO,1,6,-332.95434,172,1.0281949043273926,982.57,inf,96.47627691708574
PPO,1,7,-91.22303,212,1.0361700057983398,970.15,inf,94.33084161165608
PPO,1,8,-99.073411,98,1.027635097503662,986.2,inf,90.93459280142281
PPO,1,9,-45.284054,110,1.0086925029754639,989.32,inf,92.67098238201638
PPO,1,10,-31.89161,76,1.0235059261322021,989.44,inf,94.21358267280762
PPO,1,11,-15.205574,126,1.0564625263214111,981.64,inf,96.05057210218702
PPO,1,12,-144.841206,183,1.0357589721679688,972.67,inf,92.16400818481287
PPO,1,13,-302.828619,165,1.033850908279419,973.39,inf,100.48242996175738
PPO,1,14,-120.47431,119,1.0433061122894287,980.98,inf,96.93601357824618
PPO,1,15,-188.144736,118,1.0731520652770996,980.59,inf,94.51330395625654
PPO,1,16,5.344507,136,1.1434364318847656,976.66,inf,98.07964040404796
PPO,1,17,-7.113804,161,1.0422101020812988,974.77,inf,99.538225816096
PPO,1,18,-266.797263,151,1.3496148586273193,974.35,inf,102.11324339569484
PPO,1,19,-70.607202,211,1.08491849899292,964.99,inf,100.32906989394311
PPO,1,20,-271.650932,178,1.7530114650726318,971.65,inf,102.63061633428237
PPO,1,21,-65.715254,331,1.2495908737182617,941.32,inf,101.26520319296608
PPO,1,22,-106.771879,227,1.078831672668457,960.34,inf,99.08226704249415
PPO,1,23,-209.985317,176,1.39229416847229,970.99,inf,98.22215894649922
PPO,1,24,-17.370087,202,1.415304183959961,965.14,inf,98.974664100135
PPO,1,25,-181.997328,188,1.1288723945617676,968.56,inf,97.51125592819382
PPO,1,26,2.431202,340,1.1648733615875244,942.31,inf,99.0491002196812
PPO,1,27,24.474463,212,1.0785033702850342,963.25,inf,101.30886519953697
PPO,1,28,60.710682,1000,1.7189650535583496,875.4400000000003,inf,105.054666966096
PPO,1,29,-212.576641,272,1.14017915725708,949.12,inf,104.76107353549202
PPO,1,30,-47.572628,238,1.1244935989379883,962.74,inf,103.77477251244333
PPO,1,31,-270.024155,298,1.1745693683624268,950.77,inf,105.66489519359298
PPO,1,32,-122.046969,207,1.17317795753479,965.8,inf,104.00104129929723
PPO,1,33,-32.512258,319,1.3243730068206787,946.48,inf,103.52389294083206
PPO,1,34,19.580245,1000,1.7193031311035156,896.77,inf,104.608132741243
PPO,1,35,-146.924165,375,1.302208423614502,931.0600000000002,inf,103.24852980606278
PPO,1,36,-33.404067,256,1.1296074390411377,952.93,inf,102.6828498955686
PPO,1,37,-380.637328,969,1.729705810546875,824.2599999999989,inf,110.21216865553014
PPO,1,38,45.067214,323,1.2607250213623047,945.22,inf,111.9137728132511
PPO,1,39,-72.319786,452,1.1902954578399658,924.37,inf,110.68121754291157
PPO,1,40,70.416339,1000,1.987138032913208,890.5600000000001,inf,113.03721397798093
PPO,1,41,3.419565,1000,1.7096037864685059,883.4500000000002,inf,113.00940312008193
PPO,1,42,-152.2774,780,1.677495002746582,862.8400000000003,inf,111.86818800282683
PPO,1,43,36.918387,1000,1.6839852333068848,889.9,inf,112.70160214765951
PPO,1,44,-101.467965,468,1.4741995334625244,916.6300000000002,inf,111.41464833140185
PPO,1,45,-61.382411,738,1.6569523811340332,870.4300000000005,inf,110.35484580999552
PPO,1,46,-111.848719,784,1.3904950618743896,911.65,inf,109.15511737087678
PPO,1,47,216.185512,580,1.5036280155181885,919.39,342436,117.4535435453157
PPO,1,48,-86.29727,1000,1.9049227237701416,821.1399999999986,342436,116.23391991667725
PPO,1,49,-133.348618,1000,2.3930678367614746,819.3699999999986,342436,115.15711701537447
PPO,1,50,-55.644779,588,1.3959176540374756,895.3300000000004,342436,114.15126766504923
PPO,1,51,179.007688,857,1.505483627319336,896.2,342436,117.02734991180581
PPO,1,52,-114.620863,961,2.1563313007354736,851.8299999999998,342436,117.00894466522846
PPO,1,53,-174.549428,1000,1.934258222579956,817.2399999999985,342436,117.54797008062684
PPO,1,54,-96.244113,1000,1.9667770862579346,820.2099999999987,342436,117.53162391305094
PPO,1,55,-47.310763,1000,2.151880979537964,817.2099999999984,342436,117.66315793953387
PPO,1,56,-37.612571,1000,2.12416934967041,815.9799999999984,342436,112.4760283364064
PPO,1,57,-16.083145,1000,1.5352909564971924,818.1399999999985,342436,112.8345533861443
PPO,1,58,-28.475228,1000,1.703765630722046,817.6899999999986,342436,113.02582088422717
PPO,1,59,118.578576,813,1.7655394077301025,861.1600000000002,342436,116.26672536728564
PPO,1,60,150.565893,675,1.5574302673339844,884.1700000000004,342436,120.35662129683443
PPO,1,61,32.191897,1000,1.7504241466522217,818.4399999999986,342436,120.98083436076487
PPO,1,62,-26.281402,1000,1.5332002639770508,817.4499999999985,342436,120.66181638413278
PPO,1,63,-44.788022,1000,1.7839672565460205,821.9499999999987,342436,115.93864964844076
PPO,1,64,14.845178,1000,2.438995599746704,830.919999999999,342436,116.14370188443223
PPO,1,65,55.624899,992,1.6685471534729004,833.4699999999991,342436,115.78869204011772
PPO,1,66,109.549952,868,1.4169750213623047,856.72,342436,117.78352014190268
PPO,1,67,61.763477,942,1.5468220710754395,841.6899999999994,342436,118.71466547244817
PPO,1,68,-36.922557,1000,1.9763970375061035,852.6699999999998,342436,114.68676684024209
PPO,1,69,154.525143,682,1.3598871231079102,901.9000000000002,342436,118.05402672891773
PPO,1,70,130.760586,668,1.4988505840301514,890.5600000000003,342436,115.87601049185379
PPO,1,71,27.318865,1000,1.6775591373443604,873.7900000000002,342436,116.11084493970705
PPO,1,72,133.442046,943,1.8954801559448242,863.0800000000003,342436,117.91085293938919
PPO,1,73,-91.572454,589,1.450551986694336,899.7400000000004,342436,115.39629245579168
PPO,1,74,-90.477044,528,1.3757133483886719,907.7800000000004,342436,115.74367598537884
PPO,1,75,-32.405068,545,1.443122148513794,904.8700000000003,342436,113.61745515569963
PPO,1,76,105.496392,827,1.3258991241455078,872.4700000000004,342436,115.00841890903553
PPO,1,77,33.800061,1000,1.6901185512542725,859.4500000000002,342436,115.0914013180558
PPO,1,78,-183.065378,818,1.4008617401123047,853.3299999999998,342436,116.63917621700122
PPO,1,79,-18.555678,1000,1.9562251567840576,865.5700000000002,342436,113.58254165102807
PPO,1,80,15.743074,1000,2.0325167179107666,861.1000000000001,342436,113.65392034781452
PPO,1,81,43.905759,1000,1.881493330001831,880.0600000000002,342436,108.30697696191878
PPO,1,82,72.918833,1000,1.7444591522216797,883.4800000000001,342436,107.90638028231061
PPO,1,83,59.295477,1000,2.379852533340454,880.0300000000001,342436,108.31368669051932
PPO,1,84,81.518461,1000,2.1193411350250244,884.5300000000001,342436,108.99321114006115
PPO,1,85,-86.210009,486,1.4514036178588867,911.8900000000004,342436,107.774928139705
PPO,1,86,19.149592,1000,1.731741189956665,897.6999999999999,342436,107.77069627616221
PPO,1,87,-113.636224,526,1.4761443138122559,906.9400000000004,342436,94.93391201236768
PPO,1,88,79.602322,607,1.5291666984558105,907.1200000000002,342436,95.38985045769113
PPO,1,89,63.994507,1000,1.8218846321105957,896.1100000000001,342436,95.2357137118049
PPO,1,90,-72.137315,307,1.3532135486602783,944.32,342436,95.29629232104811
PPO,1,91,-76.859685,488,1.4903035163879395,909.9100000000004,342436,95.89514560786083
PPO,1,92,104.938372,827,1.4431025981903076,871.9000000000004,342436,94.57854609635622
PPO,1,93,160.514155,691,1.7069075107574463,898.1200000000001,342436,97.00941802498909
PPO,1,94,-101.383446,493,1.316157341003418,912.3100000000004,342436,97.0075504865881
PPO,1,95,-167.946938,597,1.5342442989349365,892.7500000000005,342436,99.59518992545087
PPO,1,96,130.616884,801,1.560150384902954,892.0900000000004,342436,99.75769372481919
PPO,1,97,121.138216,658,1.4972519874572754,889.9300000000004,342436,96.63822258475749
PPO,1,98,141.456676,842,2.123225212097168,893.0200000000001,342436,97.5172866917655
PPO,1,99,63.876472,1000,2.239692449569702,886.8700000000001,342436,95.56297670859284
PPO,1,100,-103.900636,661,1.5296003818511963,881.7400000000005,342436,96.51121284238954
PPO,1,101,-173.994691,798,1.413074016571045,853.6299999999999,342436,97.09943324620542
PPO,1,102,72.327964,1000,1.4710514545440674,882.37,342436,95.93502083162814
PPO,1,103,13.871011,1000,1.818075180053711,873.3700000000002,342436,92.20938803158485
PPO,1,104,-112.331187,644,1.424609661102295,889.3300000000005,342436,92.62255297351808
PPO,1,105,-114.040682,619,1.39424729347229,884.5000000000005,342436,93.97059048857909
PPO,1,106,171.732072,659,1.5169999599456787,891.1300000000003,342436,96.26277751898876
PPO,1,107,-72.76052,314,1.4463629722595215,940.99,342436,96.97766610082151
PPO,1,108,74.293229,1000,2.009922742843628,880.57,342436,97.10337130923324
PPO,1,109,-141.659945,673,1.4370768070220947,878.7100000000005,342436,98.53678592637024
PPO,1,110,148.680027,996,1.9620444774627686,865.0000000000003,342436,98.48439134670795
PPO,1,111,164.203058,684,1.6358201503753662,887.1400000000004,342436,100.7142319709565
PPO,1,112,-33.300031,1000,1.7724354267120361,858.22,342436,100.77709930984243
PPO,1,113,-170.23805,719,1.4136784076690674,871.5100000000006,342436,103.75837027699768
PPO,1,114,-182.030483,801,1.6402506828308105,855.28,342436,107.27999417592208
PPO,1,115,-117.092556,849,1.7989084720611572,848.8899999999996,342436,108.49091621613864
PPO,1,116,91.680671,1000,2.020934820175171,878.8600000000001,342436,108.17607944151203
PPO,1,117,-121.794992,606,1.3297555446624756,890.2000000000005,342436,109.29634266953232
PPO,1,118,-91.963061,1000,1.7719857692718506,814.4799999999984,342436,109.95128371935871
PPO,1,119,-53.130046,1000,2.0142531394958496,820.3599999999986,342436,107.94828975071009
PPO,1,120,72.930459,995,2.0109353065490723,827.2299999999989,342436,106.80275469020184
PPO,1,121,-68.65913,1000,2.5718841552734375,819.3399999999986,342436,107.06536742507284
PPO,1,122,-60.68683,1000,1.526352882385254,818.1399999999985,342436,105.40911545136717
PPO,1,123,128.423643,663,1.60302734375,889.3000000000004,342436,106.53465666190033
PPO,1,124,3.0866,1000,2.4179091453552246,825.5199999999988,342436,105.86247272630482
PPO,1,125,-75.907243,1000,1.6566359996795654,821.5299999999986,342436,106.26531745539518
PPO,1,126,-58.178944,1000,2.362149953842163,814.4199999999984,342436,105.31295430610767
PPO,1,127,-74.450366,1000,1.6616687774658203,815.1999999999985,342436,105.52833101090319
PPO,1,128,-12.542193,1000,2.032769203186035,818.8299999999986,342436,102.62539473949172
PPO,1,129,-126.472457,806,1.6505968570709229,859.3900000000001,342436,103.96112249681036
PPO,1,130,-53.277932,1000,1.6393566131591797,816.8199999999985,342436,104.0727194883845
PPO,1,131,-68.63445,1000,2.0850448608398438,814.9599999999984,342436,104.07683551721429
PPO,1,132,-17.898485,1000,1.8679158687591553,819.3399999999986,342436,103.34621346412686
PPO,1,133,-155.739736,816,1.759063482284546,849.6399999999998,342436,104.62650273978339
PPO,1,134,-66.289879,1000,2.2707717418670654,815.1699999999984,342436,103.81787530539643
PPO,1,135,113.262837,934,1.567976713180542,855.31,342436,105.11265841488553
PPO,1,136,31.463178,1000,2.107028007507324,827.5599999999988,342436,105.21468206256652
PPO,1,137,-2.123539,1000,1.8651602268218994,817.2999999999985,342436,104.34501184275987
PPO,1,138,-24.033922,1000,1.7003016471862793,816.1299999999984,342436,103.45272850466525
PPO,1,139,-103.685905,709,1.6449298858642578,872.5600000000005,342436,103.45887157180573
PPO,1,140,-32.526215,1000,2.820819139480591,826.5099999999989,342436,103.21818965721071
PPO,1,141,44.218332,1000,1.9371998310089111,850.8999999999997,342436,103.28876588651481
PPO,1,142,-43.836235,645,1.4899837970733643,881.4700000000005,342436,101.83358741927293
PPO,1,143,-51.293258,1000,1.8232266902923584,819.8499999999985,342436,98.54307721792993
PPO,1,144,48.917176,1000,2.468134880065918,828.759999999999,342436,98.46967764463155
PPO,1,145,-35.253848,1000,2.0094237327575684,817.6899999999986,342436,96.27285034120443
PPO,1,146,113.385712,826,1.5551109313964844,856.87,342436,95.76374978409149
PPO,1,147,-109.389789,1000,1.9563062191009521,812.1999999999983,342436,94.39653280185206
PPO,1,148,-44.801729,1000,2.683450222015381,815.9799999999984,342436,91.39638621586464
PPO,1,149,-74.67267,1000,1.9295313358306885,816.3399999999984,342436,90.65547444204714
PPO,1,150,-51.16073,1000,2.1187641620635986,819.1899999999986,342436,90.1077106859188
PPO,1,151,0.548891,1000,2.2412006855010986,817.5999999999985,342436,87.81605768962233
PPO,1,152,-70.828708,1000,2.090217351913452,819.4299999999986,342436,86.87338448146195
PPO,1,153,-57.326016,1000,2.045135021209717,819.2799999999986,342436,86.7351928802268
PPO,1,154,-69.110598,1000,1.693103313446045,816.5499999999985,342436,86.13224705032867
PPO,1,155,60.818961,975,2.0624005794525146,834.4899999999991,342436,86.19880345560698
PPO,1,156,-165.092179,923,1.8374948501586914,833.1699999999992,342436,83.56471608236563
PPO,1,157,-91.623062,1000,1.6567292213439941,814.4499999999983,342436,83.78457329455298
PPO,1,158,-54.81875,1000,1.7070674896240234,819.1299999999985,342436,82.39715189289853
PPO,1,159,-29.761536,1000,2.0285916328430176,814.8699999999984,342436,81.01028736156738
PPO,1,160,-65.149744,1000,2.411980628967285,818.4999999999985,342436,76.78987417381568
PPO,1,161,-22.375248,1000,1.9898743629455566,817.4499999999985,342436,71.1909732652666
PPO,1,162,80.947534,930,1.8479390144348145,847.0899999999997,342436,73.23658140296077
PPO,1,163,-17.957506,1000,1.8208997249603271,821.4999999999986,342436,70.87221347383351
PPO,1,164,-11.273919,1000,1.7693901062011719,822.0699999999986,342436,67.8328302159827
PPO,1,165,-26.043719,1000,2.581326723098755,820.0299999999986,342436,66.7706836287659
PPO,1,166,-16.256418,1000,1.9474494457244873,817.2699999999985,342436,64.46135740577358
PPO,1,167,73.455027,1000,2.226412534713745,847.1799999999996,342436,64.9103718488468
PPO,1,168,-33.355064,1000,1.9428322315216064,820.1799999999986,342436,64.30094215562936
PPO,1,169,28.041962,1000,1.9105408191680908,832.7499999999991,342436,64.68174487224371
PPO,1,170,-38.950991,1000,1.7145464420318604,818.5599999999986,342436,63.10692014017789
PPO,1,171,-27.544703,1000,2.0971944332122803,822.2499999999986,342436,62.85342304880531
PPO,1,172,-36.213521,1000,1.80250883102417,817.9599999999984,342436,62.69420364707036
PPO,1,173,-47.946151,1000,2.3148393630981445,817.7799999999985,342436,58.63636126638606
PPO,1,174,-17.180984,1000,1.7930865287780762,820.5399999999986,342436,58.46696641596173
PPO,1,175,-80.847639,1000,1.6235976219177246,813.3099999999984,342436,58.54568275690778
PPO,1,176,-70.217685,516,1.4997224807739258,906.1000000000004,342436,58.67820821554662
PPO,1,177,-28.79475,1000,1.650395154953003,820.8099999999986,342436,58.365820387912855
PPO,1,178,-39.864254,1000,1.858863353729248,817.0299999999985,342436,58.31697677451343
PPO,1,179,-39.64022,1000,1.7207815647125244,812.0199999999983,342436,56.74018108581248
PPO,1,180,-35.400884,1000,1.9972202777862549,816.9699999999984,342436,56.64833649537951
PPO,1,181,-57.405799,1000,2.0853917598724365,818.0499999999986,342436,56.51523490010407
PPO,1,182,-43.616782,1000,2.3816776275634766,822.0699999999987,342436,56.52549960974573
PPO,1,183,-212.769613,983,1.7612788677215576,824.4399999999988,342436,59.54808280634086
PPO,1,184,-104.55105,1000,2.3358027935028076,818.5899999999986,342436,60.23814533481565
PPO,1,185,-21.935572,1000,1.8721702098846436,820.6299999999986,342436,56.59013796079808
PPO,1,186,-4.569106,1000,2.447746515274048,831.9099999999991,342436,55.9716313571791
PPO,1,187,-95.063772,582,1.5520985126495361,893.7700000000004,342436,56.38347559889913
PPO,1,188,-0.275114,1000,2.289691925048828,817.2699999999985,342436,56.59111982319321
PPO,1,189,-6.856498,1000,2.2425732612609863,841.7499999999994,342436,55.915036621490735
PPO,1,190,20.713754,1000,2.66121768951416,826.5699999999989,342436,56.449985102487304
PPO,1,191,-70.742793,1000,1.8120975494384766,818.4099999999985,342436,55.56792474124228
PPO,1,192,-55.701238,1000,1.8966820240020752,816.8799999999985,342436,55.62661796432445
PPO,1,193,35.036729,1000,2.0526652336120605,829.629999999999,342436,56.462873592850535
PPO,1,194,-61.272835,1000,1.7837235927581787,818.7699999999986,342436,55.30610698979546
PPO,1,195,-49.090297,257,1.5184452533721924,954.16,342436,55.33322187046199
PPO,1,196,38.214354,1000,1.8234846591949463,883.15,342436,52.15997098050593
PPO,1,197,90.215332,787,1.7888634204864502,868.9900000000005,342436,54.173060204698345
PPO,1,198,-174.654681,866,1.483313798904419,846.2499999999995,342436,57.61277927868512
PPO,1,199,-59.866421,328,1.5481538772583008,941.14,342436,57.45621432464598
PPO,1,200,-155.61345,361,1.5803136825561523,933.22,342436,59.79522394990632
PPO,1,201,-61.803142,1000,1.9534454345703125,818.6499999999985,342436,59.611672477815944
PPO,1,202,-159.598384,610,1.3704802989959717,893.8000000000004,342436,61.78454900481983
PPO,1,203,-194.99656,928,1.8187446594238281,833.0499999999992,342436,65.37764127695448
PPO,1,204,-122.327651,412,1.4780590534210205,929.3500000000004,342436,66.19659649559462
PPO,1,205,44.70619,1000,1.659205436706543,830.0199999999991,342436,65.71506278997698
PPO,1,206,-143.630292,698,1.5855040550231934,875.5300000000005,342436,65.00169295237504
PPO,1,207,85.864245,830,1.9288842678070068,864.1600000000003,342436,67.19656359482293
PPO,1,208,-60.000298,1000,2.000169515609741,819.9099999999986,342436,67.22028303814938
PPO,1,209,-122.76169,615,1.4247453212738037,890.0200000000004,342436,68.13419491796283
PPO,1,210,-21.931481,1000,2.023486852645874,821.5599999999987,342436,68.133758905078
PPO,1,211,-171.810336,993,2.000534772872925,823.2999999999987,342436,70.40006049279715
PPO,1,212,7.262057,1000,1.7403502464294434,851.4399999999998,342436,68.4706880065227
PPO,1,213,58.57336,995,1.5548057556152344,835.0899999999992,342436,69.95412748259385
PPO,1,214,-157.8283,697,1.5033671855926514,878.2000000000005,342436,71.49089252566374
PPO,1,215,-89.500671,1000,1.7745370864868164,820.5999999999987,342436,71.63632687270383
PPO,1,216,-57.781474,243,1.210320234298706,956.83,342436,71.47845643221295
PPO,1,217,-127.088358,822,1.6158673763275146,853.2699999999999,342436,69.99140595013161
PPO,1,218,17.891601,1000,1.75777268409729,884.62,342436,70.67345562851561
PPO,1,219,35.768178,1000,1.822195053100586,877.6600000000002,342436,70.86091487306814
PPO,1,220,-12.357687,1000,2.3722310066223145,815.9799999999984,342436,71.07037460165327
PPO,1,221,-61.444099,1000,1.9939446449279785,820.3599999999986,342436,70.98273953532245
PPO,1,222,-105.020109,1000,1.9000349044799805,821.9799999999987,342436,71.29060653306905
PPO,1,223,-174.852079,745,1.5521914958953857,870.0400000000005,342436,73.21354268074161
PPO,1,224,-121.850682,160,1.2457382678985596,970.9,342436,73.51431700564366
PPO,1,225,-12.265954,1000,1.815305233001709,856.9300000000001,342436,73.75236550950962
PPO,1,226,96.122562,728,1.5090930461883545,881.7100000000004,342436,76.84243171933211
PPO,1,227,-2.824652,1000,2.140693426132202,862.6000000000003,342436,77.10730469122635
PPO,1,228,-21.972027,1000,2.1579225063323975,821.3799999999987,342436,77.21724661229437
PPO,1,229,30.973352,1000,2.0038199424743652,866.8000000000003,342436,78.11564480724877
PPO,1,230,-173.336827,610,1.4643895626068115,892.2700000000004,342436,79.86038687964717
PPO,1,231,-72.797805,189,1.2884104251861572,963.85,342436,79.89567051639663
PPO,1,232,-120.938238,572,1.245018720626831,896.2900000000004,342436,80.38587521596111
PPO,1,233,-134.092494,679,1.4902124404907227,877.0900000000006,342436,78.07067316790895
PPO,1,234,71.041404,865,1.5950896739959717,860.6800000000002,342436,79.74244587845159
PPO,1,235,109.443606,992,1.9909865856170654,837.7299999999993,342436,82.81368900441652
PPO,1,236,-62.930796,201,1.3074419498443604,967.75,342436,82.57701825959249
PPO,1,237,-99.539482,171,1.3259310722351074,966.46,342436,82.62703641891133
PPO,1,238,121.311288,845,2.062178134918213,856.75,342436,85.81727076285588
PPO,1,239,-178.788413,800,1.673532247543335,859.2700000000001,342436,87.49752814445479
PPO,1,240,11.994048,1000,1.7909822463989258,851.6499999999999,342436,87.3606152952024
PPO,1,241,63.421315,1000,1.7944304943084717,860.0200000000002,342436,88.8036514306207
PPO,1,242,50.504123,1000,1.9975335597991943,856.51,342436,89.89785989362305
PPO,1,243,-122.236535,144,1.986480712890625,969.73,342436,89.70390400065479
PPO,1,244,-4.999145,1000,1.9374048709869385,840.9999999999994,342436,89.91708264055129
PPO,1,245,8.5911,1000,1.4394285678863525,876.1000000000006,342436,90.28529197876294
PPO,1,246,-92.872866,149,1.8392534255981445,974.41,342436,89.6321062697293
PPO,1,247,94.330047,707,1.6285715103149414,886.0000000000003,342436,89.76356392487236
PPO,1,248,110.425755,739,1.3620076179504395,882.3700000000003,342436,90.77447981278281
PPO,1,249,117.881733,936,1.751028299331665,841.1499999999994,342436,93.57065624929461
PPO,1,250,47.188443,995,1.6501562595367432,838.6899999999994,342436,92.93882499661353
PPO,1,251,-113.760135,247,1.230879545211792,958.93,342436,93.49180168095657
PPO,1,252,129.500639,701,1.3834731578826904,885.4600000000004,342436,94.76681724303215
PPO,1,253,-38.682807,1000,1.8432490825653076,819.3699999999986,342436,91.90338282991091
PPO,1,254,43.34095,906,1.8404607772827148,848.6799999999997,342436,91.49285340122023
PPO,1,255,-73.958321,307,1.3566901683807373,945.94,342436,91.15408313423016
PPO,1,256,98.566223,626,1.5895981788635254,901.8400000000004,342436,91.36080178413724
PPO,1,257,32.678547,1000,2.036012649536133,836.4399999999993,342436,90.37976008374683
PPO,1,258,-144.433613,685,1.4409887790679932,879.5200000000006,342436,91.79436918590073
PPO,1,259,28.019936,1000,2.325028419494629,849.9099999999997,342436,91.06472438006634
PPO,1,260,39.581409,1000,2.0894834995269775,844.0599999999996,342436,91.49535670527075
PPO,1,261,-74.599552,314,1.5074419975280762,940.78,342436,89.30889657670708
PPO,1,262,-108.515372,280,1.535674810409546,948.76,342436,90.05513438656436
PPO,1,263,57.407038,1000,2.2357897758483887,861.9100000000003,342436,90.03418099063018
PPO,1,264,-107.296511,255,1.8222606182098389,956.77,342436,88.78899926064419
PPO,1,265,26.953713,1000,2.509082317352295,871.3600000000004,342436,88.51200742216584
PPO,1,266,-97.315742,360,1.551015853881836,934.63,342436,89.02495326605593
PPO,1,267,-113.928801,340,1.394906997680664,939.85,342436,88.72798229294987
PPO,1,268,-113.067749,149,2.0110104084014893,970.63,342436,89.49760720519495
PPO,1,269,98.938613,899,2.249156951904297,863.1100000000004,342436,90.751341446526
PPO,1,270,162.603403,771,1.4852721691131592,872.2000000000006,342436,94.33671550973577
PPO,1,271,-126.699101,524,1.562556505203247,906.1900000000004,342436,95.3750760527828
PPO,1,272,-81.111261,292,1.4998273849487305,945.7,342436,95.00309187823392
PPO,1,273,-104.09471,200,1.4181597232818604,964.96,342436,93.17713411537784
PPO,1,274,-148.84465,521,1.5652689933776855,907.9900000000002,342436,93.85671586228268
PPO,1,275,34.61928,754,1.6087286472320557,879.7000000000003,342436,94.14211401240371
PPO,1,276,126.090125,795,1.4774808883666992,880.2400000000005,342436,94.95207543902447
PPO,1,277,-128.375466,325,1.5503172874450684,942.76,342436,96.21254259947987
PPO,1,278,-58.976373,1000,1.6587820053100586,847.2699999999998,342436,96.37569838170668
PPO,1,279,-152.243612,539,1.4989116191864014,898.6000000000004,342436,97.85430919421198
PPO,1,280,-168.917623,787,1.5109312534332275,856.45,342436,97.72063930957303
PPO,1,281,-155.5997,694,1.3941211700439453,877.1800000000007,342436,99.23710585857727
PPO,1,282,-95.039663,325,1.2973356246948242,940.03,342436,98.8008366148841
PPO,1,283,63.4158,1000,2.089083194732666,871.4500000000005,342436,98.28036414819115
PPO,1,284,-130.951352,402,1.5195858478546143,929.0500000000004,342436,98.5904451869925
PPO,1,285,-117.150845,213,1.260162353515625,961.15,342436,97.53529511166968
PPO,1,286,70.729316,1000,2.099731683731079,867.7600000000003,342436,98.395225198254
PPO,1,287,-133.121035,394,1.5032474994659424,929.5600000000002,342436,99.00572137543027
PPO,1,288,-105.335994,410,1.314857006072998,927.7600000000002,342436,97.287442743981
PPO,1,289,122.033022,1000,1.573197603225708,895.6000000000005,342436,97.29342871866014
PPO,1,290,-105.814738,471,1.3331434726715088,917.3500000000004,342436,97.78298258152364
PPO,1,291,-90.191748,536,1.2641470432281494,908.4100000000004,342436,97.27981783074084
PPO,1,292,186.135619,665,1.4420084953308105,888.1900000000005,342436,101.31896418260035
PPO,1,293,52.389052,1000,2.027017116546631,886.1500000000004,342436,101.02595826853982
PPO,1,294,85.932597,1000,1.9847779273986816,894.4900000000004,342436,102.17596511629763
PPO,1,295,100.240243,582,1.5887408256530762,902.4700000000004,342436,103.53694069359685
PPO,1,296,-146.759269,442,1.426407814025879,923.8300000000002,342436,104.55452392784234
PPO,1,297,-61.969167,538,1.3351349830627441,909.0100000000004,342436,103.35594094119368
PPO,1,298,-114.311142,462,1.3279430866241455,918.7900000000004,342436,102.23894698051775
PPO,1,299,86.079606,1000,1.7233638763427734,899.3800000000002,342436,101.41421203041573
PPO,1,300,6.72962,1000,2.1170406341552734,856.6,342436,100.95248914922962
PPO,1,301,-69.104338,430,1.357248306274414,922.0600000000002,342436,100.41407196261989
PPO,1,302,-106.437766,193,1.322819709777832,965.89,342436,98.31603031043214
PPO,1,303,133.454027,585,1.5528206825256348,907.8100000000004,342436,101.10145111110346
PPO,1,304,-115.224322,483,1.3498404026031494,918.1000000000004,342436,101.18897550082272
PPO,1,305,-101.475899,243,1.261007308959961,959.11,342436,101.47523105476621
PPO,1,306,-79.240005,478,1.4563732147216797,920.9500000000004,342436,99.82427471822909
PPO,1,307,-115.48393,184,1.3760457038879395,964.63,342436,99.85629172159499
PPO,1,308,-115.660246,552,1.5591650009155273,898.9000000000004,342436,99.34479249493859
PPO,1,309,122.703398,617,1.3770015239715576,911.2900000000004,342436,101.52523980864846
PPO,1,310,101.588703,613,1.4377307891845703,907.0000000000005,342436,102.85170745935146
PPO,1,311,-51.995398,419,1.4699876308441162,928.1800000000004,342436,102.73988168987967
PPO,1,312,-130.635758,313,1.5827407836914062,943.24,342436,103.0911329629529
PPO,1,313,-147.33698,420,1.477113962173462,926.1400000000002,342436,103.28284340591735
PPO,1,314,-87.1922,306,1.3651063442230225,941.98,342436,103.06747321009597
PPO,1,315,-126.368226,543,1.603649377822876,906.2500000000005,342436,103.25754938814326
PPO,1,316,-102.661606,136,1.472846269607544,972.52,342436,103.31457552707215
PPO,1,317,-102.061761,377,1.3409078121185303,931.6300000000002,342436,103.16937560783894
PPO,1,318,-93.725565,486,1.5056686401367188,915.2500000000005,342436,102.94838263506887
PPO,1,319,-126.529607,567,1.5970649719238281,899.3500000000005,342436,101.50204687773693
PPO,1,320,-99.113374,316,1.5533416271209717,946.87,342436,97.11678925506858
PPO,1,321,180.094322,590,1.4227430820465088,905.2600000000004,342436,101.90784428162414
PPO,1,322,139.017148,495,1.4341490268707275,925.45,342436,105.0849531530662
PPO,1,323,-92.784049,607,1.5247783660888672,893.4100000000005,342436,104.96644935744074
PPO,1,324,119.243954,749,1.625619888305664,880.0300000000007,342436,106.2774952400485
PPO,1,325,174.489715,631,1.742842197418213,893.7400000000006,342436,109.92881319435178
PPO,1,326,49.31775,1000,2.1997594833374023,895.3600000000002,342436,108.18835237397693
PPO,1,327,-84.040753,291,1.4020071029663086,948.55,342436,107.6133817092817
PPO,1,328,-100.412241,776,1.6906590461730957,865.6900000000004,342436,107.94771759817597
PPO,1,329,198.579743,536,1.407959222793579,912.5500000000004,342436,111.5462415045016
PPO,1,330,206.947731,632,1.565232753753662,900.2500000000005,342436,114.52992968661589
PPO,1,331,60.196039,809,1.9636363983154297,870.5800000000006,342436,113.47871714045144
PPO,1,332,-109.919402,520,1.361447811126709,912.9700000000004,342436,113.70024275118303
PPO,1,333,-47.272497,226,1.4671576023101807,957.43,342436,113.16839004738787
PPO,1,334,120.502538,642,1.6934514045715332,905.4400000000004,342436,113.72467077362832
PPO,1,335,113.717687,669,1.4199531078338623,906.1600000000004,342436,114.17984454544991
PPO,1,336,-61.604318,511,1.555511474609375,911.8900000000004,342436,113.79610666670912
PPO,1,337,-200.153266,947,2.2631871700286865,835.7499999999993,342436,115.58083960582479
PPO,1,338,-104.821459,467,1.4474904537200928,923.2000000000004,342436,115.57278565905963
PPO,1,339,-72.80564,226,1.5595216751098633,959.23,342436,114.17586701495473
PPO,1,340,217.286401,552,1.5841443538665771,908.1100000000004,342436,118.12701329479273
PPO,1,341,-59.94449,193,1.4428415298461914,968.02,342436,117.80230826669855
PPO,1,342,204.610301,595,1.6382014751434326,896.8000000000005,342436,118.44866123377314
PPO,1,343,-94.235304,290,1.437896490097046,947.83,342436,118.65590777935778
PPO,1,344,-2.140403,1000,1.994035243988037,871.5100000000004,342436,117.80987050458397
PPO,1,345,57.625343,1000,2.4125189781188965,897.2800000000003,342436,117.11961848322112
PPO,1,346,88.556194,743,1.7427306175231934,876.6100000000005,342436,116.5221705520582
PPO,1,347,-101.75583,134,1.3605873584747314,973.84,342436,116.99613968582227
PPO,1,348,154.314666,624,1.4875304698944092,899.1100000000005,342436,118.3670829037059
PPO,1,349,191.428305,542,1.4511783123016357,910.5700000000004,342436,120.92132231777828
PPO,1,350,176.741087,660,1.4602694511413574,891.1300000000006,342436,123.57121512734938
PPO,1,351,175.130277,559,1.418656587600708,909.4600000000004,342436,125.62567550081364
PPO,1,352,172.282985,566,1.5127956867218018,910.3900000000004,342436,126.82183558879086
PPO,1,353,-81.624025,201,1.443876028060913,963.64,342436,126.16070614644897
PPO,1,354,123.128215,554,1.403282880783081,915.5500000000002,342436,126.05657558298704
PPO,1,355,-45.737934,421,1.264131784439087,929.7100000000004,342436,125.31816658868983
PPO,1,356,131.805213,414,1.5757014751434326,937.36,342436,125.78772411029007
PPO,1,357,-79.840916,509,1.307758092880249,913.2400000000004,342436,125.14885873059828
PPO,1,358,-65.535508,253,1.3137714862823486,953.38,342436,124.29493609328955
PPO,1,359,-108.490437,483,1.436521053314209,913.8700000000002,342436,124.54477754459649
PPO,1,360,128.386662,520,1.39973783493042,917.5300000000002,342436,124.988104058651
PPO,1,361,167.070563,531,1.5177314281463623,918.7900000000002,342436,126.49661186437496
PPO,1,362,122.300406,554,1.4349920749664307,913.8100000000004,342436,125.56814822703282
PPO,1,363,25.187609,1000,1.4726812839508057,894.7600000000002,342436,123.23008391810615
PPO,1,364,-65.763749,332,1.2108566761016846,942.1,342436,122.87610609599082
PPO,1,365,-113.592976,539,1.3746988773345947,907.0300000000004,342436,122.5732244205837
PPO,1,366,67.716446,1000,2.2836217880249023,908.7099999999996,342436,121.321263638765
PPO,1,367,152.321352,647,1.2965130805969238,908.5900000000004,342436,121.05049997791403
PPO,1,368,66.956677,1000,1.6338119506835938,941.5899999999996,342436,119.7395143474769
PPO,1,369,164.243797,472,1.4013917446136475,932.3800000000002,342436,118.69623423175749
PPO,1,370,-89.851444,309,1.258085012435913,944.38,342436,118.48110068185389
PPO,1,371,217.37284,551,1.3960280418395996,917.2600000000004,342436,119.45263849213956
PPO,1,372,-67.023687,188,1.2677719593048096,967.57,342436,119.66033572817079
PPO,1,373,-75.241935,228,1.172630786895752,961.99,342436,119.29577266553088
PPO,1,374,-69.446935,254,1.3034629821777344,956.71,342436,119.72294256465861
PPO,1,375,155.152811,540,1.3436336517333984,920.9800000000002,342436,119.30720981592417
PPO,1,376,-52.603955,350,1.3804116249084473,936.34,342436,119.93390992020315
PPO,1,377,-56.889115,459,1.4134292602539062,924.4600000000004,342436,119.45822796844547
PPO,1,378,200.609116,484,1.4413836002349854,922.3300000000004,342436,120.08309506475553
PPO,1,379,-107.599546,413,1.1730306148529053,928.3600000000002,342436,119.68087102314276
PPO,1,380,201.419657,498,1.3215372562408447,921.5800000000004,342436,119.52401277338903
PPO,1,381,-104.936578,468,1.4044535160064697,920.5000000000005,342436,121.03864467497407
PPO,1,382,62.846414,1000,1.52860426902771,939.9399999999996,342436,119.41758740625875
PPO,1,383,66.434702,1000,1.326768398284912,935.8299999999998,342436,118.91851557709629
PPO,1,384,-80.723675,202,1.5661883354187012,963.4,342436,119.42401513171764
PPO,1,385,171.365725,444,1.224717378616333,935.26,342436,120.47288725351518
PPO,1,386,86.398021,1000,1.7943031787872314,910.03,342436,119.90442126302105
PPO,1,387,171.282998,471,1.410771131515503,924.1,342436,116.44012853061334
PPO,1,388,-146.433914,454,1.2236874103546143,922.7200000000004,342436,117.6460822717
PPO,1,389,-9.734161,1000,1.6901488304138184,898.9299999999998,342436,116.72620892335573
PPO,1,390,-71.171638,326,1.248805284500122,937.75,342436,115.177571667889
PPO,1,391,207.872835,484,1.4342303276062012,930.5500000000004,342436,116.6671984029417
PPO,1,392,-32.553587,377,1.373082160949707,934.0300000000002,342436,114.86453919223804
PPO,1,393,-53.114185,384,1.176027774810791,937.3300000000002,342436,114.04721454812113
PPO,1,394,-65.071115,147,1.3183507919311523,976.45,342436,114.85504389418463
PPO,1,395,178.455423,476,1.3579967021942139,935.11,342436,116.4765014026861
PPO,1,396,-77.895448,309,1.2780342102050781,943.27,342436,117.46255011682487
PPO,1,397,-95.466583,340,1.2934865951538086,938.26,342436,117.31576680548206
PPO,1,398,-55.439997,186,1.2138071060180664,969.94,342436,116.84648391901239
PPO,1,399,107.597551,592,1.4581024646759033,917.02,342436,115.16840552317308
PPO,1,400,123.310176,445,1.4774150848388672,933.52,342436,114.0683151654775
PPO,1,401,227.018559,475,1.5832948684692383,925.3600000000002,342436,115.59613385482163
PPO,1,402,-79.461212,213,1.3106708526611328,960.58,342436,114.87989335338503
PPO,1,403,-37.037548,417,1.2628891468048096,929.3200000000004,342436,114.20041690547684
PPO,1,404,-60.615381,426,1.2489581108093262,927.6100000000002,342436,114.04901234603444
PPO,1,405,192.703654,440,1.155881643295288,938.5000000000002,342436,115.97218359602802
PPO,1,406,-69.846527,203,1.469482660293579,962.41,342436,115.85005662029695
PPO,1,407,-68.089566,416,1.4514005184173584,931.6600000000002,342436,115.64795074844105
PPO,1,408,239.188558,447,1.386000394821167,929.2600000000002,342436,118.6698047903559
PPO,1,409,-64.067866,197,1.3649487495422363,966.61,342436,117.77924010677964
PPO,1,410,187.55524,469,1.3864235877990723,937.93,342436,119.0256371180426
PPO,1,411,-72.070421,295,1.2764501571655273,952.6,342436,118.37945437570374
PPO,1,412,-77.167827,449,1.4373559951782227,920.9500000000004,342436,118.53135600498793
PPO,1,413,-105.893592,414,1.5707101821899414,929.2300000000002,342436,119.9412409966401
PPO,1,414,163.547001,506,1.5609052181243896,918.1600000000004,342436,120.86069166450585
PPO,1,415,-60.220517,398,1.4515485763549805,936.5500000000002,342436,119.84526926864679
PPO,1,416,-81.76193,230,1.3054189682006836,957.61,342436,120.68155852695396
PPO,1,417,-87.053502,157,1.3069136142730713,972.91,342436,120.28805177238867
PPO,1,418,-98.37068,146,1.4979844093322754,975.58,342436,121.22971710560235
PPO,1,419,-78.320124,206,1.4624924659729004,965.05,342436,120.08958475570485
PPO,1,420,55.400146,1000,1.8641493320465088,915.1000000000004,342436,119.34079542363504
PPO,1,421,-75.760902,369,1.5029301643371582,937.09,342436,116.42378176388159
PPO,1,422,27.969166,1000,1.8055098056793213,903.79,342436,115.93813193623052
PPO,1,423,123.680432,790,1.5820987224578857,909.6100000000002,342436,116.31870419760676
PPO,1,424,-136.977937,993,1.7461419105529785,822.2499999999987,342436,117.67670344673763
PPO,1,425,222.189672,464,1.5289230346679688,922.2700000000004,342436,119.64555146906423
PPO,1,426,214.017969,468,1.4775640964508057,925.7500000000005,342436,122.41903953999993
PPO,1,427,-126.666821,454,1.4319071769714355,920.8600000000004,342436,123.68361624448168
PPO,1,428,185.775468,481,1.410893201828003,919.8700000000003,342436,123.26479031407449
PPO,1,429,165.347435,673,1.5729055404663086,923.14,342436,123.59270784372674
PPO,1,430,61.006645,1000,1.9033989906311035,904.96,342436,121.10395605188965
PPO,1,431,10.936735,1000,2.385319709777832,884.8000000000004,342436,119.76584421357335
PPO,1,432,82.581806,1000,2.175692558288574,906.7,342436,119.92662553724026
PPO,1,433,-86.582192,237,1.7029550075531006,953.47,342436,120.75658707609162
PPO,1,434,61.463373,781,1.5964903831481934,868.1800000000005,342436,119.99863477741219
PPO,1,435,55.78116,1000,2.413940906524658,894.52,342436,118.23546266715721
PPO,1,436,-20.011303,1000,2.178267240524292,841.2399999999994,342436,118.00677748301277
PPO,1,437,-40.61671,445,1.4062809944152832,924.6100000000004,342436,116.26959881293689
PPO,1,438,-71.345231,176,1.3188989162445068,966.31,342436,114.64580165560382
PPO,1,439,-78.715577,512,1.370105266571045,914.3500000000004,342436,115.3683865386168
PPO,1,440,-72.398549,341,1.3709824085235596,939.2800000000002,342436,115.38690935616651
PPO,1,441,-67.275454,326,1.5877563953399658,943.0300000000002,342436,112.59885314756053
PPO,1,442,-80.963094,148,1.8505887985229492,974.41,342436,113.16551306258299
PPO,1,443,-80.28478,180,1.390033483505249,966.22,342436,113.52629572055851
PPO,1,444,125.531931,551,1.5158138275146484,918.0100000000002,342436,114.19732368169684
PPO,1,445,-79.869902,302,1.2928721904754639,948.64,342436,112.38308017194342
PPO,1,446,-86.874443,273,1.412675142288208,953.38,342436,112.52556047411043
PPO,1,447,-85.798716,193,1.345738172531128,963.91,342436,112.3579370935959
PPO,1,448,-84.678495,155,1.3010382652282715,972.01,342436,112.75645791713798
PPO,1,449,-91.931251,296,1.2585046291351318,949.51,342436,112.63350160745937
PPO,1,450,-88.327167,421,1.4816858768463135,927.8500000000004,342436,111.98366306636235
PPO,1,451,-27.359246,332,1.3145561218261719,941.4100000000002,342436,107.14327131033485
PPO,1,452,-23.232649,1000,1.826664924621582,853.1199999999999,342436,106.67038769767986
PPO,1,453,-66.177803,190,1.3720958232879639,969.4,342436,106.91861696453095
PPO,1,454,-76.416458,147,1.6351759433746338,970.51,342436,107.10155231132441
PPO,1,455,-121.219629,406,1.3794472217559814,929.8900000000002,342436,104.39357057879866
PPO,1,456,-22.366912,480,1.3052129745483398,921.3100000000004,342436,104.08772401889794
PPO,1,457,103.059484,634,1.646265983581543,895.2400000000005,342436,104.9989843539732
PPO,1,458,55.093808,1000,2.210320472717285,883.8400000000003,342436,99.3183162097542
PPO,1,459,142.160026,581,1.4593474864959717,904.2100000000004,342436,101.34502617605109
PPO,1,460,157.816255,472,1.4310657978057861,930.1600000000002,342436,100.27609610424328
PPO,1,461,-107.810692,439,1.455676794052124,919.1200000000003,342436,100.85039647898694
PPO,1,462,-49.279206,419,1.3699936866760254,927.8500000000004,342436,100.55129243999737
PPO,1,463,103.905039,1000,1.6945903301239014,890.0200000000006,342436,100.79519018718933
PPO,1,464,-9.528191,1000,1.7199115753173828,877.4200000000005,342436,97.88605934983357
PPO,1,465,77.275638,1000,1.782776117324829,896.4100000000001,342436,98.31668369605151
PPO,1,466,157.860448,473,1.3641202449798584,927.0400000000002,342436,100.300704052372
PPO,1,467,195.34193,504,1.2374749183654785,919.0600000000004,342436,103.18658973043047
PPO,1,468,-98.604462,483,1.2875730991363525,914.3200000000004,342436,103.19127792117567
PPO,1,469,-66.663274,224,1.4778289794921875,959.5,342436,103.01584492694776
PPO,1,470,-68.270277,176,1.7922334671020508,969.31,342436,103.2654267450496
PPO,1,471,-68.34391,416,1.3067286014556885,925.5700000000004,342436,103.15783165775849
PPO,1,472,-5.75201,1000,1.7589287757873535,865.0000000000003,342436,103.10184187425689
PPO,1,473,-53.449219,469,1.370711326599121,920.2000000000004,342436,101.90336141391955
PPO,1,474,171.379368,418,1.2613775730133057,938.83,342436,102.83414235688754
PPO,1,475,-71.835614,481,1.4420766830444336,919.1200000000003,342436,98.55444081081563
PPO,1,476,-63.396276,272,1.2251532077789307,950.5,342436,93.99410617000218
PPO,1,477,-46.742264,406,1.2974216938018799,932.7100000000004,342436,92.60791914251821
PPO,1,478,-73.373454,296,1.2875261306762695,947.08,342436,88.96626873706231
PPO,1,479,-47.397429,168,1.2397334575653076,967.36,342436,85.48921509183538
PPO,1,480,-70.801302,206,1.2326598167419434,965.32,342436,85.15383954900439
PPO,1,481,-69.180897,324,1.321843147277832,943.48,342436,85.36528468899138
PPO,1,482,-81.032151,253,1.2147669792175293,958.12,342436,84.55323773684141
PPO,1,483,-152.17724,406,1.2665965557098389,931.36,342436,86.04172805390938
PPO,1,484,129.304134,606,1.3560676574707031,908.2000000000004,342436,87.88221802131912
PPO,1,485,142.320209,749,1.4863090515136719,929.7399999999996,342436,90.21622014529805
PPO,1,486,180.783925,407,1.2472732067108154,941.35,342436,94.50121919018635
PPO,1,487,-60.790455,231,1.1913435459136963,960.58,342436,94.64775801452079
PPO,1,488,-177.349823,834,1.4382281303405762,856.69,342436,97.00905376012112
PPO,1,489,205.572887,487,1.359367847442627,923.7100000000004,342436,101.54847608019126
PPO,1,490,209.177366,482,1.348552942276001,926.3200000000004,342436,105.81573123775956
PPO,1,491,-106.98448,444,1.2813851833343506,923.6200000000002,342436,106.40978649323544
PPO,1,492,-56.557539,394,1.2983217239379883,934.6600000000002,342436,106.13029162821411
PPO,1,493,187.863942,518,1.438547134399414,924.5200000000004,342436,109.05980652608517
PPO,1,494,135.757061,454,1.4744539260864258,940.0,342436,109.30862547260638
PPO,1,495,-73.752281,260,1.385561227798462,952.42,342436,109.22489635579917
PPO,1,496,-40.099192,342,1.2883670330047607,941.5600000000002,342436,108.6927543447361
PPO,1,497,222.15828,414,1.5464367866516113,932.2000000000004,342436,112.3781587673597
PPO,1,498,-92.554735,388,1.2556164264678955,932.11,342436,112.50936455587578
PPO,1,499,169.660834,465,1.3603198528289795,935.65,342436,113.95498592073375
PPO,1,500,211.085719,411,1.2888109683990479,935.6500000000002,342436,116.45990452505845
PPO,2,1,-140.121279,88,1.0220186710357666,992.08,inf,0.0
PPO,2,2,-404.861751,101,1.0298399925231934,988.66,inf,132.37023600000003
PPO,2,3,-130.270599,68,1.0221455097198486,993.58,inf,127.18527787266903
PPO,2,4,-345.991028,75,1.0419032573699951,991.45,inf,121.95497971478606
PPO,2,5,-234.456262,130,1.0327157974243164,985.39,inf,109.3983636689518
PPO,2,6,-129.275558,111,1.0197162628173828,988.12,inf,109.70857789695454
PPO,2,7,-59.908429,82,1.020521879196167,992.86,inf,117.87183657170566
PPO,2,8,-181.997038,117,1.179494857788086,988.27,inf,110.55427038382017
PPO,2,9,-110.082796,99,1.0382006168365479,989.23,inf,108.27532460352056
PPO,2,10,-186.309275,122,1.0413460731506348,984.94,inf,102.73857859330356
PPO,2,11,-36.138017,86,1.055124282836914,988.6,inf,107.75795292909878
PPO,2,12,-48.640811,112,1.0363194942474365,984.85,inf,109.201387125606
PPO,2,13,-48.924451,182,1.0573620796203613,974.74,inf,109.55940745078371
PPO,2,14,-101.952421,117,1.2018518447875977,984.7,inf,106.5642886122648
PPO,2,15,-157.061179,132,1.0695700645446777,979.69,inf,102.95334143456472
PPO,2,16,-92.332837,115,1.0485880374908447,985.6,inf,100.80995392575868
PPO,2,17,-239.075586,121,1.0659425258636475,979.75,inf,99.99502999150612
PPO,2,18,-226.119671,170,1.060528039932251,972.01,inf,98.50624072024354
PPO,2,19,-104.184579,183,1.0984554290771484,971.92,inf,96.67527578538224
PPO,2,20,-49.711374,205,1.0665476322174072,966.28,inf,97.07075407675386
PPO,2,21,-363.581778,132,1.3016762733459473,978.91,inf,104.95887951846912
PPO,2,22,-119.473867,125,1.0691542625427246,982.03,inf,102.91825665074185
PPO,2,23,-31.231659,84,1.072645664215088,986.08,inf,104.00282658969545
PPO,2,24,-111.328999,206,1.0962715148925781,965.92,inf,102.1692654006553
PPO,2,25,13.657045,137,1.1151561737060547,977.2,inf,105.24955038120777
PPO,2,26,0.564464,196,1.1269042491912842,969.88,inf,106.96369210193166
PPO,2,27,-36.52246,205,1.1049590110778809,967.42,inf,106.76625892704648
PPO,2,28,-44.571761,192,1.0713856220245361,970.78,inf,106.21008122173588
PPO,2,29,-44.88847,287,1.0939908027648926,953.62,inf,105.58986011755695
PPO,2,30,-21.700093,170,1.1477210521697998,970.27,inf,105.61371095908159
PPO,2,31,-203.211172,214,1.1123685836791992,965.83,inf,104.78313064790582
PPO,2,32,115.663906,1000,1.5713133811950684,911.05,inf,111.55328879930077
PPO,2,33,-29.500549,347,1.4326322078704834,935.2900000000002,inf,110.96574999597549
PPO,2,34,-90.877031,203,1.3980391025543213,965.5,inf,109.4197858398522
PPO,2,35,-56.651986,227,1.8575096130371094,958.63,inf,108.32043920281743
PPO,2,36,60.457095,1000,2.1627485752105713,892.69,inf,110.66099578637584
PPO,2,37,-129.930266,178,1.701263427734375,973.72,inf,109.19917583686298
PPO,2,38,-168.089228,206,1.148782730102539,962.8,inf,108.13464699454649
PPO,2,39,-13.51085,233,1.2454328536987305,961.51,inf,107.88821325562787
PPO,2,40,71.510972,1000,2.1631336212158203,882.8800000000002,inf,110.2483183798806
PPO,2,41,-11.469895,422,1.5357708930969238,923.4400000000004,inf,109.86272066281842
PPO,2,42,-393.96465,716,1.3347339630126953,868.8100000000005,inf,117.2342757900327
PPO,2,43,-5.259328,1000,1.853485107421875,868.8700000000002,inf,116.94131478213498
PPO,2,44,-281.144732,966,1.639388084411621,821.2299999999987,inf,118.4517033502107
PPO,2,45,-53.479918,1000,2.4606292247772217,818.2899999999986,inf,117.44403831025595
PPO,2,46,-123.994205,1000,1.8592350482940674,818.4999999999986,inf,116.17693707761329
PPO,2,47,-1.173821,1000,1.9849376678466797,829.989999999999,inf,116.01931098979674
PPO,2,48,-63.843862,1000,1.600285291671753,820.8999999999986,inf,114.98172155976543
PPO,2,49,-42.291689,1000,1.9359381198883057,822.8499999999988,inf,114.17644643398613
PPO,2,50,-45.032615,1000,2.0257794857025146,816.2199999999984,inf,113.35359369613427
PPO,2,51,-33.570455,1000,2.180129289627075,818.1699999999985,inf,113.6752584126421
PPO,2,52,-34.703032,1000,2.630417585372925,819.1299999999985,inf,105.53138745816376
PPO,2,53,-20.830699,1000,1.8670730590820312,843.0399999999995,inf,105.92196939845827
PPO,2,54,-36.010803,1000,1.9401614665985107,819.7299999999985,inf,99.84936838923876
PPO,2,55,-104.706079,1000,2.0979931354522705,812.1999999999983,inf,97.64837176375073
PPO,2,56,-32.341025,1000,2.16373610496521,817.6899999999985,inf,97.70296422488641
PPO,2,57,-44.279032,1000,1.7691175937652588,839.0799999999994,inf,97.79998307065009
PPO,2,58,-46.211839,1000,1.9415624141693115,823.4499999999987,inf,96.87410918156046
PPO,2,59,19.392456,1000,2.243250846862793,835.1199999999992,inf,97.75015286174903
PPO,2,60,-50.780032,1000,2.382024049758911,814.8399999999984,inf,96.55242495293261
PPO,2,61,1.207755,1000,1.6741526126861572,821.7099999999987,inf,96.98791878513504
PPO,2,62,-51.115077,1000,1.8341190814971924,819.6099999999985,inf,96.97584571345458
PPO,2,63,-155.348312,839,1.5884063243865967,850.6599999999997,inf,97.57774925501111
PPO,2,64,-55.470731,1000,2.050635576248169,820.3899999999986,inf,97.54454841285737
PPO,2,65,-6.405183,1000,1.9963836669921875,823.5399999999987,inf,97.28233581206798
PPO,2,66,-42.840808,1000,1.9780430793762207,819.4599999999986,inf,97.31964629720378
PPO,2,67,-146.923079,901,1.6610844135284424,840.0099999999994,inf,94.9585619006505
PPO,2,68,-13.183924,1000,1.7945854663848877,819.3099999999986,inf,92.5573181648834
PPO,2,69,-52.145785,1000,1.5177552700042725,819.8499999999985,inf,92.39944535736754
PPO,2,70,-38.430164,1000,1.6000521183013916,815.4699999999984,inf,92.44688630579103
PPO,2,71,-49.760839,1000,2.297269344329834,832.059999999999,inf,81.90520891564644
PPO,2,72,-45.267904,330,1.4078872203826904,936.97,inf,81.43276322429037
PPO,2,73,75.514129,763,1.5956308841705322,874.4800000000005,inf,83.4194855964517
PPO,2,74,88.347014,806,1.6937205791473389,875.6500000000004,inf,85.31328853739596
PPO,2,75,-86.154263,1000,2.1797475814819336,821.1099999999986,inf,84.97915785401165
PPO,2,76,96.308545,915,2.106940984725952,843.1899999999995,inf,87.18095133945121
PPO,2,77,-47.491278,1000,2.078756093978882,813.1299999999984,inf,87.16160730770349
PPO,2,78,-22.758809,1000,2.5064773559570312,851.0199999999999,inf,87.24125168033626
PPO,2,79,-49.349006,1000,2.020780086517334,820.9899999999986,inf,87.23890719104487
PPO,2,80,-168.495199,727,1.7152972221374512,870.6400000000006,inf,88.71305406529515
PPO,2,81,133.149298,877,1.5718135833740234,886.2100000000002,inf,89.76821762914481
PPO,2,82,-38.507615,1000,1.7760138511657715,821.2899999999987,inf,86.77160379241224
PPO,2,83,-35.810041,1000,1.86704683303833,816.8199999999986,inf,86.74810538007051
PPO,2,84,-59.052663,1000,2.0775885581970215,817.1799999999985,inf,86.55412258254069
PPO,2,85,-123.564737,963,1.6556789875030518,833.3499999999991,inf,87.18882957533154
PPO,2,86,-30.13931,1000,2.0596725940704346,820.0599999999986,inf,85.8138597651696
PPO,2,87,-68.854502,1000,1.6168572902679443,821.0199999999986,inf,85.11903652393936
PPO,2,88,-130.479311,653,1.42508864402771,882.7600000000006,inf,84.23521940785105
PPO,2,89,-42.127443,1000,1.825631856918335,818.4699999999985,inf,84.08641621547292
PPO,2,90,-19.888435,1000,2.4927196502685547,818.3199999999986,inf,82.40187124249596
PPO,2,91,-127.440208,647,1.4715585708618164,886.6900000000005,inf,82.86446291458505
PPO,2,92,-15.307274,1000,2.2128469944000244,815.6199999999985,inf,67.30245547679993
PPO,2,93,-102.41495,1000,1.8440005779266357,829.4199999999989,inf,67.4842341643157
PPO,2,94,-40.943698,1000,1.5033252239227295,817.5999999999985,inf,58.73459365807196
PPO,2,95,-88.684901,512,1.3621957302093506,907.6300000000005,inf,59.05773965717393
PPO,2,96,-174.388578,871,1.5902042388916016,846.0999999999996,inf,60.81141630223818
PPO,2,97,-15.208231,1000,1.6517548561096191,820.9599999999987,inf,60.638721890632176
PPO,2,98,-122.858671,630,1.3239548206329346,886.2700000000004,inf,61.54806234244071
PPO,2,99,-42.456657,1000,2.1830873489379883,817.7499999999985,inf,61.54782108938741
PPO,2,100,-166.121507,809,1.6520755290985107,852.0999999999999,inf,63.76981867763082
PPO,2,101,-62.699649,1000,1.9551684856414795,818.7999999999985,inf,63.756531220661756
PPO,2,102,-44.279009,1000,1.5647802352905273,818.0199999999986,inf,63.72502618754549
PPO,2,103,127.8441,819,1.6034624576568604,866.4700000000005,inf,68.32290935237575
PPO,2,104,-119.421735,919,1.6429622173309326,833.7399999999992,inf,69.04629391515365
PPO,2,105,-10.326535,1000,1.6785807609558105,831.8799999999991,inf,68.78078977203873
PPO,2,106,82.908334,870,2.1477272510528564,851.9199999999998,inf,71.12069609942557
PPO,2,107,108.398416,875,1.5484826564788818,862.3000000000002,inf,74.2754372679678
PPO,2,108,77.873873,958,2.076768159866333,843.0999999999995,inf,76.12715089724941
PPO,2,109,8.480552,1000,1.7124285697937012,838.1199999999993,inf,75.97481762197894
PPO,2,110,71.237087,890,1.6574032306671143,850.4199999999998,inf,77.50962696255601
PPO,2,111,-52.787691,1000,1.754345417022705,821.1099999999986,inf,77.3483019936082
PPO,2,112,-53.269653,1000,1.7909398078918457,815.2299999999985,inf,77.35625375876731
PPO,2,113,-14.574401,1000,2.01733136177063,831.7299999999991,inf,75.57306082968827
PPO,2,114,-70.335028,1000,1.7500457763671875,815.1099999999985,inf,75.68167156583115
PPO,2,115,5.58084,1000,1.8051011562347412,828.9399999999989,inf,75.792103598962
PPO,2,116,29.243475,1000,1.8757495880126953,839.2599999999994,inf,76.3164744687154
PPO,2,117,73.329335,900,2.0341203212738037,852.8799999999999,inf,76.01231141368001
PPO,2,118,36.346297,1000,2.0052032470703125,842.0499999999995,inf,76.53727378524114
PPO,2,119,17.978964,1000,2.053163528442383,851.1699999999998,inf,76.73053535451719
PPO,2,120,5.783867,1000,1.8029487133026123,849.5799999999998,inf,76.84772952787377
PPO,2,121,144.807781,740,1.359618902206421,872.4700000000005,inf,80.39338207297969
PPO,2,122,115.367578,803,1.8007426261901855,863.6200000000003,inf,82.58579531542375
PPO,2,123,-0.066692,1000,1.7132799625396729,841.2699999999995,inf,81.52778163045139
PPO,2,124,148.478348,950,1.638911485671997,842.5899999999995,inf,83.54262354871852
PPO,2,125,3.589251,1000,1.9271068572998047,838.4499999999994,inf,83.04880149291895
PPO,2,126,-154.155702,667,1.4423108100891113,881.5000000000006,inf,83.58695779399817
PPO,2,127,-177.427307,806,1.8248426914215088,861.0400000000002,inf,86.30007309800682
PPO,2,128,-77.910908,580,1.3334980010986328,895.4800000000005,inf,86.61529412801166
PPO,2,129,109.986454,829,1.4126198291778564,856.4200000000001,inf,88.61228851611689
PPO,2,130,-155.414127,899,1.5237681865692139,839.3499999999995,inf,88.20066982106684
PPO,2,131,-34.02967,1000,1.7051513195037842,825.3999999999988,inf,85.35080970736087
PPO,2,132,-115.72154,964,1.6861588954925537,825.6999999999989,inf,86.25553255041808
PPO,2,133,-21.155785,1000,1.6320619583129883,819.2499999999986,inf,86.25209746841966
PPO,2,134,-8.943736,1000,2.1663482189178467,816.6999999999986,inf,86.16870291100437
PPO,2,135,-42.603931,1000,2.468339204788208,821.6199999999988,inf,85.08000123637359
PPO,2,136,17.095464,1000,2.0173988342285156,829.629999999999,inf,85.27641700230812
PPO,2,137,-28.664392,1000,1.4902985095977783,822.7599999999987,inf,85.03664463745872
PPO,2,138,-58.44872,1000,1.693166971206665,824.2299999999988,inf,83.80407912652728
PPO,2,139,-15.097321,1000,2.0125482082366943,827.529999999999,inf,83.75653785151297
PPO,2,140,-22.404579,1000,1.5747265815734863,818.0499999999986,inf,83.75662618032716
PPO,2,141,-19.537433,1000,1.8124206066131592,830.5299999999991,inf,82.36549074385496
PPO,2,142,-23.392491,1000,1.5157558917999268,844.9899999999997,inf,82.36628081302577
PPO,2,143,-39.164817,1000,2.021036386489868,818.7999999999986,inf,81.55762939382807
PPO,2,144,77.593748,999,2.4708380699157715,832.6599999999992,inf,82.56596868218534
PPO,2,145,-31.19947,1000,1.6108105182647705,813.1899999999983,inf,81.93521319145233
PPO,2,146,-67.238958,1000,2.0223309993743896,819.2799999999986,inf,79.06975012030688
PPO,2,147,-148.933358,858,1.969165325164795,846.0099999999996,inf,81.3581424877795
PPO,2,148,-155.661674,950,1.7528307437896729,833.7699999999992,inf,82.3532469373967
PPO,2,149,15.931938,1000,2.1442360877990723,827.409999999999,inf,82.37570744295603
PPO,2,150,-28.146574,1000,1.7736101150512695,822.3099999999987,inf,79.50330382772307
PPO,2,151,-52.050991,1000,1.7006855010986328,817.8999999999985,inf,79.38004079907284
PPO,2,152,-44.882051,1000,1.899165153503418,815.0799999999984,inf,79.38509779043589
PPO,2,153,-54.382863,1000,1.639183759689331,815.1399999999985,inf,77.06228565654199
PPO,2,154,-43.908058,1000,1.8282766342163086,817.6599999999985,inf,75.72839430580149
PPO,2,155,-47.300938,1000,1.546201229095459,815.9799999999984,inf,75.8748010306305
PPO,2,156,-32.629837,1000,1.8063275814056396,813.7299999999984,inf,74.63209360835609
PPO,2,157,-181.805425,870,1.6117076873779297,844.9599999999996,inf,75.9667117735648
PPO,2,158,-126.736347,841,1.5268900394439697,848.4399999999998,inf,75.97179190024964
PPO,2,159,-50.30389,1000,2.0736701488494873,818.4699999999985,inf,75.87796573886926
PPO,2,160,-139.059686,783,1.4614536762237549,862.2700000000003,inf,76.11315840212356
PPO,2,161,-35.143296,1000,2.1025965213775635,817.5699999999986,inf,76.05575122812517
PPO,2,162,-23.442319,1000,1.8471856117248535,824.7699999999988,inf,75.99892317905184
PPO,2,163,10.231725,1000,1.5984811782836914,818.8299999999986,inf,76.18406615667934
PPO,2,164,-61.68635,1000,2.4989712238311768,814.0299999999984,inf,76.10278978359008
PPO,2,165,-74.780912,1000,1.5664749145507812,820.1199999999986,inf,76.1798423278681
PPO,2,166,3.555707,1000,2.1724319458007812,826.779999999999,inf,75.85266482305776
PPO,2,167,82.873459,921,2.1776063442230225,850.3899999999999,inf,76.12966015132625
PPO,2,168,-52.582971,1000,1.535372018814087,819.9999999999986,inf,75.5469355342394
PPO,2,169,-11.789654,1000,2.774507761001587,816.9399999999985,inf,75.2528246116643
PPO,2,170,10.432949,1000,2.2490932941436768,854.65,inf,75.30533382669522
PPO,2,171,87.794579,994,1.6724200248718262,841.8699999999995,inf,72.9795342385128
PPO,2,172,-55.201415,1000,2.406705379486084,822.0399999999987,inf,69.76341842233818
PPO,2,173,-15.210305,1000,1.9345033168792725,848.0499999999997,inf,69.62686962304979
PPO,2,174,137.869471,849,1.556187391281128,859.6600000000002,inf,69.0685144206836
PPO,2,175,-7.075475,1000,1.7483580112457275,819.8199999999986,inf,68.9517220819812
PPO,2,176,-52.347979,1000,2.155219793319702,819.4299999999986,inf,67.01593517499987
PPO,2,177,148.854313,818,1.5587167739868164,862.4200000000003,inf,68.94081504409658
PPO,2,178,-57.300175,1000,1.6842522621154785,827.859999999999,inf,68.72080867932621
PPO,2,179,24.186117,1000,1.7361111640930176,862.6900000000003,inf,66.21274299324871
PPO,2,180,118.96759,771,2.1032066345214844,874.5700000000005,inf,67.15190514875482
PPO,2,181,-43.863935,1000,1.988283395767212,821.1699999999987,inf,67.18691729355294
PPO,2,182,-78.647663,1000,2.120197296142578,813.5799999999983,inf,66.4046860441414
PPO,2,183,-71.16077,1000,1.7483062744140625,814.4799999999984,inf,66.69489550231553
PPO,2,184,12.264141,1000,2.636223077774048,847.1799999999997,inf,66.87777147042765
PPO,2,185,-44.739653,1000,2.056614398956299,816.1899999999985,inf,66.88845451266972
PPO,2,186,-68.249487,1000,2.091433048248291,822.0699999999987,inf,66.83122069415514
PPO,2,187,25.617158,1000,2.2003543376922607,837.9099999999994,inf,67.26202816947604
PPO,2,188,117.107381,818,1.4648091793060303,866.2900000000004,inf,70.08231377363816
PPO,2,189,-17.576792,1000,2.160771369934082,866.0500000000003,inf,70.07682032799072
PPO,2,190,-45.505595,1000,1.9263169765472412,818.2599999999985,inf,70.14007792068796
PPO,2,191,118.055435,918,2.0200018882751465,848.1999999999997,inf,72.92795185393915
PPO,2,192,37.058619,1000,1.7259118556976318,860.2000000000002,inf,73.39172892574281
PPO,2,193,-108.805541,819,1.9692676067352295,853.51,inf,74.38443359657323
PPO,2,194,-54.394966,1000,2.049557685852051,816.8199999999985,inf,73.13402070010758
PPO,2,195,-28.340535,1000,2.9267020225524902,844.9599999999996,inf,73.13000219806494
PPO,2,196,-6.559207,1000,2.3294930458068848,820.3599999999986,inf,72.9155426904843
PPO,2,197,60.097577,935,1.5969202518463135,847.7199999999997,inf,71.57767743559182
PPO,2,198,-86.67136,665,1.4149129390716553,882.9700000000006,inf,69.57077451895682
PPO,2,199,-46.886332,1000,1.7061748504638672,816.1899999999985,inf,69.51696224017766
PPO,2,200,-33.221456,1000,2.207470178604126,821.0499999999987,inf,69.53382251058132
PPO,2,201,96.778764,978,1.9775457382202148,834.5199999999993,inf,71.22811322234652
PPO,2,202,-73.3872,1000,1.5923495292663574,814.7199999999984,inf,71.5685908040548
PPO,2,203,-50.904491,457,1.5816118717193604,915.7300000000004,inf,71.53368669365246
PPO,2,204,0.733606,1000,1.7654156684875488,816.0999999999985,inf,71.46720359426492
PPO,2,205,-22.2386,1000,1.6986792087554932,822.7599999999987,inf,71.33238801310104
PPO,2,206,5.814465,1000,2.30019474029541,853.3599999999999,inf,71.34880556008989
PPO,2,207,-43.583129,1000,1.6711843013763428,820.2699999999986,inf,67.38220567104356
PPO,2,208,-50.286945,1000,1.9246916770935059,820.9599999999987,inf,65.60020339534142
PPO,2,209,-69.106208,303,1.2752807140350342,941.26,inf,65.88199849015537
PPO,2,210,145.819025,653,1.545677661895752,899.0500000000003,inf,66.84016693305782
PPO,2,211,63.651142,1000,2.236102342605591,885.58,inf,67.3759644818867
PPO,2,212,-49.406234,1000,2.0193123817443848,814.4199999999985,inf,67.63142736633249
PPO,2,213,18.50542,1000,1.7836196422576904,849.7299999999998,inf,67.67486878127177
PPO,2,214,144.051549,726,1.330852746963501,884.5900000000005,inf,70.2075849057734
PPO,2,215,120.133493,692,1.4530055522918701,888.7300000000004,inf,71.30517098287864
PPO,2,216,64.171594,1000,1.7526931762695312,891.4599999999999,inf,71.78899839182063
PPO,2,217,-61.30416,1000,2.319026231765747,819.2799999999986,inf,71.5350731176429
PPO,2,218,-109.404741,611,1.385831594467163,895.1500000000004,inf,72.84885619857118
PPO,2,219,-17.493184,1000,2.0236005783081055,837.0699999999994,inf,72.87465731194641
PPO,2,220,156.64762,775,1.3601677417755127,881.6800000000004,inf,76.02851887825764
PPO,2,221,-51.836465,558,1.435126781463623,904.5700000000004,inf,75.48777607324132
PPO,2,222,8.598848,1000,2.0095999240875244,842.7699999999995,inf,75.04950220186397
PPO,2,223,128.08529,940,2.463071584701538,874.0900000000003,inf,77.00274326071147
PPO,2,224,-6.291713,1000,2.157963275909424,823.3599999999988,inf,74.6770350764866
PPO,2,225,131.420906,845,1.8586416244506836,858.3100000000002,inf,76.78438302977307
PPO,2,226,-13.005607,1000,1.840395212173462,822.0699999999988,inf,76.38355829157358
PPO,2,227,-30.640871,1000,2.245091199874878,817.0899999999986,inf,73.79361979097631
PPO,2,228,-126.292165,591,1.2990167140960693,897.9100000000004,inf,75.53532396406052
PPO,2,229,-87.798456,376,1.432236909866333,933.7600000000002,inf,76.49131425990991
PPO,2,230,-22.528478,1000,1.6343951225280762,819.1299999999986,inf,74.61419554229654
PPO,2,231,22.341998,1000,2.1105716228485107,841.8699999999995,inf,74.47008800627741
PPO,2,232,-22.638815,1000,1.4647266864776611,823.2999999999988,inf,73.72604967852455
PPO,2,233,35.485087,1000,2.3389487266540527,849.7899999999997,inf,73.20233903132296
PPO,2,234,72.960181,1000,2.0386126041412354,865.7800000000004,inf,73.87481836057056
PPO,2,235,117.006365,973,2.1302435398101807,865.4800000000005,inf,75.26454127213921
PPO,2,236,171.611979,703,1.336169719696045,891.4000000000003,inf,77.99200419141677
PPO,2,237,-76.365744,1000,1.9508450031280518,820.2999999999987,inf,78.8985909610848
PPO,2,238,-50.45321,1000,1.521451711654663,819.5799999999987,inf,77.76359010978496
PPO,2,239,173.166998,687,1.4709458351135254,901.0000000000002,inf,81.1609529075061
PPO,2,240,36.785683,1000,1.7901244163513184,847.8399999999998,inf,80.87411794612017
PPO,2,241,-94.807855,328,1.4599597454071045,935.74,inf,80.70709008060679
PPO,2,242,-81.282499,1000,1.6934123039245605,820.0899999999987,inf,81.50242355967737
PPO,2,243,-9.628173,1000,1.7943153381347656,823.0599999999988,inf,79.92551189182267
PPO,2,244,54.599119,1000,1.6908087730407715,912.5199999999996,inf,79.73627854167881
PPO,2,245,81.801844,1000,1.4492979049682617,907.3299999999998,inf,80.21848530023897
PPO,2,246,40.530143,1000,1.571281909942627,882.5800000000002,inf,80.29112083048219
PPO,2,247,-45.227482,1000,1.8602478504180908,823.7199999999989,inf,80.36398114041036
PPO,2,248,174.549791,710,1.4784233570098877,912.07,inf,82.42860875995737
PPO,2,249,0.542108,1000,1.5135424137115479,825.5799999999989,inf,81.9897888911791
PPO,2,250,53.603202,1000,1.9136533737182617,898.6899999999999,inf,81.86239003684884
PPO,2,251,199.290574,436,1.4067187309265137,931.9600000000002,inf,85.05448708705566
PPO,2,252,140.91581,750,1.6082592010498047,890.5000000000003,inf,85.68213909986022
PPO,2,253,181.375909,497,1.2948191165924072,923.0800000000004,inf,87.79804329221102
PPO,2,254,24.820536,1000,1.9787566661834717,857.8900000000001,inf,87.71287073406327
PPO,2,255,-20.066651,1000,2.0989317893981934,821.7399999999988,inf,87.68825002231122
PPO,2,256,46.225839,1000,1.7361867427825928,862.5100000000003,inf,87.66095665722824
PPO,2,257,67.527542,1000,1.8926596641540527,871.3900000000003,inf,87.19010991994476
PPO,2,258,201.522366,417,1.321852207183838,940.81,856496,89.55468922132641
PPO,2,259,64.59814,1000,2.0575110912323,849.3099999999998,856496,88.34512696582424
PPO,2,260,22.463465,1000,1.6562573909759521,828.009999999999,856496,87.0494362758769
PPO,2,261,33.673908,1000,2.111387014389038,874.0300000000002,856496,86.96597646014146
PPO,2,262,-2.976452,1000,1.5447111129760742,824.7099999999989,856496,86.2916666802508
PPO,2,263,113.382422,620,1.6437280178070068,902.7100000000004,856496,86.90117776205112
PPO,2,264,186.281286,425,1.458582878112793,932.92,856496,88.11407580644307
PPO,2,265,-87.174239,604,1.4784393310546875,896.5300000000004,856496,89.11390129231054
PPO,2,266,-36.228334,1000,2.0154964923858643,822.4899999999988,856496,89.58135514800851
PPO,2,267,135.689525,682,1.6246709823608398,913.39,856496,89.64534008552607
PPO,2,268,164.780605,434,1.4813501834869385,936.13,856496,88.86129508463499
PPO,2,269,-78.307427,466,1.4826104640960693,916.6600000000004,856496,90.09126652085129
PPO,2,270,134.417458,549,1.5751240253448486,918.7900000000002,856496,89.57764408639315
PPO,2,271,160.93587,528,1.3382666110992432,917.4400000000002,856496,90.09358502759409
PPO,2,272,-14.410329,1000,1.642939567565918,824.0199999999988,856496,90.34077783041688
PPO,2,273,107.117802,748,1.5707833766937256,885.4000000000004,856496,90.00367921943763
PPO,2,274,67.329193,1000,1.740781545639038,894.01,856496,89.75592535075327
PPO,2,275,-54.115883,1000,1.5932350158691406,820.8699999999988,856496,89.99830090622723
PPO,2,276,144.366257,554,1.4579145908355713,915.5200000000002,856496,90.74496960341712
PPO,2,277,-107.39391,1000,1.724334478378296,822.8199999999988,856496,92.65442709034703
PPO,2,278,64.551591,1000,1.5206377506256104,922.0299999999996,856496,89.42368455348338
PPO,2,279,-50.123971,1000,1.686976432800293,817.0599999999986,856496,88.42863448422099
PPO,2,280,-28.457614,1000,1.5334839820861816,827.379999999999,856496,88.52819345491314
PPO,2,281,-117.244863,1000,2.274049997329712,823.1199999999989,856496,91.46848683638346
PPO,2,282,-50.23605,1000,2.2493300437927246,821.2899999999988,856496,91.962574612481
PPO,2,283,98.024196,724,1.675720453262329,887.0800000000004,856496,92.24424267300417
PPO,2,284,77.474098,803,1.550020694732666,871.4800000000006,856496,92.2721634128282
PPO,2,285,-151.830045,666,1.489133358001709,884.0800000000005,856496,95.78612119494399
PPO,2,286,117.755446,836,1.847717046737671,869.4700000000005,856496,94.61087859511774
PPO,2,287,25.716005,1000,1.672414779663086,825.0399999999989,856496,93.16215234241005
PPO,2,288,133.794747,846,1.8953235149383545,861.8500000000003,856496,93.06366138077723
PPO,2,289,-74.73743,1000,2.068528413772583,826.719999999999,856496,92.75992365396297
PPO,2,290,-134.158815,686,1.7722196578979492,881.9500000000006,856496,95.94931771607641
PPO,2,291,49.733098,1000,1.9135799407958984,843.6699999999996,856496,94.07485198536101
PPO,2,292,54.971366,1000,2.0838968753814697,851.3199999999999,856496,92.46693741228368
PPO,2,293,-45.759575,1000,1.8891174793243408,820.2999999999987,856496,93.0168328629846
PPO,2,294,-112.584407,609,1.6192505359649658,893.5000000000005,856496,95.49433888058296
PPO,2,295,-87.605994,1000,2.2863268852233887,820.4499999999988,856496,96.91652961575161
PPO,2,296,-65.12033,1000,1.6122429370880127,825.0099999999989,856496,97.93641955326945
PPO,2,297,-59.478431,514,1.4785513877868652,910.3300000000004,856496,98.18604448645652
PPO,2,298,-42.997711,1000,2.4363694190979004,823.1199999999989,856496,96.64230158158601
PPO,2,299,49.573188,1000,2.360858678817749,845.4999999999997,856496,96.5969331815003
PPO,2,300,-21.866441,1000,2.3190855979919434,827.919999999999,856496,96.8060126369029
PPO,2,301,-92.726516,582,1.6649680137634277,899.2000000000004,856496,95.12057971201068
PPO,2,302,-73.339998,1000,1.8080623149871826,823.0299999999988,856496,94.52124137871458
PPO,2,303,-74.274985,1000,1.8229823112487793,821.7099999999988,856496,92.45810149217262
PPO,2,304,-29.283087,1000,1.8475162982940674,827.7099999999991,856496,92.6330236504248
PPO,2,305,-95.673803,1000,2.1061885356903076,821.5299999999988,856496,93.75749022414274
PPO,2,306,-153.017598,684,1.5698142051696777,876.8200000000007,856496,96.35986539085154
PPO,2,307,-27.305105,1000,1.9035799503326416,826.359999999999,856496,96.07663491631504
PPO,2,308,22.130581,1000,2.1846272945404053,856.9900000000001,856496,91.9229057909053
PPO,2,309,76.318193,786,1.5925493240356445,878.3800000000005,856496,92.09902788791692
PPO,2,310,-55.274279,412,1.6800756454467773,926.0500000000002,856496,92.3867269223554
PPO,2,311,138.716669,664,1.7891926765441895,906.25,856496,94.30556318153181
PPO,2,312,-158.374147,872,1.8981373310089111,840.8499999999996,856496,96.94174459151235
PPO,2,313,7.678406,1000,1.9618799686431885,846.7299999999998,856496,95.56443442447768
PPO,2,314,-100.304189,675,1.4653968811035156,881.8600000000006,856496,92.5733747160958
PPO,2,315,-94.377104,545,1.5809094905853271,901.3900000000004,856496,92.70048184744618
PPO,2,316,56.17443,1000,1.8957371711730957,892.6000000000003,856496,93.061805273204
PPO,2,317,-112.13862,329,1.5902628898620605,942.88,856496,91.9086786717549
PPO,2,318,144.584691,704,1.505249261856079,886.0300000000004,856496,91.1713368291919
PPO,2,319,58.061609,943,1.7982325553894043,843.4599999999997,856496,91.20532900918123
PPO,2,320,173.700019,832,1.696136474609375,864.7600000000004,856496,92.60354660099466
PPO,2,321,168.084213,675,1.7596147060394287,892.2400000000004,856496,92.87109480069769
PPO,2,322,77.915222,858,1.6359076499938965,861.0100000000002,856496,93.65900309700189
PPO,2,323,143.898444,701,1.8763525485992432,881.9200000000005,856496,94.69210376032169
PPO,2,324,80.305387,891,1.805262804031372,855.4600000000002,856496,94.91130582276645
PPO,2,325,-132.048755,936,1.7938437461853027,837.5799999999995,856496,96.31613814746007
PPO,2,326,-37.736514,1000,1.6607420444488525,826.209999999999,856496,93.91065166867743
PPO,2,327,-144.310664,746,1.627824306488037,869.2300000000007,856496,94.80391686057911
PPO,2,328,115.311201,792,1.5449070930480957,885.7600000000003,856496,95.88452915332941
PPO,2,329,153.860848,912,1.6404118537902832,908.4999999999998,856496,98.44069120118704
PPO,2,330,-61.685843,1000,1.6519694328308105,820.6899999999988,856496,98.69534265205087
PPO,2,331,-88.250292,1000,2.1767754554748535,825.3099999999989,856496,98.1331926846645
PPO,2,332,-96.346114,1000,1.588843822479248,826.659999999999,856496,98.74938153582424
PPO,2,333,-2.082654,1000,2.4864580631256104,846.4299999999997,856496,97.5879276331218
PPO,2,334,54.874601,1000,2.0665297508239746,863.2600000000003,856496,97.23352591578039
PPO,2,335,-75.226276,1000,1.9261035919189453,832.6599999999992,856496,95.58297392837669
PPO,2,336,-65.577348,755,1.3616526126861572,869.6200000000006,856496,94.15989377583281
PPO,2,337,-73.88592,1000,1.9468603134155273,824.8299999999989,856496,94.38227042652683
PPO,2,338,-43.560876,1000,1.4905421733856201,823.8099999999989,856496,92.04395111363536
PPO,2,339,133.300623,751,1.5354807376861572,878.6500000000004,856496,94.0696562754669
PPO,2,340,59.807674,964,1.5461146831512451,841.1499999999995,856496,93.0258137318137
PPO,2,341,-83.309512,307,1.6005704402923584,942.3100000000002,856496,93.17995885566849
PPO,2,342,-134.147203,744,1.4892535209655762,867.1900000000005,856496,94.18815531404529
PPO,2,343,-65.901598,1000,1.7597825527191162,824.979999999999,856496,94.35532943582733
PPO,2,344,25.829204,1000,1.7397651672363281,889.27,856496,93.53463324624185
PPO,2,345,131.660292,677,1.3164575099945068,887.9500000000005,856496,95.11426816159462
PPO,2,346,13.23328,1000,1.6125938892364502,865.9600000000005,856496,94.83425823294304
PPO,2,347,-35.842561,1000,1.8450698852539062,826.389999999999,856496,94.63612400813075
PPO,2,348,-110.861886,727,1.4542427062988281,875.4700000000006,856496,95.61399841973329
PPO,2,349,-97.179537,967,1.4063470363616943,835.2699999999993,856496,96.02022028716338
PPO,2,350,7.370561,1000,2.0463900566101074,871.0600000000004,856496,96.04743136375899
PPO,2,351,-101.799798,671,1.691239595413208,881.8900000000006,856496,96.20930132855736
PPO,2,352,6.800993,1000,1.6928513050079346,865.5400000000004,856496,95.83431147539922
PPO,2,353,-133.721262,609,1.5497281551361084,894.9400000000005,856496,96.98612108905297
PPO,2,354,20.938835,1000,1.536733865737915,830.7999999999992,856496,97.05359893903585
PPO,2,355,-22.039702,1000,2.5756115913391113,842.2899999999996,856496,96.30100782531595
PPO,2,356,143.07605,623,1.2954866886138916,894.7000000000005,856496,96.34916213233339
PPO,2,357,-112.213362,574,1.2843279838562012,894.4000000000005,856496,97.50751938138067
PPO,2,358,160.61783,775,1.7650318145751953,865.0900000000005,856496,100.15533306811959
PPO,2,359,3.649717,1000,2.2867848873138428,886.1200000000001,856496,99.53768875949547
PPO,2,360,114.277642,985,1.757941484451294,849.7299999999999,856496,100.58761085765985
PPO,2,361,0.088437,1000,2.105740785598755,856.6600000000001,856496,98.62318543850321
PPO,2,362,20.109506,1000,1.9663245677947998,844.8999999999996,856496,96.11702148294764
PPO,2,363,9.48143,1000,2.0844643115997314,831.2199999999992,856496,96.11985348665627
PPO,2,364,-28.081489,1000,1.8307569026947021,825.3699999999989,856496,95.12340007082902
PPO,2,365,-57.038157,620,1.5742952823638916,895.8700000000005,856496,94.50452509669617
PPO,2,366,98.93201,791,1.7250521183013916,873.6700000000005,856496,95.17074761120514
PPO,2,367,-38.795171,1000,1.853065013885498,828.579999999999,856496,93.92498989230607
PPO,2,368,87.843636,735,1.454711675643921,883.5700000000004,856496,92.57146617935668
PPO,2,369,-29.255188,1000,1.9254720211029053,825.849999999999,856496,92.3665827018031
PPO,2,370,34.225431,1000,1.7259290218353271,829.8699999999991,856496,89.21186854706333
PPO,2,371,-24.663039,1000,2.5721733570098877,834.3099999999993,856496,85.96617221502488
PPO,2,372,118.002114,912,2.2070932388305664,863.1700000000003,856496,86.90781873638323
PPO,2,373,-8.461317,1000,1.741562843322754,846.7899999999997,856496,84.33097888292026
PPO,2,374,47.935422,1000,1.6791777610778809,852.64,856496,83.78683138326872
PPO,2,375,186.876104,602,1.4661242961883545,900.1300000000003,856496,86.12040744969983
PPO,2,376,40.985294,1000,1.9183647632598877,915.9699999999996,856496,86.14443678197341
PPO,2,377,-61.640287,388,1.4220857620239258,931.4500000000002,856496,84.1069656483325
PPO,2,378,-78.735535,568,1.4466564655303955,906.6100000000004,856496,83.29658368511481
PPO,2,379,-10.272421,1000,1.6028022766113281,823.2099999999989,856496,80.3042351100592
PPO,2,380,153.535735,596,1.4801855087280273,901.0900000000004,856496,82.84682161456212
PPO,2,381,-93.837681,930,1.7298245429992676,839.4699999999995,856496,82.96931355629884
PPO,2,382,-87.093555,519,1.5177664756774902,909.6100000000004,856496,82.76477884417025
PPO,2,383,-71.382736,483,1.6254158020019531,920.8600000000002,856496,83.36553597268619
PPO,2,384,151.676016,777,1.4385199546813965,868.7500000000006,856496,85.74063237877304
PPO,2,385,23.369431,1000,1.5969140529632568,832.7199999999992,856496,85.10746631373134
PPO,2,386,-67.326027,348,1.534027099609375,938.86,856496,85.13578349435682
PPO,2,387,-121.802582,541,1.4479937553405762,909.4000000000004,856496,86.25205404179597
PPO,2,388,-124.166401,912,1.8166935443878174,840.4899999999996,856496,87.81814896688647
PPO,2,389,5.646923,1000,2.2878880500793457,833.9199999999993,856496,85.73306619746637
PPO,2,390,53.637668,1000,1.9679312705993652,845.5899999999997,856496,85.64744479943451
PPO,2,391,133.862173,551,1.5352940559387207,918.2800000000002,856496,86.9509891543511
PPO,2,392,-47.545151,1000,1.72426176071167,822.2199999999988,856496,85.07298814259761
PPO,2,393,-20.486481,1000,2.6880505084991455,822.5799999999988,856496,84.57046262426611
PPO,2,394,93.620882,831,1.9225826263427734,877.7200000000005,856496,85.4454313026217
PPO,2,395,-31.613015,1000,1.83915114402771,825.609999999999,856496,83.66460741050619
PPO,2,396,-107.42027,818,1.5305869579315186,857.1400000000001,856496,85.04246709841259
PPO,2,397,113.656562,602,1.612086534500122,905.3500000000004,856496,86.35245679832404
PPO,2,398,138.126456,555,1.5876975059509277,914.6500000000002,856496,86.82901938674705
PPO,2,399,162.571111,708,1.6315159797668457,907.09,856496,88.1509498162451
PPO,2,400,47.94008,1000,2.1200509071350098,884.8600000000004,856496,88.2817338428209
PPO,2,401,-195.496916,649,1.4688856601715088,912.5500000000002,856496,91.64686280146599
PPO,2,402,-105.612145,950,1.6918108463287354,834.8499999999993,856496,93.11315827430732
PPO,2,403,-83.512386,1000,1.8893284797668457,820.7499999999987,856496,91.8226018643191
PPO,2,404,40.821028,1000,1.820894479751587,837.6699999999994,856496,91.9089875518281
PPO,2,405,-3.921691,1000,1.9816551208496094,835.9599999999994,856496,91.8131981397021
PPO,2,406,-73.642158,1000,1.7056434154510498,819.2199999999987,856496,90.60615377231258
PPO,2,407,-72.533735,1000,2.018059492111206,822.8799999999989,856496,89.72671766504529
PPO,2,408,14.507166,1000,1.9783868789672852,886.0600000000002,856496,87.04604865532885
PPO,2,409,-145.287986,463,1.463775396347046,922.5700000000004,856496,89.55422339056
PPO,2,410,-11.794825,342,1.8634769916534424,938.47,856496,88.12204074971781
PPO,2,411,82.798192,1000,2.0173115730285645,908.65,856496,88.89012460377333
PPO,2,412,-124.552794,704,1.624326467514038,870.4300000000007,856496,90.56523455523761
PPO,2,413,-81.644007,654,1.5118176937103271,887.8900000000006,856496,91.23592209834909
PPO,2,414,-93.012203,541,1.4592761993408203,908.4100000000004,856496,92.03458326164294
PPO,2,415,142.199785,639,1.4256510734558105,901.2400000000004,856496,93.9808675807801
PPO,2,416,153.931618,540,1.4074623584747314,917.7700000000002,856496,95.45272115935947
PPO,2,417,-128.335849,690,1.5978350639343262,881.2000000000007,856496,96.99584401363381
PPO,2,418,111.738063,696,1.2920854091644287,894.7600000000003,856496,97.49266857428647
PPO,2,419,151.946747,732,1.5912401676177979,873.9400000000007,856496,99.71993039441011
PPO,2,420,-71.502804,503,1.3658289909362793,917.1400000000004,856496,100.14604149670912
PPO,2,421,-59.176254,466,1.4779942035675049,928.87,856496,100.43522445679635
PPO,2,422,149.067386,693,1.588575839996338,885.7000000000006,856496,101.25753702491463
PPO,2,423,146.34306,582,1.6069955825805664,905.3800000000005,856496,103.28643895449763
PPO,2,424,32.617521,1000,2.1912455558776855,870.4900000000004,856496,103.17675138954041
PPO,2,425,114.23391,821,1.776355504989624,870.7900000000006,856496,101.06955422302669
PPO,2,426,40.100416,1000,1.5766818523406982,861.1000000000004,856496,101.06275265098512
PPO,2,427,-169.548667,695,1.4961473941802979,881.7700000000007,856496,103.51458852789162
PPO,2,428,109.739088,608,1.4016735553741455,906.3400000000004,856496,104.02616521500495
PPO,2,429,-151.063847,402,1.4442195892333984,928.5100000000002,856496,106.23752924632132
PPO,2,430,-105.19204,565,1.3523046970367432,900.2500000000006,856496,104.95010540089979
PPO,2,431,-113.119708,745,1.6230947971343994,872.1100000000007,856496,105.31178483321966
PPO,2,432,-81.050836,1000,1.4647502899169922,825.819999999999,856496,105.221017618356
PPO,2,433,136.097447,617,1.5888807773590088,902.7100000000004,856496,106.60150151387424
PPO,2,434,143.811593,565,1.4842970371246338,909.1000000000004,856496,106.3819826281105
PPO,2,435,152.623195,845,1.828650712966919,883.2100000000006,856496,108.49128403835384
PPO,2,436,-95.444169,600,1.3908636569976807,899.4400000000004,856496,108.9192667215821
PPO,2,437,-188.718999,861,1.6194567680358887,853.48,856496,110.81534707942946
PPO,2,438,-67.547281,1000,1.4416768550872803,824.0799999999989,856496,109.82845168069841
PPO,2,439,132.682323,618,1.4403789043426514,904.9900000000002,856496,111.36845085243816
PPO,2,440,56.194278,1000,1.6985137462615967,876.4300000000005,856496,111.39208989415057
PPO,2,441,-49.80331,304,1.27354097366333,946.75,856496,110.05121222093032
PPO,2,442,-107.849289,761,1.4647865295410156,872.7400000000007,856496,110.89045200147929
PPO,2,443,-145.879592,666,1.6158318519592285,883.2100000000006,856496,112.6962825236016
PPO,2,444,100.297482,638,1.513289213180542,900.4900000000004,856496,112.81569179963337
PPO,2,445,28.14417,1000,1.9101626873016357,885.1900000000003,856496,112.83129165010685
PPO,2,446,163.345121,855,1.7834668159484863,885.9100000000005,856496,114.1607971648182
PPO,2,447,67.32372,1000,2.0401852130889893,891.25,856496,113.44303565706404
PPO,2,448,-139.798446,597,1.3615171909332275,894.9100000000004,856496,113.4398946013657
PPO,2,449,157.861374,630,1.5933854579925537,913.51,856496,113.30368312332975
PPO,2,450,-68.092414,390,1.442150354385376,935.62,856496,113.4089571351272
PPO,2,451,146.780474,610,1.5581161975860596,897.3700000000005,856496,112.0922632715334
PPO,2,452,125.885174,711,1.6699256896972656,891.8800000000003,856496,112.38391636503916
PPO,2,453,-87.986766,537,1.3995730876922607,919.3900000000002,856496,112.45642185495053
PPO,2,454,109.963151,696,1.6519443988800049,888.5500000000004,856496,113.30670695128707
PPO,2,455,-97.145042,470,1.6145081520080566,916.0000000000005,856496,114.22897418844421
PPO,2,456,174.944935,629,1.4949307441711426,893.9500000000005,856496,116.10065267403145
PPO,2,457,205.462011,580,1.5656883716583252,903.3100000000004,856496,118.6538891041993
PPO,2,458,103.383778,577,1.4854865074157715,909.8200000000004,856496,119.29207636163444
PPO,2,459,-61.436557,385,1.443023443222046,934.75,856496,117.5741668893771
PPO,2,460,-57.204831,379,1.564375400543213,933.85,856496,117.98163918582455
PPO,2,461,128.285126,605,1.6467950344085693,906.7900000000002,856496,118.65210926701978
PPO,2,462,57.816705,1000,1.6726114749908447,914.3199999999998,856496,116.98068287696685
PPO,2,463,120.812507,644,1.5184073448181152,894.1000000000004,856496,116.81145020991057
PPO,2,464,-126.676431,568,1.4385557174682617,901.9600000000004,856496,117.59273439227026
PPO,2,465,100.221508,684,1.5667662620544434,891.9100000000003,856496,116.90669311259919
PPO,2,466,164.83655,675,1.617689609527588,888.9400000000005,856496,117.15696018128196
PPO,2,467,62.596025,1000,2.271190881729126,882.8500000000005,856496,115.18540545151814
PPO,2,468,-74.906094,467,1.4587604999542236,918.1300000000005,856496,115.4681687892564
PPO,2,469,-222.01643,993,1.5962514877319336,827.319999999999,856496,119.07670470320726
PPO,2,470,-204.441449,642,1.5034406185150146,895.9300000000005,856496,122.47673631737459
PPO,2,471,-95.166769,496,1.4833943843841553,915.0400000000004,856496,123.01600328505855
PPO,2,472,-72.503667,199,1.69097900390625,963.31,856496,122.07326989906521
PPO,2,473,95.365396,758,1.4432168006896973,873.9100000000007,856496,121.1395575489776
PPO,2,474,-173.630424,849,2.0702571868896484,857.7700000000001,856496,123.74775208204666
PPO,2,475,-112.328995,443,1.6314308643341064,926.6200000000002,856496,123.80755503919542
PPO,2,476,-120.29822,511,1.5459647178649902,911.8300000000004,856496,124.80924574675736
PPO,2,477,186.39349,671,1.6114349365234375,885.3100000000006,856496,125.25053883299898
PPO,2,478,-79.091974,475,1.5014722347259521,919.9000000000002,856496,124.85852836494855
PPO,2,479,-102.143622,547,1.4223582744598389,904.0600000000004,856496,123.85501920760059
PPO,2,480,-127.657983,483,1.4473466873168945,917.5300000000002,856496,124.28103485771842
PPO,2,481,189.471076,745,1.552973985671997,877.8100000000006,856496,125.93374620433872
PPO,2,482,151.029761,537,1.5159213542938232,917.59,856496,126.875001547556
PPO,2,483,-92.208551,431,1.4188802242279053,921.0700000000004,856496,126.42251984521384
PPO,2,484,-56.746047,502,1.4923009872436523,909.1300000000005,856496,125.1973568579734
PPO,2,485,-110.312043,562,1.453061819076538,903.6400000000004,856496,124.32548192361045
PPO,2,486,60.766179,1000,2.115083932876587,876.9400000000005,856496,123.90404574583606
PPO,2,487,-100.915718,552,1.4383313655853271,901.6900000000004,856496,121.80771949642308
PPO,2,488,129.955235,763,1.6977155208587646,876.7300000000006,856496,122.66430681279911
PPO,2,489,-100.692988,707,1.5780551433563232,880.6900000000006,856496,122.21994525807986
PPO,2,490,28.629253,1000,2.2191481590270996,882.4900000000002,856496,122.03629574314583
PPO,2,491,175.579519,757,1.5987966060638428,880.0600000000006,856496,124.20305005212113
PPO,2,492,132.527029,800,1.7193260192871094,875.0200000000004,856496,124.35680430712992
PPO,2,493,38.610991,1000,1.8883404731750488,876.0100000000004,856496,122.37538961736573
PPO,2,494,-103.688937,565,1.4123475551605225,900.4300000000004,856496,122.84500479172294
PPO,2,495,-114.513703,613,1.5281758308410645,890.0500000000006,856496,124.0499927144078
PPO,2,496,62.037984,931,1.4357941150665283,843.9999999999997,856496,122.30343370055107
PPO,2,497,-75.46235,351,1.4589741230010986,940.03,856496,122.49335452782076
PPO,2,498,137.682147,662,1.6430261135101318,889.7500000000006,856496,122.19960759421909
PPO,2,499,120.736594,616,1.4967727661132812,906.6400000000004,856496,121.39810934005313
PPO,2,500,-128.910646,713,1.632042407989502,879.7600000000006,856496,122.44906296564449
