algorithm,seed,q_value
Vanilla_DQN,0,107.63497161865234
Vanilla_DQN,0,109.33345794677734
Vanilla_DQN,0,107.99779510498047
Vanilla_DQN,0,107.27603912353516
Vanilla_DQN,0,108.09407806396484
Vanilla_DQN,0,109.5447998046875
Vanilla_DQN,0,108.5795669555664
Vanilla_DQN,0,107.89244842529297
Vanilla_DQN,0,109.21285247802734
Vanilla_DQN,0,110.43252563476562
Vanilla_DQN,0,109.75666046142578
Vanilla_DQN,0,109.1290054321289
Vanilla_DQN,0,109.90027618408203
Vanilla_DQN,0,110.80290985107422
Vanilla_DQN,0,110.38225555419922
Vanilla_DQN,0,109.96744537353516
Vanilla_DQN,0,110.20787048339844
Vanilla_DQN,0,110.863525390625
Vanilla_DQN,0,110.6495590209961
Vanilla_DQN,0,110.42916107177734
Vanilla_DQN,0,110.1601333618164
Vanilla_DQN,0,110.48966979980469
Vanilla_DQN,0,110.57335662841797
Vanilla_DQN,0,110.55310821533203
Vanilla_DQN,0,104.54325103759766
Vanilla_DQN,0,104.61503601074219
Vanilla_DQN,0,104.83741760253906
Vanilla_DQN,0,104.9103012084961
Vanilla_DQN,0,106.2879409790039
Vanilla_DQN,0,106.95330810546875
Vanilla_DQN,0,106.63680267333984
Vanilla_DQN,0,106.44010162353516
Vanilla_DQN,0,106.27104187011719
Vanilla_DQN,0,106.60022735595703
Vanilla_DQN,0,106.59636688232422
Vanilla_DQN,0,106.59580993652344
Vanilla_DQN,0,107.62029266357422
Vanilla_DQN,0,107.67230224609375
Vanilla_DQN,0,107.89301300048828
Vanilla_DQN,0,108.130615234375
Vanilla_DQN,0,109.45246124267578
Vanilla_DQN,0,110.00343322753906
Vanilla_DQN,0,109.9822006225586
Vanilla_DQN,0,109.77118682861328
Vanilla_DQN,0,110.77039337158203
Vanilla_DQN,0,111.07906341552734
Vanilla_DQN,0,111.35677337646484
Vanilla_DQN,0,111.25545501708984
Vanilla_DQN,0,107.4118881225586
Vanilla_DQN,0,107.56957244873047
Vanilla_DQN,0,107.86520385742188
Vanilla_DQN,0,107.78429412841797
Vanilla_DQN,0,105.61231231689453
Vanilla_DQN,0,105.69844818115234
Vanilla_DQN,0,106.0184555053711
Vanilla_DQN,0,105.89958953857422
Vanilla_DQN,0,103.87554168701172
Vanilla_DQN,0,103.88324737548828
Vanilla_DQN,0,104.25397491455078
Vanilla_DQN,0,104.09180450439453
Vanilla_DQN,0,101.6842269897461
Vanilla_DQN,0,101.63301086425781
Vanilla_DQN,0,101.95313262939453
Vanilla_DQN,0,101.86653900146484
Vanilla_DQN,0,100.89978790283203
Vanilla_DQN,0,100.83425903320312
Vanilla_DQN,0,101.13627624511719
Vanilla_DQN,0,101.02005767822266
Vanilla_DQN,0,100.74480438232422
Vanilla_DQN,0,100.65860748291016
Vanilla_DQN,0,100.99439239501953
Vanilla_DQN,0,100.76605224609375
Vanilla_DQN,0,98.90131378173828
Vanilla_DQN,0,98.7896499633789
Vanilla_DQN,0,99.07654571533203
Vanilla_DQN,0,98.81117248535156
Vanilla_DQN,0,96.96119689941406
Vanilla_DQN,0,96.90434265136719
Vanilla_DQN,0,97.1157455444336
Vanilla_DQN,0,96.7406005859375
Vanilla_DQN,0,96.54664611816406
Vanilla_DQN,0,96.53904724121094
Vanilla_DQN,0,96.72437286376953
Vanilla_DQN,0,96.28981018066406
Vanilla_DQN,0,94.92094421386719
Vanilla_DQN,0,94.89393615722656
Vanilla_DQN,0,95.01105499267578
Vanilla_DQN,0,94.61557006835938
Vanilla_DQN,0,94.95301055908203
Vanilla_DQN,0,94.98551177978516
Vanilla_DQN,0,95.08131408691406
Vanilla_DQN,0,94.64253234863281
Vanilla_DQN,0,94.08748626708984
Vanilla_DQN,0,94.1630630493164
Vanilla_DQN,0,94.18888092041016
Vanilla_DQN,0,93.76554107666016
Vanilla_DQN,0,93.90705108642578
Vanilla_DQN,0,93.98451232910156
Vanilla_DQN,0,94.02040100097656
Vanilla_DQN,0,93.56358337402344
Vanilla_DQN,0,92.97032928466797
Vanilla_DQN,0,93.04029846191406
Vanilla_DQN,0,93.04188537597656
Vanilla_DQN,0,92.59972381591797
Vanilla_DQN,0,92.06954193115234
Vanilla_DQN,0,92.10418701171875
Vanilla_DQN,0,92.09589385986328
Vanilla_DQN,0,91.6640625
Vanilla_DQN,0,93.81295013427734
Vanilla_DQN,0,93.63893127441406
Vanilla_DQN,0,93.9034194946289
Vanilla_DQN,0,93.64461517333984
Vanilla_DQN,0,91.81372833251953
Vanilla_DQN,0,91.67050170898438
Vanilla_DQN,0,91.828125
Vanilla_DQN,0,91.4310531616211
Vanilla_DQN,0,90.51122283935547
Vanilla_DQN,0,90.39323425292969
Vanilla_DQN,0,90.51939392089844
Vanilla_DQN,0,89.91056060791016
Vanilla_DQN,0,89.62788391113281
Vanilla_DQN,0,89.51924896240234
Vanilla_DQN,0,89.61834716796875
Vanilla_DQN,0,89.04664611816406
Vanilla_DQN,0,92.36052703857422
Vanilla_DQN,0,92.26537322998047
Vanilla_DQN,0,92.534912109375
Vanilla_DQN,0,91.7528305053711
Vanilla_DQN,0,89.84772491455078
Vanilla_DQN,0,89.7577896118164
Vanilla_DQN,0,89.92811584472656
Vanilla_DQN,0,89.2780532836914
Vanilla_DQN,0,88.28682708740234
Vanilla_DQN,0,88.19593811035156
Vanilla_DQN,0,88.38054656982422
Vanilla_DQN,0,87.8590087890625
Vanilla_DQN,0,87.42263793945312
Vanilla_DQN,0,87.31248474121094
Vanilla_DQN,0,87.55828094482422
Vanilla_DQN,0,87.07625579833984
Vanilla_DQN,0,87.0753173828125
Vanilla_DQN,0,86.94931030273438
Vanilla_DQN,0,87.26209259033203
Vanilla_DQN,0,86.78377532958984
Vanilla_DQN,0,85.70761108398438
Vanilla_DQN,0,85.52743530273438
Vanilla_DQN,0,86.1249771118164
Vanilla_DQN,0,85.7720718383789
Vanilla_DQN,0,86.78119659423828
Vanilla_DQN,0,86.60746765136719
Vanilla_DQN,0,87.3469009399414
Vanilla_DQN,0,86.93683624267578
Vanilla_DQN,0,85.02078247070312
Vanilla_DQN,0,84.78392028808594
Vanilla_DQN,0,85.83434295654297
Vanilla_DQN,0,85.66722106933594
Vanilla_DQN,0,86.74980163574219
Vanilla_DQN,0,86.52290344238281
Vanilla_DQN,0,87.71373748779297
Vanilla_DQN,0,87.4574203491211
Vanilla_DQN,0,85.6318588256836
Vanilla_DQN,0,85.40231323242188
Vanilla_DQN,0,86.73487091064453
Vanilla_DQN,0,86.78702545166016
Vanilla_DQN,0,88.82339477539062
Vanilla_DQN,0,88.8046875
Vanilla_DQN,0,90.01484680175781
Vanilla_DQN,0,89.50460815429688
Vanilla_DQN,0,87.40445709228516
Vanilla_DQN,0,87.29359436035156
Vanilla_DQN,0,88.7549819946289
Vanilla_DQN,0,88.5127944946289
Vanilla_DQN,0,86.2181625366211
Vanilla_DQN,0,85.98971557617188
Vanilla_DQN,0,87.72378540039062
Vanilla_DQN,0,87.49093627929688
Vanilla_DQN,0,85.66242980957031
Vanilla_DQN,0,85.34326171875
Vanilla_DQN,0,87.23235321044922
Vanilla_DQN,0,87.26664733886719
Vanilla_DQN,0,87.45092010498047
Vanilla_DQN,0,87.31172180175781
Vanilla_DQN,0,89.0594711303711
Vanilla_DQN,0,88.51787567138672
Vanilla_DQN,0,87.65068054199219
Vanilla_DQN,0,87.40409851074219
Vanilla_DQN,0,89.35873413085938
Vanilla_DQN,0,88.95613098144531
Vanilla_DQN,0,88.78719329833984
Vanilla_DQN,0,88.41619873046875
Vanilla_DQN,0,90.6706314086914
Vanilla_DQN,0,90.1716079711914
Vanilla_DQN,0,86.4958267211914
Vanilla_DQN,0,86.00489807128906
Vanilla_DQN,0,88.42095947265625
Vanilla_DQN,0,88.00627136230469
Vanilla_DQN,0,83.77877807617188
Vanilla_DQN,0,83.18063354492188
Vanilla_DQN,0,85.67424774169922
Vanilla_DQN,0,85.43932342529297
Vanilla_DQN,0,81.99463653564453
Vanilla_DQN,0,81.31513977050781
Vanilla_DQN,0,83.84777069091797
Vanilla_DQN,0,83.85694122314453
Vanilla_DQN,0,83.45101165771484
Vanilla_DQN,0,82.9296875
Vanilla_DQN,0,85.36454010009766
Vanilla_DQN,0,84.9346923828125
Vanilla_DQN,0,79.76346588134766
Vanilla_DQN,0,79.26516723632812
Vanilla_DQN,0,81.56092071533203
Vanilla_DQN,0,81.3504867553711
Vanilla_DQN,0,78.5123062133789
Vanilla_DQN,0,77.99600219726562
Vanilla_DQN,0,80.3343734741211
Vanilla_DQN,0,80.17674255371094
Vanilla_DQN,0,74.92092895507812
Vanilla_DQN,0,74.45897674560547
Vanilla_DQN,0,76.6246337890625
Vanilla_DQN,0,76.65160369873047
Vanilla_DQN,0,76.58378601074219
Vanilla_DQN,0,76.24801635742188
Vanilla_DQN,0,78.28668212890625
Vanilla_DQN,0,78.11323547363281
Vanilla_DQN,0,72.4646987915039
Vanilla_DQN,0,72.16893005371094
Vanilla_DQN,0,73.99651336669922
Vanilla_DQN,0,73.97691345214844
Vanilla_DQN,0,71.20877838134766
Vanilla_DQN,0,70.85659790039062
Vanilla_DQN,0,72.7995376586914
Vanilla_DQN,0,72.68177032470703
Vanilla_DQN,0,68.17192840576172
Vanilla_DQN,0,67.74839782714844
Vanilla_DQN,0,69.83026885986328
Vanilla_DQN,0,69.6798095703125
Vanilla_DQN,0,65.8633804321289
Vanilla_DQN,0,65.48233795166016
Vanilla_DQN,0,67.4497299194336
Vanilla_DQN,0,67.21208953857422
Vanilla_DQN,0,65.20673370361328
Vanilla_DQN,0,64.79686737060547
Vanilla_DQN,0,66.71653747558594
Vanilla_DQN,0,66.58470916748047
Vanilla_DQN,0,64.16960906982422
Vanilla_DQN,0,63.73696517944336
Vanilla_DQN,0,65.54540252685547
Vanilla_DQN,0,65.61788940429688
Vanilla_DQN,0,65.28297424316406
Vanilla_DQN,0,64.93534851074219
Vanilla_DQN,0,66.67919158935547
Vanilla_DQN,0,66.78551483154297
Vanilla_DQN,0,67.25373840332031
Vanilla_DQN,0,67.0024642944336
Vanilla_DQN,0,68.5497817993164
Vanilla_DQN,0,68.81663513183594
Vanilla_DQN,0,69.69783782958984
Vanilla_DQN,0,69.51665496826172
Vanilla_DQN,0,70.8277816772461
Vanilla_DQN,0,71.33287048339844
Vanilla_DQN,0,73.20684051513672
Vanilla_DQN,0,73.31524658203125
Vanilla_DQN,0,74.16845703125
Vanilla_DQN,0,74.80384063720703
Vanilla_DQN,0,76.47183990478516
Vanilla_DQN,0,76.90178680419922
Vanilla_DQN,0,77.19676971435547
Vanilla_DQN,0,77.9816665649414
Vanilla_DQN,0,78.50470733642578
Vanilla_DQN,0,79.28153991699219
Vanilla_DQN,0,78.89783477783203
Vanilla_DQN,0,79.71062469482422
Vanilla_DQN,0,79.42659759521484
Vanilla_DQN,0,80.46446228027344
Vanilla_DQN,0,79.73200225830078
Vanilla_DQN,0,80.42130279541016
Vanilla_DQN,0,80.91510772705078
Vanilla_DQN,0,81.74559020996094
Vanilla_DQN,0,81.15733337402344
Vanilla_DQN,0,82.01846313476562
Vanilla_DQN,0,81.70153045654297
Vanilla_DQN,0,82.7566909790039
Vanilla_DQN,0,81.88007354736328
Vanilla_DQN,0,82.5861587524414
Vanilla_DQN,0,82.94065856933594
Vanilla_DQN,0,83.7917709350586
Vanilla_DQN,0,83.01534271240234
Vanilla_DQN,0,83.96112823486328
Vanilla_DQN,0,83.28490447998047
Vanilla_DQN,0,84.22132110595703
Vanilla_DQN,0,83.3016586303711
Vanilla_DQN,0,84.06375885009766
Vanilla_DQN,0,84.94530487060547
Vanilla_DQN,0,85.68699645996094
Vanilla_DQN,0,84.89574432373047
Vanilla_DQN,0,85.83692932128906
Vanilla_DQN,0,85.55767059326172
Vanilla_DQN,0,86.4330062866211
Vanilla_DQN,0,85.37664031982422
Vanilla_DQN,0,86.00481414794922
Vanilla_DQN,0,87.47090911865234
Vanilla_DQN,0,88.20601654052734
Vanilla_DQN,0,87.1474380493164
Vanilla_DQN,0,87.99836730957031
Vanilla_DQN,0,89.20960235595703
Vanilla_DQN,0,89.76657104492188
Vanilla_DQN,0,88.9422378540039
Vanilla_DQN,0,89.78568267822266
Vanilla_DQN,0,90.95254516601562
Vanilla_DQN,0,91.683837890625
Vanilla_DQN,0,90.37499237060547
Vanilla_DQN,0,91.1072769165039
Vanilla_DQN,0,92.25288391113281
Vanilla_DQN,0,92.80555725097656
Vanilla_DQN,0,91.92618560791016
Vanilla_DQN,0,92.4320297241211
Vanilla_DQN,0,93.8775405883789
Vanilla_DQN,0,94.08844757080078
Vanilla_DQN,0,93.80691528320312
Vanilla_DQN,0,94.27246856689453
Vanilla_DQN,0,95.7113265991211
Vanilla_DQN,0,95.97290802001953
Vanilla_DQN,0,95.8497085571289
Vanilla_DQN,0,95.68939208984375
Vanilla_DQN,0,98.04605865478516
Vanilla_DQN,0,97.8922348022461
Vanilla_DQN,0,98.30936431884766
Vanilla_DQN,0,98.18079376220703
Vanilla_DQN,0,93.07827758789062
Vanilla_DQN,0,93.15060424804688
Vanilla_DQN,0,93.0896224975586
Vanilla_DQN,0,93.42938995361328
Vanilla_DQN,0,94.94873809814453
Vanilla_DQN,0,94.83555603027344
Vanilla_DQN,0,95.24906158447266
Vanilla_DQN,0,95.03275299072266
Vanilla_DQN,0,93.88848114013672
Vanilla_DQN,0,93.72392272949219
Vanilla_DQN,0,94.17955780029297
Vanilla_DQN,0,94.03583526611328
Vanilla_DQN,0,90.0779800415039
Vanilla_DQN,0,89.96405029296875
Vanilla_DQN,0,90.32598876953125
Vanilla_DQN,0,90.45287322998047
Vanilla_DQN,0,91.00684356689453
Vanilla_DQN,0,90.63319396972656
Vanilla_DQN,0,91.62712860107422
Vanilla_DQN,0,91.1267318725586
Vanilla_DQN,0,87.4503402709961
Vanilla_DQN,0,87.14700317382812
Vanilla_DQN,0,87.97483825683594
Vanilla_DQN,0,87.7207260131836
Vanilla_DQN,0,86.66223907470703
Vanilla_DQN,0,86.31633758544922
Vanilla_DQN,0,87.19961547851562
Vanilla_DQN,0,86.98479461669922
Vanilla_DQN,0,84.49169158935547
Vanilla_DQN,0,84.11873626708984
Vanilla_DQN,0,84.97040557861328
Vanilla_DQN,0,84.9991455078125
Vanilla_DQN,0,85.43205261230469
Vanilla_DQN,0,84.76883697509766
Vanilla_DQN,0,86.2366943359375
Vanilla_DQN,0,85.51036834716797
Vanilla_DQN,0,85.1510238647461
Vanilla_DQN,0,84.50334167480469
Vanilla_DQN,0,86.06131744384766
Vanilla_DQN,0,85.21697998046875
Vanilla_DQN,0,80.86772155761719
Vanilla_DQN,0,80.4499282836914
Vanilla_DQN,0,81.59844970703125
Vanilla_DQN,0,81.11964416503906
Vanilla_DQN,0,79.37116241455078
Vanilla_DQN,0,78.94845581054688
Vanilla_DQN,0,80.05062866210938
Vanilla_DQN,0,79.6600112915039
Vanilla_DQN,0,76.2785873413086
Vanilla_DQN,0,75.98991394042969
Vanilla_DQN,0,76.82312774658203
Vanilla_DQN,0,76.68446350097656
Vanilla_DQN,0,73.59998321533203
Vanilla_DQN,0,73.45769500732422
Vanilla_DQN,0,74.09110260009766
Vanilla_DQN,0,74.10465240478516
Vanilla_DQN,0,75.09480285644531
Vanilla_DQN,0,75.10551452636719
Vanilla_DQN,0,75.58719635009766
Vanilla_DQN,0,75.03247833251953
Vanilla_DQN,0,72.5838394165039
Vanilla_DQN,0,72.86437225341797
Vanilla_DQN,0,73.09245300292969
Vanilla_DQN,0,72.63982391357422
Vanilla_DQN,0,71.56522369384766
Vanilla_DQN,0,72.13665008544922
Vanilla_DQN,0,72.0589370727539
Vanilla_DQN,0,71.65381622314453
Vanilla_DQN,0,75.54894256591797
Vanilla_DQN,0,76.00186157226562
Vanilla_DQN,0,75.86725616455078
Vanilla_DQN,0,75.63526153564453
Vanilla_DQN,0,79.6013412475586
Vanilla_DQN,0,79.86307525634766
Vanilla_DQN,0,79.72588348388672
Vanilla_DQN,0,79.78669738769531
Vanilla_DQN,0,82.36859130859375
Vanilla_DQN,0,82.44305419921875
Vanilla_DQN,0,82.53327178955078
Vanilla_DQN,0,82.69398498535156
Vanilla_DQN,0,81.79195404052734
Vanilla_DQN,0,81.816650390625
Vanilla_DQN,0,82.24592590332031
Vanilla_DQN,0,80.85362243652344
Vanilla_DQN,0,78.76420593261719
Vanilla_DQN,0,79.23632049560547
Vanilla_DQN,0,78.9825668334961
Vanilla_DQN,0,78.3504409790039
Vanilla_DQN,0,82.84587860107422
Vanilla_DQN,0,83.04666137695312
Vanilla_DQN,0,83.11603546142578
Vanilla_DQN,0,82.45623779296875
Vanilla_DQN,0,79.597900390625
Vanilla_DQN,0,80.12388610839844
Vanilla_DQN,0,79.65470123291016
Vanilla_DQN,0,79.73925018310547
Vanilla_DQN,0,82.79540252685547
Vanilla_DQN,0,82.86279296875
Vanilla_DQN,0,82.88932037353516
Vanilla_DQN,0,82.94170379638672
Vanilla_DQN,0,82.94038391113281
Vanilla_DQN,0,83.04441833496094
Vanilla_DQN,0,83.50499725341797
Vanilla_DQN,0,81.86554718017578
Vanilla_DQN,0,81.51000213623047
Vanilla_DQN,0,81.9421157836914
Vanilla_DQN,0,81.77722930908203
Vanilla_DQN,0,80.9093246459961
Vanilla_DQN,0,83.09105682373047
Vanilla_DQN,0,83.0205307006836
Vanilla_DQN,0,83.67283630371094
Vanilla_DQN,0,82.12891387939453
Vanilla_DQN,0,82.8585433959961
Vanilla_DQN,0,82.77761840820312
Vanilla_DQN,0,83.46741485595703
Vanilla_DQN,0,81.78466796875
Vanilla_DQN,0,82.74597930908203
Vanilla_DQN,0,82.73930358886719
Vanilla_DQN,0,83.27778625488281
Vanilla_DQN,0,81.76917266845703
Vanilla_DQN,0,81.31409454345703
Vanilla_DQN,0,81.4810791015625
Vanilla_DQN,0,81.44837188720703
Vanilla_DQN,0,80.81315612792969
Vanilla_DQN,0,83.69966888427734
Vanilla_DQN,0,83.48271179199219
Vanilla_DQN,0,84.2933120727539
Vanilla_DQN,0,82.83773040771484
Vanilla_DQN,0,81.3695068359375
Vanilla_DQN,0,81.41722869873047
Vanilla_DQN,0,81.51636505126953
Vanilla_DQN,0,81.06914520263672
Vanilla_DQN,0,78.5470962524414
Vanilla_DQN,0,78.84214782714844
Vanilla_DQN,0,78.40776824951172
Vanilla_DQN,0,78.59066009521484
Vanilla_DQN,0,80.8408203125
Vanilla_DQN,0,80.81942749023438
Vanilla_DQN,0,80.92447662353516
Vanilla_DQN,0,80.73847961425781
Vanilla_DQN,0,80.45706939697266
Vanilla_DQN,0,80.45528411865234
Vanilla_DQN,0,80.53971862792969
Vanilla_DQN,0,80.25995635986328
Vanilla_DQN,0,79.8707046508789
Vanilla_DQN,0,79.93670654296875
Vanilla_DQN,0,79.8758773803711
Vanilla_DQN,0,79.79607391357422
Vanilla_DQN,0,82.10433959960938
Vanilla_DQN,0,81.70790100097656
Vanilla_DQN,0,82.3415298461914
Vanilla_DQN,0,81.83060455322266
Vanilla_DQN,0,80.80860137939453
Vanilla_DQN,0,80.55329132080078
Vanilla_DQN,0,80.87041473388672
Vanilla_DQN,0,80.6895980834961
Vanilla_DQN,0,78.72787475585938
Vanilla_DQN,0,78.77857971191406
Vanilla_DQN,0,78.4555435180664
Vanilla_DQN,0,79.04755401611328
Vanilla_DQN,0,81.6979751586914
Vanilla_DQN,0,81.4853744506836
Vanilla_DQN,0,82.15599060058594
Vanilla_DQN,0,81.14672088623047
Vanilla_DQN,0,79.82135772705078
Vanilla_DQN,0,79.83164978027344
Vanilla_DQN,0,79.84542083740234
Vanilla_DQN,0,79.79705810546875
Vanilla_DQN,0,77.9084243774414
Vanilla_DQN,0,78.09270477294922
Vanilla_DQN,0,77.70824432373047
Vanilla_DQN,0,78.2413330078125
Vanilla_DQN,0,80.27520751953125
Vanilla_DQN,0,80.46906280517578
Vanilla_DQN,0,80.75154876708984
Vanilla_DQN,0,79.64139556884766
Vanilla_DQN,0,79.48587799072266
Vanilla_DQN,0,79.77867889404297
Vanilla_DQN,0,79.84886932373047
Vanilla_DQN,0,79.03458404541016
Vanilla_DQN,0,79.12825012207031
Vanilla_DQN,0,79.54646301269531
Vanilla_DQN,0,79.52546691894531
Vanilla_DQN,0,78.6858139038086
Vanilla_DQN,0,81.6401138305664
Vanilla_DQN,0,81.89451599121094
Vanilla_DQN,0,82.41839599609375
Vanilla_DQN,0,80.94901275634766
Vanilla_DQN,0,81.74027252197266
Vanilla_DQN,0,81.99755859375
Vanilla_DQN,0,82.47278594970703
Vanilla_DQN,0,81.09107208251953
Vanilla_DQN,0,79.44910430908203
Vanilla_DQN,0,79.75943756103516
Vanilla_DQN,0,79.55171966552734
Vanilla_DQN,0,79.60321807861328
Vanilla_DQN,0,82.14531707763672
Vanilla_DQN,0,82.17254638671875
Vanilla_DQN,0,82.52371978759766
Vanilla_DQN,0,82.25341033935547
Vanilla_DQN,0,77.0247573852539
Vanilla_DQN,0,77.38873291015625
Vanilla_DQN,0,76.84812927246094
Vanilla_DQN,0,77.29786682128906
Vanilla_DQN,0,80.51396942138672
Vanilla_DQN,0,80.36164855957031
Vanilla_DQN,0,80.73880004882812
Vanilla_DQN,0,80.76583099365234
Vanilla_DQN,0,83.97036743164062
Vanilla_DQN,0,83.34317779541016
Vanilla_DQN,0,84.92127227783203
Vanilla_DQN,0,83.40518951416016
Vanilla_DQN,0,80.0516586303711
Vanilla_DQN,0,79.93071746826172
Vanilla_DQN,0,80.52167510986328
Vanilla_DQN,0,79.81905364990234
Vanilla_DQN,0,78.7105484008789
Vanilla_DQN,0,78.60221862792969
Vanilla_DQN,0,79.13996124267578
Vanilla_DQN,0,78.31249237060547
Vanilla_DQN,0,77.32318115234375
Vanilla_DQN,0,77.38853454589844
Vanilla_DQN,0,77.55014038085938
Vanilla_DQN,0,77.15492248535156
Vanilla_DQN,0,76.94117736816406
Vanilla_DQN,0,77.1097640991211
Vanilla_DQN,0,77.0493392944336
Vanilla_DQN,0,76.93717956542969
Vanilla_DQN,0,80.9343032836914
Vanilla_DQN,0,80.51720428466797
Vanilla_DQN,0,81.54811096191406
Vanilla_DQN,0,80.95606994628906
Vanilla_DQN,0,79.29442596435547
Vanilla_DQN,0,78.96809387207031
Vanilla_DQN,0,79.7951889038086
Vanilla_DQN,0,79.30599212646484
Vanilla_DQN,0,78.90196990966797
Vanilla_DQN,0,78.45458984375
Vanilla_DQN,0,79.5346908569336
Vanilla_DQN,0,78.69277954101562
Vanilla_DQN,0,75.16075897216797
Vanilla_DQN,0,74.90925598144531
Vanilla_DQN,0,75.44776153564453
Vanilla_DQN,0,74.93167877197266
Vanilla_DQN,0,70.93594360351562
Vanilla_DQN,0,70.94415283203125
Vanilla_DQN,0,70.64404296875
Vanilla_DQN,0,70.78490447998047
Vanilla_DQN,0,75.11283874511719
Vanilla_DQN,0,74.51351165771484
Vanilla_DQN,0,75.22370910644531
Vanilla_DQN,0,75.23976135253906
Vanilla_DQN,0,78.25493621826172
Vanilla_DQN,0,77.57990264892578
Vanilla_DQN,0,79.0825424194336
Vanilla_DQN,0,77.69805145263672
Vanilla_DQN,0,75.96338653564453
Vanilla_DQN,0,75.33740997314453
Vanilla_DQN,0,76.52564239501953
Vanilla_DQN,0,75.47374725341797
Vanilla_DQN,0,71.34784698486328
Vanilla_DQN,0,71.09362030029297
Vanilla_DQN,0,71.26457214355469
Vanilla_DQN,0,71.03907012939453
Vanilla_DQN,0,75.35914611816406
Vanilla_DQN,0,74.83722686767578
Vanilla_DQN,0,75.78194427490234
Vanilla_DQN,0,74.836181640625
Vanilla_DQN,0,72.36664581298828
Vanilla_DQN,0,72.10125732421875
Vanilla_DQN,0,72.33987426757812
Vanilla_DQN,0,71.99380493164062
Vanilla_DQN,0,76.1516342163086
Vanilla_DQN,0,75.6334228515625
Vanilla_DQN,0,76.5831069946289
Vanilla_DQN,0,75.50189971923828
Vanilla_DQN,0,73.42150115966797
Vanilla_DQN,0,73.15145874023438
Vanilla_DQN,0,73.4542465209961
Vanilla_DQN,0,73.00460052490234
Vanilla_DQN,0,73.48299407958984
Vanilla_DQN,0,73.20634460449219
Vanilla_DQN,0,73.52721405029297
Vanilla_DQN,0,72.95732879638672
Vanilla_DQN,0,71.31864166259766
Vanilla_DQN,0,71.12860107421875
Vanilla_DQN,0,71.09893035888672
Vanilla_DQN,0,70.66947174072266
Vanilla_DQN,0,74.8807601928711
Vanilla_DQN,0,74.5257568359375
Vanilla_DQN,0,75.07522583007812
Vanilla_DQN,0,74.14387512207031
Vanilla_DQN,0,72.2250747680664
Vanilla_DQN,0,72.04446411132812
Vanilla_DQN,0,72.0583724975586
Vanilla_DQN,0,71.54783630371094
Vanilla_DQN,0,75.70812225341797
Vanilla_DQN,0,75.3504638671875
Vanilla_DQN,0,75.94855499267578
Vanilla_DQN,0,74.8732681274414
Vanilla_DQN,0,74.78902435302734
Vanilla_DQN,0,74.5401382446289
Vanilla_DQN,0,74.88544464111328
Vanilla_DQN,0,74.06131744384766
Vanilla_DQN,0,70.67660522460938
Vanilla_DQN,0,70.59156799316406
Vanilla_DQN,0,70.23426055908203
Vanilla_DQN,0,69.81055450439453
Vanilla_DQN,0,74.32823944091797
Vanilla_DQN,0,74.17982482910156
Vanilla_DQN,0,74.29547119140625
Vanilla_DQN,0,73.62982177734375
Vanilla_DQN,0,77.89737701416016
Vanilla_DQN,0,77.52117919921875
Vanilla_DQN,0,78.26221466064453
Vanilla_DQN,0,76.87355041503906
Vanilla_DQN,0,74.95415496826172
Vanilla_DQN,0,74.7955322265625
Vanilla_DQN,0,74.9544906616211
Vanilla_DQN,0,74.18326568603516
Vanilla_DQN,0,74.89039611816406
Vanilla_DQN,0,74.72904205322266
Vanilla_DQN,0,74.86136627197266
Vanilla_DQN,0,74.0805435180664
Vanilla_DQN,0,78.50316619873047
Vanilla_DQN,0,78.1662826538086
Vanilla_DQN,0,78.8711929321289
Vanilla_DQN,0,77.48152160644531
Vanilla_DQN,0,76.49046325683594
Vanilla_DQN,0,76.3426513671875
Vanilla_DQN,0,76.45174407958984
Vanilla_DQN,0,75.61082458496094
Vanilla_DQN,0,80.01107788085938
Vanilla_DQN,0,79.74212646484375
Vanilla_DQN,0,80.37918853759766
Vanilla_DQN,0,78.90048217773438
Vanilla_DQN,0,80.2572021484375
Vanilla_DQN,0,80.0514907836914
Vanilla_DQN,0,80.54935455322266
Vanilla_DQN,0,79.16854095458984
Vanilla_DQN,0,80.37572479248047
Vanilla_DQN,0,80.31173706054688
Vanilla_DQN,0,80.47370910644531
Vanilla_DQN,0,79.46920776367188
Vanilla_DQN,0,76.42035675048828
Vanilla_DQN,0,76.36634063720703
Vanilla_DQN,0,75.8980712890625
Vanilla_DQN,0,75.43980407714844
Vanilla_DQN,0,79.9014663696289
Vanilla_DQN,0,79.86326599121094
Vanilla_DQN,0,79.8667984008789
Vanilla_DQN,0,78.93875122070312
Vanilla_DQN,0,83.09976959228516
Vanilla_DQN,0,83.01046752929688
Vanilla_DQN,0,83.52465057373047
Vanilla_DQN,0,81.81660461425781
Vanilla_DQN,0,85.01961517333984
Vanilla_DQN,0,85.06629943847656
Vanilla_DQN,0,85.72408294677734
Vanilla_DQN,0,83.13261413574219
Vanilla_DQN,0,84.87798309326172
Vanilla_DQN,0,84.90596008300781
Vanilla_DQN,0,85.47048950195312
Vanilla_DQN,0,83.14713287353516
Vanilla_DQN,0,83.93512725830078
Vanilla_DQN,0,83.92803192138672
Vanilla_DQN,0,84.2000961303711
Vanilla_DQN,0,82.76280212402344
Vanilla_DQN,0,82.52957153320312
Vanilla_DQN,0,82.55323791503906
Vanilla_DQN,0,82.5041275024414
Vanilla_DQN,0,81.4618148803711
Vanilla_DQN,0,68.0999755859375
Vanilla_DQN,0,62.678497314453125
Vanilla_DQN,0,69.33708190917969
Vanilla_DQN,0,65.33540344238281
Vanilla_DQN,0,65.92394256591797
Vanilla_DQN,0,60.33308029174805
Vanilla_DQN,0,67.56766510009766
Vanilla_DQN,0,63.631629943847656
Vanilla_DQN,0,62.25644302368164
Vanilla_DQN,0,57.03080368041992
Vanilla_DQN,0,63.987205505371094
Vanilla_DQN,0,60.69548797607422
Vanilla_DQN,0,72.17344665527344
Vanilla_DQN,0,68.62037658691406
Vanilla_DQN,0,71.86819458007812
Vanilla_DQN,0,76.93099212646484
Vanilla_DQN,0,68.67498016357422
Vanilla_DQN,0,66.08898162841797
Vanilla_DQN,0,68.3569564819336
Vanilla_DQN,0,68.39093780517578
Vanilla_DQN,0,75.81366729736328
Vanilla_DQN,0,73.30622100830078
Vanilla_DQN,0,72.09809875488281
Vanilla_DQN,0,73.36739349365234
Vanilla_DQN,0,64.45932006835938
Vanilla_DQN,0,64.00475311279297
Vanilla_DQN,0,57.13518524169922
Vanilla_DQN,0,60.33444595336914
Vanilla_DQN,0,65.11412811279297
Vanilla_DQN,0,63.75479507446289
Vanilla_DQN,0,56.30448913574219
Vanilla_DQN,0,60.9334716796875
Vanilla_DQN,0,64.83952331542969
Vanilla_DQN,0,62.97809982299805
Vanilla_DQN,0,55.01115798950195
Vanilla_DQN,0,61.18693161010742
Vanilla_DQN,0,63.08927536010742
Vanilla_DQN,0,61.45157241821289
Vanilla_DQN,0,53.30937194824219
Vanilla_DQN,0,61.03009796142578
Vanilla_DQN,0,61.81095504760742
Vanilla_DQN,0,60.11690139770508
Vanilla_DQN,0,52.70333480834961
Vanilla_DQN,0,60.215213775634766
Vanilla_DQN,0,61.39580535888672
Vanilla_DQN,0,59.641780853271484
Vanilla_DQN,0,52.85764694213867
Vanilla_DQN,0,60.08449172973633
Vanilla_DQN,0,61.13168716430664
Vanilla_DQN,0,59.33381652832031
Vanilla_DQN,0,52.586708068847656
Vanilla_DQN,0,59.97278594970703
Vanilla_DQN,0,62.700618743896484
Vanilla_DQN,0,61.32639694213867
Vanilla_DQN,0,56.137054443359375
Vanilla_DQN,0,60.756553649902344
Vanilla_DQN,0,64.24291229248047
Vanilla_DQN,0,62.793704986572266
Vanilla_DQN,0,61.654441833496094
Vanilla_DQN,0,62.04916000366211
Vanilla_DQN,0,63.4776725769043
Vanilla_DQN,0,63.116512298583984
Vanilla_DQN,0,62.10706329345703
Vanilla_DQN,0,63.23328399658203
Vanilla_DQN,0,71.72347259521484
Vanilla_DQN,0,69.92086791992188
Vanilla_DQN,0,68.40648651123047
Vanilla_DQN,0,69.17936706542969
Vanilla_DQN,0,65.35417175292969
Vanilla_DQN,0,64.67489624023438
Vanilla_DQN,0,60.3155632019043
Vanilla_DQN,0,62.20315933227539
Vanilla_DQN,0,65.32801055908203
Vanilla_DQN,0,64.56863403320312
Vanilla_DQN,0,60.695648193359375
Vanilla_DQN,0,62.166038513183594
Vanilla_DQN,0,65.39832305908203
Vanilla_DQN,0,64.6605224609375
Vanilla_DQN,0,60.77124786376953
Vanilla_DQN,0,62.194488525390625
Vanilla_DQN,0,65.40203094482422
Vanilla_DQN,0,64.66502380371094
Vanilla_DQN,0,60.77870178222656
Vanilla_DQN,0,62.196434020996094
Vanilla_DQN,0,65.3796615600586
Vanilla_DQN,0,64.63597869873047
Vanilla_DQN,0,60.75630569458008
Vanilla_DQN,0,62.18731689453125
Vanilla_DQN,0,65.36516571044922
Vanilla_DQN,0,64.61711883544922
Vanilla_DQN,0,60.74177551269531
Vanilla_DQN,0,62.18138885498047
Vanilla_DQN,0,65.3630599975586
Vanilla_DQN,0,64.61436462402344
Vanilla_DQN,0,60.73969268798828
Vanilla_DQN,0,62.180511474609375
Vanilla_DQN,0,65.3663558959961
Vanilla_DQN,0,64.61864471435547
Vanilla_DQN,0,60.74299621582031
Vanilla_DQN,0,62.181861877441406
Vanilla_DQN,0,65.36915588378906
Vanilla_DQN,0,64.62228393554688
Vanilla_DQN,0,60.745792388916016
Vanilla_DQN,0,62.183021545410156
Vanilla_DQN,0,65.36990356445312
Vanilla_DQN,0,64.62325286865234
Vanilla_DQN,0,60.74652099609375
Vanilla_DQN,0,62.18333053588867
Vanilla_DQN,0,65.3694839477539
Vanilla_DQN,0,64.62271118164062
Vanilla_DQN,0,60.746089935302734
Vanilla_DQN,0,62.18316650390625
Vanilla_DQN,0,65.36897277832031
Vanilla_DQN,0,64.62203979492188
Vanilla_DQN,0,60.745574951171875
Vanilla_DQN,0,62.18296432495117
Vanilla_DQN,0,65.3687744140625
Vanilla_DQN,0,64.62178039550781
Vanilla_DQN,0,60.74537658691406
Vanilla_DQN,0,62.182884216308594
Vanilla_DQN,0,65.36881256103516
Vanilla_DQN,0,64.62183380126953
Vanilla_DQN,0,60.74541473388672
Vanilla_DQN,0,62.182899475097656
Vanilla_DQN,0,65.36890411376953
Vanilla_DQN,0,64.6219482421875
Vanilla_DQN,0,60.74550247192383
Vanilla_DQN,0,62.18293762207031
Vanilla_DQN,0,65.36894989013672
Vanilla_DQN,0,64.62200927734375
Vanilla_DQN,0,60.74554443359375
Vanilla_DQN,0,62.18296432495117
Vanilla_DQN,0,65.36894989013672
Vanilla_DQN,0,64.62200927734375
Vanilla_DQN,0,60.745548248291016
Vanilla_DQN,0,62.18296813964844
Vanilla_DQN,0,65.36893463134766
Vanilla_DQN,0,64.62198638916016
Vanilla_DQN,0,60.745521545410156
Vanilla_DQN,0,62.18295669555664
Vanilla_DQN,0,65.3689193725586
Vanilla_DQN,0,64.6219711303711
Vanilla_DQN,0,60.745521545410156
Vanilla_DQN,0,62.18294906616211
Vanilla_DQN,0,65.36892700195312
Vanilla_DQN,0,64.62197875976562
Vanilla_DQN,0,60.745521545410156
Vanilla_DQN,0,62.182952880859375
Vanilla_DQN,0,65.3689193725586
Vanilla_DQN,0,64.62197875976562
Vanilla_DQN,0,60.74551773071289
Vanilla_DQN,0,62.182952880859375
Vanilla_DQN,0,65.36892700195312
Vanilla_DQN,0,64.62197875976562
Vanilla_DQN,0,60.745521545410156
Vanilla_DQN,0,62.182960510253906
Vanilla_DQN,0,65.3689193725586
Vanilla_DQN,0,64.62197875976562
Vanilla_DQN,0,60.745521545410156
Vanilla_DQN,0,62.182952880859375
Vanilla_DQN,0,65.36892700195312
Vanilla_DQN,0,64.62197875976562
Vanilla_DQN,0,60.74552536010742
Vanilla_DQN,0,62.18295669555664
Vanilla_DQN,0,65.36892700195312
Vanilla_DQN,0,64.62197875976562
Vanilla_DQN,0,60.745521545410156
Vanilla_DQN,0,62.182952880859375
Vanilla_DQN,0,107.63497161865234
Vanilla_DQN,0,109.33345794677734
Vanilla_DQN,0,107.99779510498047
Vanilla_DQN,0,107.27603912353516
Vanilla_DQN,0,108.09407806396484
Vanilla_DQN,0,109.5447998046875
Vanilla_DQN,0,108.5795669555664
Vanilla_DQN,0,107.89244842529297
Vanilla_DQN,0,109.21285247802734
Vanilla_DQN,0,110.43252563476562
Vanilla_DQN,0,109.75666046142578
Vanilla_DQN,0,109.1290054321289
Vanilla_DQN,0,109.90027618408203
Vanilla_DQN,0,110.80290985107422
Vanilla_DQN,0,110.38225555419922
Vanilla_DQN,0,109.96744537353516
Vanilla_DQN,0,110.20787048339844
Vanilla_DQN,0,110.863525390625
Vanilla_DQN,0,110.6495590209961
Vanilla_DQN,0,110.42916107177734
Vanilla_DQN,0,110.1601333618164
Vanilla_DQN,0,110.48966979980469
Vanilla_DQN,0,110.57335662841797
Vanilla_DQN,0,110.55310821533203
Vanilla_DQN,0,104.54325103759766
Vanilla_DQN,0,104.61503601074219
Vanilla_DQN,0,104.83741760253906
Vanilla_DQN,0,104.9103012084961
Vanilla_DQN,0,106.2879409790039
Vanilla_DQN,0,106.95330810546875
Vanilla_DQN,0,106.63680267333984
Vanilla_DQN,0,106.44010162353516
Vanilla_DQN,0,106.27104187011719
Vanilla_DQN,0,106.60022735595703
Vanilla_DQN,0,106.59636688232422
Vanilla_DQN,0,106.59580993652344
Vanilla_DQN,0,107.62029266357422
Vanilla_DQN,0,107.67230224609375
Vanilla_DQN,0,107.89301300048828
Vanilla_DQN,0,108.130615234375
Vanilla_DQN,0,109.45246124267578
Vanilla_DQN,0,110.00343322753906
Vanilla_DQN,0,109.9822006225586
Vanilla_DQN,0,109.77118682861328
Vanilla_DQN,0,110.77039337158203
Vanilla_DQN,0,111.07906341552734
Vanilla_DQN,0,111.35677337646484
Vanilla_DQN,0,111.25545501708984
Vanilla_DQN,0,107.4118881225586
Vanilla_DQN,0,107.56957244873047
Vanilla_DQN,0,107.86520385742188
Vanilla_DQN,0,107.78429412841797
Vanilla_DQN,0,105.61231231689453
Vanilla_DQN,0,105.69844818115234
Vanilla_DQN,0,106.0184555053711
Vanilla_DQN,0,105.89958953857422
Vanilla_DQN,0,103.87554168701172
Vanilla_DQN,0,103.88324737548828
Vanilla_DQN,0,104.25397491455078
Vanilla_DQN,0,104.09180450439453
Vanilla_DQN,0,101.6842269897461
Vanilla_DQN,0,101.63301086425781
Vanilla_DQN,0,101.95313262939453
Vanilla_DQN,0,101.86653900146484
Vanilla_DQN,0,100.89978790283203
Vanilla_DQN,0,100.83425903320312
Vanilla_DQN,0,101.13627624511719
Vanilla_DQN,0,101.02005767822266
Vanilla_DQN,0,100.74480438232422
Vanilla_DQN,0,100.65860748291016
Vanilla_DQN,0,100.99439239501953
Vanilla_DQN,0,100.76605224609375
Vanilla_DQN,0,98.90131378173828
Vanilla_DQN,0,98.7896499633789
Vanilla_DQN,0,99.07654571533203
Vanilla_DQN,0,98.81117248535156
Vanilla_DQN,0,96.96119689941406
Vanilla_DQN,0,96.90434265136719
Vanilla_DQN,0,97.1157455444336
Vanilla_DQN,0,96.7406005859375
Vanilla_DQN,0,96.54664611816406
Vanilla_DQN,0,96.53904724121094
Vanilla_DQN,0,96.72437286376953
Vanilla_DQN,0,96.28981018066406
Vanilla_DQN,0,94.92094421386719
Vanilla_DQN,0,94.89393615722656
Vanilla_DQN,0,95.01105499267578
Vanilla_DQN,0,94.61557006835938
Vanilla_DQN,0,94.95301055908203
Vanilla_DQN,0,94.98551177978516
Vanilla_DQN,0,95.08131408691406
Vanilla_DQN,0,94.64253234863281
Vanilla_DQN,0,94.08748626708984
Vanilla_DQN,0,94.1630630493164
Vanilla_DQN,0,94.18888092041016
Vanilla_DQN,0,93.76554107666016
Vanilla_DQN,0,93.90705108642578
Vanilla_DQN,0,93.98451232910156
Vanilla_DQN,0,94.02040100097656
Vanilla_DQN,0,93.56358337402344
Vanilla_DQN,0,92.97032928466797
Vanilla_DQN,0,93.04029846191406
Vanilla_DQN,0,93.04188537597656
Vanilla_DQN,0,92.59972381591797
Vanilla_DQN,0,92.06954193115234
Vanilla_DQN,0,92.10418701171875
Vanilla_DQN,0,92.09589385986328
Vanilla_DQN,0,91.6640625
Vanilla_DQN,0,93.81295013427734
Vanilla_DQN,0,93.63893127441406
Vanilla_DQN,0,93.9034194946289
Vanilla_DQN,0,93.64461517333984
Vanilla_DQN,0,91.81372833251953
Vanilla_DQN,0,91.67050170898438
Vanilla_DQN,0,91.828125
Vanilla_DQN,0,91.4310531616211
Vanilla_DQN,0,90.51122283935547
Vanilla_DQN,0,90.39323425292969
Vanilla_DQN,0,90.51939392089844
Vanilla_DQN,0,89.91056060791016
Vanilla_DQN,0,89.62788391113281
Vanilla_DQN,0,89.51924896240234
Vanilla_DQN,0,89.61834716796875
Vanilla_DQN,0,89.04664611816406
Vanilla_DQN,0,92.36052703857422
Vanilla_DQN,0,92.26537322998047
Vanilla_DQN,0,92.534912109375
Vanilla_DQN,0,91.7528305053711
Vanilla_DQN,0,89.84772491455078
Vanilla_DQN,0,89.7577896118164
Vanilla_DQN,0,89.92811584472656
Vanilla_DQN,0,89.2780532836914
Vanilla_DQN,0,88.28682708740234
Vanilla_DQN,0,88.19593811035156
Vanilla_DQN,0,88.38054656982422
Vanilla_DQN,0,87.8590087890625
Vanilla_DQN,0,87.42263793945312
Vanilla_DQN,0,87.31248474121094
Vanilla_DQN,0,87.55828094482422
Vanilla_DQN,0,87.07625579833984
Vanilla_DQN,0,87.0753173828125
Vanilla_DQN,0,86.94931030273438
Vanilla_DQN,0,87.26209259033203
Vanilla_DQN,0,86.78377532958984
Vanilla_DQN,0,85.70761108398438
Vanilla_DQN,0,85.52743530273438
Vanilla_DQN,0,86.1249771118164
Vanilla_DQN,0,85.7720718383789
Vanilla_DQN,0,86.78119659423828
Vanilla_DQN,0,86.60746765136719
Vanilla_DQN,0,87.3469009399414
Vanilla_DQN,0,86.93683624267578
Vanilla_DQN,0,85.02078247070312
Vanilla_DQN,0,84.78392028808594
Vanilla_DQN,0,85.83434295654297
Vanilla_DQN,0,85.66722106933594
Vanilla_DQN,0,86.74980163574219
Vanilla_DQN,0,86.52290344238281
Vanilla_DQN,0,87.71373748779297
Vanilla_DQN,0,87.4574203491211
Vanilla_DQN,0,85.6318588256836
Vanilla_DQN,0,85.40231323242188
Vanilla_DQN,0,86.73487091064453
Vanilla_DQN,0,86.78702545166016
Vanilla_DQN,0,88.82339477539062
Vanilla_DQN,0,88.8046875
Vanilla_DQN,0,90.01484680175781
Vanilla_DQN,0,89.50460815429688
Vanilla_DQN,0,87.40445709228516
Vanilla_DQN,0,87.29359436035156
Vanilla_DQN,0,88.7549819946289
Vanilla_DQN,0,88.5127944946289
Vanilla_DQN,0,86.2181625366211
Vanilla_DQN,0,85.98971557617188
Vanilla_DQN,0,87.72378540039062
Vanilla_DQN,0,87.49093627929688
Vanilla_DQN,0,85.66242980957031
Vanilla_DQN,0,85.34326171875
Vanilla_DQN,0,87.23235321044922
Vanilla_DQN,0,87.26664733886719
Vanilla_DQN,0,87.45092010498047
Vanilla_DQN,0,87.31172180175781
Vanilla_DQN,0,89.0594711303711
Vanilla_DQN,0,88.51787567138672
Vanilla_DQN,0,87.65068054199219
Vanilla_DQN,0,87.40409851074219
Vanilla_DQN,0,89.35873413085938
Vanilla_DQN,0,88.95613098144531
Vanilla_DQN,0,88.78719329833984
Vanilla_DQN,0,88.41619873046875
Vanilla_DQN,0,90.6706314086914
Vanilla_DQN,0,90.1716079711914
Vanilla_DQN,0,86.4958267211914
Vanilla_DQN,0,86.00489807128906
Vanilla_DQN,0,88.42095947265625
Vanilla_DQN,0,88.00627136230469
Vanilla_DQN,0,83.77877807617188
Vanilla_DQN,0,83.18063354492188
Vanilla_DQN,0,85.67424774169922
Vanilla_DQN,0,85.43932342529297
Vanilla_DQN,0,81.99463653564453
Vanilla_DQN,0,81.31513977050781
Vanilla_DQN,0,83.84777069091797
Vanilla_DQN,0,83.85694122314453
Vanilla_DQN,0,83.45101165771484
Vanilla_DQN,0,82.9296875
Vanilla_DQN,0,85.36454010009766
Vanilla_DQN,0,84.9346923828125
Vanilla_DQN,0,79.76346588134766
Vanilla_DQN,0,79.26516723632812
Vanilla_DQN,0,81.56092071533203
Vanilla_DQN,0,81.3504867553711
Vanilla_DQN,0,78.5123062133789
Vanilla_DQN,0,77.99600219726562
Vanilla_DQN,0,80.3343734741211
Vanilla_DQN,0,80.17674255371094
Vanilla_DQN,0,74.92092895507812
Vanilla_DQN,0,74.45897674560547
Vanilla_DQN,0,76.6246337890625
Vanilla_DQN,0,76.65160369873047
Vanilla_DQN,0,76.58378601074219
Vanilla_DQN,0,76.24801635742188
Vanilla_DQN,0,78.28668212890625
Vanilla_DQN,0,78.11323547363281
Vanilla_DQN,0,72.4646987915039
Vanilla_DQN,0,72.16893005371094
Vanilla_DQN,0,73.99651336669922
Vanilla_DQN,0,73.97691345214844
Vanilla_DQN,0,71.20877838134766
Vanilla_DQN,0,70.85659790039062
Vanilla_DQN,0,72.7995376586914
Vanilla_DQN,0,72.68177032470703
Vanilla_DQN,0,68.17192840576172
Vanilla_DQN,0,67.74839782714844
Vanilla_DQN,0,69.83026885986328
Vanilla_DQN,0,69.6798095703125
Vanilla_DQN,0,65.8633804321289
Vanilla_DQN,0,65.48233795166016
Vanilla_DQN,0,67.4497299194336
Vanilla_DQN,0,67.21208953857422
Vanilla_DQN,0,65.20673370361328
Vanilla_DQN,0,64.79686737060547
Vanilla_DQN,0,66.71653747558594
Vanilla_DQN,0,66.58470916748047
Vanilla_DQN,0,64.16960906982422
Vanilla_DQN,0,63.73696517944336
Vanilla_DQN,0,65.54540252685547
Vanilla_DQN,0,65.61788940429688
Vanilla_DQN,0,65.28297424316406
Vanilla_DQN,0,64.93534851074219
Vanilla_DQN,0,66.67919158935547
Vanilla_DQN,0,66.78551483154297
Vanilla_DQN,0,67.25373840332031
Vanilla_DQN,0,67.0024642944336
Vanilla_DQN,0,68.5497817993164
Vanilla_DQN,0,68.81663513183594
Vanilla_DQN,0,69.69783782958984
Vanilla_DQN,0,69.51665496826172
Vanilla_DQN,0,70.8277816772461
Vanilla_DQN,0,71.33287048339844
Vanilla_DQN,0,73.20684051513672
Vanilla_DQN,0,73.31524658203125
Vanilla_DQN,0,74.16845703125
Vanilla_DQN,0,74.80384063720703
Vanilla_DQN,0,76.47183990478516
Vanilla_DQN,0,76.90178680419922
Vanilla_DQN,0,77.19676971435547
Vanilla_DQN,0,77.9816665649414
Vanilla_DQN,0,78.50470733642578
Vanilla_DQN,0,79.28153991699219
Vanilla_DQN,0,78.89783477783203
Vanilla_DQN,0,79.71062469482422
Vanilla_DQN,0,79.42659759521484
Vanilla_DQN,0,80.46446228027344
Vanilla_DQN,0,79.73200225830078
Vanilla_DQN,0,80.42130279541016
Vanilla_DQN,0,80.91510772705078
Vanilla_DQN,0,81.74559020996094
Vanilla_DQN,0,81.15733337402344
Vanilla_DQN,0,82.01846313476562
Vanilla_DQN,0,81.70153045654297
Vanilla_DQN,0,82.7566909790039
Vanilla_DQN,0,81.88007354736328
Vanilla_DQN,0,82.5861587524414
Vanilla_DQN,0,82.94065856933594
Vanilla_DQN,0,83.7917709350586
Vanilla_DQN,0,83.01534271240234
Vanilla_DQN,0,83.96112823486328
Vanilla_DQN,0,83.28490447998047
Vanilla_DQN,0,84.22132110595703
Vanilla_DQN,0,83.3016586303711
Vanilla_DQN,0,84.06375885009766
Vanilla_DQN,0,84.94530487060547
Vanilla_DQN,0,85.68699645996094
Vanilla_DQN,0,84.89574432373047
Vanilla_DQN,0,85.83692932128906
Vanilla_DQN,0,85.55767059326172
Vanilla_DQN,0,86.4330062866211
Vanilla_DQN,0,85.37664031982422
Vanilla_DQN,0,86.00481414794922
Vanilla_DQN,0,87.47090911865234
Vanilla_DQN,0,88.20601654052734
Vanilla_DQN,0,87.1474380493164
Vanilla_DQN,0,87.99836730957031
Vanilla_DQN,0,89.20960235595703
Vanilla_DQN,0,89.76657104492188
Vanilla_DQN,0,88.9422378540039
Vanilla_DQN,0,89.78568267822266
Vanilla_DQN,0,90.95254516601562
Vanilla_DQN,0,91.683837890625
Vanilla_DQN,0,90.37499237060547
Vanilla_DQN,0,91.1072769165039
Vanilla_DQN,0,92.25288391113281
Vanilla_DQN,0,92.80555725097656
Vanilla_DQN,0,91.92618560791016
Vanilla_DQN,0,92.4320297241211
Vanilla_DQN,0,93.8775405883789
Vanilla_DQN,0,94.08844757080078
Vanilla_DQN,0,93.80691528320312
Vanilla_DQN,0,94.27246856689453
Vanilla_DQN,0,95.7113265991211
Vanilla_DQN,0,95.97290802001953
Vanilla_DQN,0,95.8497085571289
Vanilla_DQN,0,95.68939208984375
Vanilla_DQN,0,98.04605865478516
Vanilla_DQN,0,97.8922348022461
Vanilla_DQN,0,98.30936431884766
Vanilla_DQN,0,98.18079376220703
Vanilla_DQN,0,93.07827758789062
Vanilla_DQN,0,93.15060424804688
Vanilla_DQN,0,93.0896224975586
Vanilla_DQN,0,93.42938995361328
Vanilla_DQN,0,94.94873809814453
Vanilla_DQN,0,94.83555603027344
Vanilla_DQN,0,95.24906158447266
Vanilla_DQN,0,95.03275299072266
Vanilla_DQN,0,93.88848114013672
Vanilla_DQN,0,93.72392272949219
Vanilla_DQN,0,94.17955780029297
Vanilla_DQN,0,94.03583526611328
Vanilla_DQN,0,90.0779800415039
Vanilla_DQN,0,89.96405029296875
Vanilla_DQN,0,90.32598876953125
Vanilla_DQN,0,90.45287322998047
Vanilla_DQN,0,91.00684356689453
Vanilla_DQN,0,90.63319396972656
Vanilla_DQN,0,91.62712860107422
Vanilla_DQN,0,91.1267318725586
Vanilla_DQN,0,87.4503402709961
Vanilla_DQN,0,87.14700317382812
Vanilla_DQN,0,87.97483825683594
Vanilla_DQN,0,87.7207260131836
Vanilla_DQN,0,86.66223907470703
Vanilla_DQN,0,86.31633758544922
Vanilla_DQN,0,87.19961547851562
Vanilla_DQN,0,86.98479461669922
Vanilla_DQN,0,84.49169158935547
Vanilla_DQN,0,84.11873626708984
Vanilla_DQN,0,84.97040557861328
Vanilla_DQN,0,84.9991455078125
Vanilla_DQN,0,85.43205261230469
Vanilla_DQN,0,84.76883697509766
Vanilla_DQN,0,86.2366943359375
Vanilla_DQN,0,85.51036834716797
Vanilla_DQN,0,85.1510238647461
Vanilla_DQN,0,84.50334167480469
Vanilla_DQN,0,86.06131744384766
Vanilla_DQN,0,85.21697998046875
Vanilla_DQN,0,80.86772155761719
Vanilla_DQN,0,80.4499282836914
Vanilla_DQN,0,81.59844970703125
Vanilla_DQN,0,81.11964416503906
Vanilla_DQN,0,79.37116241455078
Vanilla_DQN,0,78.94845581054688
Vanilla_DQN,0,80.05062866210938
Vanilla_DQN,0,79.6600112915039
Vanilla_DQN,0,76.2785873413086
Vanilla_DQN,0,75.98991394042969
Vanilla_DQN,0,76.82312774658203
Vanilla_DQN,0,76.68446350097656
Vanilla_DQN,0,73.59998321533203
Vanilla_DQN,0,73.45769500732422
Vanilla_DQN,0,74.09110260009766
Vanilla_DQN,0,74.10465240478516
Vanilla_DQN,0,75.09480285644531
Vanilla_DQN,0,75.10551452636719
Vanilla_DQN,0,75.58719635009766
Vanilla_DQN,0,75.03247833251953
Vanilla_DQN,0,72.5838394165039
Vanilla_DQN,0,72.86437225341797
Vanilla_DQN,0,73.09245300292969
Vanilla_DQN,0,72.63982391357422
Vanilla_DQN,0,71.56522369384766
Vanilla_DQN,0,72.13665008544922
Vanilla_DQN,0,72.0589370727539
Vanilla_DQN,0,71.65381622314453
Vanilla_DQN,0,75.54894256591797
Vanilla_DQN,0,76.00186157226562
Vanilla_DQN,0,75.86725616455078
Vanilla_DQN,0,75.63526153564453
Vanilla_DQN,0,79.6013412475586
Vanilla_DQN,0,79.86307525634766
Vanilla_DQN,0,79.72588348388672
Vanilla_DQN,0,79.78669738769531
Vanilla_DQN,0,82.36859130859375
Vanilla_DQN,0,82.44305419921875
Vanilla_DQN,0,82.53327178955078
Vanilla_DQN,0,82.69398498535156
Vanilla_DQN,0,81.79195404052734
Vanilla_DQN,0,81.816650390625
Vanilla_DQN,0,82.24592590332031
Vanilla_DQN,0,80.85362243652344
Vanilla_DQN,0,78.76420593261719
Vanilla_DQN,0,79.23632049560547
Vanilla_DQN,0,78.9825668334961
Vanilla_DQN,0,78.3504409790039
Vanilla_DQN,0,82.84587860107422
Vanilla_DQN,0,83.04666137695312
Vanilla_DQN,0,83.11603546142578
Vanilla_DQN,0,82.45623779296875
Vanilla_DQN,0,79.597900390625
Vanilla_DQN,0,80.12388610839844
Vanilla_DQN,0,79.65470123291016
Vanilla_DQN,0,79.73925018310547
Vanilla_DQN,0,82.79540252685547
Vanilla_DQN,0,82.86279296875
Vanilla_DQN,0,82.88932037353516
Vanilla_DQN,0,82.94170379638672
Vanilla_DQN,0,82.94038391113281
Vanilla_DQN,0,83.04441833496094
Vanilla_DQN,0,83.50499725341797
Vanilla_DQN,0,81.86554718017578
Vanilla_DQN,0,81.51000213623047
Vanilla_DQN,0,81.9421157836914
Vanilla_DQN,0,81.77722930908203
Vanilla_DQN,0,80.9093246459961
Vanilla_DQN,0,83.09105682373047
Vanilla_DQN,0,83.0205307006836
Vanilla_DQN,0,83.67283630371094
Vanilla_DQN,0,82.12891387939453
Vanilla_DQN,0,82.8585433959961
Vanilla_DQN,0,82.77761840820312
Vanilla_DQN,0,83.46741485595703
Vanilla_DQN,0,81.78466796875
Vanilla_DQN,0,82.74597930908203
Vanilla_DQN,0,82.73930358886719
Vanilla_DQN,0,83.27778625488281
Vanilla_DQN,0,81.76917266845703
Vanilla_DQN,0,81.31409454345703
Vanilla_DQN,0,81.4810791015625
Vanilla_DQN,0,81.44837188720703
Vanilla_DQN,0,80.81315612792969
Vanilla_DQN,0,83.69966888427734
Vanilla_DQN,0,83.48271179199219
Vanilla_DQN,0,84.2933120727539
Vanilla_DQN,0,82.83773040771484
Vanilla_DQN,0,81.3695068359375
Vanilla_DQN,0,81.41722869873047
Vanilla_DQN,0,81.51636505126953
Vanilla_DQN,0,81.06914520263672
Vanilla_DQN,0,78.5470962524414
Vanilla_DQN,0,78.84214782714844
Vanilla_DQN,0,78.40776824951172
Vanilla_DQN,0,78.59066009521484
Vanilla_DQN,0,80.8408203125
Vanilla_DQN,0,80.81942749023438
Vanilla_DQN,0,80.92447662353516
Vanilla_DQN,0,80.73847961425781
Vanilla_DQN,0,80.45706939697266
Vanilla_DQN,0,80.45528411865234
Vanilla_DQN,0,80.53971862792969
Vanilla_DQN,0,80.25995635986328
Vanilla_DQN,0,79.8707046508789
Vanilla_DQN,0,79.93670654296875
Vanilla_DQN,0,79.8758773803711
Vanilla_DQN,0,79.79607391357422
Vanilla_DQN,0,82.10433959960938
Vanilla_DQN,0,81.70790100097656
Vanilla_DQN,0,82.3415298461914
Vanilla_DQN,0,81.83060455322266
Vanilla_DQN,0,80.80860137939453
Vanilla_DQN,0,80.55329132080078
Vanilla_DQN,0,80.87041473388672
Vanilla_DQN,0,80.6895980834961
Vanilla_DQN,0,78.72787475585938
Vanilla_DQN,0,78.77857971191406
Vanilla_DQN,0,78.4555435180664
Vanilla_DQN,0,79.04755401611328
Vanilla_DQN,0,81.6979751586914
Vanilla_DQN,0,81.4853744506836
Vanilla_DQN,0,82.15599060058594
Vanilla_DQN,0,81.14672088623047
Vanilla_DQN,0,79.82135772705078
Vanilla_DQN,0,79.83164978027344
Vanilla_DQN,0,79.84542083740234
Vanilla_DQN,0,79.79705810546875
Vanilla_DQN,0,77.9084243774414
Vanilla_DQN,0,78.09270477294922
Vanilla_DQN,0,77.70824432373047
Vanilla_DQN,0,78.2413330078125
Vanilla_DQN,0,80.27520751953125
Vanilla_DQN,0,80.46906280517578
Vanilla_DQN,0,80.75154876708984
Vanilla_DQN,0,79.64139556884766
Vanilla_DQN,0,79.48587799072266
Vanilla_DQN,0,79.77867889404297
Vanilla_DQN,0,79.84886932373047
Vanilla_DQN,0,79.03458404541016
Vanilla_DQN,0,79.12825012207031
Vanilla_DQN,0,79.54646301269531
Vanilla_DQN,0,79.52546691894531
Vanilla_DQN,0,78.6858139038086
Vanilla_DQN,0,78.0328140258789
Vanilla_DQN,0,78.77385711669922
Vanilla_DQN,0,79.58110809326172
Vanilla_DQN,0,76.29167175292969
Vanilla_DQN,0,78.49048614501953
Vanilla_DQN,0,79.14385986328125
Vanilla_DQN,0,79.91738891601562
Vanilla_DQN,0,76.7209701538086
Vanilla_DQN,0,77.43382263183594
Vanilla_DQN,0,78.03793334960938
Vanilla_DQN,0,78.07029724121094
Vanilla_DQN,0,76.3790512084961
Vanilla_DQN,0,75.94145965576172
Vanilla_DQN,0,76.65689086914062
Vanilla_DQN,0,76.0633544921875
Vanilla_DQN,0,75.47832489013672
Vanilla_DQN,0,78.50810241699219
Vanilla_DQN,0,79.15587615966797
Vanilla_DQN,0,79.05451965332031
Vanilla_DQN,0,77.74832916259766
Vanilla_DQN,0,81.56109619140625
Vanilla_DQN,0,82.050537109375
Vanilla_DQN,0,82.59249114990234
Vanilla_DQN,0,80.58956909179688
Vanilla_DQN,0,78.92491912841797
Vanilla_DQN,0,79.50161743164062
Vanilla_DQN,0,79.2997817993164
Vanilla_DQN,0,78.53631591796875
Vanilla_DQN,0,82.79570770263672
Vanilla_DQN,0,83.01615142822266
Vanilla_DQN,0,83.75184631347656
Vanilla_DQN,0,82.29566192626953
Vanilla_DQN,0,81.80335235595703
Vanilla_DQN,0,81.95352935791016
Vanilla_DQN,0,82.65512084960938
Vanilla_DQN,0,81.20795440673828
Vanilla_DQN,0,80.10706329345703
Vanilla_DQN,0,80.45289611816406
Vanilla_DQN,0,80.73271942138672
Vanilla_DQN,0,79.68656158447266
Vanilla_DQN,0,79.49137878417969
Vanilla_DQN,0,79.950927734375
Vanilla_DQN,0,80.02428436279297
Vanilla_DQN,0,79.19740295410156
Vanilla_DQN,0,77.82151794433594
Vanilla_DQN,0,78.44061279296875
Vanilla_DQN,0,78.18663787841797
Vanilla_DQN,0,77.5483169555664
Vanilla_DQN,0,82.11286926269531
Vanilla_DQN,0,82.21244049072266
Vanilla_DQN,0,83.00474548339844
Vanilla_DQN,0,81.8094253540039
Vanilla_DQN,0,81.43791961669922
Vanilla_DQN,0,81.46745300292969
Vanilla_DQN,0,82.41885375976562
Vanilla_DQN,0,80.84899139404297
Vanilla_DQN,0,78.05009460449219
Vanilla_DQN,0,78.24989318847656
Vanilla_DQN,0,78.78594207763672
Vanilla_DQN,0,77.39427185058594
Vanilla_DQN,0,73.97074890136719
Vanilla_DQN,0,74.45491790771484
Vanilla_DQN,0,74.22266387939453
Vanilla_DQN,0,73.30707550048828
Vanilla_DQN,0,78.13729095458984
Vanilla_DQN,0,77.97769165039062
Vanilla_DQN,0,78.9621353149414
Vanilla_DQN,0,77.67102813720703
Vanilla_DQN,0,75.67636108398438
Vanilla_DQN,0,75.54736328125
Vanilla_DQN,0,76.1876449584961
Vanilla_DQN,0,75.10050201416016
Vanilla_DQN,0,73.60572052001953
Vanilla_DQN,0,73.52102661132812
Vanilla_DQN,0,73.838623046875
Vanilla_DQN,0,72.84444427490234
Vanilla_DQN,0,69.27147674560547
Vanilla_DQN,0,69.51707458496094
Vanilla_DQN,0,68.90811157226562
Vanilla_DQN,0,68.27799987792969
Vanilla_DQN,0,73.14171600341797
Vanilla_DQN,0,72.81771850585938
Vanilla_DQN,0,73.02229309082031
Vanilla_DQN,0,72.86268615722656
Vanilla_DQN,0,76.47982788085938
Vanilla_DQN,0,75.88351440429688
Vanilla_DQN,0,76.7400131225586
Vanilla_DQN,0,76.21065521240234
Vanilla_DQN,0,74.17034149169922
Vanilla_DQN,0,73.75863647460938
Vanilla_DQN,0,74.14544677734375
Vanilla_DQN,0,73.89264678955078
Vanilla_DQN,0,77.70350646972656
Vanilla_DQN,0,77.06678771972656
Vanilla_DQN,0,78.10559844970703
Vanilla_DQN,0,77.37468719482422
Vanilla_DQN,0,77.06659698486328
Vanilla_DQN,0,76.52173614501953
Vanilla_DQN,0,77.43208312988281
Vanilla_DQN,0,76.56937408447266
Vanilla_DQN,0,74.92819213867188
Vanilla_DQN,0,74.53302001953125
Vanilla_DQN,0,74.97303009033203
Vanilla_DQN,0,74.37435913085938
Vanilla_DQN,0,71.5422592163086
Vanilla_DQN,0,71.30541229248047
Vanilla_DQN,0,71.04850769042969
Vanilla_DQN,0,70.8455810546875
Vanilla_DQN,0,74.71051788330078
Vanilla_DQN,0,74.36164855957031
Vanilla_DQN,0,74.64588165283203
Vanilla_DQN,0,74.2018814086914
Vanilla_DQN,0,77.73542022705078
Vanilla_DQN,0,77.22810363769531
Vanilla_DQN,0,78.15116119384766
Vanilla_DQN,0,77.06066131591797
Vanilla_DQN,0,77.10433197021484
Vanilla_DQN,0,76.66363525390625
Vanilla_DQN,0,77.35871887207031
Vanilla_DQN,0,76.48615264892578
Vanilla_DQN,0,73.22732543945312
Vanilla_DQN,0,72.98063659667969
Vanilla_DQN,0,72.93041229248047
Vanilla_DQN,0,72.59982299804688
Vanilla_DQN,0,76.86029815673828
Vanilla_DQN,0,76.49518585205078
Vanilla_DQN,0,76.97298431396484
Vanilla_DQN,0,76.25615692138672
Vanilla_DQN,0,77.15837860107422
Vanilla_DQN,0,76.8384780883789
Vanilla_DQN,0,77.29993438720703
Vanilla_DQN,0,76.65234375
Vanilla_DQN,0,75.04541778564453
Vanilla_DQN,0,74.78871154785156
Vanilla_DQN,0,74.66104888916016
Vanilla_DQN,0,74.47396087646484
Vanilla_DQN,0,77.81575775146484
Vanilla_DQN,0,77.57801818847656
Vanilla_DQN,0,77.86772918701172
Vanilla_DQN,0,77.28052520751953
Vanilla_DQN,0,79.02722930908203
Vanilla_DQN,0,78.8182373046875
Vanilla_DQN,0,79.0965347290039
Vanilla_DQN,0,78.52179718017578
Vanilla_DQN,0,77.40735626220703
Vanilla_DQN,0,77.2509536743164
Vanilla_DQN,0,76.9933853149414
Vanilla_DQN,0,77.0046615600586
Vanilla_DQN,0,80.10478973388672
Vanilla_DQN,0,79.94996643066406
Vanilla_DQN,0,80.12244415283203
Vanilla_DQN,0,79.69818878173828
Vanilla_DQN,0,80.09064483642578
Vanilla_DQN,0,79.98778533935547
Vanilla_DQN,0,79.98200225830078
Vanilla_DQN,0,79.81959533691406
Vanilla_DQN,0,82.79638671875
Vanilla_DQN,0,82.64190673828125
Vanilla_DQN,0,83.10306549072266
Vanilla_DQN,0,82.03302764892578
Vanilla_DQN,0,79.58434295654297
Vanilla_DQN,0,79.45573425292969
Vanilla_DQN,0,79.35308074951172
Vanilla_DQN,0,79.19923400878906
Vanilla_DQN,0,82.79267120361328
Vanilla_DQN,0,82.64232635498047
Vanilla_DQN,0,83.04955291748047
Vanilla_DQN,0,82.10169982910156
Vanilla_DQN,0,82.96255493164062
Vanilla_DQN,0,82.8150634765625
Vanilla_DQN,0,83.22856903076172
Vanilla_DQN,0,82.2107162475586
Vanilla_DQN,0,81.36785125732422
Vanilla_DQN,0,81.2808837890625
Vanilla_DQN,0,81.16046905517578
Vanilla_DQN,0,81.12520599365234
Vanilla_DQN,0,83.99088287353516
Vanilla_DQN,0,83.91983795166016
Vanilla_DQN,0,84.28701782226562
Vanilla_DQN,0,83.4499740600586
Vanilla_DQN,0,81.46434020996094
Vanilla_DQN,0,81.37316131591797
Vanilla_DQN,0,81.24687957763672
Vanilla_DQN,0,81.2806167602539
Vanilla_DQN,0,84.19163513183594
Vanilla_DQN,0,84.14302825927734
Vanilla_DQN,0,84.49805450439453
Vanilla_DQN,0,83.8349609375
Vanilla_DQN,0,84.30944061279297
Vanilla_DQN,0,84.24075317382812
Vanilla_DQN,0,84.66747283935547
Vanilla_DQN,0,83.69621276855469
Vanilla_DQN,0,82.53917694091797
Vanilla_DQN,0,82.44107055664062
Vanilla_DQN,0,82.56291961669922
Vanilla_DQN,0,82.02440643310547
Vanilla_DQN,0,78.39307403564453
Vanilla_DQN,0,78.25723266601562
Vanilla_DQN,0,77.65401458740234
Vanilla_DQN,0,77.66454315185547
Vanilla_DQN,0,68.00690460205078
Vanilla_DQN,0,62.59051513671875
Vanilla_DQN,0,68.7181167602539
Vanilla_DQN,0,65.0152816772461
Vanilla_DQN,0,65.64252471923828
Vanilla_DQN,0,59.81214904785156
Vanilla_DQN,0,66.91060638427734
Vanilla_DQN,0,62.57948684692383
Vanilla_DQN,0,60.48382568359375
Vanilla_DQN,0,54.74674606323242
Vanilla_DQN,0,61.972259521484375
Vanilla_DQN,0,57.51713180541992
Vanilla_DQN,0,69.57524871826172
Vanilla_DQN,0,67.77206420898438
Vanilla_DQN,0,67.7201919555664
Vanilla_DQN,0,67.07368469238281
Vanilla_DQN,0,65.85746765136719
Vanilla_DQN,0,64.06849670410156
Vanilla_DQN,0,51.44599914550781
Vanilla_DQN,0,61.521148681640625
Vanilla_DQN,0,64.93441009521484
Vanilla_DQN,0,65.02355194091797
Vanilla_DQN,0,57.44888687133789
Vanilla_DQN,0,59.05984115600586
Vanilla_DQN,0,65.18119049072266
Vanilla_DQN,0,64.94062042236328
Vanilla_DQN,0,60.225807189941406
Vanilla_DQN,0,61.37910461425781
Vanilla_DQN,0,65.12966918945312
Vanilla_DQN,0,64.37859344482422
Vanilla_DQN,0,60.435890197753906
Vanilla_DQN,0,62.043487548828125
Vanilla_DQN,0,63.7713508605957
Vanilla_DQN,0,62.980323791503906
Vanilla_DQN,0,59.933773040771484
Vanilla_DQN,0,61.07210159301758
Vanilla_DQN,0,62.925838470458984
Vanilla_DQN,0,62.098045349121094
Vanilla_DQN,0,59.61504364013672
Vanilla_DQN,0,60.477500915527344
Vanilla_DQN,0,62.72014236450195
Vanilla_DQN,0,61.74051284790039
Vanilla_DQN,0,59.676475524902344
Vanilla_DQN,0,60.417320251464844
Vanilla_DQN,0,62.72530746459961
Vanilla_DQN,0,61.80112838745117
Vanilla_DQN,0,59.910518646240234
Vanilla_DQN,0,60.26728820800781
Vanilla_DQN,0,63.86238479614258
Vanilla_DQN,0,63.09867477416992
Vanilla_DQN,0,60.364540100097656
Vanilla_DQN,0,60.73048782348633
Vanilla_DQN,0,64.74102020263672
Vanilla_DQN,0,64.0271987915039
Vanilla_DQN,0,60.603057861328125
Vanilla_DQN,0,61.36547088623047
Vanilla_DQN,0,64.7508316040039
Vanilla_DQN,0,64.0389633178711
Vanilla_DQN,0,60.614933013916016
Vanilla_DQN,0,61.36953353881836
Vanilla_DQN,0,64.75577545166016
Vanilla_DQN,0,64.04092407226562
Vanilla_DQN,0,60.61150360107422
Vanilla_DQN,0,61.37114715576172
Vanilla_DQN,0,64.75638580322266
Vanilla_DQN,0,64.0415267944336
Vanilla_DQN,0,60.6119270324707
Vanilla_DQN,0,61.37139129638672
Vanilla_DQN,0,64.75493621826172
Vanilla_DQN,0,64.03998565673828
Vanilla_DQN,0,60.610633850097656
Vanilla_DQN,0,61.37080383300781
Vanilla_DQN,0,64.75379943847656
Vanilla_DQN,0,64.03875732421875
Vanilla_DQN,0,60.609588623046875
Vanilla_DQN,0,61.37034225463867
Vanilla_DQN,0,64.75353240966797
Vanilla_DQN,0,64.0384750366211
Vanilla_DQN,0,60.609344482421875
Vanilla_DQN,0,61.3702392578125
Vanilla_DQN,0,64.75373077392578
Vanilla_DQN,0,64.03868865966797
Vanilla_DQN,0,60.60953140258789
Vanilla_DQN,0,61.37031555175781
Vanilla_DQN,0,64.75394439697266
Vanilla_DQN,0,64.03890991210938
Vanilla_DQN,0,60.60972595214844
Vanilla_DQN,0,61.370399475097656
Vanilla_DQN,0,64.75402069091797
Vanilla_DQN,0,64.03898620605469
Vanilla_DQN,0,60.60978698730469
Vanilla_DQN,0,61.37042999267578
Vanilla_DQN,0,64.75399780273438
Vanilla_DQN,0,64.03897094726562
Vanilla_DQN,0,60.60977554321289
Vanilla_DQN,0,61.370426177978516
Vanilla_DQN,0,64.75395965576172
Vanilla_DQN,0,64.03893280029297
Vanilla_DQN,0,60.60973358154297
Vanilla_DQN,0,61.37041091918945
Vanilla_DQN,0,64.75394439697266
Vanilla_DQN,0,64.03890991210938
Vanilla_DQN,0,60.60972595214844
Vanilla_DQN,0,61.37040328979492
Vanilla_DQN,0,64.75394439697266
Vanilla_DQN,0,64.03890991210938
Vanilla_DQN,0,60.60972595214844
Vanilla_DQN,0,61.370399475097656
Vanilla_DQN,0,64.75394439697266
Vanilla_DQN,0,64.03890991210938
Vanilla_DQN,0,60.6097297668457
Vanilla_DQN,0,61.37040328979492
Vanilla_DQN,0,64.75395965576172
Vanilla_DQN,0,64.03892517089844
Vanilla_DQN,0,60.60973358154297
Vanilla_DQN,0,61.37041473388672
Vanilla_DQN,0,64.75395965576172
Vanilla_DQN,0,64.03892517089844
Vanilla_DQN,0,60.60973358154297
Vanilla_DQN,0,61.37040710449219
Vanilla_DQN,0,64.75395965576172
Vanilla_DQN,0,64.03893280029297
Vanilla_DQN,0,60.6097297668457
Vanilla_DQN,0,61.37040710449219
Vanilla_DQN,0,64.75395965576172
Vanilla_DQN,0,64.03892517089844
Vanilla_DQN,0,60.6097297668457
Vanilla_DQN,0,61.37041091918945
Vanilla_DQN,0,64.75395965576172
Vanilla_DQN,0,64.03893280029297
Vanilla_DQN,0,60.6097297668457
Vanilla_DQN,0,61.37041091918945
Vanilla_DQN,0,64.75395965576172
Vanilla_DQN,0,64.03892517089844
Vanilla_DQN,0,60.6097297668457
Vanilla_DQN,0,61.37041473388672
Vanilla_DQN,0,64.75395202636719
Vanilla_DQN,0,64.0389175415039
Vanilla_DQN,0,60.6097297668457
Vanilla_DQN,0,61.37040328979492
Vanilla_DQN,0,64.75394439697266
Vanilla_DQN,0,64.0389175415039
Vanilla_DQN,0,60.60972595214844
Vanilla_DQN,0,61.37040710449219
Vanilla_DQN,0,64.75395202636719
Vanilla_DQN,0,64.03892517089844
Vanilla_DQN,0,60.6097297668457
Vanilla_DQN,0,61.37041473388672
Vanilla_DQN,0,107.63497161865234
Vanilla_DQN,0,109.33345794677734
Vanilla_DQN,0,107.99779510498047
Vanilla_DQN,0,107.27603912353516
Vanilla_DQN,0,108.09407806396484
Vanilla_DQN,0,109.5447998046875
Vanilla_DQN,0,108.5795669555664
Vanilla_DQN,0,107.89244842529297
Vanilla_DQN,0,109.21285247802734
Vanilla_DQN,0,110.43252563476562
Vanilla_DQN,0,109.75666046142578
Vanilla_DQN,0,109.1290054321289
Vanilla_DQN,0,109.90027618408203
Vanilla_DQN,0,110.80290985107422
Vanilla_DQN,0,110.38225555419922
Vanilla_DQN,0,109.96744537353516
Vanilla_DQN,0,110.20787048339844
Vanilla_DQN,0,110.863525390625
Vanilla_DQN,0,110.6495590209961
Vanilla_DQN,0,110.42916107177734
Vanilla_DQN,0,110.1601333618164
Vanilla_DQN,0,110.48966979980469
Vanilla_DQN,0,110.57335662841797
Vanilla_DQN,0,110.55310821533203
Vanilla_DQN,0,104.54325103759766
Vanilla_DQN,0,104.61503601074219
Vanilla_DQN,0,104.83741760253906
Vanilla_DQN,0,104.9103012084961
Vanilla_DQN,0,106.2879409790039
Vanilla_DQN,0,106.95330810546875
Vanilla_DQN,0,106.63680267333984
Vanilla_DQN,0,106.44010162353516
Vanilla_DQN,0,106.27104187011719
Vanilla_DQN,0,106.60022735595703
Vanilla_DQN,0,106.59636688232422
Vanilla_DQN,0,106.59580993652344
Vanilla_DQN,0,107.62029266357422
Vanilla_DQN,0,107.67230224609375
Vanilla_DQN,0,107.89301300048828
Vanilla_DQN,0,108.130615234375
Vanilla_DQN,0,109.45246124267578
Vanilla_DQN,0,110.00343322753906
Vanilla_DQN,0,109.9822006225586
Vanilla_DQN,0,109.77118682861328
Vanilla_DQN,0,110.77039337158203
Vanilla_DQN,0,111.07906341552734
Vanilla_DQN,0,111.35677337646484
Vanilla_DQN,0,111.25545501708984
Vanilla_DQN,0,107.4118881225586
Vanilla_DQN,0,107.56957244873047
Vanilla_DQN,0,107.86520385742188
Vanilla_DQN,0,107.78429412841797
Vanilla_DQN,0,105.61231231689453
Vanilla_DQN,0,105.69844818115234
Vanilla_DQN,0,106.0184555053711
Vanilla_DQN,0,105.89958953857422
Vanilla_DQN,0,103.87554168701172
Vanilla_DQN,0,103.88324737548828
Vanilla_DQN,0,104.25397491455078
Vanilla_DQN,0,104.09180450439453
Vanilla_DQN,0,101.6842269897461
Vanilla_DQN,0,101.63301086425781
Vanilla_DQN,0,101.95313262939453
Vanilla_DQN,0,101.86653900146484
Vanilla_DQN,0,100.89978790283203
Vanilla_DQN,0,100.83425903320312
Vanilla_DQN,0,101.13627624511719
Vanilla_DQN,0,101.02005767822266
Vanilla_DQN,0,100.74480438232422
Vanilla_DQN,0,100.65860748291016
Vanilla_DQN,0,100.99439239501953
Vanilla_DQN,0,100.76605224609375
Vanilla_DQN,0,98.90131378173828
Vanilla_DQN,0,98.7896499633789
Vanilla_DQN,0,99.07654571533203
Vanilla_DQN,0,98.81117248535156
Vanilla_DQN,0,96.96119689941406
Vanilla_DQN,0,96.90434265136719
Vanilla_DQN,0,97.1157455444336
Vanilla_DQN,0,96.7406005859375
Vanilla_DQN,0,96.54664611816406
Vanilla_DQN,0,96.53904724121094
Vanilla_DQN,0,96.72437286376953
Vanilla_DQN,0,96.28981018066406
Vanilla_DQN,0,94.92094421386719
Vanilla_DQN,0,94.89393615722656
Vanilla_DQN,0,95.01105499267578
Vanilla_DQN,0,94.61557006835938
Vanilla_DQN,0,94.95301055908203
Vanilla_DQN,0,94.98551177978516
Vanilla_DQN,0,95.08131408691406
Vanilla_DQN,0,94.64253234863281
Vanilla_DQN,0,94.08748626708984
Vanilla_DQN,0,94.1630630493164
Vanilla_DQN,0,94.18888092041016
Vanilla_DQN,0,93.76554107666016
Vanilla_DQN,0,93.90705108642578
Vanilla_DQN,0,93.98451232910156
Vanilla_DQN,0,94.02040100097656
Vanilla_DQN,0,93.56358337402344
Vanilla_DQN,0,92.97032928466797
Vanilla_DQN,0,93.04029846191406
Vanilla_DQN,0,93.04188537597656
Vanilla_DQN,0,92.59972381591797
Vanilla_DQN,0,92.06954193115234
Vanilla_DQN,0,92.10418701171875
Vanilla_DQN,0,92.09589385986328
Vanilla_DQN,0,91.6640625
Vanilla_DQN,0,93.81295013427734
Vanilla_DQN,0,93.63893127441406
Vanilla_DQN,0,93.9034194946289
Vanilla_DQN,0,93.64461517333984
Vanilla_DQN,0,91.81372833251953
Vanilla_DQN,0,91.67050170898438
Vanilla_DQN,0,91.828125
Vanilla_DQN,0,91.4310531616211
Vanilla_DQN,0,90.51122283935547
Vanilla_DQN,0,90.39323425292969
Vanilla_DQN,0,90.51939392089844
Vanilla_DQN,0,89.91056060791016
Vanilla_DQN,0,89.62788391113281
Vanilla_DQN,0,89.51924896240234
Vanilla_DQN,0,89.61834716796875
Vanilla_DQN,0,89.04664611816406
Vanilla_DQN,0,92.36052703857422
Vanilla_DQN,0,92.26537322998047
Vanilla_DQN,0,92.534912109375
Vanilla_DQN,0,91.7528305053711
Vanilla_DQN,0,89.84772491455078
Vanilla_DQN,0,89.7577896118164
Vanilla_DQN,0,89.92811584472656
Vanilla_DQN,0,89.2780532836914
Vanilla_DQN,0,88.28682708740234
Vanilla_DQN,0,88.19593811035156
Vanilla_DQN,0,88.38054656982422
Vanilla_DQN,0,87.8590087890625
Vanilla_DQN,0,87.42263793945312
Vanilla_DQN,0,87.31248474121094
Vanilla_DQN,0,87.55828094482422
Vanilla_DQN,0,87.07625579833984
Vanilla_DQN,0,87.0753173828125
Vanilla_DQN,0,86.94931030273438
Vanilla_DQN,0,87.26209259033203
Vanilla_DQN,0,86.78377532958984
Vanilla_DQN,0,85.70761108398438
Vanilla_DQN,0,85.52743530273438
Vanilla_DQN,0,86.1249771118164
Vanilla_DQN,0,85.7720718383789
Vanilla_DQN,0,86.78119659423828
Vanilla_DQN,0,86.60746765136719
Vanilla_DQN,0,87.3469009399414
Vanilla_DQN,0,86.93683624267578
Vanilla_DQN,0,85.02078247070312
Vanilla_DQN,0,84.78392028808594
Vanilla_DQN,0,85.83434295654297
Vanilla_DQN,0,85.66722106933594
Vanilla_DQN,0,86.74980163574219
Vanilla_DQN,0,86.52290344238281
Vanilla_DQN,0,87.71373748779297
Vanilla_DQN,0,87.4574203491211
Vanilla_DQN,0,85.6318588256836
Vanilla_DQN,0,85.40231323242188
Vanilla_DQN,0,86.73487091064453
Vanilla_DQN,0,86.78702545166016
Vanilla_DQN,0,88.82339477539062
Vanilla_DQN,0,88.8046875
Vanilla_DQN,0,90.01484680175781
Vanilla_DQN,0,89.50460815429688
Vanilla_DQN,0,87.40445709228516
Vanilla_DQN,0,87.29359436035156
Vanilla_DQN,0,88.7549819946289
Vanilla_DQN,0,88.5127944946289
Vanilla_DQN,0,86.2181625366211
Vanilla_DQN,0,85.98971557617188
Vanilla_DQN,0,87.72378540039062
Vanilla_DQN,0,87.49093627929688
Vanilla_DQN,0,85.66242980957031
Vanilla_DQN,0,85.34326171875
Vanilla_DQN,0,87.23235321044922
Vanilla_DQN,0,87.26664733886719
Vanilla_DQN,0,87.45092010498047
Vanilla_DQN,0,87.31172180175781
Vanilla_DQN,0,89.0594711303711
Vanilla_DQN,0,88.51787567138672
Vanilla_DQN,0,87.65068054199219
Vanilla_DQN,0,87.40409851074219
Vanilla_DQN,0,89.35873413085938
Vanilla_DQN,0,88.95613098144531
Vanilla_DQN,0,88.78719329833984
Vanilla_DQN,0,88.41619873046875
Vanilla_DQN,0,90.6706314086914
Vanilla_DQN,0,90.1716079711914
Vanilla_DQN,0,86.4958267211914
Vanilla_DQN,0,86.00489807128906
Vanilla_DQN,0,88.42095947265625
Vanilla_DQN,0,88.00627136230469
Vanilla_DQN,0,83.77877807617188
Vanilla_DQN,0,83.18063354492188
Vanilla_DQN,0,85.67424774169922
Vanilla_DQN,0,85.43932342529297
Vanilla_DQN,0,81.99463653564453
Vanilla_DQN,0,81.31513977050781
Vanilla_DQN,0,83.84777069091797
Vanilla_DQN,0,83.85694122314453
Vanilla_DQN,0,83.45101165771484
Vanilla_DQN,0,82.9296875
Vanilla_DQN,0,85.36454010009766
Vanilla_DQN,0,84.9346923828125
Vanilla_DQN,0,79.76346588134766
Vanilla_DQN,0,79.26516723632812
Vanilla_DQN,0,81.56092071533203
Vanilla_DQN,0,81.3504867553711
Vanilla_DQN,0,78.5123062133789
Vanilla_DQN,0,77.99600219726562
Vanilla_DQN,0,80.3343734741211
Vanilla_DQN,0,80.17674255371094
Vanilla_DQN,0,74.92092895507812
Vanilla_DQN,0,74.45897674560547
Vanilla_DQN,0,76.6246337890625
Vanilla_DQN,0,76.65160369873047
Vanilla_DQN,0,76.58378601074219
Vanilla_DQN,0,76.24801635742188
Vanilla_DQN,0,78.28668212890625
Vanilla_DQN,0,78.11323547363281
Vanilla_DQN,0,72.4646987915039
Vanilla_DQN,0,72.16893005371094
Vanilla_DQN,0,73.99651336669922
Vanilla_DQN,0,73.97691345214844
Vanilla_DQN,0,71.20877838134766
Vanilla_DQN,0,70.85659790039062
Vanilla_DQN,0,72.7995376586914
Vanilla_DQN,0,72.68177032470703
Vanilla_DQN,0,68.17192840576172
Vanilla_DQN,0,67.74839782714844
Vanilla_DQN,0,69.83026885986328
Vanilla_DQN,0,69.6798095703125
Vanilla_DQN,0,65.8633804321289
Vanilla_DQN,0,65.48233795166016
Vanilla_DQN,0,67.4497299194336
Vanilla_DQN,0,67.21208953857422
Vanilla_DQN,0,65.20673370361328
Vanilla_DQN,0,64.79686737060547
Vanilla_DQN,0,66.71653747558594
Vanilla_DQN,0,66.58470916748047
Vanilla_DQN,0,64.16960906982422
Vanilla_DQN,0,63.73696517944336
Vanilla_DQN,0,65.54540252685547
Vanilla_DQN,0,65.61788940429688
Vanilla_DQN,0,65.28297424316406
Vanilla_DQN,0,64.93534851074219
Vanilla_DQN,0,66.67919158935547
Vanilla_DQN,0,66.78551483154297
Vanilla_DQN,0,67.25373840332031
Vanilla_DQN,0,67.0024642944336
Vanilla_DQN,0,68.5497817993164
Vanilla_DQN,0,68.81663513183594
Vanilla_DQN,0,69.69783782958984
Vanilla_DQN,0,69.51665496826172
Vanilla_DQN,0,70.8277816772461
Vanilla_DQN,0,71.33287048339844
Vanilla_DQN,0,73.20684051513672
Vanilla_DQN,0,73.31524658203125
Vanilla_DQN,0,74.16845703125
Vanilla_DQN,0,74.80384063720703
Vanilla_DQN,0,76.47183990478516
Vanilla_DQN,0,76.90178680419922
Vanilla_DQN,0,77.19676971435547
Vanilla_DQN,0,77.9816665649414
Vanilla_DQN,0,78.50470733642578
Vanilla_DQN,0,79.28153991699219
Vanilla_DQN,0,78.89783477783203
Vanilla_DQN,0,79.71062469482422
Vanilla_DQN,0,79.42659759521484
Vanilla_DQN,0,80.46446228027344
Vanilla_DQN,0,79.73200225830078
Vanilla_DQN,0,80.42130279541016
Vanilla_DQN,0,80.91510772705078
Vanilla_DQN,0,81.74559020996094
Vanilla_DQN,0,81.15733337402344
Vanilla_DQN,0,82.01846313476562
Vanilla_DQN,0,81.70153045654297
Vanilla_DQN,0,82.7566909790039
Vanilla_DQN,0,81.88007354736328
Vanilla_DQN,0,82.5861587524414
Vanilla_DQN,0,82.94065856933594
Vanilla_DQN,0,83.7917709350586
Vanilla_DQN,0,83.01534271240234
Vanilla_DQN,0,83.96112823486328
Vanilla_DQN,0,83.28490447998047
Vanilla_DQN,0,84.22132110595703
Vanilla_DQN,0,83.3016586303711
Vanilla_DQN,0,84.06375885009766
Vanilla_DQN,0,84.94530487060547
Vanilla_DQN,0,85.68699645996094
Vanilla_DQN,0,84.89574432373047
Vanilla_DQN,0,85.83692932128906
Vanilla_DQN,0,85.55767059326172
Vanilla_DQN,0,86.4330062866211
Vanilla_DQN,0,85.37664031982422
Vanilla_DQN,0,86.00481414794922
Vanilla_DQN,0,87.47090911865234
Vanilla_DQN,0,88.20601654052734
Vanilla_DQN,0,87.1474380493164
Vanilla_DQN,0,87.99836730957031
Vanilla_DQN,0,89.20960235595703
Vanilla_DQN,0,89.76657104492188
Vanilla_DQN,0,88.9422378540039
Vanilla_DQN,0,89.78568267822266
Vanilla_DQN,0,90.95254516601562
Vanilla_DQN,0,91.683837890625
Vanilla_DQN,0,90.37499237060547
Vanilla_DQN,0,91.1072769165039
Vanilla_DQN,0,92.25288391113281
Vanilla_DQN,0,92.80555725097656
Vanilla_DQN,0,91.92618560791016
Vanilla_DQN,0,92.4320297241211
Vanilla_DQN,0,93.8775405883789
Vanilla_DQN,0,94.08844757080078
Vanilla_DQN,0,93.80691528320312
Vanilla_DQN,0,94.27246856689453
Vanilla_DQN,0,95.7113265991211
Vanilla_DQN,0,95.97290802001953
Vanilla_DQN,0,95.8497085571289
Vanilla_DQN,0,95.68939208984375
Vanilla_DQN,0,98.04605865478516
Vanilla_DQN,0,97.8922348022461
Vanilla_DQN,0,98.30936431884766
Vanilla_DQN,0,98.18079376220703
Vanilla_DQN,0,93.07827758789062
Vanilla_DQN,0,93.15060424804688
Vanilla_DQN,0,93.0896224975586
Vanilla_DQN,0,93.42938995361328
Vanilla_DQN,0,94.94873809814453
Vanilla_DQN,0,94.83555603027344
Vanilla_DQN,0,95.24906158447266
Vanilla_DQN,0,95.03275299072266
Vanilla_DQN,0,93.88848114013672
Vanilla_DQN,0,93.72392272949219
Vanilla_DQN,0,94.17955780029297
Vanilla_DQN,0,94.03583526611328
Vanilla_DQN,0,90.0779800415039
Vanilla_DQN,0,89.96405029296875
Vanilla_DQN,0,90.32598876953125
Vanilla_DQN,0,90.45287322998047
Vanilla_DQN,0,91.00684356689453
Vanilla_DQN,0,90.63319396972656
Vanilla_DQN,0,91.62712860107422
Vanilla_DQN,0,91.1267318725586
Vanilla_DQN,0,87.4503402709961
Vanilla_DQN,0,87.14700317382812
Vanilla_DQN,0,87.97483825683594
Vanilla_DQN,0,87.7207260131836
Vanilla_DQN,0,86.66223907470703
Vanilla_DQN,0,86.31633758544922
Vanilla_DQN,0,87.19961547851562
Vanilla_DQN,0,86.98479461669922
Vanilla_DQN,0,84.49169158935547
Vanilla_DQN,0,84.11873626708984
Vanilla_DQN,0,84.97040557861328
Vanilla_DQN,0,84.9991455078125
Vanilla_DQN,0,86.92790985107422
Vanilla_DQN,0,86.26960754394531
Vanilla_DQN,0,87.57671356201172
Vanilla_DQN,0,87.31383514404297
Vanilla_DQN,0,86.88742065429688
Vanilla_DQN,0,86.18519592285156
Vanilla_DQN,0,87.6073226928711
Vanilla_DQN,0,87.25909423828125
Vanilla_DQN,0,82.31363677978516
Vanilla_DQN,0,81.87293243408203
Vanilla_DQN,0,82.87120819091797
Vanilla_DQN,0,82.8692398071289
Vanilla_DQN,0,80.91234588623047
Vanilla_DQN,0,80.41204833984375
Vanilla_DQN,0,81.45516204833984
Vanilla_DQN,0,81.55715942382812
Vanilla_DQN,0,82.60952758789062
Vanilla_DQN,0,82.11359405517578
Vanilla_DQN,0,83.2288589477539
Vanilla_DQN,0,82.75511932373047
Vanilla_DQN,0,79.94556427001953
Vanilla_DQN,0,79.57438659667969
Vanilla_DQN,0,80.51604461669922
Vanilla_DQN,0,80.20030975341797
Vanilla_DQN,0,75.37699890136719
Vanilla_DQN,0,75.14714050292969
Vanilla_DQN,0,75.80562591552734
Vanilla_DQN,0,75.84569549560547
Vanilla_DQN,0,76.69705200195312
Vanilla_DQN,0,76.66710662841797
Vanilla_DQN,0,77.14095306396484
Vanilla_DQN,0,76.45486450195312
Vanilla_DQN,0,75.92848205566406
Vanilla_DQN,0,76.09478759765625
Vanilla_DQN,0,76.33309173583984
Vanilla_DQN,0,75.6301040649414
Vanilla_DQN,0,75.3980484008789
Vanilla_DQN,0,75.79400634765625
Vanilla_DQN,0,75.7756576538086
Vanilla_DQN,0,75.01207733154297
Vanilla_DQN,0,78.93453216552734
Vanilla_DQN,0,79.12718200683594
Vanilla_DQN,0,79.2636489868164
Vanilla_DQN,0,78.50804901123047
Vanilla_DQN,0,74.94003295898438
Vanilla_DQN,0,75.66241455078125
Vanilla_DQN,0,75.1646957397461
Vanilla_DQN,0,75.01200103759766
Vanilla_DQN,0,78.27616119384766
Vanilla_DQN,0,78.80549621582031
Vanilla_DQN,0,78.43904876708984
Vanilla_DQN,0,78.28227996826172
Vanilla_DQN,0,81.60950469970703
Vanilla_DQN,0,81.8139877319336
Vanilla_DQN,0,81.75421905517578
Vanilla_DQN,0,81.7011947631836
Vanilla_DQN,0,84.70716094970703
Vanilla_DQN,0,84.57173156738281
Vanilla_DQN,0,84.9392318725586
Vanilla_DQN,0,84.89646911621094
Vanilla_DQN,0,81.43435668945312
Vanilla_DQN,0,81.5064926147461
Vanilla_DQN,0,81.4863052368164
Vanilla_DQN,0,82.00211334228516
Vanilla_DQN,0,83.13819122314453
Vanilla_DQN,0,83.23591613769531
Vanilla_DQN,0,83.39405059814453
Vanilla_DQN,0,82.79987335205078
Vanilla_DQN,0,80.92780303955078
Vanilla_DQN,0,81.18987274169922
Vanilla_DQN,0,81.00801849365234
Vanilla_DQN,0,80.86153411865234
Vanilla_DQN,0,78.6895523071289
Vanilla_DQN,0,79.21406555175781
Vanilla_DQN,0,78.63619232177734
Vanilla_DQN,0,78.94666290283203
Vanilla_DQN,0,81.2906723022461
Vanilla_DQN,0,81.45449829101562
Vanilla_DQN,0,81.30985260009766
Vanilla_DQN,0,81.41242980957031
Vanilla_DQN,0,83.0174789428711
Vanilla_DQN,0,82.71968841552734
Vanilla_DQN,0,83.2684555053711
Vanilla_DQN,0,82.88811492919922
Vanilla_DQN,0,82.44327545166016
Vanilla_DQN,0,82.20682525634766
Vanilla_DQN,0,82.56008911132812
Vanilla_DQN,0,82.40068054199219
Vanilla_DQN,0,80.6610336303711
Vanilla_DQN,0,80.74024963378906
Vanilla_DQN,0,80.5756607055664
Vanilla_DQN,0,80.91569519042969
Vanilla_DQN,0,82.32525634765625
Vanilla_DQN,0,82.30400848388672
Vanilla_DQN,0,82.77659606933594
Vanilla_DQN,0,81.42536163330078
Vanilla_DQN,0,80.39856719970703
Vanilla_DQN,0,80.57733917236328
Vanilla_DQN,0,80.422119140625
Vanilla_DQN,0,80.0580062866211
Vanilla_DQN,0,82.4657211303711
Vanilla_DQN,0,82.2760238647461
Vanilla_DQN,0,82.8509292602539
Vanilla_DQN,0,81.8876724243164
Vanilla_DQN,0,79.95843505859375
Vanilla_DQN,0,80.09141540527344
Vanilla_DQN,0,79.94564819335938
Vanilla_DQN,0,79.87210845947266
Vanilla_DQN,0,82.4370346069336
Vanilla_DQN,0,82.08097076416016
Vanilla_DQN,0,82.71302032470703
Vanilla_DQN,0,82.11809539794922
Vanilla_DQN,0,81.77518463134766
Vanilla_DQN,0,81.46611022949219
Vanilla_DQN,0,81.98108673095703
Vanilla_DQN,0,81.54461669921875
Vanilla_DQN,0,77.37196350097656
Vanilla_DQN,0,77.55647277832031
Vanilla_DQN,0,77.03791809082031
Vanilla_DQN,0,77.56632232666016
Vanilla_DQN,0,80.91329956054688
Vanilla_DQN,0,80.84527587890625
Vanilla_DQN,0,81.13460540771484
Vanilla_DQN,0,80.50794982910156
Vanilla_DQN,0,78.6371841430664
Vanilla_DQN,0,78.76642608642578
Vanilla_DQN,0,78.57567596435547
Vanilla_DQN,0,78.6006088256836
Vanilla_DQN,0,81.1493911743164
Vanilla_DQN,0,80.9336929321289
Vanilla_DQN,0,81.32910919189453
Vanilla_DQN,0,80.92877960205078
Vanilla_DQN,0,78.89168548583984
Vanilla_DQN,0,78.96141815185547
Vanilla_DQN,0,78.7512435913086
Vanilla_DQN,0,79.05375671386719
Vanilla_DQN,0,81.34503936767578
Vanilla_DQN,0,81.2654037475586
Vanilla_DQN,0,81.92584991455078
Vanilla_DQN,0,80.57361602783203
Vanilla_DQN,0,80.93920135498047
Vanilla_DQN,0,80.9339370727539
Vanilla_DQN,0,81.4110107421875
Vanilla_DQN,0,80.32369232177734
Vanilla_DQN,0,80.48504638671875
Vanilla_DQN,0,80.63676452636719
Vanilla_DQN,0,80.84058380126953
Vanilla_DQN,0,80.15328216552734
Vanilla_DQN,0,80.20677947998047
Vanilla_DQN,0,80.47276306152344
Vanilla_DQN,0,80.57772827148438
Vanilla_DQN,0,79.88252258300781
Vanilla_DQN,0,78.07488250732422
Vanilla_DQN,0,78.39218139648438
Vanilla_DQN,0,78.00237274169922
Vanilla_DQN,0,78.35407257080078
Vanilla_DQN,0,80.76530456542969
Vanilla_DQN,0,80.87921142578125
Vanilla_DQN,0,80.91837310791016
Vanilla_DQN,0,80.9739761352539
Vanilla_DQN,0,81.52601623535156
Vanilla_DQN,0,81.70014190673828
Vanilla_DQN,0,82.54784393310547
Vanilla_DQN,0,80.25062561035156
Vanilla_DQN,0,80.04061126708984
Vanilla_DQN,0,80.4482192993164
Vanilla_DQN,0,80.57451629638672
Vanilla_DQN,0,79.4686050415039
Vanilla_DQN,0,76.621337890625
Vanilla_DQN,0,77.17744445800781
Vanilla_DQN,0,76.57015991210938
Vanilla_DQN,0,76.66039276123047
Vanilla_DQN,0,79.28191375732422
Vanilla_DQN,0,79.59080505371094
Vanilla_DQN,0,79.4794692993164
Vanilla_DQN,0,79.17486572265625
Vanilla_DQN,0,82.97534942626953
Vanilla_DQN,0,82.61087036132812
Vanilla_DQN,0,83.66114044189453
Vanilla_DQN,0,82.80480194091797
Vanilla_DQN,0,78.64571380615234
Vanilla_DQN,0,78.7242431640625
Vanilla_DQN,0,78.87132263183594
Vanilla_DQN,0,78.63544464111328
Vanilla_DQN,0,77.32902526855469
Vanilla_DQN,0,77.41447448730469
Vanilla_DQN,0,77.52112579345703
Vanilla_DQN,0,77.1508560180664
Vanilla_DQN,0,75.97681427001953
Vanilla_DQN,0,76.24580383300781
Vanilla_DQN,0,75.94660186767578
Vanilla_DQN,0,76.04663848876953
Vanilla_DQN,0,80.10626220703125
Vanilla_DQN,0,79.7566146850586
Vanilla_DQN,0,80.5659408569336
Vanilla_DQN,0,80.29232025146484
Vanilla_DQN,0,78.30683898925781
Vanilla_DQN,0,78.0603256225586
Vanilla_DQN,0,78.6003189086914
Vanilla_DQN,0,78.54444122314453
Vanilla_DQN,0,76.45490264892578
Vanilla_DQN,0,76.28692626953125
Vanilla_DQN,0,76.60346221923828
Vanilla_DQN,0,76.65966033935547
Vanilla_DQN,0,79.91307830810547
Vanilla_DQN,0,79.56633758544922
Vanilla_DQN,0,80.62511444091797
Vanilla_DQN,0,79.50606536865234
Vanilla_DQN,0,76.4825210571289
Vanilla_DQN,0,76.30711364746094
Vanilla_DQN,0,76.92179107666016
Vanilla_DQN,0,76.07483673095703
Vanilla_DQN,0,72.30670166015625
Vanilla_DQN,0,72.46868896484375
Vanilla_DQN,0,72.23390197753906
Vanilla_DQN,0,72.0418701171875
Vanilla_DQN,0,76.30835723876953
Vanilla_DQN,0,75.91104125976562
Vanilla_DQN,0,76.80015563964844
Vanilla_DQN,0,76.0745849609375
Vanilla_DQN,0,73.41161346435547
Vanilla_DQN,0,73.05204772949219
Vanilla_DQN,0,73.6238784790039
Vanilla_DQN,0,73.1459732055664
Vanilla_DQN,0,70.95726013183594
Vanilla_DQN,0,70.64266967773438
Vanilla_DQN,0,70.79106903076172
Vanilla_DQN,0,70.74153137207031
Vanilla_DQN,0,74.91970825195312
Vanilla_DQN,0,74.3282241821289
Vanilla_DQN,0,75.25312805175781
Vanilla_DQN,0,74.56563568115234
Vanilla_DQN,0,75.06198120117188
Vanilla_DQN,0,74.47061157226562
Vanilla_DQN,0,75.4052505493164
Vanilla_DQN,0,74.70037078857422
Vanilla_DQN,0,71.89765167236328
Vanilla_DQN,0,71.5699462890625
Vanilla_DQN,0,71.77204132080078
Vanilla_DQN,0,71.66289520263672
Vanilla_DQN,0,75.82263946533203
Vanilla_DQN,0,75.22209930419922
Vanilla_DQN,0,76.19267272949219
Vanilla_DQN,0,75.36852264404297
Vanilla_DQN,0,73.03418731689453
Vanilla_DQN,0,72.6898193359375
Vanilla_DQN,0,72.99725341796875
Vanilla_DQN,0,72.78714752197266
Vanilla_DQN,0,76.7425308227539
Vanilla_DQN,0,76.14453125
Vanilla_DQN,0,77.1414566040039
Vanilla_DQN,0,76.20572662353516
Vanilla_DQN,0,74.89893341064453
Vanilla_DQN,0,74.47315979003906
Vanilla_DQN,0,75.02790832519531
Vanilla_DQN,0,74.51301574707031
Vanilla_DQN,0,70.83704376220703
Vanilla_DQN,0,70.58915710449219
Vanilla_DQN,0,70.47110748291016
Vanilla_DQN,0,70.38763427734375
Vanilla_DQN,0,74.62481689453125
Vanilla_DQN,0,74.2989501953125
Vanilla_DQN,0,74.65587615966797
Vanilla_DQN,0,74.30780029296875
Vanilla_DQN,0,74.71463775634766
Vanilla_DQN,0,74.39346313476562
Vanilla_DQN,0,74.74691009521484
Vanilla_DQN,0,74.33673858642578
Vanilla_DQN,0,73.65612030029297
Vanilla_DQN,0,73.38267517089844
Vanilla_DQN,0,73.53801727294922
Vanilla_DQN,0,73.20319366455078
Vanilla_DQN,0,77.4117431640625
Vanilla_DQN,0,76.96968078613281
Vanilla_DQN,0,77.6812515258789
Vanilla_DQN,0,76.8039321899414
Vanilla_DQN,0,75.74127960205078
Vanilla_DQN,0,75.43087768554688
Vanilla_DQN,0,75.78272247314453
Vanilla_DQN,0,75.39612579345703
Vanilla_DQN,0,75.80120086669922
Vanilla_DQN,0,75.52469635009766
Vanilla_DQN,0,75.84258270263672
Vanilla_DQN,0,75.31770324707031
Vanilla_DQN,0,72.41120147705078
Vanilla_DQN,0,72.18780517578125
Vanilla_DQN,0,72.0602035522461
Vanilla_DQN,0,71.66000366210938
Vanilla_DQN,0,76.13288116455078
Vanilla_DQN,0,75.84680938720703
Vanilla_DQN,0,76.1891098022461
Vanilla_DQN,0,75.5668716430664
Vanilla_DQN,0,77.33934783935547
Vanilla_DQN,0,76.98526763916016
Vanilla_DQN,0,77.521484375
Vanilla_DQN,0,76.73868560791016
Vanilla_DQN,0,74.84208679199219
Vanilla_DQN,0,74.56135559082031
Vanilla_DQN,0,74.62218475341797
Vanilla_DQN,0,74.08370208740234
Vanilla_DQN,0,78.54398345947266
Vanilla_DQN,0,78.2113265991211
Vanilla_DQN,0,78.70869445800781
Vanilla_DQN,0,77.88550567626953
Vanilla_DQN,0,78.57828521728516
Vanilla_DQN,0,78.28921508789062
Vanilla_DQN,0,78.62709045410156
Vanilla_DQN,0,77.91001892089844
Vanilla_DQN,0,78.56779479980469
Vanilla_DQN,0,78.29936218261719
Vanilla_DQN,0,78.38103485107422
Vanilla_DQN,0,78.02727508544922
Vanilla_DQN,0,82.06267547607422
Vanilla_DQN,0,81.8202133178711
Vanilla_DQN,0,82.38994598388672
Vanilla_DQN,0,81.39804077148438
Vanilla_DQN,0,80.73779296875
Vanilla_DQN,0,80.51802825927734
Vanilla_DQN,0,80.68807220458984
Vanilla_DQN,0,80.33846282958984
Vanilla_DQN,0,83.6993179321289
Vanilla_DQN,0,83.50772094726562
Vanilla_DQN,0,84.12873840332031
Vanilla_DQN,0,83.03939819335938
Vanilla_DQN,0,81.97140502929688
Vanilla_DQN,0,81.77765655517578
Vanilla_DQN,0,81.98905944824219
Vanilla_DQN,0,81.80113220214844
Vanilla_DQN,0,80.9443588256836
Vanilla_DQN,0,80.7052001953125
Vanilla_DQN,0,80.78184509277344
Vanilla_DQN,0,80.64070892333984
Vanilla_DQN,0,83.99956512451172
Vanilla_DQN,0,83.83685302734375
Vanilla_DQN,0,84.40435028076172
Vanilla_DQN,0,83.71033477783203
Vanilla_DQN,0,82.48072814941406
Vanilla_DQN,0,82.26118469238281
Vanilla_DQN,0,82.60494995117188
Vanilla_DQN,0,82.11000061035156
Vanilla_DQN,0,82.4082260131836
Vanilla_DQN,0,82.16673278808594
Vanilla_DQN,0,82.57683563232422
Vanilla_DQN,0,81.81059265136719
Vanilla_DQN,0,80.0935287475586
Vanilla_DQN,0,79.82815551757812
Vanilla_DQN,0,79.87232208251953
Vanilla_DQN,0,79.3467025756836
Vanilla_DQN,0,66.73018646240234
Vanilla_DQN,0,60.831939697265625
Vanilla_DQN,0,68.35868072509766
Vanilla_DQN,0,63.75498580932617
Vanilla_DQN,0,64.70584869384766
Vanilla_DQN,0,58.5449104309082
Vanilla_DQN,0,66.76724243164062
Vanilla_DQN,0,62.017906188964844
Vanilla_DQN,0,64.94615173339844
Vanilla_DQN,0,66.44853210449219
Vanilla_DQN,0,69.58291625976562
Vanilla_DQN,0,60.60374069213867
Vanilla_DQN,0,65.16033935546875
Vanilla_DQN,0,64.20034790039062
Vanilla_DQN,0,59.55488967895508
Vanilla_DQN,0,61.703521728515625
Vanilla_DQN,0,64.3297348022461
Vanilla_DQN,0,62.6849250793457
Vanilla_DQN,0,54.892921447753906
Vanilla_DQN,0,61.06969451904297
Vanilla_DQN,0,63.46080780029297
Vanilla_DQN,0,61.426239013671875
Vanilla_DQN,0,51.79852294921875
Vanilla_DQN,0,60.53641891479492
Vanilla_DQN,0,64.87389373779297
Vanilla_DQN,0,63.89701843261719
Vanilla_DQN,0,58.69190979003906
Vanilla_DQN,0,61.867034912109375
Vanilla_DQN,0,65.19985961914062
Vanilla_DQN,0,64.49266815185547
Vanilla_DQN,0,60.797607421875
Vanilla_DQN,0,61.88917541503906
Vanilla_DQN,0,65.14058685302734
Vanilla_DQN,0,64.42665100097656
Vanilla_DQN,0,60.73966979980469
Vanilla_DQN,0,61.865447998046875
Vanilla_DQN,0,65.14502716064453
Vanilla_DQN,0,64.42991638183594
Vanilla_DQN,0,60.739070892333984
Vanilla_DQN,0,61.86667251586914
Vanilla_DQN,0,65.1673812866211
Vanilla_DQN,0,64.45458984375
Vanilla_DQN,0,60.76032257080078
Vanilla_DQN,0,61.875518798828125
Vanilla_DQN,0,65.17996978759766
Vanilla_DQN,0,64.468505859375
Vanilla_DQN,0,60.77232360839844
Vanilla_DQN,0,61.880516052246094
Vanilla_DQN,0,65.18087005615234
Vanilla_DQN,0,64.46949768066406
Vanilla_DQN,0,60.77315139770508
Vanilla_DQN,0,61.880882263183594
Vanilla_DQN,0,65.17740631103516
Vanilla_DQN,0,64.46566772460938
Vanilla_DQN,0,60.76985168457031
Vanilla_DQN,0,61.879512786865234
Vanilla_DQN,0,65.1749038696289
Vanilla_DQN,0,64.46290588378906
Vanilla_DQN,0,60.76747131347656
Vanilla_DQN,0,61.878509521484375
Vanilla_DQN,0,65.17442321777344
Vanilla_DQN,0,64.46237182617188
Vanilla_DQN,0,60.76701354980469
Vanilla_DQN,0,61.878318786621094
Vanilla_DQN,0,65.1749038696289
Vanilla_DQN,0,64.46290588378906
Vanilla_DQN,0,60.76747131347656
Vanilla_DQN,0,61.878509521484375
Vanilla_DQN,0,65.17537689208984
Vanilla_DQN,0,64.46342468261719
Vanilla_DQN,0,60.76791763305664
Vanilla_DQN,0,61.87870788574219
Vanilla_DQN,0,65.17552185058594
Vanilla_DQN,0,64.46358489990234
Vanilla_DQN,0,60.76805114746094
Vanilla_DQN,0,61.878761291503906
Vanilla_DQN,0,65.17546081542969
Vanilla_DQN,0,64.46351623535156
Vanilla_DQN,0,60.76800537109375
Vanilla_DQN,0,61.87873458862305
Vanilla_DQN,0,65.17537689208984
Vanilla_DQN,0,64.46342468261719
Vanilla_DQN,0,60.767921447753906
Vanilla_DQN,0,61.87870407104492
Vanilla_DQN,0,65.17534637451172
Vanilla_DQN,0,64.46338653564453
Vanilla_DQN,0,60.76789093017578
Vanilla_DQN,0,61.878684997558594
Vanilla_DQN,0,65.17534637451172
Vanilla_DQN,0,64.46339416503906
Vanilla_DQN,0,60.76789093017578
Vanilla_DQN,0,61.878692626953125
Vanilla_DQN,0,65.17536163330078
Vanilla_DQN,0,64.46340942382812
Vanilla_DQN,0,60.76791000366211
Vanilla_DQN,0,61.878700256347656
Vanilla_DQN,0,65.17536926269531
Vanilla_DQN,0,64.46341705322266
Vanilla_DQN,0,60.767913818359375
Vanilla_DQN,0,61.878700256347656
Vanilla_DQN,0,65.17537689208984
Vanilla_DQN,0,64.46342468261719
Vanilla_DQN,0,60.767913818359375
Vanilla_DQN,0,61.878700256347656
Vanilla_DQN,0,65.17537689208984
Vanilla_DQN,0,64.46341705322266
Vanilla_DQN,0,60.767913818359375
Vanilla_DQN,0,61.878700256347656
Vanilla_DQN,0,65.17537689208984
Vanilla_DQN,0,64.46341705322266
Vanilla_DQN,0,60.767906188964844
Vanilla_DQN,0,61.87870407104492
Vanilla_DQN,0,65.17537689208984
Vanilla_DQN,0,64.46342468261719
Vanilla_DQN,0,60.767906188964844
Vanilla_DQN,0,61.878700256347656
Vanilla_DQN,0,65.17536163330078
Vanilla_DQN,0,64.46340942382812
Vanilla_DQN,0,60.767906188964844
Vanilla_DQN,0,61.878692626953125
Vanilla_DQN,0,65.17536926269531
Vanilla_DQN,0,64.46341705322266
Vanilla_DQN,0,60.767906188964844
Vanilla_DQN,0,61.878700256347656
Vanilla_DQN,0,107.63497161865234
Vanilla_DQN,0,109.33345794677734
Vanilla_DQN,0,107.99779510498047
Vanilla_DQN,0,107.27603912353516
Vanilla_DQN,0,108.09407806396484
Vanilla_DQN,0,109.5447998046875
Vanilla_DQN,0,108.5795669555664
Vanilla_DQN,0,107.89244842529297
Vanilla_DQN,0,109.21285247802734
Vanilla_DQN,0,110.43252563476562
Vanilla_DQN,0,109.75666046142578
Vanilla_DQN,0,109.1290054321289
Vanilla_DQN,0,109.90027618408203
Vanilla_DQN,0,110.80290985107422
Vanilla_DQN,0,110.38225555419922
Vanilla_DQN,0,109.96744537353516
Vanilla_DQN,0,110.20787048339844
Vanilla_DQN,0,110.863525390625
Vanilla_DQN,0,110.6495590209961
Vanilla_DQN,0,110.42916107177734
Vanilla_DQN,0,110.1601333618164
Vanilla_DQN,0,110.48966979980469
Vanilla_DQN,0,110.57335662841797
Vanilla_DQN,0,110.55310821533203
Vanilla_DQN,0,104.54325103759766
Vanilla_DQN,0,104.61503601074219
Vanilla_DQN,0,104.83741760253906
Vanilla_DQN,0,104.9103012084961
Vanilla_DQN,0,106.2879409790039
Vanilla_DQN,0,106.95330810546875
Vanilla_DQN,0,106.63680267333984
Vanilla_DQN,0,106.44010162353516
Vanilla_DQN,0,106.27104187011719
Vanilla_DQN,0,106.60022735595703
Vanilla_DQN,0,106.59636688232422
Vanilla_DQN,0,106.59580993652344
Vanilla_DQN,0,107.62029266357422
Vanilla_DQN,0,107.67230224609375
Vanilla_DQN,0,107.89301300048828
Vanilla_DQN,0,108.130615234375
Vanilla_DQN,0,109.45246124267578
Vanilla_DQN,0,110.00343322753906
Vanilla_DQN,0,109.9822006225586
Vanilla_DQN,0,109.77118682861328
Vanilla_DQN,0,110.77039337158203
Vanilla_DQN,0,111.07906341552734
Vanilla_DQN,0,111.35677337646484
Vanilla_DQN,0,111.25545501708984
Vanilla_DQN,0,107.4118881225586
Vanilla_DQN,0,107.56957244873047
Vanilla_DQN,0,107.86520385742188
Vanilla_DQN,0,107.78429412841797
Vanilla_DQN,0,105.61231231689453
Vanilla_DQN,0,105.69844818115234
Vanilla_DQN,0,106.0184555053711
Vanilla_DQN,0,105.89958953857422
Vanilla_DQN,0,103.87554168701172
Vanilla_DQN,0,103.88324737548828
Vanilla_DQN,0,104.25397491455078
Vanilla_DQN,0,104.09180450439453
Vanilla_DQN,0,101.6842269897461
Vanilla_DQN,0,101.63301086425781
Vanilla_DQN,0,101.95313262939453
Vanilla_DQN,0,101.86653900146484
Vanilla_DQN,0,100.89978790283203
Vanilla_DQN,0,100.83425903320312
Vanilla_DQN,0,101.13627624511719
Vanilla_DQN,0,101.02005767822266
Vanilla_DQN,0,100.74480438232422
Vanilla_DQN,0,100.65860748291016
Vanilla_DQN,0,100.99439239501953
Vanilla_DQN,0,100.76605224609375
Vanilla_DQN,0,98.90131378173828
Vanilla_DQN,0,98.7896499633789
Vanilla_DQN,0,99.07654571533203
Vanilla_DQN,0,98.81117248535156
Vanilla_DQN,0,96.96119689941406
Vanilla_DQN,0,96.90434265136719
Vanilla_DQN,0,97.1157455444336
Vanilla_DQN,0,96.7406005859375
Vanilla_DQN,0,96.54664611816406
Vanilla_DQN,0,96.53904724121094
Vanilla_DQN,0,96.72437286376953
Vanilla_DQN,0,96.28981018066406
Vanilla_DQN,0,94.92094421386719
Vanilla_DQN,0,94.89393615722656
Vanilla_DQN,0,95.01105499267578
Vanilla_DQN,0,94.61557006835938
Vanilla_DQN,0,94.95301055908203
Vanilla_DQN,0,94.98551177978516
Vanilla_DQN,0,95.08131408691406
Vanilla_DQN,0,94.64253234863281
Vanilla_DQN,0,94.08748626708984
Vanilla_DQN,0,94.1630630493164
Vanilla_DQN,0,94.18888092041016
Vanilla_DQN,0,93.76554107666016
Vanilla_DQN,0,93.90705108642578
Vanilla_DQN,0,93.98451232910156
Vanilla_DQN,0,94.02040100097656
Vanilla_DQN,0,93.56358337402344
Vanilla_DQN,0,92.97032928466797
Vanilla_DQN,0,93.04029846191406
Vanilla_DQN,0,93.04188537597656
Vanilla_DQN,0,92.59972381591797
Vanilla_DQN,0,92.06954193115234
Vanilla_DQN,0,92.10418701171875
Vanilla_DQN,0,92.09589385986328
Vanilla_DQN,0,91.6640625
Vanilla_DQN,0,93.81295013427734
Vanilla_DQN,0,93.63893127441406
Vanilla_DQN,0,93.9034194946289
Vanilla_DQN,0,93.64461517333984
Vanilla_DQN,0,91.81372833251953
Vanilla_DQN,0,91.67050170898438
Vanilla_DQN,0,91.828125
Vanilla_DQN,0,91.4310531616211
Vanilla_DQN,0,90.51122283935547
Vanilla_DQN,0,90.39323425292969
Vanilla_DQN,0,90.51939392089844
Vanilla_DQN,0,89.91056060791016
Vanilla_DQN,0,89.62788391113281
Vanilla_DQN,0,89.51924896240234
Vanilla_DQN,0,89.61834716796875
Vanilla_DQN,0,89.04664611816406
Vanilla_DQN,0,92.36052703857422
Vanilla_DQN,0,92.26537322998047
Vanilla_DQN,0,92.534912109375
Vanilla_DQN,0,91.7528305053711
Vanilla_DQN,0,89.84772491455078
Vanilla_DQN,0,89.7577896118164
Vanilla_DQN,0,89.92811584472656
Vanilla_DQN,0,89.2780532836914
Vanilla_DQN,0,88.28682708740234
Vanilla_DQN,0,88.19593811035156
Vanilla_DQN,0,88.38054656982422
Vanilla_DQN,0,87.8590087890625
Vanilla_DQN,0,87.42263793945312
Vanilla_DQN,0,87.31248474121094
Vanilla_DQN,0,87.55828094482422
Vanilla_DQN,0,87.07625579833984
Vanilla_DQN,0,87.0753173828125
Vanilla_DQN,0,86.94931030273438
Vanilla_DQN,0,87.26209259033203
Vanilla_DQN,0,86.78377532958984
Vanilla_DQN,0,85.70761108398438
Vanilla_DQN,0,85.52743530273438
Vanilla_DQN,0,86.1249771118164
Vanilla_DQN,0,85.7720718383789
Vanilla_DQN,0,86.78119659423828
Vanilla_DQN,0,86.60746765136719
Vanilla_DQN,0,87.3469009399414
Vanilla_DQN,0,86.93683624267578
Vanilla_DQN,0,85.02078247070312
Vanilla_DQN,0,84.78392028808594
Vanilla_DQN,0,85.83434295654297
Vanilla_DQN,0,85.66722106933594
Vanilla_DQN,0,86.74980163574219
Vanilla_DQN,0,86.52290344238281
Vanilla_DQN,0,87.71373748779297
Vanilla_DQN,0,87.4574203491211
Vanilla_DQN,0,85.6318588256836
Vanilla_DQN,0,85.40231323242188
Vanilla_DQN,0,86.73487091064453
Vanilla_DQN,0,86.78702545166016
Vanilla_DQN,0,88.82339477539062
Vanilla_DQN,0,88.8046875
Vanilla_DQN,0,90.01484680175781
Vanilla_DQN,0,89.50460815429688
Vanilla_DQN,0,87.40445709228516
Vanilla_DQN,0,87.29359436035156
Vanilla_DQN,0,88.7549819946289
Vanilla_DQN,0,88.5127944946289
Vanilla_DQN,0,86.2181625366211
Vanilla_DQN,0,85.98971557617188
Vanilla_DQN,0,87.72378540039062
Vanilla_DQN,0,87.49093627929688
Vanilla_DQN,0,85.66242980957031
Vanilla_DQN,0,85.34326171875
Vanilla_DQN,0,87.23235321044922
Vanilla_DQN,0,87.26664733886719
Vanilla_DQN,0,87.45092010498047
Vanilla_DQN,0,87.31172180175781
Vanilla_DQN,0,89.0594711303711
Vanilla_DQN,0,88.51787567138672
Vanilla_DQN,0,87.65068054199219
Vanilla_DQN,0,87.40409851074219
Vanilla_DQN,0,89.35873413085938
Vanilla_DQN,0,88.95613098144531
Vanilla_DQN,0,88.78719329833984
Vanilla_DQN,0,88.41619873046875
Vanilla_DQN,0,90.6706314086914
Vanilla_DQN,0,90.1716079711914
Vanilla_DQN,0,86.4958267211914
Vanilla_DQN,0,86.00489807128906
Vanilla_DQN,0,88.42095947265625
Vanilla_DQN,0,88.00627136230469
Vanilla_DQN,0,83.77877807617188
Vanilla_DQN,0,83.18063354492188
Vanilla_DQN,0,85.67424774169922
Vanilla_DQN,0,85.43932342529297
Vanilla_DQN,0,81.99463653564453
Vanilla_DQN,0,81.31513977050781
Vanilla_DQN,0,83.84777069091797
Vanilla_DQN,0,83.85694122314453
Vanilla_DQN,0,83.45101165771484
Vanilla_DQN,0,82.9296875
Vanilla_DQN,0,85.36454010009766
Vanilla_DQN,0,84.9346923828125
Vanilla_DQN,0,79.76346588134766
Vanilla_DQN,0,79.26516723632812
Vanilla_DQN,0,81.56092071533203
Vanilla_DQN,0,81.3504867553711
Vanilla_DQN,0,78.5123062133789
Vanilla_DQN,0,77.99600219726562
Vanilla_DQN,0,80.3343734741211
Vanilla_DQN,0,80.17674255371094
Vanilla_DQN,0,74.92092895507812
Vanilla_DQN,0,74.45897674560547
Vanilla_DQN,0,76.6246337890625
Vanilla_DQN,0,76.65160369873047
Vanilla_DQN,0,76.58378601074219
Vanilla_DQN,0,76.24801635742188
Vanilla_DQN,0,78.28668212890625
Vanilla_DQN,0,78.11323547363281
Vanilla_DQN,0,72.4646987915039
Vanilla_DQN,0,72.16893005371094
Vanilla_DQN,0,73.99651336669922
Vanilla_DQN,0,73.97691345214844
Vanilla_DQN,0,71.20877838134766
Vanilla_DQN,0,70.85659790039062
Vanilla_DQN,0,72.7995376586914
Vanilla_DQN,0,72.68177032470703
Vanilla_DQN,0,68.17192840576172
Vanilla_DQN,0,67.74839782714844
Vanilla_DQN,0,69.83026885986328
Vanilla_DQN,0,69.6798095703125
Vanilla_DQN,0,65.8633804321289
Vanilla_DQN,0,65.48233795166016
Vanilla_DQN,0,67.4497299194336
Vanilla_DQN,0,67.21208953857422
Vanilla_DQN,0,65.20673370361328
Vanilla_DQN,0,64.79686737060547
Vanilla_DQN,0,66.71653747558594
Vanilla_DQN,0,66.58470916748047
Vanilla_DQN,0,64.16960906982422
Vanilla_DQN,0,63.73696517944336
Vanilla_DQN,0,65.54540252685547
Vanilla_DQN,0,65.61788940429688
Vanilla_DQN,0,65.28297424316406
Vanilla_DQN,0,64.93534851074219
Vanilla_DQN,0,66.67919158935547
Vanilla_DQN,0,66.78551483154297
Vanilla_DQN,0,67.25373840332031
Vanilla_DQN,0,67.0024642944336
Vanilla_DQN,0,68.5497817993164
Vanilla_DQN,0,68.81663513183594
Vanilla_DQN,0,69.69783782958984
Vanilla_DQN,0,69.51665496826172
Vanilla_DQN,0,70.8277816772461
Vanilla_DQN,0,71.33287048339844
Vanilla_DQN,0,73.20684051513672
Vanilla_DQN,0,73.31524658203125
Vanilla_DQN,0,74.16845703125
Vanilla_DQN,0,74.80384063720703
Vanilla_DQN,0,76.47183990478516
Vanilla_DQN,0,76.90178680419922
Vanilla_DQN,0,77.19676971435547
Vanilla_DQN,0,77.9816665649414
Vanilla_DQN,0,78.50470733642578
Vanilla_DQN,0,79.28153991699219
Vanilla_DQN,0,78.89783477783203
Vanilla_DQN,0,79.71062469482422
Vanilla_DQN,0,79.42659759521484
Vanilla_DQN,0,80.46446228027344
Vanilla_DQN,0,79.73200225830078
Vanilla_DQN,0,80.42130279541016
Vanilla_DQN,0,80.91510772705078
Vanilla_DQN,0,81.74559020996094
Vanilla_DQN,0,81.15733337402344
Vanilla_DQN,0,82.01846313476562
Vanilla_DQN,0,81.70153045654297
Vanilla_DQN,0,82.7566909790039
Vanilla_DQN,0,81.88007354736328
Vanilla_DQN,0,82.5861587524414
Vanilla_DQN,0,82.94065856933594
Vanilla_DQN,0,83.7917709350586
Vanilla_DQN,0,83.01534271240234
Vanilla_DQN,0,83.96112823486328
Vanilla_DQN,0,83.28490447998047
Vanilla_DQN,0,84.22132110595703
Vanilla_DQN,0,83.3016586303711
Vanilla_DQN,0,84.06375885009766
Vanilla_DQN,0,84.94530487060547
Vanilla_DQN,0,85.68699645996094
Vanilla_DQN,0,84.89574432373047
Vanilla_DQN,0,85.83692932128906
Vanilla_DQN,0,85.55767059326172
Vanilla_DQN,0,86.4330062866211
Vanilla_DQN,0,85.37664031982422
Vanilla_DQN,0,86.00481414794922
Vanilla_DQN,0,87.47090911865234
Vanilla_DQN,0,88.20601654052734
Vanilla_DQN,0,87.1474380493164
Vanilla_DQN,0,87.99836730957031
Vanilla_DQN,0,89.20960235595703
Vanilla_DQN,0,89.76657104492188
Vanilla_DQN,0,88.9422378540039
Vanilla_DQN,0,89.78568267822266
Vanilla_DQN,0,90.95254516601562
Vanilla_DQN,0,91.683837890625
Vanilla_DQN,0,90.37499237060547
Vanilla_DQN,0,91.1072769165039
Vanilla_DQN,0,92.25288391113281
Vanilla_DQN,0,92.80555725097656
Vanilla_DQN,0,91.92618560791016
Vanilla_DQN,0,92.4320297241211
Vanilla_DQN,0,93.8775405883789
Vanilla_DQN,0,94.08844757080078
Vanilla_DQN,0,93.80691528320312
Vanilla_DQN,0,94.27246856689453
Vanilla_DQN,0,95.7113265991211
Vanilla_DQN,0,95.97290802001953
Vanilla_DQN,0,95.8497085571289
Vanilla_DQN,0,95.68939208984375
Vanilla_DQN,0,98.04605865478516
Vanilla_DQN,0,97.8922348022461
Vanilla_DQN,0,98.30936431884766
Vanilla_DQN,0,98.18079376220703
Vanilla_DQN,0,93.07827758789062
Vanilla_DQN,0,93.15060424804688
Vanilla_DQN,0,93.0896224975586
Vanilla_DQN,0,93.42938995361328
Vanilla_DQN,0,94.94873809814453
Vanilla_DQN,0,94.83555603027344
Vanilla_DQN,0,95.24906158447266
Vanilla_DQN,0,95.03275299072266
Vanilla_DQN,0,93.88848114013672
Vanilla_DQN,0,93.72392272949219
Vanilla_DQN,0,94.17955780029297
Vanilla_DQN,0,94.03583526611328
Vanilla_DQN,0,90.0779800415039
Vanilla_DQN,0,89.96405029296875
Vanilla_DQN,0,90.32598876953125
Vanilla_DQN,0,90.45287322998047
Vanilla_DQN,0,91.00684356689453
Vanilla_DQN,0,90.63319396972656
Vanilla_DQN,0,91.62712860107422
Vanilla_DQN,0,91.1267318725586
Vanilla_DQN,0,87.4503402709961
Vanilla_DQN,0,87.14700317382812
Vanilla_DQN,0,87.97483825683594
Vanilla_DQN,0,87.7207260131836
Vanilla_DQN,0,86.66223907470703
Vanilla_DQN,0,86.31633758544922
Vanilla_DQN,0,87.19961547851562
Vanilla_DQN,0,86.98479461669922
Vanilla_DQN,0,84.49169158935547
Vanilla_DQN,0,84.11873626708984
Vanilla_DQN,0,84.97040557861328
Vanilla_DQN,0,84.9991455078125
Vanilla_DQN,0,85.43205261230469
Vanilla_DQN,0,84.76883697509766
Vanilla_DQN,0,86.2366943359375
Vanilla_DQN,0,85.51036834716797
Vanilla_DQN,0,85.1510238647461
Vanilla_DQN,0,84.50334167480469
Vanilla_DQN,0,86.06131744384766
Vanilla_DQN,0,85.21697998046875
Vanilla_DQN,0,80.86772155761719
Vanilla_DQN,0,80.4499282836914
Vanilla_DQN,0,81.59844970703125
Vanilla_DQN,0,81.11964416503906
Vanilla_DQN,0,79.37116241455078
Vanilla_DQN,0,78.94845581054688
Vanilla_DQN,0,80.05062866210938
Vanilla_DQN,0,79.6600112915039
Vanilla_DQN,0,76.2785873413086
Vanilla_DQN,0,75.98991394042969
Vanilla_DQN,0,76.82312774658203
Vanilla_DQN,0,76.68446350097656
Vanilla_DQN,0,73.59998321533203
Vanilla_DQN,0,73.45769500732422
Vanilla_DQN,0,74.09110260009766
Vanilla_DQN,0,74.10465240478516
Vanilla_DQN,0,75.09480285644531
Vanilla_DQN,0,75.10551452636719
Vanilla_DQN,0,75.58719635009766
Vanilla_DQN,0,75.03247833251953
Vanilla_DQN,0,72.5838394165039
Vanilla_DQN,0,72.86437225341797
Vanilla_DQN,0,73.09245300292969
Vanilla_DQN,0,72.63982391357422
Vanilla_DQN,0,71.56522369384766
Vanilla_DQN,0,72.13665008544922
Vanilla_DQN,0,72.0589370727539
Vanilla_DQN,0,71.65381622314453
Vanilla_DQN,0,75.54894256591797
Vanilla_DQN,0,76.00186157226562
Vanilla_DQN,0,75.86725616455078
Vanilla_DQN,0,75.63526153564453
Vanilla_DQN,0,79.6013412475586
Vanilla_DQN,0,79.86307525634766
Vanilla_DQN,0,79.72588348388672
Vanilla_DQN,0,79.78669738769531
Vanilla_DQN,0,82.36859130859375
Vanilla_DQN,0,82.44305419921875
Vanilla_DQN,0,82.53327178955078
Vanilla_DQN,0,82.69398498535156
Vanilla_DQN,0,81.79195404052734
Vanilla_DQN,0,81.816650390625
Vanilla_DQN,0,82.24592590332031
Vanilla_DQN,0,80.85362243652344
Vanilla_DQN,0,78.76420593261719
Vanilla_DQN,0,79.23632049560547
Vanilla_DQN,0,78.9825668334961
Vanilla_DQN,0,78.3504409790039
Vanilla_DQN,0,82.84587860107422
Vanilla_DQN,0,83.04666137695312
Vanilla_DQN,0,83.11603546142578
Vanilla_DQN,0,82.45623779296875
Vanilla_DQN,0,79.597900390625
Vanilla_DQN,0,80.12388610839844
Vanilla_DQN,0,79.65470123291016
Vanilla_DQN,0,79.73925018310547
Vanilla_DQN,0,82.79540252685547
Vanilla_DQN,0,82.86279296875
Vanilla_DQN,0,82.88932037353516
Vanilla_DQN,0,82.94170379638672
Vanilla_DQN,0,82.94038391113281
Vanilla_DQN,0,83.04441833496094
Vanilla_DQN,0,83.50499725341797
Vanilla_DQN,0,81.86554718017578
Vanilla_DQN,0,81.51000213623047
Vanilla_DQN,0,81.9421157836914
Vanilla_DQN,0,81.77722930908203
Vanilla_DQN,0,80.9093246459961
Vanilla_DQN,0,83.09105682373047
Vanilla_DQN,0,83.0205307006836
Vanilla_DQN,0,83.67283630371094
Vanilla_DQN,0,82.12891387939453
Vanilla_DQN,0,82.8585433959961
Vanilla_DQN,0,82.77761840820312
Vanilla_DQN,0,83.46741485595703
Vanilla_DQN,0,81.78466796875
Vanilla_DQN,0,82.74597930908203
Vanilla_DQN,0,82.73930358886719
Vanilla_DQN,0,83.27778625488281
Vanilla_DQN,0,81.76917266845703
Vanilla_DQN,0,81.31409454345703
Vanilla_DQN,0,81.4810791015625
Vanilla_DQN,0,81.44837188720703
Vanilla_DQN,0,80.81315612792969
Vanilla_DQN,0,83.38756561279297
Vanilla_DQN,0,83.34228515625
Vanilla_DQN,0,84.18534088134766
Vanilla_DQN,0,82.12345886230469
Vanilla_DQN,0,81.47645568847656
Vanilla_DQN,0,81.67935943603516
Vanilla_DQN,0,81.79361724853516
Vanilla_DQN,0,80.82994079589844
Vanilla_DQN,0,78.82779693603516
Vanilla_DQN,0,79.20323181152344
Vanilla_DQN,0,78.79730987548828
Vanilla_DQN,0,78.60436248779297
Vanilla_DQN,0,81.36054992675781
Vanilla_DQN,0,81.458251953125
Vanilla_DQN,0,81.5785140991211
Vanilla_DQN,0,81.03459930419922
Vanilla_DQN,0,81.16710662841797
Vanilla_DQN,0,81.30330657958984
Vanilla_DQN,0,81.41448974609375
Vanilla_DQN,0,80.80992126464844
Vanilla_DQN,0,80.57173919677734
Vanilla_DQN,0,80.76750183105469
Vanilla_DQN,0,80.7551040649414
Vanilla_DQN,0,80.31551361083984
Vanilla_DQN,0,82.61689758300781
Vanilla_DQN,0,82.36075592041016
Vanilla_DQN,0,83.12199401855469
Vanilla_DQN,0,82.0256118774414
Vanilla_DQN,0,81.50933837890625
Vanilla_DQN,0,81.37703704833984
Vanilla_DQN,0,81.78368377685547
Vanilla_DQN,0,81.14598846435547
Vanilla_DQN,0,79.24333953857422
Vanilla_DQN,0,79.39613342285156
Vanilla_DQN,0,79.19889068603516
Vanilla_DQN,0,79.29889678955078
Vanilla_DQN,0,81.63420867919922
Vanilla_DQN,0,81.37068176269531
Vanilla_DQN,0,81.81725311279297
Vanilla_DQN,0,81.49087524414062
Vanilla_DQN,0,79.44104766845703
Vanilla_DQN,0,79.53126525878906
Vanilla_DQN,0,79.2942123413086
Vanilla_DQN,0,79.71541595458984
Vanilla_DQN,0,82.0832290649414
Vanilla_DQN,0,81.91433715820312
Vanilla_DQN,0,82.64482879638672
Vanilla_DQN,0,81.5241928100586
Vanilla_DQN,0,81.62959289550781
Vanilla_DQN,0,81.51956939697266
Vanilla_DQN,0,82.0643081665039
Vanilla_DQN,0,81.23072814941406
Vanilla_DQN,0,81.2335433959961
Vanilla_DQN,0,81.28358459472656
Vanilla_DQN,0,81.54119110107422
Vanilla_DQN,0,81.16822052001953
Vanilla_DQN,0,81.0661392211914
Vanilla_DQN,0,81.21991729736328
Vanilla_DQN,0,81.38954162597656
Vanilla_DQN,0,81.05802154541016
Vanilla_DQN,0,78.45738983154297
Vanilla_DQN,0,78.73615264892578
Vanilla_DQN,0,78.35456848144531
Vanilla_DQN,0,78.89440155029297
Vanilla_DQN,0,80.40422821044922
Vanilla_DQN,0,80.74771881103516
Vanilla_DQN,0,80.9847640991211
Vanilla_DQN,0,79.75164794921875
Vanilla_DQN,0,77.7790756225586
Vanilla_DQN,0,78.19966125488281
Vanilla_DQN,0,77.8431396484375
Vanilla_DQN,0,77.72750854492188
Vanilla_DQN,0,80.35020446777344
Vanilla_DQN,0,80.51522827148438
Vanilla_DQN,0,80.59941864013672
Vanilla_DQN,0,80.24813079833984
Vanilla_DQN,0,75.22139739990234
Vanilla_DQN,0,75.70758056640625
Vanilla_DQN,0,75.00006866455078
Vanilla_DQN,0,75.14537811279297
Vanilla_DQN,0,78.29102325439453
Vanilla_DQN,0,78.34613037109375
Vanilla_DQN,0,78.40931701660156
Vanilla_DQN,0,78.15897369384766
Vanilla_DQN,0,74.2900161743164
Vanilla_DQN,0,74.68807220458984
Vanilla_DQN,0,73.94729614257812
Vanilla_DQN,0,74.29742431640625
Vanilla_DQN,0,78.03701782226562
Vanilla_DQN,0,77.8622817993164
Vanilla_DQN,0,78.17365264892578
Vanilla_DQN,0,78.08135223388672
Vanilla_DQN,0,76.65218353271484
Vanilla_DQN,0,76.47103118896484
Vanilla_DQN,0,76.7308120727539
Vanilla_DQN,0,76.5591812133789
Vanilla_DQN,0,75.21353912353516
Vanilla_DQN,0,75.19282531738281
Vanilla_DQN,0,75.07168579101562
Vanilla_DQN,0,75.3723373413086
Vanilla_DQN,0,78.7966079711914
Vanilla_DQN,0,78.47613525390625
Vanilla_DQN,0,79.25617218017578
Vanilla_DQN,0,78.52607727050781
Vanilla_DQN,0,77.13497161865234
Vanilla_DQN,0,76.91905212402344
Vanilla_DQN,0,77.44650268554688
Vanilla_DQN,0,76.9178237915039
Vanilla_DQN,0,80.60163116455078
Vanilla_DQN,0,80.09115600585938
Vanilla_DQN,0,81.54129028320312
Vanilla_DQN,0,79.68414306640625
Vanilla_DQN,0,80.04229736328125
Vanilla_DQN,0,79.3769760131836
Vanilla_DQN,0,81.15921783447266
Vanilla_DQN,0,78.83068084716797
Vanilla_DQN,0,76.75106811523438
Vanilla_DQN,0,76.31913757324219
Vanilla_DQN,0,77.5953140258789
Vanilla_DQN,0,75.58004760742188
Vanilla_DQN,0,72.85748291015625
Vanilla_DQN,0,72.77816009521484
Vanilla_DQN,0,73.18216705322266
Vanilla_DQN,0,71.80883026123047
Vanilla_DQN,0,73.13594818115234
Vanilla_DQN,0,72.91081237792969
Vanilla_DQN,0,73.63660430908203
Vanilla_DQN,0,71.82096862792969
Vanilla_DQN,0,70.53763580322266
Vanilla_DQN,0,70.43596649169922
Vanilla_DQN,0,70.81637573242188
Vanilla_DQN,0,69.08287048339844
Vanilla_DQN,0,68.60547637939453
Vanilla_DQN,0,68.68543243408203
Vanilla_DQN,0,68.6142807006836
Vanilla_DQN,0,67.07991027832031
Vanilla_DQN,0,72.37858581542969
Vanilla_DQN,0,72.06666564941406
Vanilla_DQN,0,72.70585632324219
Vanilla_DQN,0,71.33980560302734
Vanilla_DQN,0,72.54846954345703
Vanilla_DQN,0,72.24180603027344
Vanilla_DQN,0,72.86383819580078
Vanilla_DQN,0,71.47708892822266
Vanilla_DQN,0,70.56787872314453
Vanilla_DQN,0,70.44334411621094
Vanilla_DQN,0,70.41793060302734
Vanilla_DQN,0,69.65052032470703
Vanilla_DQN,0,73.12354278564453
Vanilla_DQN,0,72.82292175292969
Vanilla_DQN,0,73.48783111572266
Vanilla_DQN,0,71.96031951904297
Vanilla_DQN,0,71.29908752441406
Vanilla_DQN,0,71.14369201660156
Vanilla_DQN,0,71.23079681396484
Vanilla_DQN,0,70.35082244873047
Vanilla_DQN,0,74.19589233398438
Vanilla_DQN,0,73.87077331542969
Vanilla_DQN,0,74.6397933959961
Vanilla_DQN,0,72.98870086669922
Vanilla_DQN,0,72.85308837890625
Vanilla_DQN,0,72.63885498046875
Vanilla_DQN,0,73.0080795288086
Vanilla_DQN,0,71.81915283203125
Vanilla_DQN,0,69.55128479003906
Vanilla_DQN,0,69.47434997558594
Vanilla_DQN,0,69.19351959228516
Vanilla_DQN,0,68.5097885131836
Vanilla_DQN,0,73.04952239990234
Vanilla_DQN,0,72.8504638671875
Vanilla_DQN,0,73.11917877197266
Vanilla_DQN,0,72.03546905517578
Vanilla_DQN,0,73.2291488647461
Vanilla_DQN,0,73.04786682128906
Vanilla_DQN,0,73.32474517822266
Vanilla_DQN,0,72.25428009033203
Vanilla_DQN,0,72.5146713256836
Vanilla_DQN,0,72.37556457519531
Vanilla_DQN,0,72.44733428955078
Vanilla_DQN,0,71.54235076904297
Vanilla_DQN,0,75.39788055419922
Vanilla_DQN,0,75.13468933105469
Vanilla_DQN,0,75.7825698852539
Vanilla_DQN,0,74.21253204345703
Vanilla_DQN,0,74.1058120727539
Vanilla_DQN,0,73.95722198486328
Vanilla_DQN,0,74.15170288085938
Vanilla_DQN,0,73.07120513916016
Vanilla_DQN,0,74.63506317138672
Vanilla_DQN,0,74.48638916015625
Vanilla_DQN,0,74.73075103759766
Vanilla_DQN,0,73.59691619873047
Vanilla_DQN,0,72.23216247558594
Vanilla_DQN,0,72.15962219238281
Vanilla_DQN,0,71.84619903564453
Vanilla_DQN,0,71.15962982177734
Vanilla_DQN,0,75.4318618774414
Vanilla_DQN,0,75.35195922851562
Vanilla_DQN,0,75.4522933959961
Vanilla_DQN,0,74.34549713134766
Vanilla_DQN,0,76.61891174316406
Vanilla_DQN,0,76.5609130859375
Vanilla_DQN,0,76.6746826171875
Vanilla_DQN,0,75.51946258544922
Vanilla_DQN,0,75.08478546142578
Vanilla_DQN,0,75.04053497314453
Vanilla_DQN,0,74.67011260986328
Vanilla_DQN,0,74.17994689941406
Vanilla_DQN,0,77.8188247680664
Vanilla_DQN,0,77.805419921875
Vanilla_DQN,0,77.83109283447266
Vanilla_DQN,0,76.80365753173828
Vanilla_DQN,0,78.04853057861328
Vanilla_DQN,0,78.08245849609375
Vanilla_DQN,0,77.95952606201172
Vanilla_DQN,0,77.19210815429688
Vanilla_DQN,0,81.93217468261719
Vanilla_DQN,0,81.6532211303711
Vanilla_DQN,0,82.25192260742188
Vanilla_DQN,0,81.3564224243164
Vanilla_DQN,0,78.21720123291016
Vanilla_DQN,0,77.93656158447266
Vanilla_DQN,0,77.89908599853516
Vanilla_DQN,0,77.75577545166016
Vanilla_DQN,0,81.52411651611328
Vanilla_DQN,0,81.27214050292969
Vanilla_DQN,0,81.7300796508789
Vanilla_DQN,0,80.9696044921875
Vanilla_DQN,0,81.64491271972656
Vanilla_DQN,0,81.3896255493164
Vanilla_DQN,0,81.85903930664062
Vanilla_DQN,0,81.0301284790039
Vanilla_DQN,0,79.70983123779297
Vanilla_DQN,0,79.44435119628906
Vanilla_DQN,0,79.44226837158203
Vanilla_DQN,0,79.39907836914062
Vanilla_DQN,0,82.66224670410156
Vanilla_DQN,0,82.4381332397461
Vanilla_DQN,0,82.97875213623047
Vanilla_DQN,0,82.31040954589844
Vanilla_DQN,0,79.81998443603516
Vanilla_DQN,0,79.53683471679688
Vanilla_DQN,0,79.53365325927734
Vanilla_DQN,0,79.57300567626953
Vanilla_DQN,0,82.72806549072266
Vanilla_DQN,0,82.5206069946289
Vanilla_DQN,0,83.02936553955078
Vanilla_DQN,0,82.54576873779297
Vanilla_DQN,0,82.8303451538086
Vanilla_DQN,0,82.60355377197266
Vanilla_DQN,0,83.1900405883789
Vanilla_DQN,0,82.3958511352539
Vanilla_DQN,0,80.75614166259766
Vanilla_DQN,0,80.4416275024414
Vanilla_DQN,0,80.71488952636719
Vanilla_DQN,0,80.18055725097656
Vanilla_DQN,0,64.93603515625
Vanilla_DQN,0,59.08026123046875
Vanilla_DQN,0,66.93541717529297
Vanilla_DQN,0,61.956851959228516
Vanilla_DQN,0,46.7634162902832
Vanilla_DQN,0,47.786563873291016
Vanilla_DQN,0,58.422943115234375
Vanilla_DQN,0,44.945343017578125
Vanilla_DQN,0,59.0320930480957
Vanilla_DQN,0,61.65829086303711
Vanilla_DQN,0,68.53738403320312
Vanilla_DQN,0,53.18446731567383
Vanilla_DQN,0,64.92671966552734
Vanilla_DQN,0,63.9687385559082
Vanilla_DQN,0,61.093955993652344
Vanilla_DQN,0,59.56597900390625
Vanilla_DQN,0,64.45830535888672
Vanilla_DQN,0,62.535888671875
Vanilla_DQN,0,56.1929931640625
Vanilla_DQN,0,58.87197494506836
Vanilla_DQN,0,63.7164192199707
Vanilla_DQN,0,61.1850700378418
Vanilla_DQN,0,52.041595458984375
Vanilla_DQN,0,58.38469696044922
Vanilla_DQN,0,63.67058181762695
Vanilla_DQN,0,60.78043746948242
Vanilla_DQN,0,50.316123962402344
Vanilla_DQN,0,58.9882698059082
Vanilla_DQN,0,63.5212516784668
Vanilla_DQN,0,60.68044662475586
Vanilla_DQN,0,50.062721252441406
Vanilla_DQN,0,59.41554260253906
Vanilla_DQN,0,63.3192253112793
Vanilla_DQN,0,60.85477828979492
Vanilla_DQN,0,50.94535827636719
Vanilla_DQN,0,59.61737060546875
Vanilla_DQN,0,63.435096740722656
Vanilla_DQN,0,61.43689727783203
Vanilla_DQN,0,52.984046936035156
Vanilla_DQN,0,60.077396392822266
Vanilla_DQN,0,63.678627014160156
Vanilla_DQN,0,62.12545394897461
Vanilla_DQN,0,55.43414306640625
Vanilla_DQN,0,60.743019104003906
Vanilla_DQN,0,64.4620361328125
Vanilla_DQN,0,63.69245529174805
Vanilla_DQN,0,60.43876647949219
Vanilla_DQN,0,61.04814147949219
Vanilla_DQN,0,64.49671173095703
Vanilla_DQN,0,63.740177154541016
Vanilla_DQN,0,60.5003662109375
Vanilla_DQN,0,61.06183624267578
Vanilla_DQN,0,64.53892517089844
Vanilla_DQN,0,63.78120040893555
Vanilla_DQN,0,60.52845764160156
Vanilla_DQN,0,61.078392028808594
Vanilla_DQN,0,64.55559539794922
Vanilla_DQN,0,63.799072265625
Vanilla_DQN,0,60.5434455871582
Vanilla_DQN,0,61.08513641357422
Vanilla_DQN,0,64.55243682861328
Vanilla_DQN,0,63.79569625854492
Vanilla_DQN,0,60.54058074951172
Vanilla_DQN,0,61.0838623046875
Vanilla_DQN,0,64.54499053955078
Vanilla_DQN,0,63.78767776489258
Vanilla_DQN,0,60.53376007080078
Vanilla_DQN,0,61.080848693847656
Vanilla_DQN,0,64.54122924804688
Vanilla_DQN,0,63.78361511230469
Vanilla_DQN,0,60.530311584472656
Vanilla_DQN,0,61.07931900024414
Vanilla_DQN,0,64.54119110107422
Vanilla_DQN,0,63.783565521240234
Vanilla_DQN,0,60.53028106689453
Vanilla_DQN,0,61.07929992675781
Vanilla_DQN,0,64.5423812866211
Vanilla_DQN,0,63.784854888916016
Vanilla_DQN,0,60.5313835144043
Vanilla_DQN,0,61.07978057861328
Vanilla_DQN,0,64.54317474365234
Vanilla_DQN,0,63.78569793701172
Vanilla_DQN,0,60.5321044921875
Vanilla_DQN,0,61.080101013183594
Vanilla_DQN,0,64.54328155517578
Vanilla_DQN,0,63.785823822021484
Vanilla_DQN,0,60.53220748901367
Vanilla_DQN,0,61.08013916015625
Vanilla_DQN,0,64.5431137084961
Vanilla_DQN,0,63.785640716552734
Vanilla_DQN,0,60.53205108642578
Vanilla_DQN,0,61.080074310302734
Vanilla_DQN,0,64.54296112060547
Vanilla_DQN,0,63.78547286987305
Vanilla_DQN,0,60.53192138671875
Vanilla_DQN,0,61.080013275146484
Vanilla_DQN,0,64.54291534423828
Vanilla_DQN,0,63.78542709350586
Vanilla_DQN,0,60.531883239746094
Vanilla_DQN,0,61.07999038696289
Vanilla_DQN,0,64.54293060302734
Vanilla_DQN,0,63.78544616699219
Vanilla_DQN,0,60.531890869140625
Vanilla_DQN,0,61.079994201660156
Vanilla_DQN,0,64.54296112060547
Vanilla_DQN,0,63.78548049926758
Vanilla_DQN,0,60.531917572021484
Vanilla_DQN,0,61.08000946044922
Vanilla_DQN,0,64.54297637939453
Vanilla_DQN,0,63.785491943359375
Vanilla_DQN,0,60.53192901611328
Vanilla_DQN,0,61.080013275146484
Vanilla_DQN,0,64.54297637939453
Vanilla_DQN,0,63.78549575805664
Vanilla_DQN,0,60.53192901611328
Vanilla_DQN,0,61.08001708984375
Vanilla_DQN,0,64.54297637939453
Vanilla_DQN,0,63.785484313964844
Vanilla_DQN,0,60.53192138671875
Vanilla_DQN,0,61.08000946044922
Vanilla_DQN,0,64.54296875
Vanilla_DQN,0,63.785484313964844
Vanilla_DQN,0,60.53192138671875
Vanilla_DQN,0,61.08000946044922
Vanilla_DQN,0,64.54296875
Vanilla_DQN,0,63.78548049926758
Vanilla_DQN,0,60.53192138671875
Vanilla_DQN,0,61.08000946044922
Vanilla_DQN,0,64.54296875
Vanilla_DQN,0,63.78548049926758
Vanilla_DQN,0,60.53192138671875
Vanilla_DQN,0,61.08000564575195
Vanilla_DQN,0,64.54296875
Vanilla_DQN,0,63.78548812866211
Vanilla_DQN,0,60.53192901611328
Vanilla_DQN,0,61.08000946044922
Vanilla_DQN,0,64.54296875
Vanilla_DQN,0,63.785484313964844
Vanilla_DQN,0,60.53192138671875
Vanilla_DQN,0,61.08000946044922
Vanilla_DQN,0,107.63497161865234
Vanilla_DQN,0,109.33345794677734
Vanilla_DQN,0,107.99779510498047
Vanilla_DQN,0,107.27603912353516
Vanilla_DQN,0,108.09407806396484
Vanilla_DQN,0,109.5447998046875
Vanilla_DQN,0,108.5795669555664
Vanilla_DQN,0,107.89244842529297
Vanilla_DQN,0,109.21285247802734
Vanilla_DQN,0,110.43252563476562
Vanilla_DQN,0,109.75666046142578
Vanilla_DQN,0,109.1290054321289
Vanilla_DQN,0,109.90027618408203
Vanilla_DQN,0,110.80290985107422
Vanilla_DQN,0,110.38225555419922
Vanilla_DQN,0,109.96744537353516
Vanilla_DQN,0,110.20787048339844
Vanilla_DQN,0,110.863525390625
Vanilla_DQN,0,110.6495590209961
Vanilla_DQN,0,110.42916107177734
Vanilla_DQN,0,110.1601333618164
Vanilla_DQN,0,110.48966979980469
Vanilla_DQN,0,110.57335662841797
Vanilla_DQN,0,110.55310821533203
Vanilla_DQN,0,104.54325103759766
Vanilla_DQN,0,104.61503601074219
Vanilla_DQN,0,104.83741760253906
Vanilla_DQN,0,104.9103012084961
Vanilla_DQN,0,106.2879409790039
Vanilla_DQN,0,106.95330810546875
Vanilla_DQN,0,106.63680267333984
Vanilla_DQN,0,106.44010162353516
Vanilla_DQN,0,106.27104187011719
Vanilla_DQN,0,106.60022735595703
Vanilla_DQN,0,106.59636688232422
Vanilla_DQN,0,106.59580993652344
Vanilla_DQN,0,107.62029266357422
Vanilla_DQN,0,107.67230224609375
Vanilla_DQN,0,107.89301300048828
Vanilla_DQN,0,108.130615234375
Vanilla_DQN,0,109.45246124267578
Vanilla_DQN,0,110.00343322753906
Vanilla_DQN,0,109.9822006225586
Vanilla_DQN,0,109.77118682861328
Vanilla_DQN,0,110.77039337158203
Vanilla_DQN,0,111.07906341552734
Vanilla_DQN,0,111.35677337646484
Vanilla_DQN,0,111.25545501708984
Vanilla_DQN,0,107.4118881225586
Vanilla_DQN,0,107.56957244873047
Vanilla_DQN,0,107.86520385742188
Vanilla_DQN,0,107.78429412841797
Vanilla_DQN,0,105.61231231689453
Vanilla_DQN,0,105.69844818115234
Vanilla_DQN,0,106.0184555053711
Vanilla_DQN,0,105.89958953857422
Vanilla_DQN,0,103.87554168701172
Vanilla_DQN,0,103.88324737548828
Vanilla_DQN,0,104.25397491455078
Vanilla_DQN,0,104.09180450439453
Vanilla_DQN,0,101.6842269897461
Vanilla_DQN,0,101.63301086425781
Vanilla_DQN,0,101.95313262939453
Vanilla_DQN,0,101.86653900146484
Vanilla_DQN,0,100.89978790283203
Vanilla_DQN,0,100.83425903320312
Vanilla_DQN,0,101.13627624511719
Vanilla_DQN,0,101.02005767822266
Vanilla_DQN,0,100.74480438232422
Vanilla_DQN,0,100.65860748291016
Vanilla_DQN,0,100.99439239501953
Vanilla_DQN,0,100.76605224609375
Vanilla_DQN,0,98.90131378173828
Vanilla_DQN,0,98.7896499633789
Vanilla_DQN,0,99.07654571533203
Vanilla_DQN,0,98.81117248535156
Vanilla_DQN,0,96.96119689941406
Vanilla_DQN,0,96.90434265136719
Vanilla_DQN,0,97.1157455444336
Vanilla_DQN,0,96.7406005859375
Vanilla_DQN,0,96.54664611816406
Vanilla_DQN,0,96.53904724121094
Vanilla_DQN,0,96.72437286376953
Vanilla_DQN,0,96.28981018066406
Vanilla_DQN,0,94.92094421386719
Vanilla_DQN,0,94.89393615722656
Vanilla_DQN,0,95.01105499267578
Vanilla_DQN,0,94.61557006835938
Vanilla_DQN,0,94.95301055908203
Vanilla_DQN,0,94.98551177978516
Vanilla_DQN,0,95.08131408691406
Vanilla_DQN,0,94.64253234863281
Vanilla_DQN,0,94.08748626708984
Vanilla_DQN,0,94.1630630493164
Vanilla_DQN,0,94.18888092041016
Vanilla_DQN,0,93.76554107666016
Vanilla_DQN,0,93.90705108642578
Vanilla_DQN,0,93.98451232910156
Vanilla_DQN,0,94.02040100097656
Vanilla_DQN,0,93.56358337402344
Vanilla_DQN,0,92.97032928466797
Vanilla_DQN,0,93.04029846191406
Vanilla_DQN,0,93.04188537597656
Vanilla_DQN,0,92.59972381591797
Vanilla_DQN,0,92.06954193115234
Vanilla_DQN,0,92.10418701171875
Vanilla_DQN,0,92.09589385986328
Vanilla_DQN,0,91.6640625
Vanilla_DQN,0,93.81295013427734
Vanilla_DQN,0,93.63893127441406
Vanilla_DQN,0,93.9034194946289
Vanilla_DQN,0,93.64461517333984
Vanilla_DQN,0,91.81372833251953
Vanilla_DQN,0,91.67050170898438
Vanilla_DQN,0,91.828125
Vanilla_DQN,0,91.4310531616211
Vanilla_DQN,0,90.51122283935547
Vanilla_DQN,0,90.39323425292969
Vanilla_DQN,0,90.51939392089844
Vanilla_DQN,0,89.91056060791016
Vanilla_DQN,0,89.62788391113281
Vanilla_DQN,0,89.51924896240234
Vanilla_DQN,0,89.61834716796875
Vanilla_DQN,0,89.04664611816406
Vanilla_DQN,0,92.36052703857422
Vanilla_DQN,0,92.26537322998047
Vanilla_DQN,0,92.534912109375
Vanilla_DQN,0,91.7528305053711
Vanilla_DQN,0,89.84772491455078
Vanilla_DQN,0,89.7577896118164
Vanilla_DQN,0,89.92811584472656
Vanilla_DQN,0,89.2780532836914
Vanilla_DQN,0,88.28682708740234
Vanilla_DQN,0,88.19593811035156
Vanilla_DQN,0,88.38054656982422
Vanilla_DQN,0,87.8590087890625
Vanilla_DQN,0,87.42263793945312
Vanilla_DQN,0,87.31248474121094
Vanilla_DQN,0,87.55828094482422
Vanilla_DQN,0,87.07625579833984
Vanilla_DQN,0,87.0753173828125
Vanilla_DQN,0,86.94931030273438
Vanilla_DQN,0,87.26209259033203
Vanilla_DQN,0,86.78377532958984
Vanilla_DQN,0,85.70761108398438
Vanilla_DQN,0,85.52743530273438
Vanilla_DQN,0,86.1249771118164
Vanilla_DQN,0,85.7720718383789
Vanilla_DQN,0,86.78119659423828
Vanilla_DQN,0,86.60746765136719
Vanilla_DQN,0,87.3469009399414
Vanilla_DQN,0,86.93683624267578
Vanilla_DQN,0,85.02078247070312
Vanilla_DQN,0,84.78392028808594
Vanilla_DQN,0,85.83434295654297
Vanilla_DQN,0,85.66722106933594
Vanilla_DQN,0,86.74980163574219
Vanilla_DQN,0,86.52290344238281
Vanilla_DQN,0,87.71373748779297
Vanilla_DQN,0,87.4574203491211
Vanilla_DQN,0,85.6318588256836
Vanilla_DQN,0,85.40231323242188
Vanilla_DQN,0,86.73487091064453
Vanilla_DQN,0,86.78702545166016
Vanilla_DQN,0,88.82339477539062
Vanilla_DQN,0,88.8046875
Vanilla_DQN,0,90.01484680175781
Vanilla_DQN,0,89.50460815429688
Vanilla_DQN,0,87.40445709228516
Vanilla_DQN,0,87.29359436035156
Vanilla_DQN,0,88.7549819946289
Vanilla_DQN,0,88.5127944946289
Vanilla_DQN,0,89.61711883544922
Vanilla_DQN,0,89.63156127929688
Vanilla_DQN,0,90.99567413330078
Vanilla_DQN,0,90.21089935302734
Vanilla_DQN,0,88.46990966796875
Vanilla_DQN,0,88.39873504638672
Vanilla_DQN,0,89.95575714111328
Vanilla_DQN,0,89.43096923828125
Vanilla_DQN,0,88.46202850341797
Vanilla_DQN,0,88.27313232421875
Vanilla_DQN,0,90.0998306274414
Vanilla_DQN,0,89.54717254638672
Vanilla_DQN,0,88.78459930419922
Vanilla_DQN,0,88.48159790039062
Vanilla_DQN,0,90.5461654663086
Vanilla_DQN,0,90.11788177490234
Vanilla_DQN,0,90.01041412353516
Vanilla_DQN,0,89.58241271972656
Vanilla_DQN,0,91.9456558227539
Vanilla_DQN,0,91.41621398925781
Vanilla_DQN,0,87.81270599365234
Vanilla_DQN,0,87.25959014892578
Vanilla_DQN,0,89.8372573852539
Vanilla_DQN,0,89.37909698486328
Vanilla_DQN,0,85.21147918701172
Vanilla_DQN,0,84.53826904296875
Vanilla_DQN,0,87.2294692993164
Vanilla_DQN,0,86.9255142211914
Vanilla_DQN,0,83.59539031982422
Vanilla_DQN,0,82.83224487304688
Vanilla_DQN,0,85.58454895019531
Vanilla_DQN,0,85.51239776611328
Vanilla_DQN,0,80.00425720214844
Vanilla_DQN,0,79.25944519042969
Vanilla_DQN,0,81.8821029663086
Vanilla_DQN,0,82.01643371582031
Vanilla_DQN,0,81.32471466064453
Vanilla_DQN,0,80.73875427246094
Vanilla_DQN,0,83.24596405029297
Vanilla_DQN,0,82.97997283935547
Vanilla_DQN,0,80.17694854736328
Vanilla_DQN,0,79.55659484863281
Vanilla_DQN,0,82.12276458740234
Vanilla_DQN,0,81.8991470336914
Vanilla_DQN,0,76.84781646728516
Vanilla_DQN,0,76.27635192871094
Vanilla_DQN,0,78.69066619873047
Vanilla_DQN,0,78.65100860595703
Vanilla_DQN,0,75.23636627197266
Vanilla_DQN,0,74.67928314208984
Vanilla_DQN,0,77.0920181274414
Vanilla_DQN,0,76.98632049560547
Vanilla_DQN,0,70.94959259033203
Vanilla_DQN,0,70.47869873046875
Vanilla_DQN,0,72.63957977294922
Vanilla_DQN,0,72.62499237060547
Vanilla_DQN,0,69.04330444335938
Vanilla_DQN,0,68.44202423095703
Vanilla_DQN,0,70.86213684082031
Vanilla_DQN,0,70.7137680053711
Vanilla_DQN,0,67.62439727783203
Vanilla_DQN,0,67.03463745117188
Vanilla_DQN,0,69.39362335205078
Vanilla_DQN,0,69.14418029785156
Vanilla_DQN,0,65.98348999023438
Vanilla_DQN,0,65.36082458496094
Vanilla_DQN,0,67.66625213623047
Vanilla_DQN,0,67.402099609375
Vanilla_DQN,0,65.5253677368164
Vanilla_DQN,0,64.78995513916016
Vanilla_DQN,0,67.0010986328125
Vanilla_DQN,0,67.05120086669922
Vanilla_DQN,0,66.47563934326172
Vanilla_DQN,0,65.86365509033203
Vanilla_DQN,0,67.91100311279297
Vanilla_DQN,0,68.0216293334961
Vanilla_DQN,0,67.93441009521484
Vanilla_DQN,0,67.45246124267578
Vanilla_DQN,0,69.32067108154297
Vanilla_DQN,0,69.50891876220703
Vanilla_DQN,0,70.76336669921875
Vanilla_DQN,0,70.45228576660156
Vanilla_DQN,0,72.05921173095703
Vanilla_DQN,0,72.35716247558594
Vanilla_DQN,0,73.99610900878906
Vanilla_DQN,0,73.78828430175781
Vanilla_DQN,0,75.1437759399414
Vanilla_DQN,0,75.65694427490234
Vanilla_DQN,0,77.74604034423828
Vanilla_DQN,0,77.87989807128906
Vanilla_DQN,0,78.7141342163086
Vanilla_DQN,0,79.3198013305664
Vanilla_DQN,0,80.57534790039062
Vanilla_DQN,0,81.07417297363281
Vanilla_DQN,0,81.27982330322266
Vanilla_DQN,0,81.86705780029297
Vanilla_DQN,0,82.48947143554688
Vanilla_DQN,0,83.34651184082031
Vanilla_DQN,0,82.86553955078125
Vanilla_DQN,0,83.47359466552734
Vanilla_DQN,0,83.47745513916016
Vanilla_DQN,0,84.59396362304688
Vanilla_DQN,0,83.78034210205078
Vanilla_DQN,0,84.24727630615234
Vanilla_DQN,0,84.9006576538086
Vanilla_DQN,0,85.82415771484375
Vanilla_DQN,0,85.13166046142578
Vanilla_DQN,0,85.77474212646484
Vanilla_DQN,0,86.25213623046875
Vanilla_DQN,0,86.98655700683594
Vanilla_DQN,0,86.52867889404297
Vanilla_DQN,0,87.2281265258789
Vanilla_DQN,0,87.03430938720703
Vanilla_DQN,0,87.90994262695312
Vanilla_DQN,0,87.11663055419922
Vanilla_DQN,0,87.79544067382812
Vanilla_DQN,0,88.87796783447266
Vanilla_DQN,0,89.48193359375
Vanilla_DQN,0,89.19843292236328
Vanilla_DQN,0,89.7805404663086
Vanilla_DQN,0,89.96076202392578
Vanilla_DQN,0,90.66323852539062
Vanilla_DQN,0,89.92406463623047
Vanilla_DQN,0,90.57172393798828
Vanilla_DQN,0,91.3426513671875
Vanilla_DQN,0,91.84973907470703
Vanilla_DQN,0,91.41950988769531
Vanilla_DQN,0,91.9903793334961
Vanilla_DQN,0,93.03948974609375
Vanilla_DQN,0,93.64788055419922
Vanilla_DQN,0,92.7593002319336
Vanilla_DQN,0,93.3741226196289
Vanilla_DQN,0,94.5822982788086
Vanilla_DQN,0,95.00477600097656
Vanilla_DQN,0,94.3834228515625
Vanilla_DQN,0,94.9631576538086
Vanilla_DQN,0,96.12344360351562
Vanilla_DQN,0,96.34326934814453
Vanilla_DQN,0,96.05091857910156
Vanilla_DQN,0,96.56818389892578
Vanilla_DQN,0,97.98711395263672
Vanilla_DQN,0,98.36320495605469
Vanilla_DQN,0,97.8837661743164
Vanilla_DQN,0,97.9839096069336
Vanilla_DQN,0,99.89922332763672
Vanilla_DQN,0,99.88240051269531
Vanilla_DQN,0,99.9976577758789
Vanilla_DQN,0,100.08338165283203
Vanilla_DQN,0,102.37841033935547
Vanilla_DQN,0,102.27421569824219
Vanilla_DQN,0,102.60116577148438
Vanilla_DQN,0,102.22332000732422
Vanilla_DQN,0,98.00041961669922
Vanilla_DQN,0,98.00390625
Vanilla_DQN,0,98.10184478759766
Vanilla_DQN,0,98.03772735595703
Vanilla_DQN,0,92.71149444580078
Vanilla_DQN,0,92.92349243164062
Vanilla_DQN,0,92.5599365234375
Vanilla_DQN,0,92.98502349853516
Vanilla_DQN,0,94.616943359375
Vanilla_DQN,0,94.63390350341797
Vanilla_DQN,0,94.83058166503906
Vanilla_DQN,0,94.63472747802734
Vanilla_DQN,0,93.26624298095703
Vanilla_DQN,0,93.22047424316406
Vanilla_DQN,0,93.47794342041016
Vanilla_DQN,0,93.35734558105469
Vanilla_DQN,0,89.2800521850586
Vanilla_DQN,0,89.26175689697266
Vanilla_DQN,0,89.42220306396484
Vanilla_DQN,0,89.62313079833984
Vanilla_DQN,0,90.33514404296875
Vanilla_DQN,0,90.07734680175781
Vanilla_DQN,0,90.84799194335938
Vanilla_DQN,0,90.4140625
Vanilla_DQN,0,86.50780487060547
Vanilla_DQN,0,86.30801391601562
Vanilla_DQN,0,86.92352294921875
Vanilla_DQN,0,86.75666809082031
Vanilla_DQN,0,88.32027435302734
Vanilla_DQN,0,87.83064270019531
Vanilla_DQN,0,88.91056823730469
Vanilla_DQN,0,88.53742980957031
Vanilla_DQN,0,85.58202362060547
Vanilla_DQN,0,85.04502868652344
Vanilla_DQN,0,86.09721374511719
Vanilla_DQN,0,85.96916961669922
Vanilla_DQN,0,80.86559295654297
Vanilla_DQN,0,80.56382751464844
Vanilla_DQN,0,81.2195816040039
Vanilla_DQN,0,81.47301483154297
Vanilla_DQN,0,81.72112274169922
Vanilla_DQN,0,81.12409210205078
Vanilla_DQN,0,82.43989562988281
Vanilla_DQN,0,81.85765838623047
Vanilla_DQN,0,77.13386535644531
Vanilla_DQN,0,76.8104476928711
Vanilla_DQN,0,77.69654083251953
Vanilla_DQN,0,77.48812103271484
Vanilla_DQN,0,75.60453033447266
Vanilla_DQN,0,75.22099304199219
Vanilla_DQN,0,76.14273834228516
Vanilla_DQN,0,76.01959991455078
Vanilla_DQN,0,72.45369720458984
Vanilla_DQN,0,72.15367126464844
Vanilla_DQN,0,72.8891372680664
Vanilla_DQN,0,73.00849151611328
Vanilla_DQN,0,73.65929412841797
Vanilla_DQN,0,73.4726791381836
Vanilla_DQN,0,74.18323516845703
Vanilla_DQN,0,73.55708312988281
Vanilla_DQN,0,69.02178192138672
Vanilla_DQN,0,69.25270080566406
Vanilla_DQN,0,69.43553924560547
Vanilla_DQN,0,69.22503662109375
Vanilla_DQN,0,66.56055450439453
Vanilla_DQN,0,67.16321563720703
Vanilla_DQN,0,66.9902114868164
Vanilla_DQN,0,66.92698669433594
Vanilla_DQN,0,70.25519561767578
Vanilla_DQN,0,70.76671600341797
Vanilla_DQN,0,70.57781219482422
Vanilla_DQN,0,70.67872619628906
Vanilla_DQN,0,73.90702819824219
Vanilla_DQN,0,74.32254028320312
Vanilla_DQN,0,74.1396713256836
Vanilla_DQN,0,74.33560943603516
Vanilla_DQN,0,75.92826080322266
Vanilla_DQN,0,76.4366683959961
Vanilla_DQN,0,76.12841033935547
Vanilla_DQN,0,75.57128143310547
Vanilla_DQN,0,78.39490509033203
Vanilla_DQN,0,78.81390380859375
Vanilla_DQN,0,78.67871856689453
Vanilla_DQN,0,77.94940185546875
Vanilla_DQN,0,80.63123321533203
Vanilla_DQN,0,80.96469116210938
Vanilla_DQN,0,81.07015228271484
Vanilla_DQN,0,79.95994567871094
Vanilla_DQN,0,78.30646514892578
Vanilla_DQN,0,78.9405746459961
Vanilla_DQN,0,78.47074127197266
Vanilla_DQN,0,78.10480499267578
Vanilla_DQN,0,81.39036560058594
Vanilla_DQN,0,81.75906372070312
Vanilla_DQN,0,81.69246673583984
Vanilla_DQN,0,81.07305145263672
Vanilla_DQN,0,83.56721496582031
Vanilla_DQN,0,83.51935577392578
Vanilla_DQN,0,84.09468841552734
Vanilla_DQN,0,82.9117202758789
Vanilla_DQN,0,82.37603759765625
Vanilla_DQN,0,82.5315933227539
Vanilla_DQN,0,82.8113784790039
Vanilla_DQN,0,81.83856964111328
Vanilla_DQN,0,80.89351654052734
Vanilla_DQN,0,81.3304443359375
Vanilla_DQN,0,81.10188293457031
Vanilla_DQN,0,80.74540710449219
Vanilla_DQN,0,82.48873901367188
Vanilla_DQN,0,82.45420837402344
Vanilla_DQN,0,83.04424285888672
Vanilla_DQN,0,82.04696655273438
Vanilla_DQN,0,81.69341278076172
Vanilla_DQN,0,81.78436279296875
Vanilla_DQN,0,81.85062408447266
Vanilla_DQN,0,81.74832916259766
Vanilla_DQN,0,81.78549194335938
Vanilla_DQN,0,81.84961700439453
Vanilla_DQN,0,81.99250793457031
Vanilla_DQN,0,81.7409896850586
Vanilla_DQN,0,81.82643127441406
Vanilla_DQN,0,81.90849304199219
Vanilla_DQN,0,81.97595977783203
Vanilla_DQN,0,81.94701385498047
Vanilla_DQN,0,80.35582733154297
Vanilla_DQN,0,80.61421203613281
Vanilla_DQN,0,80.2590560913086
Vanilla_DQN,0,80.85227966308594
Vanilla_DQN,0,81.90657806396484
Vanilla_DQN,0,82.163330078125
Vanilla_DQN,0,82.40342712402344
Vanilla_DQN,0,81.13513946533203
Vanilla_DQN,0,80.20648193359375
Vanilla_DQN,0,80.6947250366211
Vanilla_DQN,0,80.40606689453125
Vanilla_DQN,0,79.96292877197266
Vanilla_DQN,0,82.24554443359375
Vanilla_DQN,0,82.3611068725586
Vanilla_DQN,0,82.72095489501953
Vanilla_DQN,0,81.80638122558594
Vanilla_DQN,0,80.12381744384766
Vanilla_DQN,0,80.3638916015625
Vanilla_DQN,0,80.14481353759766
Vanilla_DQN,0,80.19580841064453
Vanilla_DQN,0,82.2716064453125
Vanilla_DQN,0,82.2278060913086
Vanilla_DQN,0,82.63739776611328
Vanilla_DQN,0,82.11836242675781
Vanilla_DQN,0,81.71756744384766
Vanilla_DQN,0,81.75621032714844
Vanilla_DQN,0,82.0027084350586
Vanilla_DQN,0,81.6954345703125
Vanilla_DQN,0,77.80579376220703
Vanilla_DQN,0,78.14375305175781
Vanilla_DQN,0,77.58684539794922
Vanilla_DQN,0,78.28125762939453
Vanilla_DQN,0,80.63481140136719
Vanilla_DQN,0,80.9576416015625
Vanilla_DQN,0,80.98531341552734
Vanilla_DQN,0,80.33770751953125
Vanilla_DQN,0,78.51737976074219
Vanilla_DQN,0,78.88667297363281
Vanilla_DQN,0,78.50145721435547
Vanilla_DQN,0,78.63562774658203
Vanilla_DQN,0,81.01631927490234
Vanilla_DQN,0,81.2890396118164
Vanilla_DQN,0,81.33203887939453
Vanilla_DQN,0,81.01496887207031
Vanilla_DQN,0,78.89115905761719
Vanilla_DQN,0,79.26821899414062
Vanilla_DQN,0,78.8386459350586
Vanilla_DQN,0,79.34696197509766
Vanilla_DQN,0,80.96590423583984
Vanilla_DQN,0,81.45256805419922
Vanilla_DQN,0,81.67723083496094
Vanilla_DQN,0,80.35466766357422
Vanilla_DQN,0,80.3869400024414
Vanilla_DQN,0,80.93898010253906
Vanilla_DQN,0,81.01971435546875
Vanilla_DQN,0,79.90046691894531
Vanilla_DQN,0,79.48802947998047
Vanilla_DQN,0,80.14013671875
Vanilla_DQN,0,79.99335479736328
Vanilla_DQN,0,79.18602752685547
Vanilla_DQN,0,82.30408477783203
Vanilla_DQN,0,82.7529067993164
Vanilla_DQN,0,83.06278228759766
Vanilla_DQN,0,82.0698013305664
Vanilla_DQN,0,80.17073822021484
Vanilla_DQN,0,80.64209747314453
Vanilla_DQN,0,80.32459259033203
Vanilla_DQN,0,80.59427642822266
Vanilla_DQN,0,82.48741149902344
Vanilla_DQN,0,82.83454132080078
Vanilla_DQN,0,82.93212127685547
Vanilla_DQN,0,82.74295806884766
Vanilla_DQN,0,78.6009750366211
Vanilla_DQN,0,79.17346954345703
Vanilla_DQN,0,78.50621032714844
Vanilla_DQN,0,79.11273956298828
Vanilla_DQN,0,82.0955581665039
Vanilla_DQN,0,82.1318359375
Vanilla_DQN,0,82.35584259033203
Vanilla_DQN,0,82.6105728149414
Vanilla_DQN,0,85.110595703125
Vanilla_DQN,0,84.94570922851562
Vanilla_DQN,0,86.20586395263672
Vanilla_DQN,0,84.68256378173828
Vanilla_DQN,0,83.31936645507812
Vanilla_DQN,0,83.20823669433594
Vanilla_DQN,0,84.0001449584961
Vanilla_DQN,0,83.1026382446289
Vanilla_DQN,0,78.99726867675781
Vanilla_DQN,0,79.34635925292969
Vanilla_DQN,0,79.20134735107422
Vanilla_DQN,0,78.9494857788086
Vanilla_DQN,0,83.11608123779297
Vanilla_DQN,0,82.74551391601562
Vanilla_DQN,0,83.84078979492188
Vanilla_DQN,0,83.0088882446289
Vanilla_DQN,0,81.85814666748047
Vanilla_DQN,0,81.52597045898438
Vanilla_DQN,0,82.53568267822266
Vanilla_DQN,0,81.62425994873047
Vanilla_DQN,0,80.33905029296875
Vanilla_DQN,0,80.25704956054688
Vanilla_DQN,0,80.8005142211914
Vanilla_DQN,0,80.3863296508789
Vanilla_DQN,0,79.79727935791016
Vanilla_DQN,0,79.78526306152344
Vanilla_DQN,0,80.1794204711914
Vanilla_DQN,0,80.0336685180664
Vanilla_DQN,0,77.99591827392578
Vanilla_DQN,0,78.09646606445312
Vanilla_DQN,0,78.21121978759766
Vanilla_DQN,0,78.27233123779297
Vanilla_DQN,0,81.50347137451172
Vanilla_DQN,0,81.40237426757812
Vanilla_DQN,0,82.26912689208984
Vanilla_DQN,0,81.18843841552734
Vanilla_DQN,0,81.23560333251953
Vanilla_DQN,0,81.01721954345703
Vanilla_DQN,0,82.16792297363281
Vanilla_DQN,0,80.68146514892578
Vanilla_DQN,0,77.78936004638672
Vanilla_DQN,0,77.73919677734375
Vanilla_DQN,0,78.46063995361328
Vanilla_DQN,0,77.20939636230469
Vanilla_DQN,0,73.19512176513672
Vanilla_DQN,0,73.4949722290039
Vanilla_DQN,0,73.34387969970703
Vanilla_DQN,0,72.7005844116211
Vanilla_DQN,0,77.51651763916016
Vanilla_DQN,0,77.21663665771484
Vanilla_DQN,0,78.24293518066406
Vanilla_DQN,0,77.06792449951172
Vanilla_DQN,0,74.49315643310547
Vanilla_DQN,0,74.2201156616211
Vanilla_DQN,0,74.99492645263672
Vanilla_DQN,0,73.97087860107422
Vanilla_DQN,0,72.0749282836914
Vanilla_DQN,0,71.82125091552734
Vanilla_DQN,0,72.28518676757812
Vanilla_DQN,0,71.48483276367188
Vanilla_DQN,0,68.19664764404297
Vanilla_DQN,0,68.22615051269531
Vanilla_DQN,0,67.67735290527344
Vanilla_DQN,0,67.45596313476562
Double_DQN,0,92.66780090332031
Double_DQN,0,93.3520278930664
Double_DQN,0,88.5340347290039
Double_DQN,0,90.12922668457031
Double_DQN,0,95.05850982666016
Double_DQN,0,95.72846984863281
Double_DQN,0,91.14141082763672
Double_DQN,0,92.61978912353516
Double_DQN,0,97.3483657836914
Double_DQN,0,97.96517181396484
Double_DQN,0,93.68911743164062
Double_DQN,0,95.0367660522461
Double_DQN,0,98.4845962524414
Double_DQN,0,98.90833282470703
Double_DQN,0,95.34880828857422
Double_DQN,0,96.62821960449219
Double_DQN,0,98.82540130615234
Double_DQN,0,99.06057739257812
Double_DQN,0,96.20848846435547
Double_DQN,0,97.47178649902344
Double_DQN,0,98.87334442138672
Double_DQN,0,98.87313079833984
Double_DQN,0,96.85823822021484
Double_DQN,0,98.11256408691406
Double_DQN,0,100.1939697265625
Double_DQN,0,100.18372344970703
Double_DQN,0,98.48101043701172
Double_DQN,0,99.48863220214844
Double_DQN,0,101.59327697753906
Double_DQN,0,101.56678771972656
Double_DQN,0,100.16437530517578
Double_DQN,0,100.92581176757812
Double_DQN,0,103.10037231445312
Double_DQN,0,103.07276153564453
Double_DQN,0,101.92534637451172
Double_DQN,0,102.44404602050781
Double_DQN,0,104.79529571533203
Double_DQN,0,104.76847839355469
Double_DQN,0,103.87640380859375
Double_DQN,0,104.14566040039062
Double_DQN,0,106.58007049560547
Double_DQN,0,106.54961395263672
Double_DQN,0,105.91970825195312
Double_DQN,0,105.93505859375
Double_DQN,0,108.03778076171875
Double_DQN,0,107.99195098876953
Double_DQN,0,107.64409637451172
Double_DQN,0,107.41252136230469
Double_DQN,0,109.25760650634766
Double_DQN,0,109.17554473876953
Double_DQN,0,109.17021179199219
Double_DQN,0,108.67797088623047
Double_DQN,0,109.65737915039062
Double_DQN,0,109.52080535888672
Double_DQN,0,110.0000991821289
Double_DQN,0,109.1789321899414
Double_DQN,0,108.0098876953125
Double_DQN,0,107.82278442382812
Double_DQN,0,108.20014190673828
Double_DQN,0,107.4465103149414
Double_DQN,0,104.92974853515625
Double_DQN,0,104.62429809570312
Double_DQN,0,105.15518951416016
Double_DQN,0,104.55419158935547
Double_DQN,0,105.3287582397461
Double_DQN,0,104.88430786132812
Double_DQN,0,105.94397735595703
Double_DQN,0,105.00201416015625
Double_DQN,0,103.1593017578125
Double_DQN,0,102.53638458251953
Double_DQN,0,103.92737579345703
Double_DQN,0,102.9766845703125
Double_DQN,0,101.5016860961914
Double_DQN,0,100.89521026611328
Double_DQN,0,102.05599975585938
Double_DQN,0,101.20547485351562
Double_DQN,0,100.03772735595703
Double_DQN,0,99.4517593383789
Double_DQN,0,100.33734893798828
Double_DQN,0,99.58781433105469
Double_DQN,0,99.46662139892578
Double_DQN,0,98.82891082763672
Double_DQN,0,99.74930572509766
Double_DQN,0,98.91738891601562
Double_DQN,0,96.67182159423828
Double_DQN,0,95.92892456054688
Double_DQN,0,96.92140197753906
Double_DQN,0,96.23341369628906
Double_DQN,0,96.71514129638672
Double_DQN,0,95.93670654296875
Double_DQN,0,96.98892974853516
Double_DQN,0,96.1490249633789
Double_DQN,0,95.87027740478516
Double_DQN,0,95.04338073730469
Double_DQN,0,96.08306121826172
Double_DQN,0,95.2092056274414
Double_DQN,0,94.69230651855469
Double_DQN,0,93.80509948730469
Double_DQN,0,95.01709747314453
Double_DQN,0,94.08393096923828
Double_DQN,0,92.76390838623047
Double_DQN,0,91.79828643798828
Double_DQN,0,93.11981964111328
Double_DQN,0,92.23079681396484
Double_DQN,0,90.81912231445312
Double_DQN,0,89.72581481933594
Double_DQN,0,91.30091857910156
Double_DQN,0,90.41666412353516
Double_DQN,0,90.22396850585938
Double_DQN,0,89.10437774658203
Double_DQN,0,90.67435455322266
Double_DQN,0,89.72534942626953
Double_DQN,0,87.3824234008789
Double_DQN,0,86.17882537841797
Double_DQN,0,87.85881042480469
Double_DQN,0,86.95682525634766
Double_DQN,0,85.49756622314453
Double_DQN,0,84.07490539550781
Double_DQN,0,86.0156478881836
Double_DQN,0,85.1157455444336
Double_DQN,0,83.764892578125
Double_DQN,0,82.27263641357422
Double_DQN,0,84.35073852539062
Double_DQN,0,83.36347961425781
Double_DQN,0,81.0271224975586
Double_DQN,0,79.29842376708984
Double_DQN,0,81.65218353271484
Double_DQN,0,80.688232421875
Double_DQN,0,77.40689849853516
Double_DQN,0,75.6099624633789
Double_DQN,0,78.0504150390625
Double_DQN,0,77.0724868774414
Double_DQN,0,74.55453491210938
Double_DQN,0,72.67388916015625
Double_DQN,0,75.2429428100586
Double_DQN,0,74.2293472290039
Double_DQN,0,72.4697265625
Double_DQN,0,70.40980529785156
Double_DQN,0,73.23145294189453
Double_DQN,0,72.19090270996094
Double_DQN,0,71.26185607910156
Double_DQN,0,69.03504943847656
Double_DQN,0,72.12203216552734
Double_DQN,0,71.02853393554688
Double_DQN,0,69.05802154541016
Double_DQN,0,66.61310577392578
Double_DQN,0,69.97696685791016
Double_DQN,0,68.91219329833984
Double_DQN,0,69.11682891845703
Double_DQN,0,66.48287963867188
Double_DQN,0,70.1886215209961
Double_DQN,0,69.02764892578125
Double_DQN,0,66.1253662109375
Double_DQN,0,63.27655029296875
Double_DQN,0,67.29429626464844
Double_DQN,0,66.13705444335938
Double_DQN,0,66.45560455322266
Double_DQN,0,63.37272644042969
Double_DQN,0,67.85130310058594
Double_DQN,0,66.53712463378906
Double_DQN,0,64.07321166992188
Double_DQN,0,60.87248611450195
Double_DQN,0,65.62480163574219
Double_DQN,0,64.19673156738281
Double_DQN,0,64.19303131103516
Double_DQN,0,60.7430534362793
Double_DQN,0,66.01274108886719
Double_DQN,0,64.39965057373047
Double_DQN,0,62.81334686279297
Double_DQN,0,59.04546356201172
Double_DQN,0,64.65667724609375
Double_DQN,0,62.998497009277344
Double_DQN,0,63.667606353759766
Double_DQN,0,59.694698333740234
Double_DQN,0,65.49674224853516
Double_DQN,0,63.76461410522461
Double_DQN,0,62.37252426147461
Double_DQN,0,57.90526580810547
Double_DQN,0,64.04200744628906
Double_DQN,0,62.344757080078125
Double_DQN,0,63.436885833740234
Double_DQN,0,58.66461181640625
Double_DQN,0,65.16717529296875
Double_DQN,0,63.377357482910156
Double_DQN,0,62.98551940917969
Double_DQN,0,57.86640930175781
Double_DQN,0,64.7142105102539
Double_DQN,0,62.95286560058594
Double_DQN,0,64.2042465209961
Double_DQN,0,58.85498809814453
Double_DQN,0,66.1052474975586
Double_DQN,0,64.2537841796875
Double_DQN,0,64.6745834350586
Double_DQN,0,59.353248596191406
Double_DQN,0,66.40684509277344
Double_DQN,0,64.69469451904297
Double_DQN,0,64.7216567993164
Double_DQN,0,59.47504806518555
Double_DQN,0,66.23226165771484
Double_DQN,0,64.71224975585938
Double_DQN,0,63.64012908935547
Double_DQN,0,58.32620620727539
Double_DQN,0,65.08686065673828
Double_DQN,0,63.71635055541992
Double_DQN,0,62.568153381347656
Double_DQN,0,57.42504119873047
Double_DQN,0,63.839111328125
Double_DQN,0,62.57233810424805
Double_DQN,0,61.73194885253906
Double_DQN,0,56.75163269042969
Double_DQN,0,62.83149719238281
Double_DQN,0,61.660831451416016
Double_DQN,0,61.87031555175781
Double_DQN,0,56.902156829833984
Double_DQN,0,62.94455337524414
Double_DQN,0,61.806671142578125
Double_DQN,0,58.645626068115234
Double_DQN,0,53.839332580566406
Double_DQN,0,59.67015075683594
Double_DQN,0,58.636314392089844
Double_DQN,0,58.87355422973633
Double_DQN,0,54.180110931396484
Double_DQN,0,59.833892822265625
Double_DQN,0,58.81937789916992
Double_DQN,0,56.28718185424805
Double_DQN,0,51.68703842163086
Double_DQN,0,56.76668167114258
Double_DQN,0,56.18179702758789
Double_DQN,0,56.72593307495117
Double_DQN,0,52.05016326904297
Double_DQN,0,56.967403411865234
Double_DQN,0,56.53312683105469
Double_DQN,0,55.4771614074707
Double_DQN,0,50.44471740722656
Double_DQN,0,55.20177459716797
Double_DQN,0,55.42561340332031
Double_DQN,0,58.12528991699219
Double_DQN,0,53.06501388549805
Double_DQN,0,58.160736083984375
Double_DQN,0,58.02121353149414
Double_DQN,0,57.50936508178711
Double_DQN,0,52.1937370300293
Double_DQN,0,57.22145462036133
Double_DQN,0,57.49476623535156
Double_DQN,0,59.72974395751953
Double_DQN,0,54.361297607421875
Double_DQN,0,59.74676513671875
Double_DQN,0,59.690696716308594
Double_DQN,0,56.32612991333008
Double_DQN,0,50.65501403808594
Double_DQN,0,55.628700256347656
Double_DQN,0,56.57363510131836
Double_DQN,0,58.90971755981445
Double_DQN,0,53.7522087097168
Double_DQN,0,58.50806427001953
Double_DQN,0,58.66800308227539
Double_DQN,0,60.92473602294922
Double_DQN,0,55.862979888916016
Double_DQN,0,60.870826721191406
Double_DQN,0,60.651268005371094
Double_DQN,0,62.97397232055664
Double_DQN,0,57.925758361816406
Double_DQN,0,63.20339584350586
Double_DQN,0,62.752872467041016
Double_DQN,0,63.037574768066406
Double_DQN,0,57.76762771606445
Double_DQN,0,63.29814147949219
Double_DQN,0,62.97480773925781
Double_DQN,0,61.591087341308594
Double_DQN,0,56.11958312988281
Double_DQN,0,61.743133544921875
Double_DQN,0,61.753868103027344
Double_DQN,0,64.41141510009766
Double_DQN,0,59.34810256958008
Double_DQN,0,64.75643157958984
Double_DQN,0,64.2444076538086
Double_DQN,0,64.08430480957031
Double_DQN,0,58.97434616088867
Double_DQN,0,64.47976684570312
Double_DQN,0,64.06983947753906
Double_DQN,0,62.99858474731445
Double_DQN,0,57.83619689941406
Double_DQN,0,63.376220703125
Double_DQN,0,63.173606872558594
Double_DQN,0,60.24590301513672
Double_DQN,0,55.687557220458984
Double_DQN,0,60.20478820800781
Double_DQN,0,60.736183166503906
Double_DQN,0,63.65541458129883
Double_DQN,0,59.702720642089844
Double_DQN,0,63.80349349975586
Double_DQN,0,63.67797088623047
Double_DQN,0,63.84876251220703
Double_DQN,0,60.03346633911133
Double_DQN,0,63.74025344848633
Double_DQN,0,64.06367492675781
Double_DQN,0,67.73294067382812
Double_DQN,0,64.74787139892578
Double_DQN,0,67.67670440673828
Double_DQN,0,67.2231216430664
Double_DQN,0,70.00862121582031
Double_DQN,0,67.30579376220703
Double_DQN,0,70.24050903320312
Double_DQN,0,69.50922393798828
Double_DQN,0,69.00860595703125
Double_DQN,0,66.09693145751953
Double_DQN,0,69.17717742919922
Double_DQN,0,68.66395568847656
Double_DQN,0,68.51964569091797
Double_DQN,0,65.62004089355469
Double_DQN,0,68.12383270263672
Double_DQN,0,68.50049591064453
Double_DQN,0,70.61128234863281
Double_DQN,0,68.0302505493164
Double_DQN,0,70.59269714355469
Double_DQN,0,70.52474212646484
Double_DQN,0,72.65998840332031
Double_DQN,0,70.3768081665039
Double_DQN,0,72.95862579345703
Double_DQN,0,72.57574462890625
Double_DQN,0,71.3167953491211
Double_DQN,0,68.58528137207031
Double_DQN,0,70.99458312988281
Double_DQN,0,71.54086303710938
Double_DQN,0,74.201171875
Double_DQN,0,72.48175048828125
Double_DQN,0,74.25804138183594
Double_DQN,0,73.91788482666016
Double_DQN,0,72.77407836914062
Double_DQN,0,70.21633911132812
Double_DQN,0,72.08100128173828
Double_DQN,0,72.92526245117188
Double_DQN,0,75.29759216308594
Double_DQN,0,73.6581039428711
Double_DQN,0,75.01795959472656
Double_DQN,0,75.07792663574219
Double_DQN,0,77.06051635742188
Double_DQN,0,75.96326446533203
Double_DQN,0,77.23342895507812
Double_DQN,0,76.78495788574219
Double_DQN,0,78.40017700195312
Double_DQN,0,77.89644622802734
Double_DQN,0,78.92156219482422
Double_DQN,0,77.99913024902344
Double_DQN,0,79.71138000488281
Double_DQN,0,79.53418731689453
Double_DQN,0,80.57891082763672
Double_DQN,0,79.3466796875
Double_DQN,0,79.47140502929688
Double_DQN,0,79.20906829833984
Double_DQN,0,80.15174865722656
Double_DQN,0,79.3034896850586
Double_DQN,0,79.85755157470703
Double_DQN,0,79.64404296875
Double_DQN,0,80.51756286621094
Double_DQN,0,79.82152557373047
Double_DQN,0,80.293701171875
Double_DQN,0,80.56476593017578
Double_DQN,0,81.33549499511719
Double_DQN,0,80.26099395751953
Double_DQN,0,79.38484954833984
Double_DQN,0,79.33159637451172
Double_DQN,0,79.9130859375
Double_DQN,0,79.58678436279297
Double_DQN,0,79.26880645751953
Double_DQN,0,79.30393981933594
Double_DQN,0,79.897705078125
Double_DQN,0,79.5443344116211
Double_DQN,0,79.17133331298828
Double_DQN,0,78.73983764648438
Double_DQN,0,78.98167419433594
Double_DQN,0,79.75865936279297
Double_DQN,0,78.2049560546875
Double_DQN,0,78.46649169921875
Double_DQN,0,78.73673248291016
Double_DQN,0,78.79611206054688
Double_DQN,0,77.00054168701172
Double_DQN,0,77.78584289550781
Double_DQN,0,78.05117797851562
Double_DQN,0,77.48196411132812
Double_DQN,0,77.0099868774414
Double_DQN,0,77.6959457397461
Double_DQN,0,77.73373413085938
Double_DQN,0,77.72856140136719
Double_DQN,0,78.5411148071289
Double_DQN,0,78.90495300292969
Double_DQN,0,78.55271911621094
Double_DQN,0,79.52571105957031
Double_DQN,0,77.5467300415039
Double_DQN,0,77.86758422851562
Double_DQN,0,77.60969543457031
Double_DQN,0,77.96217346191406
Double_DQN,0,76.29735565185547
Double_DQN,0,76.79706573486328
Double_DQN,0,76.66171264648438
Double_DQN,0,76.22532653808594
Double_DQN,0,77.80680084228516
Double_DQN,0,78.09109497070312
Double_DQN,0,78.24066162109375
Double_DQN,0,77.7579345703125
Double_DQN,0,78.15450286865234
Double_DQN,0,78.3250503540039
Double_DQN,0,78.46226501464844
Double_DQN,0,78.04684448242188
Double_DQN,0,77.50821685791016
Double_DQN,0,77.865478515625
Double_DQN,0,77.5873794555664
Double_DQN,0,77.60411071777344
Double_DQN,0,78.87621307373047
Double_DQN,0,78.8213882446289
Double_DQN,0,78.93875885009766
Double_DQN,0,79.11354064941406
Double_DQN,0,77.3098373413086
Double_DQN,0,77.45188903808594
Double_DQN,0,77.814208984375
Double_DQN,0,77.28189849853516
Double_DQN,0,76.95575714111328
Double_DQN,0,77.30692291259766
Double_DQN,0,77.64534759521484
Double_DQN,0,76.98234558105469
Double_DQN,0,75.60784912109375
Double_DQN,0,76.23699188232422
Double_DQN,0,76.08672332763672
Double_DQN,0,75.8235092163086
Double_DQN,0,77.59712982177734
Double_DQN,0,77.67247009277344
Double_DQN,0,77.9426498413086
Double_DQN,0,78.01620483398438
Double_DQN,0,75.82611846923828
Double_DQN,0,76.1396713256836
Double_DQN,0,76.57954406738281
Double_DQN,0,75.94502258300781
Double_DQN,0,74.33577728271484
Double_DQN,0,74.98717498779297
Double_DQN,0,74.8442611694336
Double_DQN,0,74.57708740234375
Double_DQN,0,75.79412841796875
Double_DQN,0,76.03197479248047
Double_DQN,0,76.18036651611328
Double_DQN,0,76.08877563476562
Double_DQN,0,74.884521484375
Double_DQN,0,75.22579956054688
Double_DQN,0,75.19029998779297
Double_DQN,0,75.13758087158203
Double_DQN,0,76.61505889892578
Double_DQN,0,76.50298309326172
Double_DQN,0,76.73921966552734
Double_DQN,0,76.95893859863281
Double_DQN,0,74.34523010253906
Double_DQN,0,74.64519500732422
Double_DQN,0,74.73180389404297
Double_DQN,0,74.29747009277344
Double_DQN,0,72.8803939819336
Double_DQN,0,73.0964584350586
Double_DQN,0,73.11060333251953
Double_DQN,0,72.85227966308594
Double_DQN,0,70.72964477539062
Double_DQN,0,71.38600158691406
Double_DQN,0,70.92671966552734
Double_DQN,0,70.65847778320312
Double_DQN,0,72.76883697509766
Double_DQN,0,72.95393371582031
Double_DQN,0,72.68376922607422
Double_DQN,0,72.79603576660156
Double_DQN,0,74.95524597167969
Double_DQN,0,74.7762222290039
Double_DQN,0,74.62391662597656
Double_DQN,0,74.95380401611328
Double_DQN,0,75.75312042236328
Double_DQN,0,75.68496704101562
Double_DQN,0,75.45687866210938
Double_DQN,0,75.498291015625
Double_DQN,0,76.49500274658203
Double_DQN,0,76.62432098388672
Double_DQN,0,76.26930236816406
Double_DQN,0,75.97037506103516
Double_DQN,0,78.495849609375
Double_DQN,0,78.51290893554688
Double_DQN,0,78.26498413085938
Double_DQN,0,77.998291015625
Double_DQN,0,79.78327178955078
Double_DQN,0,79.72124481201172
Double_DQN,0,79.71710968017578
Double_DQN,0,79.51432037353516
Double_DQN,0,79.40412139892578
Double_DQN,0,79.51243591308594
Double_DQN,0,79.47059631347656
Double_DQN,0,78.99293518066406
Double_DQN,0,78.62129974365234
Double_DQN,0,78.60511016845703
Double_DQN,0,79.03113555908203
Double_DQN,0,78.76139831542969
Double_DQN,0,77.84423828125
Double_DQN,0,77.8063735961914
Double_DQN,0,78.03006744384766
Double_DQN,0,78.0190658569336
Double_DQN,0,76.7200698852539
Double_DQN,0,76.6720199584961
Double_DQN,0,76.6749496459961
Double_DQN,0,76.88197326660156
Double_DQN,0,76.3198471069336
Double_DQN,0,76.7850570678711
Double_DQN,0,76.43486785888672
Double_DQN,0,75.76200866699219
Double_DQN,0,75.10722351074219
Double_DQN,0,75.37439727783203
Double_DQN,0,75.73377990722656
Double_DQN,0,75.36598205566406
Double_DQN,0,73.41567993164062
Double_DQN,0,73.76628875732422
Double_DQN,0,74.05794525146484
Double_DQN,0,73.51559448242188
Double_DQN,0,72.87970733642578
Double_DQN,0,73.181884765625
Double_DQN,0,73.23294830322266
Double_DQN,0,73.22498321533203
Double_DQN,0,72.40536499023438
Double_DQN,0,72.78335571289062
Double_DQN,0,72.8222427368164
Double_DQN,0,72.84269714355469
Double_DQN,0,71.18316650390625
Double_DQN,0,71.86282348632812
Double_DQN,0,71.9638671875
Double_DQN,0,70.8310546875
Double_DQN,0,69.58694458007812
Double_DQN,0,70.30428314208984
Double_DQN,0,70.15750885009766
Double_DQN,0,69.30899047851562
Double_DQN,0,69.76227569580078
Double_DQN,0,70.55123138427734
Double_DQN,0,70.71086883544922
Double_DQN,0,69.7582015991211
Double_DQN,0,69.31685638427734
Double_DQN,0,70.09870147705078
Double_DQN,0,70.10770416259766
Double_DQN,0,69.48396301269531
Double_DQN,0,67.94507598876953
Double_DQN,0,68.69808197021484
Double_DQN,0,68.39998626708984
Double_DQN,0,68.21695709228516
Double_DQN,0,68.4449691772461
Double_DQN,0,69.35245513916016
Double_DQN,0,69.34488677978516
Double_DQN,0,69.12105560302734
Double_DQN,0,68.70657348632812
Double_DQN,0,69.79480743408203
Double_DQN,0,70.17398071289062
Double_DQN,0,69.78607177734375
Double_DQN,0,67.17154693603516
Double_DQN,0,68.30144500732422
Double_DQN,0,68.49275207519531
Double_DQN,0,68.21875762939453
Double_DQN,0,66.02564239501953
Double_DQN,0,67.16197967529297
Double_DQN,0,67.34473419189453
Double_DQN,0,67.04737854003906
Double_DQN,0,65.34662628173828
Double_DQN,0,66.44666290283203
Double_DQN,0,66.58194732666016
Double_DQN,0,66.48262786865234
Double_DQN,0,65.00041198730469
Double_DQN,0,66.04354095458984
Double_DQN,0,66.08436584472656
Double_DQN,0,66.32195281982422
Double_DQN,0,66.65630340576172
Double_DQN,0,67.42071533203125
Double_DQN,0,68.23198699951172
Double_DQN,0,67.6627197265625
Double_DQN,0,66.15943145751953
Double_DQN,0,66.86864471435547
Double_DQN,0,67.39904022216797
Double_DQN,0,67.38848114013672
Double_DQN,0,64.07437133789062
Double_DQN,0,64.78179168701172
Double_DQN,0,64.69934844970703
Double_DQN,0,65.48905181884766
Double_DQN,0,65.60416412353516
Double_DQN,0,66.26171875
Double_DQN,0,67.04547119140625
Double_DQN,0,66.73951721191406
Double_DQN,0,65.0935287475586
Double_DQN,0,65.58182525634766
Double_DQN,0,66.03691101074219
Double_DQN,0,66.394287109375
Double_DQN,0,64.20166778564453
Double_DQN,0,65.1003646850586
Double_DQN,0,66.12262725830078
Double_DQN,0,65.1590576171875
Double_DQN,0,61.37781524658203
Double_DQN,0,62.22552490234375
Double_DQN,0,62.73045349121094
Double_DQN,0,62.538658142089844
Double_DQN,0,60.09686279296875
Double_DQN,0,61.01964569091797
Double_DQN,0,61.487491607666016
Double_DQN,0,61.2576904296875
Double_DQN,0,58.10845947265625
Double_DQN,0,58.998748779296875
Double_DQN,0,59.08623504638672
Double_DQN,0,59.383636474609375
Double_DQN,0,56.174583435058594
Double_DQN,0,57.85004806518555
Double_DQN,0,58.37347412109375
Double_DQN,0,57.94369888305664
Double_DQN,0,53.997859954833984
Double_DQN,0,55.521183013916016
Double_DQN,0,55.65901184082031
Double_DQN,0,55.73770523071289
Double_DQN,0,51.45175552368164
Double_DQN,0,53.71324157714844
Double_DQN,0,54.73398208618164
Double_DQN,0,53.90414810180664
Double_DQN,0,51.038307189941406
Double_DQN,0,53.49678421020508
Double_DQN,0,54.03682327270508
Double_DQN,0,53.4792366027832
Double_DQN,0,48.863311767578125
Double_DQN,0,51.529640197753906
Double_DQN,0,51.41258239746094
Double_DQN,0,51.32472229003906
Double_DQN,0,52.63508987426758
Double_DQN,0,54.84996032714844
Double_DQN,0,55.593482971191406
Double_DQN,0,54.840370178222656
Double_DQN,0,53.607513427734375
Double_DQN,0,55.94343566894531
Double_DQN,0,56.57512664794922
Double_DQN,0,55.74905014038086
Double_DQN,0,53.09586715698242
Double_DQN,0,55.46458053588867
Double_DQN,0,56.043373107910156
Double_DQN,0,55.238067626953125
Double_DQN,0,51.72437286376953
Double_DQN,0,54.218177795410156
Double_DQN,0,53.978729248046875
Double_DQN,0,53.78388214111328
Double_DQN,0,55.16714096069336
Double_DQN,0,57.228607177734375
Double_DQN,0,57.71528625488281
Double_DQN,0,56.94751739501953
Double_DQN,0,56.93571853637695
Double_DQN,0,58.967323303222656
Double_DQN,0,59.296531677246094
Double_DQN,0,58.50574493408203
Double_DQN,0,57.210296630859375
Double_DQN,0,58.838924407958984
Double_DQN,0,58.68491744995117
Double_DQN,0,58.47972869873047
Double_DQN,0,59.16404342651367
Double_DQN,0,60.73668670654297
Double_DQN,0,61.15795135498047
Double_DQN,0,60.31515884399414
Double_DQN,0,60.24817657470703
Double_DQN,0,61.86158752441406
Double_DQN,0,62.30625915527344
Double_DQN,0,61.32839584350586
Double_DQN,0,61.00855255126953
Double_DQN,0,62.1744384765625
Double_DQN,0,62.13543701171875
Double_DQN,0,61.81816101074219
Double_DQN,0,62.63568878173828
Double_DQN,0,63.65803527832031
Double_DQN,0,64.23564147949219
Double_DQN,0,63.51466751098633
Double_DQN,0,62.83223342895508
Double_DQN,0,63.799224853515625
Double_DQN,0,64.25037384033203
Double_DQN,0,63.756797790527344
Double_DQN,0,64.3017578125
Double_DQN,0,65.0953140258789
Double_DQN,0,65.182861328125
Double_DQN,0,65.32295227050781
Double_DQN,0,64.24591064453125
Double_DQN,0,65.51818084716797
Double_DQN,0,65.91767120361328
Double_DQN,0,64.89491271972656
Double_DQN,0,64.7763442993164
Double_DQN,0,65.8252182006836
Double_DQN,0,65.8391342163086
Double_DQN,0,65.52052307128906
Double_DQN,0,64.09722137451172
Double_DQN,0,65.1548080444336
Double_DQN,0,65.1913070678711
Double_DQN,0,64.8559341430664
Double_DQN,0,65.19025421142578
Double_DQN,0,66.00613403320312
Double_DQN,0,65.5286636352539
Double_DQN,0,66.0611572265625
Double_DQN,0,64.88257598876953
Double_DQN,0,66.23479461669922
Double_DQN,0,66.08863067626953
Double_DQN,0,65.40995788574219
Double_DQN,0,66.90970611572266
Double_DQN,0,68.20376586914062
Double_DQN,0,68.60145568847656
Double_DQN,0,67.38188171386719
Double_DQN,0,66.04146575927734
Double_DQN,0,67.20037841796875
Double_DQN,0,67.42312622070312
Double_DQN,0,66.59510803222656
Double_DQN,0,64.65692138671875
Double_DQN,0,66.02082824707031
Double_DQN,0,66.4536361694336
Double_DQN,0,65.36378479003906
Double_DQN,0,63.670108795166016
Double_DQN,0,64.82241821289062
Double_DQN,0,65.01152038574219
Double_DQN,0,64.36278533935547
Double_DQN,0,61.932125091552734
Double_DQN,0,62.7562370300293
Double_DQN,0,62.404659271240234
Double_DQN,0,62.80479049682617
Double_DQN,0,62.681495666503906
Double_DQN,0,64.66284942626953
Double_DQN,0,64.7419204711914
Double_DQN,0,63.93838882446289
Double_DQN,0,64.277099609375
Double_DQN,0,66.14897918701172
Double_DQN,0,66.06907653808594
Double_DQN,0,65.33063507080078
Double_DQN,0,65.21125030517578
Double_DQN,0,66.98091125488281
Double_DQN,0,67.45088958740234
Double_DQN,0,66.06818389892578
Double_DQN,0,65.43376922607422
Double_DQN,0,67.3941879272461
Double_DQN,0,67.96764373779297
Double_DQN,0,66.43576049804688
Double_DQN,0,65.80741119384766
Double_DQN,0,67.48101806640625
Double_DQN,0,67.79806518554688
Double_DQN,0,66.74824523925781
Double_DQN,0,65.66411590576172
Double_DQN,0,67.61138153076172
Double_DQN,0,68.11373138427734
Double_DQN,0,66.9456787109375
Double_DQN,0,66.15259552001953
Double_DQN,0,67.40206146240234
Double_DQN,0,67.3115463256836
Double_DQN,0,67.52689361572266
Double_DQN,0,67.1615219116211
Double_DQN,0,69.7327880859375
Double_DQN,0,70.3857650756836
Double_DQN,0,69.61345672607422
Double_DQN,0,68.28995513916016
Double_DQN,0,70.6290054321289
Double_DQN,0,71.11017608642578
Double_DQN,0,70.76377868652344
Double_DQN,0,70.18799591064453
Double_DQN,0,71.95225524902344
Double_DQN,0,71.7297134399414
Double_DQN,0,72.44446563720703
Double_DQN,0,70.47929382324219
Double_DQN,0,73.47681427001953
Double_DQN,0,74.11234283447266
Double_DQN,0,73.73197174072266
Double_DQN,0,72.5688247680664
Double_DQN,0,75.06544494628906
Double_DQN,0,75.1695785522461
Double_DQN,0,75.52375793457031
Double_DQN,0,71.92575073242188
Double_DQN,0,75.59925842285156
Double_DQN,0,76.6665267944336
Double_DQN,0,75.16927337646484
Double_DQN,0,71.3000259399414
Double_DQN,0,75.1501235961914
Double_DQN,0,75.86292266845703
Double_DQN,0,75.24781799316406
Double_DQN,0,71.11334991455078
Double_DQN,0,75.10050201416016
Double_DQN,0,75.7513427734375
Double_DQN,0,75.37895965576172
Double_DQN,0,72.1927719116211
Double_DQN,0,75.62366485595703
Double_DQN,0,76.38182830810547
Double_DQN,0,75.79887390136719
Double_DQN,0,71.2102279663086
Double_DQN,0,75.28414154052734
Double_DQN,0,76.3621597290039
Double_DQN,0,75.48782348632812
Double_DQN,0,72.12606048583984
Double_DQN,0,75.70826721191406
Double_DQN,0,76.6017074584961
Double_DQN,0,75.82025146484375
Double_DQN,0,72.73664093017578
Double_DQN,0,76.02632904052734
Double_DQN,0,76.77564239501953
Double_DQN,0,76.00373840332031
Double_DQN,0,73.21135711669922
Double_DQN,0,76.46244049072266
Double_DQN,0,77.21044158935547
Double_DQN,0,76.30022430419922
Double_DQN,0,74.675537109375
Double_DQN,0,77.7680892944336
Double_DQN,0,77.52315521240234
Double_DQN,0,77.85430145263672
Double_DQN,0,72.22288513183594
Double_DQN,0,76.5544204711914
Double_DQN,0,76.86075592041016
Double_DQN,0,75.15782928466797
Double_DQN,0,74.21752166748047
Double_DQN,0,77.9330062866211
Double_DQN,0,77.15133666992188
Double_DQN,0,76.95130920410156
Double_DQN,0,76.48040008544922
Double_DQN,0,79.20401763916016
Double_DQN,0,79.13695526123047
Double_DQN,0,78.45053100585938
Double_DQN,0,79.40214538574219
Double_DQN,0,81.2735366821289
Double_DQN,0,81.67133331298828
Double_DQN,0,80.51302337646484
Double_DQN,0,79.50697326660156
Double_DQN,0,81.3961410522461
Double_DQN,0,81.3900375366211
Double_DQN,0,80.9225845336914
Double_DQN,0,81.8939437866211
Double_DQN,0,83.17012023925781
Double_DQN,0,83.58907318115234
Double_DQN,0,82.53082275390625
Double_DQN,0,81.96116638183594
Double_DQN,0,83.18122100830078
Double_DQN,0,83.09915161132812
Double_DQN,0,82.63731384277344
Double_DQN,0,83.57756805419922
Double_DQN,0,84.52632904052734
Double_DQN,0,84.91339874267578
Double_DQN,0,83.51716613769531
Double_DQN,0,83.82538604736328
Double_DQN,0,84.8314437866211
Double_DQN,0,85.11083984375
Double_DQN,0,83.44677734375
Double_DQN,0,83.72862243652344
Double_DQN,0,84.7479476928711
Double_DQN,0,84.56229400634766
Double_DQN,0,82.80870056152344
Double_DQN,0,85.66336822509766
Double_DQN,0,86.40847778320312
Double_DQN,0,86.8039779663086
Double_DQN,0,84.23489379882812
Double_DQN,0,84.02381134033203
Double_DQN,0,85.02208709716797
Double_DQN,0,84.80071258544922
Double_DQN,0,82.65608215332031
Double_DQN,0,85.86018371582031
Double_DQN,0,86.52245330810547
Double_DQN,0,86.96260833740234
Double_DQN,0,84.088134765625
Double_DQN,0,85.73004913330078
Double_DQN,0,86.68144989013672
Double_DQN,0,86.9075698852539
Double_DQN,0,83.79631042480469
Double_DQN,0,84.65422821044922
Double_DQN,0,85.89716339111328
Double_DQN,0,85.46051788330078
Double_DQN,0,82.92665100097656
Double_DQN,0,86.3694839477539
Double_DQN,0,87.34568786621094
Double_DQN,0,87.5230712890625
Double_DQN,0,84.58442687988281
Double_DQN,0,86.32198333740234
Double_DQN,0,88.0840835571289
Double_DQN,0,87.47542572021484
Double_DQN,0,84.50079345703125
Double_DQN,0,87.1471939086914
Double_DQN,0,88.48848724365234
Double_DQN,0,88.42166900634766
Double_DQN,0,85.51056671142578
Double_DQN,0,88.28592681884766
Double_DQN,0,89.2400131225586
Double_DQN,0,89.69490814208984
Double_DQN,0,87.16731262207031
Double_DQN,0,87.39517211914062
Double_DQN,0,89.0497055053711
Double_DQN,0,88.62902069091797
Double_DQN,0,86.35000610351562
Double_DQN,0,87.20842742919922
Double_DQN,0,88.34705352783203
Double_DQN,0,88.6329574584961
Double_DQN,0,86.85633850097656
Double_DQN,0,85.44084930419922
Double_DQN,0,86.40743255615234
Double_DQN,0,87.11312103271484
Double_DQN,0,85.71891784667969
Double_DQN,0,84.89112091064453
Double_DQN,0,86.69202423095703
Double_DQN,0,86.40060424804688
Double_DQN,0,84.91266632080078
Double_DQN,0,84.07318115234375
Double_DQN,0,85.80052947998047
Double_DQN,0,85.89574432373047
Double_DQN,0,84.50180053710938
Double_DQN,0,83.2992172241211
Double_DQN,0,85.47881317138672
Double_DQN,0,84.69126892089844
Double_DQN,0,83.52200317382812
Double_DQN,0,82.33841705322266
Double_DQN,0,84.2499771118164
Double_DQN,0,84.12200927734375
Double_DQN,0,83.04429626464844
Double_DQN,0,81.69351959228516
Double_DQN,0,83.54749298095703
Double_DQN,0,84.05149841308594
Double_DQN,0,82.72295379638672
Double_DQN,0,81.70451354980469
Double_DQN,0,83.43511962890625
Double_DQN,0,83.8937759399414
Double_DQN,0,82.68820190429688
Double_DQN,0,79.56688690185547
Double_DQN,0,82.18524932861328
Double_DQN,0,81.85713195800781
Double_DQN,0,80.50626373291016
Double_DQN,0,78.05416107177734
Double_DQN,0,80.6385726928711
Double_DQN,0,81.6031723022461
Double_DQN,0,79.73013305664062
Double_DQN,0,76.65229034423828
Double_DQN,0,79.17566680908203
Double_DQN,0,79.70201873779297
Double_DQN,0,78.32872772216797
Double_DQN,0,74.25814056396484
Double_DQN,0,76.99811553955078
Double_DQN,0,77.82454681396484
Double_DQN,0,76.1516342163086
Double_DQN,0,71.0758056640625
Double_DQN,0,74.33480072021484
Double_DQN,0,74.07479858398438
Double_DQN,0,72.86475372314453
Double_DQN,0,70.53917694091797
Double_DQN,0,72.51773834228516
Double_DQN,0,74.7071762084961
Double_DQN,0,73.23916625976562
Double_DQN,0,67.8309555053711
Double_DQN,0,69.67852020263672
Double_DQN,0,71.91902160644531
Double_DQN,0,70.67455291748047
Double_DQN,0,69.1682357788086
Double_DQN,0,70.1005859375
Double_DQN,0,74.01494598388672
Double_DQN,0,72.27491760253906
Double_DQN,0,65.65080261230469
Double_DQN,0,66.68550872802734
Double_DQN,0,70.08576202392578
Double_DQN,0,68.80705261230469
Double_DQN,0,63.11785888671875
Double_DQN,0,63.73802947998047
Double_DQN,0,66.94807434082031
Double_DQN,0,66.5138168334961
Double_DQN,0,60.390926361083984
Double_DQN,0,60.77315139770508
Double_DQN,0,63.8597526550293
Double_DQN,0,63.96262741088867
Double_DQN,0,64.60749053955078
Double_DQN,0,64.77692413330078
Double_DQN,0,68.34088897705078
Double_DQN,0,67.62896728515625
Double_DQN,0,63.60748291015625
Double_DQN,0,63.581138610839844
Double_DQN,0,67.03361511230469
Double_DQN,0,66.72706604003906
Double_DQN,0,63.425472259521484
Double_DQN,0,63.021514892578125
Double_DQN,0,66.125732421875
Double_DQN,0,66.63764190673828
Double_DQN,0,68.2301254272461
Double_DQN,0,68.00824737548828
Double_DQN,0,71.0582504272461
Double_DQN,0,70.6144790649414
Double_DQN,0,67.100830078125
Double_DQN,0,66.8274154663086
Double_DQN,0,70.02926635742188
Double_DQN,0,69.7005386352539
Double_DQN,0,67.40772247314453
Double_DQN,0,66.9940414428711
Double_DQN,0,70.7990493774414
Double_DQN,0,70.13062286376953
Double_DQN,0,67.2371826171875
Double_DQN,0,68.76372528076172
Double_DQN,0,66.47559356689453
Double_DQN,0,71.26225280761719
Double_DQN,0,73.47710418701172
Double_DQN,0,72.37641143798828
Double_DQN,0,72.39128112792969
Double_DQN,0,74.43502807617188
Double_DQN,0,76.2310791015625
Double_DQN,0,74.41027069091797
Double_DQN,0,75.51516723632812
Double_DQN,0,75.22351837158203
Double_DQN,0,77.68860626220703
Double_DQN,0,76.46737670898438
Double_DQN,0,77.8331527709961
Double_DQN,0,76.15961456298828
Double_DQN,0,75.8773422241211
Double_DQN,0,74.0089340209961
Double_DQN,0,74.59381103515625
Double_DQN,0,74.37993621826172
Double_DQN,0,85.53923797607422
Double_DQN,0,86.64185333251953
Double_DQN,0,85.76959228515625
Double_DQN,0,84.548583984375
Double_DQN,0,85.27174377441406
Double_DQN,0,86.21920776367188
Double_DQN,0,85.97137451171875
Double_DQN,0,84.36137390136719
Double_DQN,0,79.55286407470703
Double_DQN,0,79.79817962646484
Double_DQN,0,81.06876373291016
Double_DQN,0,78.58560180664062
Double_DQN,0,77.40556335449219
Double_DQN,0,77.54618072509766
Double_DQN,0,77.8974380493164
Double_DQN,0,76.601806640625
Double_DQN,0,75.95330047607422
Double_DQN,0,76.12962341308594
Double_DQN,0,76.0257568359375
Double_DQN,0,75.05243682861328
Double_DQN,0,84.07999420166016
Double_DQN,0,84.32465362548828
Double_DQN,0,85.00363159179688
Double_DQN,0,83.52072143554688
Double_DQN,0,82.7580337524414
Double_DQN,0,83.08207702636719
Double_DQN,0,83.39942932128906
Double_DQN,0,82.34646606445312
Double_DQN,0,79.84558868408203
Double_DQN,0,79.99555969238281
Double_DQN,0,80.05992126464844
Double_DQN,0,80.07110595703125
Double_DQN,0,81.68499755859375
Double_DQN,0,81.85684967041016
Double_DQN,0,82.39969635009766
Double_DQN,0,81.5394287109375
Double_DQN,0,78.65182495117188
Double_DQN,0,79.00725555419922
Double_DQN,0,78.6756820678711
Double_DQN,0,79.02727508544922
Double_DQN,0,79.91255950927734
Double_DQN,0,80.23157501220703
Double_DQN,0,80.43838500976562
Double_DQN,0,79.98397827148438
Double_DQN,0,78.59496307373047
Double_DQN,0,78.79131317138672
Double_DQN,0,78.96762084960938
Double_DQN,0,78.9249267578125
Double_DQN,0,76.8285903930664
Double_DQN,0,77.06953430175781
Double_DQN,0,76.87894439697266
Double_DQN,0,77.39988708496094
Double_DQN,0,79.59162139892578
Double_DQN,0,79.95596313476562
Double_DQN,0,80.20220947265625
Double_DQN,0,79.79975891113281
Double_DQN,0,76.86620330810547
Double_DQN,0,77.28369903564453
Double_DQN,0,76.96379089355469
Double_DQN,0,77.83859252929688
Double_DQN,0,78.71427154541016
Double_DQN,0,80.25775146484375
Double_DQN,0,79.96916961669922
Double_DQN,0,79.99583435058594
Double_DQN,0,79.01953887939453
Double_DQN,0,80.91567993164062
Double_DQN,0,80.51065826416016
Double_DQN,0,79.5125732421875
Double_DQN,0,80.87699127197266
Double_DQN,0,83.2740249633789
Double_DQN,0,82.78414154052734
Double_DQN,0,80.73553466796875
Double_DQN,0,83.65443420410156
Double_DQN,0,86.38594818115234
Double_DQN,0,86.14179229736328
Double_DQN,0,82.79360961914062
Double_DQN,0,86.14310455322266
Double_DQN,0,89.03348541259766
Double_DQN,0,89.13481903076172
Double_DQN,0,84.8743896484375
Double_DQN,0,77.87581634521484
Double_DQN,0,77.57677459716797
Double_DQN,0,78.7549057006836
Double_DQN,0,77.1513900756836
Double_DQN,0,70.32307434082031
Double_DQN,0,69.38821411132812
Double_DQN,0,72.162109375
Double_DQN,0,69.98993682861328
Double_DQN,0,68.15252685546875
Double_DQN,0,65.73692321777344
Double_DQN,0,67.49597930908203
Double_DQN,0,67.76310729980469
Double_DQN,0,77.24567413330078
Double_DQN,0,75.85252380371094
Double_DQN,0,79.32117462158203
Double_DQN,0,81.44914245605469
Double_DQN,0,77.14453887939453
Double_DQN,0,77.48554992675781
Double_DQN,0,75.47583770751953
Double_DQN,0,76.55693054199219
Double_DQN,0,78.71420288085938
Double_DQN,0,79.6940689086914
Double_DQN,0,77.24560546875
Double_DQN,0,78.2970199584961
Double_DQN,0,80.98808288574219
Double_DQN,0,81.76483917236328
Double_DQN,0,80.07048797607422
Double_DQN,0,79.97657775878906
Double_DQN,0,71.55316162109375
Double_DQN,0,69.78669738769531
Double_DQN,0,67.91934967041016
Double_DQN,0,70.53271484375
Double_DQN,0,70.34134674072266
Double_DQN,0,68.99344635009766
Double_DQN,0,66.89028930664062
Double_DQN,0,69.3240966796875
Double_DQN,0,70.67601013183594
Double_DQN,0,69.45488739013672
Double_DQN,0,67.3055648803711
Double_DQN,0,69.60516357421875
Double_DQN,0,70.95790100097656
Double_DQN,0,69.83154296875
Double_DQN,0,67.65070343017578
Double_DQN,0,69.8421401977539
Double_DQN,0,71.02848815917969
Double_DQN,0,69.92084503173828
Double_DQN,0,67.73193359375
Double_DQN,0,69.90213012695312
Double_DQN,0,70.97681427001953
Double_DQN,0,69.85468292236328
Double_DQN,0,67.67170715332031
Double_DQN,0,69.85806274414062
Double_DQN,0,70.92020416259766
Double_DQN,0,69.78256225585938
Double_DQN,0,67.60609436035156
Double_DQN,0,69.809814453125
Double_DQN,0,70.90017700195312
Double_DQN,0,69.75714111328125
Double_DQN,0,67.5829849243164
Double_DQN,0,69.79277038574219
Double_DQN,0,70.90555572509766
Double_DQN,0,69.76406860351562
Double_DQN,0,67.58928680419922
Double_DQN,0,69.79735565185547
Double_DQN,0,70.91559600830078
Double_DQN,0,69.77687072753906
Double_DQN,0,67.6009292602539
Double_DQN,0,69.80590057373047
Double_DQN,0,70.9203872680664
Double_DQN,0,69.782958984375
Double_DQN,0,67.60645294189453
Double_DQN,0,69.80997467041016
Double_DQN,0,70.92024230957031
Double_DQN,0,69.78276062011719
Double_DQN,0,67.60628509521484
Double_DQN,0,69.80985260009766
Double_DQN,0,70.91859436035156
Double_DQN,0,69.78064727783203
Double_DQN,0,67.60436248779297
Double_DQN,0,69.80844116210938
Double_DQN,0,70.91757202148438
Double_DQN,0,69.77935028076172
Double_DQN,0,67.60317993164062
Double_DQN,0,69.80757904052734
Double_DQN,0,70.91744232177734
Double_DQN,0,69.7791976928711
Double_DQN,0,67.60302734375
Double_DQN,0,69.80746459960938
Double_DQN,0,70.60051727294922
Double_DQN,0,69.35611724853516
Double_DQN,0,67.21637725830078
Double_DQN,0,69.53998565673828
Double_DQN,0,70.93135070800781
Double_DQN,0,69.79839324951172
Double_DQN,0,67.6203384399414
Double_DQN,0,69.81873321533203
Double_DQN,0,71.0368881225586
Double_DQN,0,69.93212127685547
Double_DQN,0,67.74188995361328
Double_DQN,0,69.9085464477539
Double_DQN,0,70.99059295654297
Double_DQN,0,69.8727035522461
Double_DQN,0,67.68779754638672
Double_DQN,0,69.8690414428711
Double_DQN,0,70.92605590820312
Double_DQN,0,69.7904281616211
Double_DQN,0,67.61295318603516
Double_DQN,0,69.81405639648438
Double_DQN,0,70.8990707397461
Double_DQN,0,69.75616455078125
Double_DQN,0,67.58179473876953
Double_DQN,0,69.79108428955078
Double_DQN,0,70.90252685546875
Double_DQN,0,69.76065063476562
Double_DQN,0,67.58589172363281
Double_DQN,0,69.79403686523438
Double_DQN,0,70.91356658935547
Double_DQN,0,69.77473449707031
Double_DQN,0,67.59870147705078
Double_DQN,0,69.80345153808594
Double_DQN,0,70.91963958740234
Double_DQN,0,69.7824478149414
Double_DQN,0,67.605712890625
Double_DQN,0,69.80860900878906
Double_DQN,0,70.91999053955078
Double_DQN,0,69.78289031982422
Double_DQN,0,67.6061019897461
Double_DQN,0,69.80890655517578
Double_DQN,0,70.91825103759766
Double_DQN,0,69.7806625366211
Double_DQN,0,67.60408020019531
Double_DQN,0,69.80742645263672
Double_DQN,0,70.91699981689453
Double_DQN,0,69.77906799316406
Double_DQN,0,67.6026382446289
Double_DQN,0,69.80635833740234
Double_DQN,0,70.916748046875
Double_DQN,0,69.77875518798828
Double_DQN,0,67.60235595703125
Double_DQN,0,69.80615234375
Double_DQN,0,70.9169921875
Double_DQN,0,69.77906799316406
Double_DQN,0,67.6026382446289
Double_DQN,0,69.80635833740234
Double_DQN,0,70.91724395751953
Double_DQN,0,69.77938842773438
Double_DQN,0,67.6029281616211
Double_DQN,0,69.80657196044922
Double_DQN,0,70.91732025146484
Double_DQN,0,69.77948760986328
Double_DQN,0,67.60301971435547
Double_DQN,0,69.80663299560547
Double_DQN,0,70.91728973388672
Double_DQN,0,69.77944946289062
Double_DQN,0,67.60298156738281
Double_DQN,0,69.80661010742188
Double_DQN,0,70.91725158691406
Double_DQN,0,69.7793960571289
Double_DQN,0,67.6029281616211
Double_DQN,0,69.80657196044922
Double_DQN,0,70.91722869873047
Double_DQN,0,69.77936553955078
Double_DQN,0,67.6029052734375
Double_DQN,0,69.80655670166016
Double_DQN,0,70.91722869873047
Double_DQN,0,69.77936553955078
Double_DQN,0,67.6029052734375
Double_DQN,0,69.80655670166016
Double_DQN,0,70.91724395751953
Double_DQN,0,69.77937316894531
Double_DQN,0,67.60291290283203
Double_DQN,0,69.80656433105469
Double_DQN,0,70.91722869873047
Double_DQN,0,69.77938079833984
Double_DQN,0,67.60292053222656
Double_DQN,0,69.80656433105469
Double_DQN,0,70.91724395751953
Double_DQN,0,69.77938079833984
Double_DQN,0,67.6029281616211
Double_DQN,0,69.80656433105469
Double_DQN,0,70.91724395751953
Double_DQN,0,69.77938842773438
Double_DQN,0,67.6029281616211
Double_DQN,0,69.80656433105469
Double_DQN,0,70.91724395751953
Double_DQN,0,69.77938079833984
Double_DQN,0,67.60292053222656
Double_DQN,0,69.80657196044922
Double_DQN,0,92.66780090332031
Double_DQN,0,93.3520278930664
Double_DQN,0,88.5340347290039
Double_DQN,0,90.12922668457031
Double_DQN,0,95.05850982666016
Double_DQN,0,95.72846984863281
Double_DQN,0,91.14141082763672
Double_DQN,0,92.61978912353516
Double_DQN,0,97.3483657836914
Double_DQN,0,97.96517181396484
Double_DQN,0,93.68911743164062
Double_DQN,0,95.0367660522461
Double_DQN,0,98.4845962524414
Double_DQN,0,98.90833282470703
Double_DQN,0,95.34880828857422
Double_DQN,0,96.62821960449219
Double_DQN,0,98.82540130615234
Double_DQN,0,99.06057739257812
Double_DQN,0,96.20848846435547
Double_DQN,0,97.47178649902344
Double_DQN,0,98.87334442138672
Double_DQN,0,98.87313079833984
Double_DQN,0,96.85823822021484
Double_DQN,0,98.11256408691406
Double_DQN,0,100.1939697265625
Double_DQN,0,100.18372344970703
Double_DQN,0,98.48101043701172
Double_DQN,0,99.48863220214844
Double_DQN,0,101.59327697753906
Double_DQN,0,101.56678771972656
Double_DQN,0,100.16437530517578
Double_DQN,0,100.92581176757812
Double_DQN,0,103.10037231445312
Double_DQN,0,103.07276153564453
Double_DQN,0,101.92534637451172
Double_DQN,0,102.44404602050781
Double_DQN,0,104.79529571533203
Double_DQN,0,104.76847839355469
Double_DQN,0,103.87640380859375
Double_DQN,0,104.14566040039062
Double_DQN,0,106.58007049560547
Double_DQN,0,106.54961395263672
Double_DQN,0,105.91970825195312
Double_DQN,0,105.93505859375
Double_DQN,0,108.03778076171875
Double_DQN,0,107.99195098876953
Double_DQN,0,107.64409637451172
Double_DQN,0,107.41252136230469
Double_DQN,0,109.25760650634766
Double_DQN,0,109.17554473876953
Double_DQN,0,109.17021179199219
Double_DQN,0,108.67797088623047
Double_DQN,0,109.65737915039062
Double_DQN,0,109.52080535888672
Double_DQN,0,110.0000991821289
Double_DQN,0,109.1789321899414
Double_DQN,0,108.65612030029297
Double_DQN,0,108.20428466796875
Double_DQN,0,109.77632904052734
Double_DQN,0,108.79598236083984
Double_DQN,0,105.70825958251953
Double_DQN,0,105.06195831298828
Double_DQN,0,106.8946533203125
Double_DQN,0,106.04243469238281
Double_DQN,0,104.46239471435547
Double_DQN,0,103.67082977294922
Double_DQN,0,105.79051208496094
Double_DQN,0,104.85369873046875
Double_DQN,0,101.77184295654297
Double_DQN,0,100.76302337646484
Double_DQN,0,103.36917877197266
Double_DQN,0,102.34821319580078
Double_DQN,0,101.75682067871094
Double_DQN,0,100.75581359863281
Double_DQN,0,103.20024871826172
Double_DQN,0,102.21813201904297
Double_DQN,0,100.72880554199219
Double_DQN,0,99.7829818725586
Double_DQN,0,101.92444610595703
Double_DQN,0,101.0311050415039
Double_DQN,0,100.51025390625
Double_DQN,0,99.51594543457031
Double_DQN,0,101.68820190429688
Double_DQN,0,100.69427490234375
Double_DQN,0,98.74662017822266
Double_DQN,0,97.59139251708984
Double_DQN,0,99.97530364990234
Double_DQN,0,99.03382110595703
Double_DQN,0,98.50701141357422
Double_DQN,0,97.3107681274414
Double_DQN,0,99.81231689453125
Double_DQN,0,98.71837615966797
Double_DQN,0,97.81829833984375
Double_DQN,0,96.5302505493164
Double_DQN,0,99.11309814453125
Double_DQN,0,97.96070098876953
Double_DQN,0,97.14005279541016
Double_DQN,0,95.75321197509766
Double_DQN,0,98.62305450439453
Double_DQN,0,97.34331512451172
Double_DQN,0,95.90666198730469
Double_DQN,0,94.40214538574219
Double_DQN,0,97.50581359863281
Double_DQN,0,96.18669128417969
Double_DQN,0,94.8941421508789
Double_DQN,0,93.1681900024414
Double_DQN,0,96.6275634765625
Double_DQN,0,95.30875396728516
Double_DQN,0,94.33026885986328
Double_DQN,0,92.555419921875
Double_DQN,0,96.11710357666016
Double_DQN,0,94.67154693603516
Double_DQN,0,92.2579574584961
Double_DQN,0,90.26132202148438
Double_DQN,0,93.97562408447266
Double_DQN,0,92.69462585449219
Double_DQN,0,90.62879180908203
Double_DQN,0,88.4381332397461
Double_DQN,0,92.42445373535156
Double_DQN,0,91.16284942626953
Double_DQN,0,89.40306854248047
Double_DQN,0,87.12895965576172
Double_DQN,0,91.2604751586914
Double_DQN,0,89.90715789794922
Double_DQN,0,87.66368865966797
Double_DQN,0,85.1869888305664
Double_DQN,0,89.56847381591797
Double_DQN,0,88.25493621826172
Double_DQN,0,84.86841583251953
Double_DQN,0,82.33177185058594
Double_DQN,0,86.83235931396484
Double_DQN,0,85.43679809570312
Double_DQN,0,82.5927734375
Double_DQN,0,80.03975677490234
Double_DQN,0,84.63662719726562
Double_DQN,0,83.15968322753906
Double_DQN,0,81.20117950439453
Double_DQN,0,78.53118896484375
Double_DQN,0,83.35057067871094
Double_DQN,0,81.8536376953125
Double_DQN,0,80.20772552490234
Double_DQN,0,77.41952514648438
Double_DQN,0,82.5015869140625
Double_DQN,0,80.95392608642578
Double_DQN,0,78.10002136230469
Double_DQN,0,75.09977722167969
Double_DQN,0,80.5572509765625
Double_DQN,0,79.01329040527344
Double_DQN,0,78.56661224365234
Double_DQN,0,75.4067611694336
Double_DQN,0,81.23596954345703
Double_DQN,0,79.5849380493164
Double_DQN,0,76.40739440917969
Double_DQN,0,72.99222564697266
Double_DQN,0,79.27777862548828
Double_DQN,0,77.61797332763672
Double_DQN,0,77.35828399658203
Double_DQN,0,73.73275756835938
Double_DQN,0,80.51189422607422
Double_DQN,0,78.69987487792969
Double_DQN,0,75.7309341430664
Double_DQN,0,71.99530792236328
Double_DQN,0,78.99372863769531
Double_DQN,0,77.1489028930664
Double_DQN,0,76.27442932128906
Double_DQN,0,72.33821105957031
Double_DQN,0,79.7531967163086
Double_DQN,0,77.81726837158203
Double_DQN,0,74.54020690917969
Double_DQN,0,70.2116470336914
Double_DQN,0,77.72411346435547
Double_DQN,0,76.00460815429688
Double_DQN,0,74.89430236816406
Double_DQN,0,70.5234146118164
Double_DQN,0,77.91365051269531
Double_DQN,0,76.26577758789062
Double_DQN,0,73.31172943115234
Double_DQN,0,68.50463104248047
Double_DQN,0,76.08440399169922
Double_DQN,0,74.64752197265625
Double_DQN,0,73.7519302368164
Double_DQN,0,68.7940444946289
Double_DQN,0,76.5289077758789
Double_DQN,0,75.13040924072266
Double_DQN,0,73.12741088867188
Double_DQN,0,67.79193878173828
Double_DQN,0,75.87609100341797
Double_DQN,0,74.59410095214844
Double_DQN,0,73.13748931884766
Double_DQN,0,67.60491180419922
Double_DQN,0,76.13066864013672
Double_DQN,0,74.84568786621094
Double_DQN,0,74.3132095336914
Double_DQN,0,68.8045883178711
Double_DQN,0,77.09407806396484
Double_DQN,0,75.9008560180664
Double_DQN,0,74.40080261230469
Double_DQN,0,68.92216491699219
Double_DQN,0,76.96051025390625
Double_DQN,0,75.89692687988281
Double_DQN,0,73.12505340576172
Double_DQN,0,67.43460083007812
Double_DQN,0,75.55148315429688
Double_DQN,0,74.68685913085938
Double_DQN,0,71.71299743652344
Double_DQN,0,65.80927276611328
Double_DQN,0,73.49518585205078
Double_DQN,0,73.00209045410156
Double_DQN,0,70.33470916748047
Double_DQN,0,64.21266174316406
Double_DQN,0,71.363525390625
Double_DQN,0,71.35163116455078
Double_DQN,0,69.91572570800781
Double_DQN,0,63.5404052734375
Double_DQN,0,70.62996673583984
Double_DQN,0,70.93631744384766
Double_DQN,0,73.19215393066406
Double_DQN,0,67.47660064697266
Double_DQN,0,74.15074157714844
Double_DQN,0,73.79612731933594
Double_DQN,0,72.42838287353516
Double_DQN,0,67.01023864746094
Double_DQN,0,73.45166778564453
Double_DQN,0,73.22308349609375
Double_DQN,0,69.61040496826172
Double_DQN,0,64.30442810058594
Double_DQN,0,70.36673736572266
Double_DQN,0,70.67039489746094
Double_DQN,0,72.25617218017578
Double_DQN,0,67.56267547607422
Double_DQN,0,73.3687744140625
Double_DQN,0,73.07945251464844
Double_DQN,0,70.84088134765625
Double_DQN,0,66.00298309326172
Double_DQN,0,71.7172622680664
Double_DQN,0,71.8768539428711
Double_DQN,0,73.90589904785156
Double_DQN,0,69.85637664794922
Double_DQN,0,75.05290985107422
Double_DQN,0,74.5875015258789
Double_DQN,0,74.10598754882812
Double_DQN,0,70.18150329589844
Double_DQN,0,75.04535675048828
Double_DQN,0,74.85083770751953
Double_DQN,0,73.26213836669922
Double_DQN,0,69.1024398803711
Double_DQN,0,73.61241149902344
Double_DQN,0,74.05921936035156
Double_DQN,0,76.50786590576172
Double_DQN,0,73.15099334716797
Double_DQN,0,77.02376556396484
Double_DQN,0,76.92453002929688
Double_DQN,0,76.70023345947266
Double_DQN,0,73.2509536743164
Double_DQN,0,76.79340362548828
Double_DQN,0,77.231201171875
Double_DQN,0,79.63339233398438
Double_DQN,0,76.99889373779297
Double_DQN,0,79.98534393310547
Double_DQN,0,79.83549499511719
Double_DQN,0,78.75843811035156
Double_DQN,0,75.79621124267578
Double_DQN,0,78.84918975830078
Double_DQN,0,79.11360931396484
Double_DQN,0,81.86983489990234
Double_DQN,0,79.94895935058594
Double_DQN,0,82.26921844482422
Double_DQN,0,81.80473327636719
Double_DQN,0,81.2080078125
Double_DQN,0,79.08346557617188
Double_DQN,0,81.33614349365234
Double_DQN,0,81.27855682373047
Double_DQN,0,82.84028625488281
Double_DQN,0,80.99046325683594
Double_DQN,0,83.07319641113281
Double_DQN,0,83.05863952636719
Double_DQN,0,83.28543853759766
Double_DQN,0,81.38848114013672
Double_DQN,0,83.5103530883789
Double_DQN,0,83.64244842529297
Double_DQN,0,85.9751205444336
Double_DQN,0,84.95960998535156
Double_DQN,0,86.56278228759766
Double_DQN,0,86.00732421875
Double_DQN,0,85.7720947265625
Double_DQN,0,84.30342864990234
Double_DQN,0,85.57218933105469
Double_DQN,0,86.2081527709961
Double_DQN,0,87.49757385253906
Double_DQN,0,86.96208953857422
Double_DQN,0,87.91697692871094
Double_DQN,0,87.72269439697266
Double_DQN,0,86.55572509765625
Double_DQN,0,85.78662872314453
Double_DQN,0,86.57508850097656
Double_DQN,0,86.96455383300781
Double_DQN,0,86.98977661132812
Double_DQN,0,87.03555297851562
Double_DQN,0,87.61312103271484
Double_DQN,0,87.28714752197266
Double_DQN,0,85.49444580078125
Double_DQN,0,85.28035736083984
Double_DQN,0,85.5904541015625
Double_DQN,0,86.09485626220703
Double_DQN,0,84.0800552368164
Double_DQN,0,84.36473846435547
Double_DQN,0,84.70648956298828
Double_DQN,0,84.64127349853516
Double_DQN,0,84.19029235839844
Double_DQN,0,84.35602569580078
Double_DQN,0,84.37171173095703
Double_DQN,0,85.0986328125
Double_DQN,0,82.14237976074219
Double_DQN,0,82.34144592285156
Double_DQN,0,82.58497619628906
Double_DQN,0,82.82767486572266
Double_DQN,0,81.02954864501953
Double_DQN,0,81.44623565673828
Double_DQN,0,81.8108139038086
Double_DQN,0,81.37444305419922
Double_DQN,0,80.85680389404297
Double_DQN,0,81.24148559570312
Double_DQN,0,81.26605987548828
Double_DQN,0,81.44575500488281
Double_DQN,0,78.64034271240234
Double_DQN,0,79.4485855102539
Double_DQN,0,79.54830932617188
Double_DQN,0,78.6796875
Double_DQN,0,78.0665283203125
Double_DQN,0,78.87184143066406
Double_DQN,0,78.58402252197266
Double_DQN,0,78.35155487060547
Double_DQN,0,79.90011596679688
Double_DQN,0,80.50312042236328
Double_DQN,0,80.362548828125
Double_DQN,0,80.02107238769531
Double_DQN,0,81.40473937988281
Double_DQN,0,81.73567962646484
Double_DQN,0,81.85759735107422
Double_DQN,0,81.494384765625
Double_DQN,0,81.22651672363281
Double_DQN,0,81.62562561035156
Double_DQN,0,81.4932861328125
Double_DQN,0,81.51051330566406
Double_DQN,0,82.16844940185547
Double_DQN,0,82.2486801147461
Double_DQN,0,82.44863891601562
Double_DQN,0,82.56786346435547
Double_DQN,0,80.09796905517578
Double_DQN,0,80.46605682373047
Double_DQN,0,80.89095306396484
Double_DQN,0,80.20196533203125
Double_DQN,0,79.5239486694336
Double_DQN,0,79.9109115600586
Double_DQN,0,80.32283020019531
Double_DQN,0,79.6921157836914
Double_DQN,0,81.39306640625
Double_DQN,0,81.24564361572266
Double_DQN,0,81.98270416259766
Double_DQN,0,81.81990051269531
Double_DQN,0,80.48907470703125
Double_DQN,0,80.50040435791016
Double_DQN,0,80.87965393066406
Double_DQN,0,81.10859680175781
Double_DQN,0,78.20409393310547
Double_DQN,0,78.55071258544922
Double_DQN,0,79.02041625976562
Double_DQN,0,78.44528198242188
Double_DQN,0,76.84380340576172
Double_DQN,0,77.4998550415039
Double_DQN,0,77.256591796875
Double_DQN,0,77.24348449707031
Double_DQN,0,78.67023468017578
Double_DQN,0,78.7564926147461
Double_DQN,0,78.89620971679688
Double_DQN,0,79.24776458740234
Double_DQN,0,76.95884704589844
Double_DQN,0,77.21735382080078
Double_DQN,0,77.52034759521484
Double_DQN,0,77.2387466430664
Double_DQN,0,75.47979736328125
Double_DQN,0,76.03185272216797
Double_DQN,0,75.82521057128906
Double_DQN,0,75.76295471191406
Double_DQN,0,77.40653991699219
Double_DQN,0,77.3910140991211
Double_DQN,0,77.53258514404297
Double_DQN,0,77.85382843017578
Double_DQN,0,75.2104721069336
Double_DQN,0,75.64584350585938
Double_DQN,0,75.6064453125
Double_DQN,0,75.2458724975586
Double_DQN,0,77.1880111694336
Double_DQN,0,77.29566192626953
Double_DQN,0,77.29045867919922
Double_DQN,0,77.3189697265625
Double_DQN,0,75.15887451171875
Double_DQN,0,76.19763946533203
Double_DQN,0,75.69569396972656
Double_DQN,0,74.58567810058594
Double_DQN,0,77.0760726928711
Double_DQN,0,77.80101776123047
Double_DQN,0,77.35077667236328
Double_DQN,0,76.56934356689453
Double_DQN,0,78.60369110107422
Double_DQN,0,79.0029067993164
Double_DQN,0,78.66641235351562
Double_DQN,0,78.12432098388672
Double_DQN,0,79.7157211303711
Double_DQN,0,79.9359359741211
Double_DQN,0,79.7118148803711
Double_DQN,0,79.28034973144531
Double_DQN,0,80.25886535644531
Double_DQN,0,80.3478775024414
Double_DQN,0,80.4634780883789
Double_DQN,0,80.21761322021484
Double_DQN,0,79.1563491821289
Double_DQN,0,79.47053527832031
Double_DQN,0,79.35337829589844
Double_DQN,0,78.91854858398438
Double_DQN,0,77.6288070678711
Double_DQN,0,77.83927154541016
Double_DQN,0,78.46808624267578
Double_DQN,0,78.00823211669922
Double_DQN,0,76.26721954345703
Double_DQN,0,76.5400619506836
Double_DQN,0,77.03465270996094
Double_DQN,0,76.56078338623047
Double_DQN,0,74.8763427734375
Double_DQN,0,75.13115692138672
Double_DQN,0,75.40682220458984
Double_DQN,0,75.192138671875
Double_DQN,0,73.58213806152344
Double_DQN,0,73.80216217041016
Double_DQN,0,73.87974548339844
Double_DQN,0,73.9780044555664
Double_DQN,0,71.72489166259766
Double_DQN,0,72.76344299316406
Double_DQN,0,72.77104949951172
Double_DQN,0,71.31298065185547
Double_DQN,0,70.5680160522461
Double_DQN,0,71.6714859008789
Double_DQN,0,71.7177505493164
Double_DQN,0,70.14906311035156
Double_DQN,0,70.39408874511719
Double_DQN,0,71.33074188232422
Double_DQN,0,71.39228820800781
Double_DQN,0,70.08818054199219
Double_DQN,0,70.645263671875
Double_DQN,0,71.25559997558594
Double_DQN,0,71.2290267944336
Double_DQN,0,70.57164764404297
Double_DQN,0,70.55813598632812
Double_DQN,0,71.2706527709961
Double_DQN,0,71.67931365966797
Double_DQN,0,70.82301330566406
Double_DQN,0,69.43083953857422
Double_DQN,0,70.107421875
Double_DQN,0,70.2001724243164
Double_DQN,0,69.7994384765625
Double_DQN,0,67.89167022705078
Double_DQN,0,68.56881713867188
Double_DQN,0,68.37357330322266
Double_DQN,0,68.37731170654297
Double_DQN,0,68.73168182373047
Double_DQN,0,69.54026794433594
Double_DQN,0,69.64928436279297
Double_DQN,0,69.57305908203125
Double_DQN,0,68.64081573486328
Double_DQN,0,69.48515319824219
Double_DQN,0,69.64754486083984
Double_DQN,0,69.66484069824219
Double_DQN,0,70.50096893310547
Double_DQN,0,71.10054779052734
Double_DQN,0,72.00772857666016
Double_DQN,0,71.32893371582031
Double_DQN,0,68.78246307373047
Double_DQN,0,69.3670425415039
Double_DQN,0,69.79749298095703
Double_DQN,0,69.8194351196289
Double_DQN,0,70.79291534423828
Double_DQN,0,71.08087921142578
Double_DQN,0,72.19327545166016
Double_DQN,0,71.63955688476562
Double_DQN,0,68.02206420898438
Double_DQN,0,68.47328186035156
Double_DQN,0,69.27643585205078
Double_DQN,0,68.7363510131836
Double_DQN,0,66.86717224121094
Double_DQN,0,67.23793029785156
Double_DQN,0,67.75999450683594
Double_DQN,0,67.63835906982422
Double_DQN,0,64.10940551757812
Double_DQN,0,64.61963653564453
Double_DQN,0,64.6571044921875
Double_DQN,0,64.96016693115234
Double_DQN,0,63.53770065307617
Double_DQN,0,64.16573333740234
Double_DQN,0,64.89000701904297
Double_DQN,0,64.27941131591797
Double_DQN,0,62.00785827636719
Double_DQN,0,62.71094512939453
Double_DQN,0,63.285545349121094
Double_DQN,0,62.84001922607422
Double_DQN,0,59.19618225097656
Double_DQN,0,60.08022689819336
Double_DQN,0,60.483184814453125
Double_DQN,0,60.24473190307617
Double_DQN,0,56.370941162109375
Double_DQN,0,57.55400848388672
Double_DQN,0,57.86443328857422
Double_DQN,0,57.7252311706543
Double_DQN,0,56.69976043701172
Double_DQN,0,57.4029541015625
Double_DQN,0,57.24092102050781
Double_DQN,0,57.665794372558594
Double_DQN,0,54.36687469482422
Double_DQN,0,56.271270751953125
Double_DQN,0,56.441551208496094
Double_DQN,0,56.238563537597656
Double_DQN,0,55.53227233886719
Double_DQN,0,56.9659538269043
Double_DQN,0,56.67912292480469
Double_DQN,0,56.885032653808594
Double_DQN,0,58.85079574584961
Double_DQN,0,60.231910705566406
Double_DQN,0,60.327735900878906
Double_DQN,0,59.99717712402344
Double_DQN,0,59.66227722167969
Double_DQN,0,60.51228332519531
Double_DQN,0,60.10495376586914
Double_DQN,0,60.41051483154297
Double_DQN,0,62.44757843017578
Double_DQN,0,63.28284454345703
Double_DQN,0,63.200828552246094
Double_DQN,0,63.18511962890625
Double_DQN,0,64.55884552001953
Double_DQN,0,65.52145385742188
Double_DQN,0,65.8205337524414
Double_DQN,0,65.46006774902344
Double_DQN,0,62.811946868896484
Double_DQN,0,63.723968505859375
Double_DQN,0,63.61735153198242
Double_DQN,0,64.01870727539062
Double_DQN,0,63.304847717285156
Double_DQN,0,64.3841323852539
Double_DQN,0,64.51788330078125
Double_DQN,0,63.95058059692383
Double_DQN,0,61.133663177490234
Double_DQN,0,62.27292251586914
Double_DQN,0,62.255287170410156
Double_DQN,0,61.903038024902344
Double_DQN,0,64.03269958496094
Double_DQN,0,65.17145538330078
Double_DQN,0,65.6599349975586
Double_DQN,0,64.92290496826172
Double_DQN,0,63.30824661254883
Double_DQN,0,64.3720703125
Double_DQN,0,64.66497039794922
Double_DQN,0,64.30975341796875
Double_DQN,0,63.049583435058594
Double_DQN,0,64.10292053222656
Double_DQN,0,64.19502258300781
Double_DQN,0,64.17345428466797
Double_DQN,0,63.44214630126953
Double_DQN,0,64.6705093383789
Double_DQN,0,64.69383239746094
Double_DQN,0,64.67962646484375
Double_DQN,0,62.11061096191406
Double_DQN,0,63.21795654296875
Double_DQN,0,63.00165557861328
Double_DQN,0,63.62828063964844
Double_DQN,0,63.10950469970703
Double_DQN,0,64.43538665771484
Double_DQN,0,64.33595275878906
Double_DQN,0,64.01652526855469
Double_DQN,0,64.66596221923828
Double_DQN,0,66.20942687988281
Double_DQN,0,66.60965728759766
Double_DQN,0,65.7237319946289
Double_DQN,0,64.53227233886719
Double_DQN,0,66.10749816894531
Double_DQN,0,66.20074462890625
Double_DQN,0,65.7943344116211
Double_DQN,0,63.84510803222656
Double_DQN,0,65.2863540649414
Double_DQN,0,65.26774597167969
Double_DQN,0,65.28262329101562
Double_DQN,0,64.85861206054688
Double_DQN,0,66.49901580810547
Double_DQN,0,66.90070343017578
Double_DQN,0,66.68289184570312
Double_DQN,0,64.38367462158203
Double_DQN,0,65.93142700195312
Double_DQN,0,66.30353546142578
Double_DQN,0,66.25800323486328
Double_DQN,0,62.82322692871094
Double_DQN,0,63.99449157714844
Double_DQN,0,64.12833404541016
Double_DQN,0,64.8951416015625
Double_DQN,0,64.12838745117188
Double_DQN,0,65.62195587158203
Double_DQN,0,65.83502197265625
Double_DQN,0,65.6629409790039
Double_DQN,0,62.848716735839844
Double_DQN,0,63.96720504760742
Double_DQN,0,63.92578887939453
Double_DQN,0,64.50367736816406
Double_DQN,0,64.26189422607422
Double_DQN,0,65.77214813232422
Double_DQN,0,65.92769622802734
Double_DQN,0,65.23992919921875
Double_DQN,0,63.97684860229492
Double_DQN,0,65.31452178955078
Double_DQN,0,65.21549987792969
Double_DQN,0,65.04219818115234
Double_DQN,0,65.41875457763672
Double_DQN,0,66.97305297851562
Double_DQN,0,67.33184051513672
Double_DQN,0,66.34441375732422
Double_DQN,0,64.59552001953125
Double_DQN,0,65.87287139892578
Double_DQN,0,65.96435546875
Double_DQN,0,65.53807067871094
Double_DQN,0,65.12157440185547
Double_DQN,0,66.40257263183594
Double_DQN,0,66.48082733154297
Double_DQN,0,66.03710174560547
Double_DQN,0,64.78179931640625
Double_DQN,0,65.90917205810547
Double_DQN,0,65.90167999267578
Double_DQN,0,65.71536254882812
Double_DQN,0,65.58833312988281
Double_DQN,0,66.83790588378906
Double_DQN,0,67.43986511230469
Double_DQN,0,66.81002807617188
Double_DQN,0,64.12753295898438
Double_DQN,0,65.1041030883789
Double_DQN,0,65.64640808105469
Double_DQN,0,65.30790710449219
Double_DQN,0,65.0341796875
Double_DQN,0,66.05835723876953
Double_DQN,0,66.51762390136719
Double_DQN,0,66.22915649414062
Double_DQN,0,64.60027313232422
Double_DQN,0,65.33303833007812
Double_DQN,0,65.37415313720703
Double_DQN,0,65.90492248535156
Double_DQN,0,65.70014190673828
Double_DQN,0,66.79457092285156
Double_DQN,0,67.1081771850586
Double_DQN,0,66.42062377929688
Double_DQN,0,66.7760238647461
Double_DQN,0,68.0423355102539
Double_DQN,0,68.40497589111328
Double_DQN,0,67.35049438476562
Double_DQN,0,67.00421142578125
Double_DQN,0,68.0621109008789
Double_DQN,0,67.95436096191406
Double_DQN,0,67.64833068847656
Double_DQN,0,68.49396514892578
Double_DQN,0,69.54723358154297
Double_DQN,0,70.26142883300781
Double_DQN,0,69.3218765258789
Double_DQN,0,68.8327407836914
Double_DQN,0,69.82785034179688
Double_DQN,0,70.53443908691406
Double_DQN,0,69.6320571899414
Double_DQN,0,70.14933013916016
Double_DQN,0,70.96390533447266
Double_DQN,0,71.63842010498047
Double_DQN,0,70.9645004272461
Double_DQN,0,67.92850494384766
Double_DQN,0,68.21021270751953
Double_DQN,0,68.36170959472656
Double_DQN,0,69.08636474609375
Double_DQN,0,69.41513061523438
Double_DQN,0,70.25459289550781
Double_DQN,0,70.46155548095703
Double_DQN,0,69.94043731689453
Double_DQN,0,69.43494415283203
Double_DQN,0,70.1856460571289
Double_DQN,0,70.39401245117188
Double_DQN,0,69.97817993164062
Double_DQN,0,70.30167388916016
Double_DQN,0,70.46587371826172
Double_DQN,0,70.52701568603516
Double_DQN,0,71.03167724609375
Double_DQN,0,71.61068725585938
Double_DQN,0,72.25955200195312
Double_DQN,0,72.49259185791016
Double_DQN,0,71.824462890625
Double_DQN,0,71.45702362060547
Double_DQN,0,71.50785064697266
Double_DQN,0,71.40328216552734
Double_DQN,0,71.9398422241211
Double_DQN,0,73.22232055664062
Double_DQN,0,73.6375503540039
Double_DQN,0,73.90291595458984
Double_DQN,0,73.28164672851562
Double_DQN,0,73.71843719482422
Double_DQN,0,74.12223815917969
Double_DQN,0,74.46045684814453
Double_DQN,0,74.00194549560547
Double_DQN,0,73.86901092529297
Double_DQN,0,73.86721801757812
Double_DQN,0,73.96613311767578
Double_DQN,0,74.40264129638672
Double_DQN,0,75.34783935546875
Double_DQN,0,76.2092056274414
Double_DQN,0,76.89140319824219
Double_DQN,0,76.59945678710938
Double_DQN,0,76.3652572631836
Double_DQN,0,76.97309112548828
Double_DQN,0,77.46430969238281
Double_DQN,0,77.70672607421875
Double_DQN,0,76.45696258544922
Double_DQN,0,78.72502899169922
Double_DQN,0,80.0868148803711
Double_DQN,0,79.15535736083984
Double_DQN,0,79.61073303222656
Double_DQN,0,81.4603500366211
Double_DQN,0,82.2775650024414
Double_DQN,0,81.64595794677734
Double_DQN,0,80.6823959350586
Double_DQN,0,82.77127838134766
Double_DQN,0,83.78517150878906
Double_DQN,0,82.95132446289062
Double_DQN,0,81.81774139404297
Double_DQN,0,83.92203521728516
Double_DQN,0,84.6424560546875
Double_DQN,0,84.21630859375
Double_DQN,0,81.99237823486328
Double_DQN,0,84.52095794677734
Double_DQN,0,85.47881317138672
Double_DQN,0,84.87680053710938
Double_DQN,0,69.10541534423828
Double_DQN,0,68.6894302368164
Double_DQN,0,71.03645324707031
Double_DQN,0,69.85413360595703
Double_DQN,0,69.85707092285156
Double_DQN,0,68.11786651611328
Double_DQN,0,69.6098403930664
Double_DQN,0,70.23117065429688
Double_DQN,0,69.667724609375
Double_DQN,0,68.27455139160156
Double_DQN,0,69.86585235595703
Double_DQN,0,70.13792419433594
Double_DQN,0,70.11099243164062
Double_DQN,0,70.44561004638672
Double_DQN,0,72.94210815429688
Double_DQN,0,70.34088134765625
Double_DQN,0,69.97097778320312
Double_DQN,0,68.82160949707031
Double_DQN,0,70.45347595214844
Double_DQN,0,69.9904556274414
Double_DQN,0,81.6515121459961
Double_DQN,0,80.11758422851562
Double_DQN,0,80.14939880371094
Double_DQN,0,83.51188659667969
Double_DQN,0,80.67626953125
Double_DQN,0,79.26612091064453
Double_DQN,0,79.32906341552734
Double_DQN,0,81.94107055664062
Double_DQN,0,80.17192840576172
Double_DQN,0,78.8351058959961
Double_DQN,0,79.0212631225586
Double_DQN,0,80.87071228027344
Double_DQN,0,81.79967498779297
Double_DQN,0,80.9405288696289
Double_DQN,0,81.18830108642578
Double_DQN,0,81.53167724609375
Double_DQN,0,83.50071716308594
Double_DQN,0,82.85986328125
Double_DQN,0,83.57439422607422
Double_DQN,0,82.86689758300781
Double_DQN,0,83.04086303710938
Double_DQN,0,82.37012481689453
Double_DQN,0,83.17478942871094
Double_DQN,0,82.49893951416016
Double_DQN,0,70.6751708984375
Double_DQN,0,70.96711730957031
Double_DQN,0,73.43572998046875
Double_DQN,0,70.51225280761719
Double_DQN,0,70.53239440917969
Double_DQN,0,70.38824462890625
Double_DQN,0,72.59648895263672
Double_DQN,0,70.2666015625
Double_DQN,0,69.8957748413086
Double_DQN,0,69.40090942382812
Double_DQN,0,71.45346069335938
Double_DQN,0,69.6399917602539
Double_DQN,0,69.08490753173828
Double_DQN,0,67.4475326538086
Double_DQN,0,68.46381378173828
Double_DQN,0,68.52311706542969
Double_DQN,0,75.47357177734375
Double_DQN,0,75.3569107055664
Double_DQN,0,75.99967956542969
Double_DQN,0,77.75345611572266
Double_DQN,0,77.06309509277344
Double_DQN,0,76.77021026611328
Double_DQN,0,77.75643157958984
Double_DQN,0,78.65682220458984
Double_DQN,0,79.398681640625
Double_DQN,0,79.14537811279297
Double_DQN,0,80.33013916015625
Double_DQN,0,80.08522033691406
Double_DQN,0,77.47453308105469
Double_DQN,0,77.21253967285156
Double_DQN,0,78.04387664794922
Double_DQN,0,78.53520202636719
Double_DQN,0,80.17951202392578
Double_DQN,0,80.16059112548828
Double_DQN,0,81.08702850341797
Double_DQN,0,80.37320709228516
Double_DQN,0,65.78845977783203
Double_DQN,0,65.22492980957031
Double_DQN,0,63.388771057128906
Double_DQN,0,64.92861938476562
Double_DQN,0,67.70809173583984
Double_DQN,0,66.6435775756836
Double_DQN,0,64.55551147460938
Double_DQN,0,66.8492431640625
Double_DQN,0,66.3001937866211
Double_DQN,0,65.6667709350586
Double_DQN,0,63.73321533203125
Double_DQN,0,65.38066101074219
Double_DQN,0,66.39508819580078
Double_DQN,0,65.79303741455078
Double_DQN,0,63.85375213623047
Double_DQN,0,65.46004486083984
Double_DQN,0,66.45291900634766
Double_DQN,0,65.86432647705078
Double_DQN,0,63.9177360534668
Double_DQN,0,65.51042175292969
Double_DQN,0,66.45828247070312
Double_DQN,0,65.87086486816406
Double_DQN,0,63.92364501953125
Double_DQN,0,65.51505279541016
Double_DQN,0,69.8218994140625
Double_DQN,0,68.14681243896484
Double_DQN,0,65.67314910888672
Double_DQN,0,69.09868621826172
Double_DQN,0,68.38072967529297
Double_DQN,0,67.26417541503906
Double_DQN,0,65.04500579833984
Double_DQN,0,67.35739135742188
Double_DQN,0,66.55365753173828
Double_DQN,0,65.93960571289062
Double_DQN,0,63.91114807128906
Double_DQN,0,65.4483413696289
Double_DQN,0,66.51577758789062
Double_DQN,0,65.8932113647461
Double_DQN,0,63.86988067626953
Double_DQN,0,65.415283203125
Double_DQN,0,66.51274871826172
Double_DQN,0,65.8885726928711
Double_DQN,0,63.86404800415039
Double_DQN,0,65.41325378417969
Double_DQN,0,66.52442169189453
Double_DQN,0,65.9030990600586
Double_DQN,0,63.8773193359375
Double_DQN,0,65.4233627319336
Double_DQN,0,66.53264617919922
Double_DQN,0,65.9133529663086
Double_DQN,0,63.88669967651367
Double_DQN,0,65.43046569824219
Double_DQN,0,66.53421020507812
Double_DQN,0,65.91527557373047
Double_DQN,0,63.888465881347656
Double_DQN,0,65.43180847167969
Double_DQN,0,66.53253173828125
Double_DQN,0,65.9131851196289
Double_DQN,0,63.88654708862305
Double_DQN,0,65.43035888671875
Double_DQN,0,66.53092956542969
Double_DQN,0,65.91120147705078
Double_DQN,0,63.88472366333008
Double_DQN,0,65.4289779663086
Double_DQN,0,66.53043365478516
Double_DQN,0,65.91056823730469
Double_DQN,0,63.884159088134766
Double_DQN,0,65.42853546142578
Double_DQN,0,66.53062438964844
Double_DQN,0,65.91082000732422
Double_DQN,0,63.884376525878906
Double_DQN,0,65.4287109375
Double_DQN,0,66.53092193603516
Double_DQN,0,65.91119384765625
Double_DQN,0,63.88471984863281
Double_DQN,0,65.42897033691406
Double_DQN,0,66.12889862060547
Double_DQN,0,65.38633728027344
Double_DQN,0,63.40440368652344
Double_DQN,0,65.08621215820312
Double_DQN,0,66.48452758789062
Double_DQN,0,65.85270690917969
Double_DQN,0,63.83123016357422
Double_DQN,0,65.38875579833984
Double_DQN,0,66.64482879638672
Double_DQN,0,66.05435943603516
Double_DQN,0,64.01539611816406
Double_DQN,0,65.52665710449219
Double_DQN,0,66.62115478515625
Double_DQN,0,66.02442169189453
Double_DQN,0,63.98793411254883
Double_DQN,0,65.50605773925781
Double_DQN,0,66.5511474609375
Double_DQN,0,65.93716430664062
Double_DQN,0,63.90810012817383
Double_DQN,0,65.44551086425781
Double_DQN,0,66.5130386352539
Double_DQN,0,65.88977813720703
Double_DQN,0,63.864776611328125
Double_DQN,0,65.41259002685547
Double_DQN,0,66.51097869873047
Double_DQN,0,65.8873062133789
Double_DQN,0,63.86252975463867
Double_DQN,0,65.41084289550781
Double_DQN,0,66.52213287353516
Double_DQN,0,65.90122985839844
Double_DQN,0,63.875267028808594
Double_DQN,0,65.42048645019531
Double_DQN,0,66.53011322021484
Double_DQN,0,65.9111557006836
Double_DQN,0,63.88434600830078
Double_DQN,0,65.42738342285156
Double_DQN,0,66.53168487548828
Double_DQN,0,65.91310119628906
Double_DQN,0,63.8861198425293
Double_DQN,0,65.42874145507812
Double_DQN,0,66.53009796142578
Double_DQN,0,65.91112518310547
Double_DQN,0,63.88431167602539
Double_DQN,0,65.4273681640625
Double_DQN,0,66.52855682373047
Double_DQN,0,65.90918731689453
Double_DQN,0,63.88255310058594
Double_DQN,0,65.426025390625
Double_DQN,0,66.5280532836914
Double_DQN,0,65.9085693359375
Double_DQN,0,63.88197708129883
Double_DQN,0,65.42559814453125
Double_DQN,0,66.52823638916016
Double_DQN,0,65.90879821777344
Double_DQN,0,63.88218688964844
Double_DQN,0,65.4257583618164
Double_DQN,0,66.52851867675781
Double_DQN,0,65.90914916992188
Double_DQN,0,63.88250732421875
Double_DQN,0,65.4260025024414
Double_DQN,0,66.52864837646484
Double_DQN,0,65.90930938720703
Double_DQN,0,63.882659912109375
Double_DQN,0,65.42611694335938
Double_DQN,0,66.52864074707031
Double_DQN,0,65.9093017578125
Double_DQN,0,63.88264846801758
Double_DQN,0,65.42610168457031
Double_DQN,0,66.52857971191406
Double_DQN,0,65.90923309326172
Double_DQN,0,63.88258361816406
Double_DQN,0,65.42605590820312
Double_DQN,0,66.52854919433594
Double_DQN,0,65.90919494628906
Double_DQN,0,63.882545471191406
Double_DQN,0,65.42603302001953
Double_DQN,0,66.52854919433594
Double_DQN,0,65.90919494628906
Double_DQN,0,63.882545471191406
Double_DQN,0,65.42603302001953
Double_DQN,0,66.528564453125
Double_DQN,0,65.9092025756836
Double_DQN,0,63.88255310058594
Double_DQN,0,65.42603302001953
Double_DQN,0,66.52857208251953
Double_DQN,0,65.90921783447266
Double_DQN,0,63.882572174072266
Double_DQN,0,65.42604064941406
Double_DQN,0,66.52857208251953
Double_DQN,0,65.90922546386719
Double_DQN,0,63.882572174072266
Double_DQN,0,65.4260482788086
Double_DQN,0,66.52857208251953
Double_DQN,0,65.90921783447266
Double_DQN,0,63.882572174072266
Double_DQN,0,65.4260482788086
Double_DQN,0,66.52857208251953
Double_DQN,0,65.90921783447266
Double_DQN,0,63.882568359375
Double_DQN,0,65.4260482788086
Double_DQN,0,92.66780090332031
Double_DQN,0,93.3520278930664
Double_DQN,0,88.5340347290039
Double_DQN,0,90.12922668457031
Double_DQN,0,95.05850982666016
Double_DQN,0,95.72846984863281
Double_DQN,0,91.14141082763672
Double_DQN,0,92.61978912353516
Double_DQN,0,97.3483657836914
Double_DQN,0,97.96517181396484
Double_DQN,0,93.68911743164062
Double_DQN,0,95.0367660522461
Double_DQN,0,98.4845962524414
Double_DQN,0,98.90833282470703
Double_DQN,0,95.34880828857422
Double_DQN,0,96.62821960449219
Double_DQN,0,98.82540130615234
Double_DQN,0,99.06057739257812
Double_DQN,0,96.20848846435547
Double_DQN,0,97.47178649902344
Double_DQN,0,98.87334442138672
Double_DQN,0,98.87313079833984
Double_DQN,0,96.85823822021484
Double_DQN,0,98.11256408691406
Double_DQN,0,100.1939697265625
Double_DQN,0,100.18372344970703
Double_DQN,0,98.48101043701172
Double_DQN,0,99.48863220214844
Double_DQN,0,101.59327697753906
Double_DQN,0,101.56678771972656
Double_DQN,0,100.16437530517578
Double_DQN,0,100.92581176757812
Double_DQN,0,103.10037231445312
Double_DQN,0,103.07276153564453
Double_DQN,0,101.92534637451172
Double_DQN,0,102.44404602050781
Double_DQN,0,104.79529571533203
Double_DQN,0,104.76847839355469
Double_DQN,0,103.87640380859375
Double_DQN,0,104.14566040039062
Double_DQN,0,106.58007049560547
Double_DQN,0,106.54961395263672
Double_DQN,0,105.91970825195312
Double_DQN,0,105.93505859375
Double_DQN,0,108.03778076171875
Double_DQN,0,107.99195098876953
Double_DQN,0,107.64409637451172
Double_DQN,0,107.41252136230469
Double_DQN,0,109.25760650634766
Double_DQN,0,109.17554473876953
Double_DQN,0,109.17021179199219
Double_DQN,0,108.67797088623047
Double_DQN,0,109.65737915039062
Double_DQN,0,109.52080535888672
Double_DQN,0,110.0000991821289
Double_DQN,0,109.1789321899414
Double_DQN,0,108.0098876953125
Double_DQN,0,107.82278442382812
Double_DQN,0,108.20014190673828
Double_DQN,0,107.4465103149414
Double_DQN,0,104.92974853515625
Double_DQN,0,104.62429809570312
Double_DQN,0,105.15518951416016
Double_DQN,0,104.55419158935547
Double_DQN,0,103.1789321899414
Double_DQN,0,102.76509094238281
Double_DQN,0,103.47321319580078
Double_DQN,0,102.86326599121094
Double_DQN,0,101.03720092773438
Double_DQN,0,100.44197845458984
Double_DQN,0,101.48648071289062
Double_DQN,0,100.8661880493164
Double_DQN,0,99.44367218017578
Double_DQN,0,98.85202026367188
Double_DQN,0,99.68742370605469
Double_DQN,0,99.15834045410156
Double_DQN,0,97.70881652832031
Double_DQN,0,97.06299591064453
Double_DQN,0,97.6930160522461
Double_DQN,0,97.26007080078125
Double_DQN,0,98.39007568359375
Double_DQN,0,97.70109558105469
Double_DQN,0,98.76226806640625
Double_DQN,0,98.01008605957031
Double_DQN,0,96.26715087890625
Double_DQN,0,95.42198944091797
Double_DQN,0,96.64004516601562
Double_DQN,0,95.96345520019531
Double_DQN,0,95.84793853759766
Double_DQN,0,95.00716400146484
Double_DQN,0,96.26802062988281
Double_DQN,0,95.46986389160156
Double_DQN,0,94.87887573242188
Double_DQN,0,93.98218536376953
Double_DQN,0,95.24395751953125
Double_DQN,0,94.4236831665039
Double_DQN,0,93.93973541259766
Double_DQN,0,92.97064971923828
Double_DQN,0,94.44886016845703
Double_DQN,0,93.53329467773438
Double_DQN,0,92.42091369628906
Double_DQN,0,91.34004211425781
Double_DQN,0,92.99755859375
Double_DQN,0,92.06256866455078
Double_DQN,0,90.99514770507812
Double_DQN,0,89.67115020751953
Double_DQN,0,91.66706848144531
Double_DQN,0,90.70610046386719
Double_DQN,0,90.17865753173828
Double_DQN,0,88.86717987060547
Double_DQN,0,90.87391662597656
Double_DQN,0,89.8255844116211
Double_DQN,0,87.93467712402344
Double_DQN,0,86.43914031982422
Double_DQN,0,88.60883331298828
Double_DQN,0,87.62120056152344
Double_DQN,0,86.1656723022461
Double_DQN,0,84.44139099121094
Double_DQN,0,86.89511108398438
Double_DQN,0,85.90208435058594
Double_DQN,0,84.78466033935547
Double_DQN,0,82.9963607788086
Double_DQN,0,85.5567626953125
Double_DQN,0,84.50081634521484
Double_DQN,0,82.10647583007812
Double_DQN,0,80.07102966308594
Double_DQN,0,82.9365463256836
Double_DQN,0,81.89347839355469
Double_DQN,0,78.5785903930664
Double_DQN,0,76.46630859375
Double_DQN,0,79.44847106933594
Double_DQN,0,78.38082122802734
Double_DQN,0,75.82430267333984
Double_DQN,0,73.61956787109375
Double_DQN,0,76.76002502441406
Double_DQN,0,75.64610290527344
Double_DQN,0,74.14640808105469
Double_DQN,0,71.76292419433594
Double_DQN,0,75.18193054199219
Double_DQN,0,74.02436065673828
Double_DQN,0,73.01307678222656
Double_DQN,0,70.453369140625
Double_DQN,0,74.17035675048828
Double_DQN,0,72.94361877441406
Double_DQN,0,70.72563171386719
Double_DQN,0,67.94628143310547
Double_DQN,0,71.9857177734375
Double_DQN,0,70.77557373046875
Double_DQN,0,70.77681732177734
Double_DQN,0,67.79219818115234
Double_DQN,0,72.22462463378906
Double_DQN,0,70.88685607910156
Double_DQN,0,67.8444595336914
Double_DQN,0,64.68280029296875
Double_DQN,0,69.4171142578125
Double_DQN,0,68.05912780761719
Double_DQN,0,68.4620132446289
Double_DQN,0,65.05450439453125
Double_DQN,0,70.28890228271484
Double_DQN,0,68.73513793945312
Double_DQN,0,66.25592041015625
Double_DQN,0,62.741485595703125
Double_DQN,0,68.26826477050781
Double_DQN,0,66.59968566894531
Double_DQN,0,66.79635620117188
Double_DQN,0,62.98180389404297
Double_DQN,0,69.10386657714844
Double_DQN,0,67.23703002929688
Double_DQN,0,65.82777404785156
Double_DQN,0,61.59811782836914
Double_DQN,0,68.09770202636719
Double_DQN,0,66.22270965576172
Double_DQN,0,66.83403015136719
Double_DQN,0,62.346920013427734
Double_DQN,0,69.09628295898438
Double_DQN,0,67.13002014160156
Double_DQN,0,65.72918701171875
Double_DQN,0,60.730934143066406
Double_DQN,0,67.75330352783203
Double_DQN,0,65.903564453125
Double_DQN,0,66.52635192871094
Double_DQN,0,61.39310073852539
Double_DQN,0,68.48933410644531
Double_DQN,0,66.65511322021484
Double_DQN,0,66.09883117675781
Double_DQN,0,60.64448928833008
Double_DQN,0,68.0766830444336
Double_DQN,0,66.28089141845703
Double_DQN,0,67.41429138183594
Double_DQN,0,61.78961181640625
Double_DQN,0,69.53366088867188
Double_DQN,0,67.66392517089844
Double_DQN,0,67.89529418945312
Double_DQN,0,62.341976165771484
Double_DQN,0,69.84101104736328
Double_DQN,0,68.12228393554688
Double_DQN,0,68.00592041015625
Double_DQN,0,62.535335540771484
Double_DQN,0,69.74115753173828
Double_DQN,0,68.22022247314453
Double_DQN,0,67.13572692871094
Double_DQN,0,61.52231216430664
Double_DQN,0,68.80680084228516
Double_DQN,0,67.40633392333984
Double_DQN,0,66.2480239868164
Double_DQN,0,60.79143142700195
Double_DQN,0,67.74716186523438
Double_DQN,0,66.44005584716797
Double_DQN,0,65.36561584472656
Double_DQN,0,60.08698272705078
Double_DQN,0,66.69770812988281
Double_DQN,0,65.5271987915039
Double_DQN,0,65.01685333251953
Double_DQN,0,59.745849609375
Double_DQN,0,66.34234619140625
Double_DQN,0,65.2351303100586
Double_DQN,0,62.09080505371094
Double_DQN,0,56.84956359863281
Double_DQN,0,63.234619140625
Double_DQN,0,62.355682373046875
Double_DQN,0,62.66439437866211
Double_DQN,0,57.326202392578125
Double_DQN,0,63.49340057373047
Double_DQN,0,62.84743881225586
Double_DQN,0,60.10182189941406
Double_DQN,0,54.61918640136719
Double_DQN,0,60.295318603515625
Double_DQN,0,60.238136291503906
Double_DQN,0,59.93844985961914
Double_DQN,0,54.33365249633789
Double_DQN,0,59.9346809387207
Double_DQN,0,60.057769775390625
Double_DQN,0,62.76854705810547
Double_DQN,0,57.35250473022461
Double_DQN,0,62.808563232421875
Double_DQN,0,62.43873977661133
Double_DQN,0,59.93552017211914
Double_DQN,0,54.233482360839844
Double_DQN,0,59.425331115722656
Double_DQN,0,59.75077438354492
Double_DQN,0,62.01171112060547
Double_DQN,0,56.30476379394531
Double_DQN,0,61.80159378051758
Double_DQN,0,61.791751861572266
Double_DQN,0,64.12629699707031
Double_DQN,0,58.40079116821289
Double_DQN,0,64.19550323486328
Double_DQN,0,63.96530532836914
Double_DQN,0,60.098533630371094
Double_DQN,0,54.5271110534668
Double_DQN,0,59.86406707763672
Double_DQN,0,60.30792999267578
Double_DQN,0,62.76655197143555
Double_DQN,0,57.753944396972656
Double_DQN,0,62.80115509033203
Double_DQN,0,62.5211296081543
Double_DQN,0,60.29203796386719
Double_DQN,0,55.81181335449219
Double_DQN,0,59.91319274902344
Double_DQN,0,60.36705780029297
Double_DQN,0,63.737022399902344
Double_DQN,0,60.08963394165039
Double_DQN,0,63.51200866699219
Double_DQN,0,63.213340759277344
Double_DQN,0,66.0638427734375
Double_DQN,0,62.56161117553711
Double_DQN,0,66.0882568359375
Double_DQN,0,65.44924926757812
Double_DQN,0,64.33838653564453
Double_DQN,0,60.74275207519531
Double_DQN,0,64.26109313964844
Double_DQN,0,63.901695251464844
Double_DQN,0,66.36837768554688
Double_DQN,0,62.867008209228516
Double_DQN,0,66.54420471191406
Double_DQN,0,65.92645263671875
Double_DQN,0,66.16065979003906
Double_DQN,0,62.66160583496094
Double_DQN,0,66.35286712646484
Double_DQN,0,65.82881164550781
Double_DQN,0,65.30514526367188
Double_DQN,0,61.77070999145508
Double_DQN,0,65.42797088623047
Double_DQN,0,65.1141357421875
Double_DQN,0,65.75347137451172
Double_DQN,0,62.66843032836914
Double_DQN,0,65.2265625
Double_DQN,0,65.8956298828125
Double_DQN,0,68.96207427978516
Double_DQN,0,66.45782470703125
Double_DQN,0,68.57254791259766
Double_DQN,0,68.57847595214844
Double_DQN,0,70.9845962524414
Double_DQN,0,68.8490219116211
Double_DQN,0,70.98529052734375
Double_DQN,0,70.55358123779297
Double_DQN,0,69.47759246826172
Double_DQN,0,66.88735961914062
Double_DQN,0,69.220458984375
Double_DQN,0,69.35395812988281
Double_DQN,0,71.44627380371094
Double_DQN,0,69.22565460205078
Double_DQN,0,71.56678009033203
Double_DQN,0,71.27357482910156
Double_DQN,0,70.76390838623047
Double_DQN,0,68.295166015625
Double_DQN,0,70.78817749023438
Double_DQN,0,70.8091049194336
Double_DQN,0,73.78861999511719
Double_DQN,0,72.18999481201172
Double_DQN,0,73.94337463378906
Double_DQN,0,73.33646392822266
Double_DQN,0,72.30713653564453
Double_DQN,0,70.36907958984375
Double_DQN,0,72.37461853027344
Double_DQN,0,72.06404113769531
Double_DQN,0,73.24816131591797
Double_DQN,0,70.88728332519531
Double_DQN,0,73.80521392822266
Double_DQN,0,73.60317993164062
Double_DQN,0,71.92877197265625
Double_DQN,0,69.0875015258789
Double_DQN,0,71.85830688476562
Double_DQN,0,72.52647399902344
Double_DQN,0,75.16656494140625
Double_DQN,0,73.41027069091797
Double_DQN,0,75.36878967285156
Double_DQN,0,75.22254943847656
Double_DQN,0,73.77664184570312
Double_DQN,0,71.165771484375
Double_DQN,0,73.24525451660156
Double_DQN,0,74.22869110107422
Double_DQN,0,76.4084701538086
Double_DQN,0,74.68240356445312
Double_DQN,0,76.29373168945312
Double_DQN,0,76.49855041503906
Double_DQN,0,78.99573516845703
Double_DQN,0,78.25775909423828
Double_DQN,0,79.39497375488281
Double_DQN,0,78.7540283203125
Double_DQN,0,79.697998046875
Double_DQN,0,78.63587951660156
Double_DQN,0,79.5202407836914
Double_DQN,0,79.76004028320312
Double_DQN,0,80.05904388427734
Double_DQN,0,79.85862731933594
Double_DQN,0,80.56351470947266
Double_DQN,0,80.02000427246094
Double_DQN,0,79.9482650756836
Double_DQN,0,79.46876525878906
Double_DQN,0,79.9964370727539
Double_DQN,0,80.125244140625
Double_DQN,0,79.68384552001953
Double_DQN,0,79.96147918701172
Double_DQN,0,80.4034423828125
Double_DQN,0,79.8438949584961
Double_DQN,0,79.33621215820312
Double_DQN,0,79.64111328125
Double_DQN,0,79.79322052001953
Double_DQN,0,79.85630798339844
Double_DQN,0,77.75183868408203
Double_DQN,0,78.35895538330078
Double_DQN,0,78.6303939819336
Double_DQN,0,78.08663177490234
Double_DQN,0,77.06754302978516
Double_DQN,0,77.73650360107422
Double_DQN,0,77.97367095947266
Double_DQN,0,77.38919067382812
Double_DQN,0,77.47551727294922
Double_DQN,0,77.93577575683594
Double_DQN,0,77.81688690185547
Double_DQN,0,78.11653900146484
Double_DQN,0,76.31547546386719
Double_DQN,0,76.77764129638672
Double_DQN,0,76.7633285522461
Double_DQN,0,76.49530029296875
Double_DQN,0,77.34918212890625
Double_DQN,0,77.85395050048828
Double_DQN,0,78.05160522460938
Double_DQN,0,77.64217376708984
Double_DQN,0,77.8172836303711
Double_DQN,0,78.26795196533203
Double_DQN,0,78.23503112792969
Double_DQN,0,78.20623779296875
Double_DQN,0,78.99410247802734
Double_DQN,0,79.36343383789062
Double_DQN,0,79.70418548583984
Double_DQN,0,79.68303680419922
Double_DQN,0,78.8884506225586
Double_DQN,0,79.22689819335938
Double_DQN,0,79.40253448486328
Double_DQN,0,79.73956298828125
Double_DQN,0,78.75377655029297
Double_DQN,0,78.99898529052734
Double_DQN,0,79.2964096069336
Double_DQN,0,79.05542755126953
Double_DQN,0,78.32087707519531
Double_DQN,0,78.5233154296875
Double_DQN,0,78.85215759277344
Double_DQN,0,78.68453216552734
Double_DQN,0,78.60234832763672
Double_DQN,0,78.72969055175781
Double_DQN,0,79.08055877685547
Double_DQN,0,79.00167846679688
Double_DQN,0,78.740478515625
Double_DQN,0,78.76616668701172
Double_DQN,0,78.73624420166016
Double_DQN,0,79.30887603759766
Double_DQN,0,77.45886993408203
Double_DQN,0,77.52103424072266
Double_DQN,0,77.6956558227539
Double_DQN,0,77.60041809082031
Double_DQN,0,76.56492614746094
Double_DQN,0,77.09200286865234
Double_DQN,0,76.72702026367188
Double_DQN,0,76.92090606689453
Double_DQN,0,78.74172973632812
Double_DQN,0,78.68768310546875
Double_DQN,0,78.753662109375
Double_DQN,0,79.31092834472656
Double_DQN,0,76.77832794189453
Double_DQN,0,77.02035522460938
Double_DQN,0,77.31885528564453
Double_DQN,0,77.03569793701172
Double_DQN,0,75.82677459716797
Double_DQN,0,76.4271469116211
Double_DQN,0,76.26898956298828
Double_DQN,0,76.17424011230469
Double_DQN,0,77.76970672607422
Double_DQN,0,77.83307647705078
Double_DQN,0,78.04100799560547
Double_DQN,0,78.2718276977539
Double_DQN,0,75.80020904541016
Double_DQN,0,76.17143249511719
Double_DQN,0,76.42828369140625
Double_DQN,0,75.93865966796875
Double_DQN,0,74.11027526855469
Double_DQN,0,74.65331268310547
Double_DQN,0,74.50054168701172
Double_DQN,0,74.28810119628906
Double_DQN,0,75.93144989013672
Double_DQN,0,75.98770904541016
Double_DQN,0,76.13988494873047
Double_DQN,0,76.20348358154297
Double_DQN,0,73.62104034423828
Double_DQN,0,74.08001708984375
Double_DQN,0,74.0871810913086
Double_DQN,0,73.50907135009766
Double_DQN,0,71.7329330444336
Double_DQN,0,72.20824432373047
Double_DQN,0,72.01461791992188
Double_DQN,0,71.65452575683594
Double_DQN,0,73.38780212402344
Double_DQN,0,73.46810913085938
Double_DQN,0,73.42066192626953
Double_DQN,0,73.38710021972656
Double_DQN,0,75.90132904052734
Double_DQN,0,75.56189727783203
Double_DQN,0,75.63968658447266
Double_DQN,0,75.93521881103516
Double_DQN,0,74.263671875
Double_DQN,0,74.7593002319336
Double_DQN,0,74.40830993652344
Double_DQN,0,73.72405242919922
Double_DQN,0,76.3572006225586
Double_DQN,0,76.65898895263672
Double_DQN,0,76.32746124267578
Double_DQN,0,75.72915649414062
Double_DQN,0,78.19454956054688
Double_DQN,0,78.35598754882812
Double_DQN,0,78.09197998046875
Double_DQN,0,77.52840423583984
Double_DQN,0,79.65480041503906
Double_DQN,0,79.76703643798828
Double_DQN,0,79.71118927001953
Double_DQN,0,79.16973876953125
Double_DQN,0,79.6551513671875
Double_DQN,0,79.64293670654297
Double_DQN,0,79.8881607055664
Double_DQN,0,79.50611114501953
Double_DQN,0,78.98512268066406
Double_DQN,0,78.99982452392578
Double_DQN,0,79.10680389404297
Double_DQN,0,78.85516357421875
Double_DQN,0,78.09111022949219
Double_DQN,0,78.15558624267578
Double_DQN,0,77.90774536132812
Double_DQN,0,77.85383605957031
Double_DQN,0,77.00975036621094
Double_DQN,0,76.94855499267578
Double_DQN,0,77.22647857666016
Double_DQN,0,77.39358520507812
Double_DQN,0,76.26651763916016
Double_DQN,0,76.66949462890625
Double_DQN,0,76.6929931640625
Double_DQN,0,75.98912048339844
Double_DQN,0,74.94270324707031
Double_DQN,0,75.35904693603516
Double_DQN,0,75.13833618164062
Double_DQN,0,74.6205062866211
Double_DQN,0,74.12957000732422
Double_DQN,0,74.48710632324219
Double_DQN,0,74.83113861083984
Double_DQN,0,74.43716430664062
Double_DQN,0,72.51907348632812
Double_DQN,0,72.92589569091797
Double_DQN,0,73.1447982788086
Double_DQN,0,72.73788452148438
Double_DQN,0,70.71139526367188
Double_DQN,0,71.21224212646484
Double_DQN,0,71.36237335205078
Double_DQN,0,70.75436401367188
Double_DQN,0,70.18797302246094
Double_DQN,0,70.63766479492188
Double_DQN,0,70.53353118896484
Double_DQN,0,70.4700927734375
Double_DQN,0,70.22386932373047
Double_DQN,0,70.89115142822266
Double_DQN,0,71.04283142089844
Double_DQN,0,70.87450408935547
Double_DQN,0,69.9105224609375
Double_DQN,0,70.4401626586914
Double_DQN,0,70.47743225097656
Double_DQN,0,70.90403747558594
Double_DQN,0,69.05833435058594
Double_DQN,0,69.84430694580078
Double_DQN,0,69.9002914428711
Double_DQN,0,69.49974060058594
Double_DQN,0,68.080322265625
Double_DQN,0,68.75027465820312
Double_DQN,0,68.5704574584961
Double_DQN,0,68.84294128417969
Double_DQN,0,68.18018341064453
Double_DQN,0,68.99143981933594
Double_DQN,0,68.92417907714844
Double_DQN,0,68.33296203613281
Double_DQN,0,68.89140319824219
Double_DQN,0,69.81991577148438
Double_DQN,0,70.098388671875
Double_DQN,0,69.52442932128906
Double_DQN,0,67.70499420166016
Double_DQN,0,68.61155700683594
Double_DQN,0,68.57743835449219
Double_DQN,0,68.53636169433594
Double_DQN,0,69.07864379882812
Double_DQN,0,69.99153137207031
Double_DQN,0,70.4679946899414
Double_DQN,0,70.44644927978516
Double_DQN,0,67.77371215820312
Double_DQN,0,68.67634582519531
Double_DQN,0,69.05299377441406
Double_DQN,0,69.14241027832031
Double_DQN,0,69.1781997680664
Double_DQN,0,69.8782730102539
Double_DQN,0,70.94930267333984
Double_DQN,0,70.39814758300781
Double_DQN,0,68.609130859375
Double_DQN,0,69.25395965576172
Double_DQN,0,70.25263977050781
Double_DQN,0,69.94552612304688
Double_DQN,0,68.23672485351562
Double_DQN,0,68.83406066894531
Double_DQN,0,69.79425811767578
Double_DQN,0,69.71539306640625
Double_DQN,0,68.75938415527344
Double_DQN,0,69.33397674560547
Double_DQN,0,70.34211730957031
Double_DQN,0,70.51004028320312
Double_DQN,0,70.24920654296875
Double_DQN,0,70.88428497314453
Double_DQN,0,72.26517486572266
Double_DQN,0,71.49341583251953
Double_DQN,0,68.67829895019531
Double_DQN,0,69.28511047363281
Double_DQN,0,70.3117904663086
Double_DQN,0,69.99397277832031
Double_DQN,0,69.03377532958984
Double_DQN,0,69.75617218017578
Double_DQN,0,70.78734588623047
Double_DQN,0,70.4017105102539
Double_DQN,0,67.65922546386719
Double_DQN,0,68.45281982421875
Double_DQN,0,69.14768981933594
Double_DQN,0,69.18085479736328
Double_DQN,0,68.84927368164062
Double_DQN,0,69.60783386230469
Double_DQN,0,70.7007064819336
Double_DQN,0,69.86519622802734
Double_DQN,0,65.77015686035156
Double_DQN,0,66.56712341308594
Double_DQN,0,67.20911407470703
Double_DQN,0,66.9022445678711
Double_DQN,0,64.95885467529297
Double_DQN,0,65.84098815917969
Double_DQN,0,66.48377227783203
Double_DQN,0,66.09243774414062
Double_DQN,0,62.735660552978516
Double_DQN,0,63.6025390625
Double_DQN,0,63.830501556396484
Double_DQN,0,64.01335144042969
Double_DQN,0,61.23456573486328
Double_DQN,0,62.74626541137695
Double_DQN,0,63.478660583496094
Double_DQN,0,62.754634857177734
Double_DQN,0,58.50705337524414
Double_DQN,0,60.000640869140625
Double_DQN,0,60.383609771728516
Double_DQN,0,60.0620231628418
Double_DQN,0,58.926422119140625
Double_DQN,0,60.259796142578125
Double_DQN,0,60.533023834228516
Double_DQN,0,60.325191497802734
Double_DQN,0,57.40631103515625
Double_DQN,0,58.61793899536133
Double_DQN,0,58.63425827026367
Double_DQN,0,58.75539779663086
Double_DQN,0,55.91459274291992
Double_DQN,0,58.09329605102539
Double_DQN,0,58.57811737060547
Double_DQN,0,57.95035171508789
Double_DQN,0,54.97465515136719
Double_DQN,0,56.97767639160156
Double_DQN,0,57.15745544433594
Double_DQN,0,56.967384338378906
Double_DQN,0,55.98515701293945
Double_DQN,0,58.00971984863281
Double_DQN,0,58.1536865234375
Double_DQN,0,57.87870788574219
Double_DQN,0,55.5433349609375
Double_DQN,0,57.593780517578125
Double_DQN,0,57.66724395751953
Double_DQN,0,57.47745895385742
Double_DQN,0,54.3209228515625
Double_DQN,0,56.02179718017578
Double_DQN,0,55.67424011230469
Double_DQN,0,56.13819122314453
Double_DQN,0,54.00674057006836
Double_DQN,0,56.83600616455078
Double_DQN,0,56.959102630615234
Double_DQN,0,56.414127349853516
Double_DQN,0,55.92280960083008
Double_DQN,0,58.73349380493164
Double_DQN,0,58.770896911621094
Double_DQN,0,58.09474182128906
Double_DQN,0,56.23667526245117
Double_DQN,0,58.67234420776367
Double_DQN,0,58.262020111083984
Double_DQN,0,58.11221694946289
Double_DQN,0,58.887081146240234
Double_DQN,0,61.34302520751953
Double_DQN,0,61.439903259277344
Double_DQN,0,60.62184143066406
Double_DQN,0,60.3072395324707
Double_DQN,0,62.886016845703125
Double_DQN,0,63.04138946533203
Double_DQN,0,61.963653564453125
Double_DQN,0,61.066749572753906
Double_DQN,0,63.195518493652344
Double_DQN,0,62.896141052246094
Double_DQN,0,62.39097595214844
Double_DQN,0,63.87302780151367
Double_DQN,0,65.7621841430664
Double_DQN,0,65.99996185302734
Double_DQN,0,64.95361328125
Double_DQN,0,64.52692413330078
Double_DQN,0,66.34573364257812
Double_DQN,0,66.5014419555664
Double_DQN,0,65.51038360595703
Double_DQN,0,66.39431762695312
Double_DQN,0,67.82130432128906
Double_DQN,0,67.66242218017578
Double_DQN,0,66.96686553955078
Double_DQN,0,68.74937438964844
Double_DQN,0,70.0554428100586
Double_DQN,0,70.41548919677734
Double_DQN,0,69.26507568359375
Double_DQN,0,68.99002075195312
Double_DQN,0,70.1020736694336
Double_DQN,0,70.15633392333984
Double_DQN,0,69.63683319091797
Double_DQN,0,68.83251953125
Double_DQN,0,69.9247817993164
Double_DQN,0,70.01466369628906
Double_DQN,0,69.43065643310547
Double_DQN,0,69.44579315185547
Double_DQN,0,70.35460662841797
Double_DQN,0,69.96183013916016
Double_DQN,0,70.21804809570312
Double_DQN,0,70.67203521728516
Double_DQN,0,71.41278839111328
Double_DQN,0,71.74071502685547
Double_DQN,0,71.81175231933594
Double_DQN,0,71.83992767333984
Double_DQN,0,73.0923843383789
Double_DQN,0,73.71102905273438
Double_DQN,0,72.32994079589844
Double_DQN,0,70.96598052978516
Double_DQN,0,72.05780029296875
Double_DQN,0,72.47957611083984
Double_DQN,0,71.49283599853516
Double_DQN,0,69.84685516357422
Double_DQN,0,70.97403717041016
Double_DQN,0,71.51141357421875
Double_DQN,0,70.28921508789062
Double_DQN,0,68.61383819580078
Double_DQN,0,69.53873443603516
Double_DQN,0,69.79879760742188
Double_DQN,0,69.1513671875
Double_DQN,0,67.32229614257812
Double_DQN,0,67.8166275024414
Double_DQN,0,67.44998168945312
Double_DQN,0,68.10701751708984
Double_DQN,0,67.49852752685547
Double_DQN,0,68.85802459716797
Double_DQN,0,68.92235565185547
Double_DQN,0,68.37854766845703
Double_DQN,0,69.26931762695312
Double_DQN,0,70.39616394042969
Double_DQN,0,70.2883529663086
Double_DQN,0,69.89867401123047
Double_DQN,0,70.42952728271484
Double_DQN,0,71.4237060546875
Double_DQN,0,72.06812286376953
Double_DQN,0,70.8437728881836
Double_DQN,0,70.3871078491211
Double_DQN,0,71.4330062866211
Double_DQN,0,72.17318725585938
Double_DQN,0,70.91000366210938
Double_DQN,0,71.32892608642578
Double_DQN,0,71.85413360595703
Double_DQN,0,72.33722686767578
Double_DQN,0,71.76348876953125
Double_DQN,0,71.58829498291016
Double_DQN,0,73.5672378540039
Double_DQN,0,74.51325988769531
Double_DQN,0,72.82794189453125
Double_DQN,0,72.03276824951172
Double_DQN,0,73.26769256591797
Double_DQN,0,73.69754791259766
Double_DQN,0,73.39633178710938
Double_DQN,0,74.8633041381836
Double_DQN,0,75.0737533569336
Double_DQN,0,74.78437805175781
Double_DQN,0,75.69589233398438
Double_DQN,0,74.49889373779297
Double_DQN,0,76.01950073242188
Double_DQN,0,76.47018432617188
Double_DQN,0,76.27546691894531
Double_DQN,0,76.956298828125
Double_DQN,0,77.61094665527344
Double_DQN,0,77.42935943603516
Double_DQN,0,78.38191223144531
Double_DQN,0,76.80644989013672
Double_DQN,0,78.87181091308594
Double_DQN,0,79.45714569091797
Double_DQN,0,79.27771759033203
Double_DQN,0,79.97442626953125
Double_DQN,0,81.33992767333984
Double_DQN,0,81.355712890625
Double_DQN,0,81.97551727294922
Double_DQN,0,79.7131118774414
Double_DQN,0,82.16895294189453
Double_DQN,0,83.1624984741211
Double_DQN,0,81.90870666503906
Double_DQN,0,78.11902618408203
Double_DQN,0,80.7076187133789
Double_DQN,0,81.3189468383789
Double_DQN,0,81.10269927978516
Double_DQN,0,77.6930160522461
Double_DQN,0,80.4298095703125
Double_DQN,0,80.91163635253906
Double_DQN,0,80.90364837646484
Double_DQN,0,79.11033630371094
Double_DQN,0,81.7603530883789
Double_DQN,0,82.18099212646484
Double_DQN,0,81.76593780517578
Double_DQN,0,78.39134216308594
Double_DQN,0,81.51740264892578
Double_DQN,0,82.27942657470703
Double_DQN,0,81.46833801269531
Double_DQN,0,79.36853790283203
Double_DQN,0,82.31085968017578
Double_DQN,0,82.8193130493164
Double_DQN,0,81.95738220214844
Double_DQN,0,80.24262237548828
Double_DQN,0,82.9777603149414
Double_DQN,0,83.30792999267578
Double_DQN,0,82.46482849121094
Double_DQN,0,80.7895278930664
Double_DQN,0,83.44705963134766
Double_DQN,0,83.74137115478516
Double_DQN,0,82.82498168945312
Double_DQN,0,80.02877044677734
Double_DQN,0,82.28717803955078
Double_DQN,0,81.56013488769531
Double_DQN,0,82.26348876953125
Double_DQN,0,82.68408203125
Double_DQN,0,84.21363830566406
Double_DQN,0,83.99728393554688
Double_DQN,0,84.16093444824219
Double_DQN,0,85.51058197021484
Double_DQN,0,86.77555084228516
Double_DQN,0,86.88111114501953
Double_DQN,0,86.25418090820312
Double_DQN,0,84.18058013916016
Double_DQN,0,84.82691192626953
Double_DQN,0,84.4707260131836
Double_DQN,0,84.44343566894531
Double_DQN,0,87.4603500366211
Double_DQN,0,87.53784942626953
Double_DQN,0,87.54358673095703
Double_DQN,0,86.57337951660156
Double_DQN,0,86.42584991455078
Double_DQN,0,86.37799835205078
Double_DQN,0,86.15699005126953
Double_DQN,0,85.72291564941406
Double_DQN,0,87.81635284423828
Double_DQN,0,88.26522064208984
Double_DQN,0,88.33252716064453
Double_DQN,0,87.0272216796875
Double_DQN,0,86.8520278930664
Double_DQN,0,87.0304183959961
Double_DQN,0,86.8457260131836
Double_DQN,0,85.83747100830078
Double_DQN,0,89.03759002685547
Double_DQN,0,89.14064025878906
Double_DQN,0,89.32929229736328
Double_DQN,0,87.58306884765625
Double_DQN,0,88.90233612060547
Double_DQN,0,89.15825653076172
Double_DQN,0,89.29812622070312
Double_DQN,0,87.28973388671875
Double_DQN,0,87.51580047607422
Double_DQN,0,87.90145874023438
Double_DQN,0,87.69876861572266
Double_DQN,0,85.85555267333984
Double_DQN,0,90.35094451904297
Double_DQN,0,90.63680267333984
Double_DQN,0,90.87487030029297
Double_DQN,0,88.42533874511719
Double_DQN,0,81.66563415527344
Double_DQN,0,84.10061645507812
Double_DQN,0,83.47718048095703
Double_DQN,0,79.32334899902344
Double_DQN,0,80.83889770507812
Double_DQN,0,84.22527313232422
Double_DQN,0,85.29629516601562
Double_DQN,0,78.88236236572266
Double_DQN,0,80.34408569335938
Double_DQN,0,83.70073699951172
Double_DQN,0,84.0072021484375
Double_DQN,0,78.23233795166016
Double_DQN,0,79.02225494384766
Double_DQN,0,81.17255401611328
Double_DQN,0,80.25617218017578
Double_DQN,0,76.54508209228516
Double_DQN,0,87.59851837158203
Double_DQN,0,87.3152084350586
Double_DQN,0,87.60308074951172
Double_DQN,0,88.10836791992188
Double_DQN,0,89.9885025024414
Double_DQN,0,89.90489959716797
Double_DQN,0,90.14812469482422
Double_DQN,0,89.51531219482422
Double_DQN,0,88.16031646728516
Double_DQN,0,88.46985626220703
Double_DQN,0,88.0905990600586
Double_DQN,0,87.6090087890625
Double_DQN,0,89.21353912353516
Double_DQN,0,89.45410919189453
Double_DQN,0,89.8266830444336
Double_DQN,0,89.16110229492188
Double_DQN,0,85.62214660644531
Double_DQN,0,86.8985595703125
Double_DQN,0,86.02973175048828
Double_DQN,0,85.49640655517578
Double_DQN,0,84.86814880371094
Double_DQN,0,86.07659912109375
Double_DQN,0,86.13532257080078
Double_DQN,0,85.62907409667969
Double_DQN,0,82.48921203613281
Double_DQN,0,84.40039825439453
Double_DQN,0,83.47222900390625
Double_DQN,0,83.13812255859375
Double_DQN,0,82.00725555419922
Double_DQN,0,83.74626922607422
Double_DQN,0,84.08052062988281
Double_DQN,0,83.40756225585938
Double_DQN,0,79.82064056396484
Double_DQN,0,82.1823959350586
Double_DQN,0,82.23368072509766
Double_DQN,0,81.25299835205078
Double_DQN,0,77.63461303710938
Double_DQN,0,80.20018005371094
Double_DQN,0,78.94979858398438
Double_DQN,0,78.94023132324219
Double_DQN,0,76.78022003173828
Double_DQN,0,78.35607147216797
Double_DQN,0,79.23902893066406
Double_DQN,0,78.98030090332031
Double_DQN,0,72.77845764160156
Double_DQN,0,74.67755126953125
Double_DQN,0,74.60916900634766
Double_DQN,0,75.07389831542969
Double_DQN,0,74.44812774658203
Double_DQN,0,75.87664031982422
Double_DQN,0,76.68024444580078
Double_DQN,0,76.44105529785156
Double_DQN,0,70.40904235839844
Double_DQN,0,72.0595474243164
Double_DQN,0,72.38611602783203
Double_DQN,0,72.41600799560547
Double_DQN,0,72.82357025146484
Double_DQN,0,74.12767791748047
Double_DQN,0,75.37445068359375
Double_DQN,0,74.54454040527344
Double_DQN,0,71.68904876708984
Double_DQN,0,72.59638214111328
Double_DQN,0,73.35037231445312
Double_DQN,0,73.470703125
Double_DQN,0,74.88124084472656
Double_DQN,0,75.53559112548828
Double_DQN,0,76.7928695678711
Double_DQN,0,76.16587829589844
Double_DQN,0,72.9301528930664
Double_DQN,0,73.81122589111328
Double_DQN,0,74.00288391113281
Double_DQN,0,74.2896728515625
Double_DQN,0,77.2183609008789
Double_DQN,0,78.0517807006836
Double_DQN,0,78.78060913085938
Double_DQN,0,78.17092895507812
Double_DQN,0,76.6527328491211
Double_DQN,0,77.60920715332031
Double_DQN,0,78.08492279052734
Double_DQN,0,77.71199798583984
Double_DQN,0,74.74706268310547
Double_DQN,0,75.73780059814453
Double_DQN,0,74.86457061767578
Double_DQN,0,72.65078735351562
Double_DQN,0,76.81681060791016
Double_DQN,0,78.23046112060547
Double_DQN,0,77.0923080444336
Double_DQN,0,74.49543762207031
Double_DQN,0,79.38015747070312
Double_DQN,0,81.36515045166016
Double_DQN,0,80.15480041503906
Double_DQN,0,77.40355682373047
Double_DQN,0,81.30484771728516
Double_DQN,0,83.8011245727539
Double_DQN,0,82.60591888427734
Double_DQN,0,79.38323974609375
Double_DQN,0,82.23785400390625
Double_DQN,0,84.7531509399414
Double_DQN,0,84.135498046875
Double_DQN,0,80.2044677734375
Double_DQN,0,82.66414642333984
Double_DQN,0,85.0567398071289
Double_DQN,0,85.20393371582031
Double_DQN,0,80.30584716796875
Double_DQN,0,75.76895904541016
Double_DQN,0,75.17982482910156
Double_DQN,0,73.11675262451172
Double_DQN,0,74.27088165283203
Double_DQN,0,73.45868682861328
Double_DQN,0,72.75419616699219
Double_DQN,0,70.44707489013672
Double_DQN,0,71.97232055664062
Double_DQN,0,70.91451263427734
Double_DQN,0,70.39522552490234
Double_DQN,0,68.03658294677734
Double_DQN,0,69.74609375
Double_DQN,0,70.02290344238281
Double_DQN,0,69.81465148925781
Double_DQN,0,67.22457885742188
Double_DQN,0,69.03777313232422
Double_DQN,0,71.2519302368164
Double_DQN,0,70.50901794433594
Double_DQN,0,68.24634552001953
Double_DQN,0,70.11589050292969
Double_DQN,0,71.07020568847656
Double_DQN,0,70.28690338134766
Double_DQN,0,68.14736938476562
Double_DQN,0,69.92636108398438
Double_DQN,0,70.7938232421875
Double_DQN,0,69.88103485107422
Double_DQN,0,67.77019500732422
Double_DQN,0,69.70527648925781
Double_DQN,0,70.90692901611328
Double_DQN,0,69.71483612060547
Double_DQN,0,67.54969787597656
Double_DQN,0,69.87454986572266
Double_DQN,0,71.3707046508789
Double_DQN,0,69.9771499633789
Double_DQN,0,67.71558380126953
Double_DQN,0,70.3431167602539
Double_DQN,0,70.70805358886719
Double_DQN,0,69.59227752685547
Double_DQN,0,67.44503784179688
Double_DQN,0,69.64783477783203
Double_DQN,0,70.70795440673828
Double_DQN,0,69.59381866455078
Double_DQN,0,67.4486312866211
Double_DQN,0,69.64683532714844
Double_DQN,0,70.70948791503906
Double_DQN,0,69.5953598022461
Double_DQN,0,67.44940185546875
Double_DQN,0,69.6484146118164
Double_DQN,0,70.71125030517578
Double_DQN,0,69.59760284423828
Double_DQN,0,67.45140838623047
Double_DQN,0,69.64993286132812
Double_DQN,0,70.7117691040039
Double_DQN,0,69.59825134277344
Double_DQN,0,67.45199584960938
Double_DQN,0,69.65036010742188
Double_DQN,0,70.7115249633789
Double_DQN,0,69.59793090820312
Double_DQN,0,67.45171356201172
Double_DQN,0,69.650146484375
Double_DQN,0,70.71118927001953
Double_DQN,0,69.5975112915039
Double_DQN,0,67.45133209228516
Double_DQN,0,69.64987182617188
Double_DQN,0,70.7110595703125
Double_DQN,0,69.59735870361328
Double_DQN,0,67.45117950439453
Double_DQN,0,69.6497573852539
Double_DQN,0,70.71107482910156
Double_DQN,0,69.59738159179688
Double_DQN,0,67.45120239257812
Double_DQN,0,69.6497802734375
Double_DQN,0,70.71114349365234
Double_DQN,0,69.59745788574219
Double_DQN,0,67.45127868652344
Double_DQN,0,69.64982604980469
Double_DQN,0,70.1667709350586
Double_DQN,0,68.47409057617188
Double_DQN,0,65.9832992553711
Double_DQN,0,69.40641784667969
Double_DQN,0,78.80884552001953
Double_DQN,0,79.31137084960938
Double_DQN,0,77.91343688964844
Double_DQN,0,79.26687622070312
Double_DQN,0,80.1407241821289
Double_DQN,0,80.31490325927734
Double_DQN,0,79.60911560058594
Double_DQN,0,80.6077651977539
Double_DQN,0,70.46631622314453
Double_DQN,0,69.29975128173828
Double_DQN,0,67.17924499511719
Double_DQN,0,69.4354248046875
Double_DQN,0,70.66744232177734
Double_DQN,0,69.55200958251953
Double_DQN,0,67.40314483642578
Double_DQN,0,69.6094970703125
Double_DQN,0,70.7005386352539
Double_DQN,0,69.59493255615234
Double_DQN,0,67.44365692138672
Double_DQN,0,69.6368408203125
Double_DQN,0,70.6561050415039
Double_DQN,0,69.53802490234375
Double_DQN,0,67.39193725585938
Double_DQN,0,69.59893798828125
Double_DQN,0,70.61620330810547
Double_DQN,0,69.48707580566406
Double_DQN,0,67.34558868408203
Double_DQN,0,69.56495666503906
Double_DQN,0,70.6046142578125
Double_DQN,0,69.47237396240234
Double_DQN,0,67.33220672607422
Double_DQN,0,69.55509948730469
Double_DQN,0,70.61009216308594
Double_DQN,0,69.47940826416016
Double_DQN,0,67.338623046875
Double_DQN,0,69.55976867675781
Double_DQN,0,70.61747741699219
Double_DQN,0,69.48883819580078
Double_DQN,0,67.34720611572266
Double_DQN,0,69.5660629272461
Double_DQN,0,70.62052154541016
Double_DQN,0,69.49272155761719
Double_DQN,0,67.35072326660156
Double_DQN,0,69.56866455078125
Double_DQN,0,70.62010955810547
Double_DQN,0,69.49217224121094
Double_DQN,0,67.3502197265625
Double_DQN,0,69.56829833984375
Double_DQN,0,70.61882781982422
Double_DQN,0,69.49053955078125
Double_DQN,0,67.34873962402344
Double_DQN,0,69.56720733642578
Double_DQN,0,70.61812591552734
Double_DQN,0,69.48965454101562
Double_DQN,0,67.34793090820312
Double_DQN,0,69.56661987304688
Double_DQN,0,70.61809539794922
Double_DQN,0,69.48960876464844
Double_DQN,0,67.34789276123047
Double_DQN,0,69.56658935546875
Double_DQN,0,70.6183090209961
Double_DQN,0,69.48987579345703
Double_DQN,0,67.34814453125
Double_DQN,0,69.5667724609375
Double_DQN,0,70.61844635009766
Double_DQN,0,69.49005889892578
Double_DQN,0,67.34830474853516
Double_DQN,0,69.56687927246094
Double_DQN,0,70.61848449707031
Double_DQN,0,69.49010467529297
Double_DQN,0,67.34834289550781
Double_DQN,0,69.5669174194336
Double_DQN,0,70.61844635009766
Double_DQN,0,69.49005889892578
Double_DQN,0,67.34830474853516
Double_DQN,0,69.56687927246094
Double_DQN,0,70.61842346191406
Double_DQN,0,69.49002075195312
Double_DQN,0,67.34827423095703
Double_DQN,0,69.56686401367188
Double_DQN,0,70.61841583251953
Double_DQN,0,69.49000549316406
Double_DQN,0,67.34825897216797
Double_DQN,0,69.56686401367188
Double_DQN,0,70.61841583251953
Double_DQN,0,69.4900131225586
Double_DQN,0,67.3482666015625
Double_DQN,0,69.56686401367188
Double_DQN,0,70.61841583251953
Double_DQN,0,69.49002075195312
Double_DQN,0,67.3482666015625
Double_DQN,0,69.56686401367188
Double_DQN,0,70.61841583251953
Double_DQN,0,69.49002075195312
Double_DQN,0,67.3482666015625
Double_DQN,0,69.56686401367188
Double_DQN,0,70.6184310913086
Double_DQN,0,69.49002838134766
Double_DQN,0,67.34827423095703
Double_DQN,0,69.5668716430664
Double_DQN,0,70.6184310913086
Double_DQN,0,69.49003601074219
Double_DQN,0,67.34827423095703
Double_DQN,0,69.5668716430664
Double_DQN,0,70.6184310913086
Double_DQN,0,69.49002838134766
Double_DQN,0,67.34827423095703
Double_DQN,0,69.5668716430664
Double_DQN,0,92.66780090332031
Double_DQN,0,93.3520278930664
Double_DQN,0,88.5340347290039
Double_DQN,0,90.12922668457031
Double_DQN,0,95.05850982666016
Double_DQN,0,95.72846984863281
Double_DQN,0,91.14141082763672
Double_DQN,0,92.61978912353516
Double_DQN,0,97.3483657836914
Double_DQN,0,97.96517181396484
Double_DQN,0,93.68911743164062
Double_DQN,0,95.0367660522461
Double_DQN,0,97.46236419677734
Double_DQN,0,98.10916900634766
Double_DQN,0,93.8263168334961
Double_DQN,0,95.01358032226562
Double_DQN,0,99.21793365478516
Double_DQN,0,99.7862777709961
Double_DQN,0,95.97019958496094
Double_DQN,0,97.05300903320312
Double_DQN,0,99.59374237060547
Double_DQN,0,99.98824310302734
Double_DQN,0,96.87967681884766
Double_DQN,0,97.95271301269531
Double_DQN,0,100.06222534179688
Double_DQN,0,100.2832260131836
Double_DQN,0,97.8155288696289
Double_DQN,0,98.86043548583984
Double_DQN,0,100.13646697998047
Double_DQN,0,100.19403076171875
Double_DQN,0,98.50670623779297
Double_DQN,0,99.4515380859375
Double_DQN,0,99.75867462158203
Double_DQN,0,99.5494613647461
Double_DQN,0,98.84073638916016
Double_DQN,0,99.68861389160156
Double_DQN,0,101.17217254638672
Double_DQN,0,100.91226959228516
Double_DQN,0,100.5421142578125
Double_DQN,0,101.14093780517578
Double_DQN,0,102.66433715820312
Double_DQN,0,102.35783386230469
Double_DQN,0,102.31586456298828
Double_DQN,0,102.66815185546875
Double_DQN,0,106.6743392944336
Double_DQN,0,106.63420104980469
Double_DQN,0,106.10584259033203
Double_DQN,0,106.02195739746094
Double_DQN,0,108.06459045410156
Double_DQN,0,107.9933853149414
Double_DQN,0,107.78050994873047
Double_DQN,0,107.4476089477539
Double_DQN,0,109.26351165771484
Double_DQN,0,109.15387725830078
Double_DQN,0,109.29283905029297
Double_DQN,0,108.69644927978516
Double_DQN,0,107.41792297363281
Double_DQN,0,107.24837493896484
Double_DQN,0,107.32633209228516
Double_DQN,0,106.78656768798828
Double_DQN,0,108.07682800292969
Double_DQN,0,107.8649673461914
Double_DQN,0,108.3755874633789
Double_DQN,0,107.52442932128906
Double_DQN,0,106.37032318115234
Double_DQN,0,106.07743072509766
Double_DQN,0,106.74830627441406
Double_DQN,0,105.90817260742188
Double_DQN,0,104.23563385009766
Double_DQN,0,103.81459045410156
Double_DQN,0,104.7843246459961
Double_DQN,0,103.94725036621094
Double_DQN,0,102.41837310791016
Double_DQN,0,101.9533920288086
Double_DQN,0,102.7345199584961
Double_DQN,0,102.0082778930664
Double_DQN,0,100.6047134399414
Double_DQN,0,100.06473541259766
Double_DQN,0,100.65697479248047
Double_DQN,0,100.03169250488281
Double_DQN,0,99.8915023803711
Double_DQN,0,99.30095672607422
Double_DQN,0,99.93833923339844
Double_DQN,0,99.22547149658203
Double_DQN,0,97.0241928100586
Double_DQN,0,96.33990478515625
Double_DQN,0,97.04226684570312
Double_DQN,0,96.46800994873047
Double_DQN,0,96.99628448486328
Double_DQN,0,96.28091430664062
Double_DQN,0,97.03871154785156
Double_DQN,0,96.31608581542969
Double_DQN,0,95.91287994384766
Double_DQN,0,95.1497802734375
Double_DQN,0,95.91923522949219
Double_DQN,0,95.15086364746094
Double_DQN,0,94.94573974609375
Double_DQN,0,94.13761138916016
Double_DQN,0,95.0169448852539
Double_DQN,0,94.22086334228516
Double_DQN,0,93.05633544921875
Double_DQN,0,92.17863464355469
Double_DQN,0,93.13982391357422
Double_DQN,0,92.39826202392578
Double_DQN,0,90.746826171875
Double_DQN,0,89.7813491821289
Double_DQN,0,90.87989807128906
Double_DQN,0,90.24365997314453
Double_DQN,0,90.12281036376953
Double_DQN,0,89.13043212890625
Double_DQN,0,90.27706909179688
Double_DQN,0,89.5020980834961
Double_DQN,0,86.59700012207031
Double_DQN,0,85.54020690917969
Double_DQN,0,86.80155181884766
Double_DQN,0,86.09949493408203
Double_DQN,0,84.08990478515625
Double_DQN,0,82.9549331665039
Double_DQN,0,84.4187240600586
Double_DQN,0,83.7165298461914
Double_DQN,0,82.1309814453125
Double_DQN,0,80.94256591796875
Double_DQN,0,82.50762939453125
Double_DQN,0,81.74663543701172
Double_DQN,0,79.42477416992188
Double_DQN,0,78.01883697509766
Double_DQN,0,79.8458480834961
Double_DQN,0,79.1047592163086
Double_DQN,0,75.79051208496094
Double_DQN,0,74.29134368896484
Double_DQN,0,76.20394897460938
Double_DQN,0,75.44772338867188
Double_DQN,0,72.90845489501953
Double_DQN,0,71.31306457519531
Double_DQN,0,73.34522247314453
Double_DQN,0,72.55706787109375
Double_DQN,0,70.78756713867188
Double_DQN,0,69.02482604980469
Double_DQN,0,71.29204559326172
Double_DQN,0,70.481689453125
Double_DQN,0,69.45477294921875
Double_DQN,0,67.53767395019531
Double_DQN,0,70.05135345458984
Double_DQN,0,69.19426727294922
Double_DQN,0,67.2159194946289
Double_DQN,0,65.08343505859375
Double_DQN,0,67.8618392944336
Double_DQN,0,67.03388977050781
Double_DQN,0,67.20870971679688
Double_DQN,0,64.9112319946289
Double_DQN,0,68.00482177734375
Double_DQN,0,67.09188842773438
Double_DQN,0,64.2481918334961
Double_DQN,0,61.70429229736328
Double_DQN,0,65.1036605834961
Double_DQN,0,64.22709655761719
Double_DQN,0,64.49828338623047
Double_DQN,0,61.73080062866211
Double_DQN,0,65.57312774658203
Double_DQN,0,64.54936218261719
Double_DQN,0,61.974491119384766
Double_DQN,0,59.0750846862793
Double_DQN,0,63.176055908203125
Double_DQN,0,62.0634880065918
Double_DQN,0,62.04948043823242
Double_DQN,0,58.899269104003906
Double_DQN,0,63.50952911376953
Double_DQN,0,62.2165641784668
Double_DQN,0,60.188289642333984
Double_DQN,0,56.74235534667969
Double_DQN,0,61.522090911865234
Double_DQN,0,60.23064422607422
Double_DQN,0,60.86820602416992
Double_DQN,0,57.23805236816406
Double_DQN,0,62.16835403442383
Double_DQN,0,60.818199157714844
Double_DQN,0,59.492774963378906
Double_DQN,0,55.38002395629883
Double_DQN,0,60.60831832885742
Double_DQN,0,59.2950439453125
Double_DQN,0,60.418312072753906
Double_DQN,0,56.03968048095703
Double_DQN,0,61.63365173339844
Double_DQN,0,60.21400833129883
Double_DQN,0,59.855308532714844
Double_DQN,0,55.12900161743164
Double_DQN,0,61.175533294677734
Double_DQN,0,59.75969696044922
Double_DQN,0,61.13650131225586
Double_DQN,0,56.12572479248047
Double_DQN,0,62.67136764526367
Double_DQN,0,61.130191802978516
Double_DQN,0,61.519100189208984
Double_DQN,0,56.521888732910156
Double_DQN,0,62.890098571777344
Double_DQN,0,61.48239517211914
Double_DQN,0,61.4112434387207
Double_DQN,0,56.500980377197266
Double_DQN,0,62.593326568603516
Double_DQN,0,61.34270095825195
Double_DQN,0,60.047550201416016
Double_DQN,0,55.20951461791992
Double_DQN,0,61.1960563659668
Double_DQN,0,60.0333366394043
Double_DQN,0,58.80986022949219
Double_DQN,0,54.14548873901367
Double_DQN,0,59.788963317871094
Double_DQN,0,58.71938705444336
Double_DQN,0,57.97911071777344
Double_DQN,0,53.47023010253906
Double_DQN,0,58.79904556274414
Double_DQN,0,57.8240852355957
Double_DQN,0,57.7733039855957
Double_DQN,0,53.275306701660156
Double_DQN,0,58.60051727294922
Double_DQN,0,57.63569641113281
Double_DQN,0,54.90604782104492
Double_DQN,0,50.6712646484375
Double_DQN,0,55.648765563964844
Double_DQN,0,54.76243591308594
Double_DQN,0,54.836605072021484
Double_DQN,0,50.65748596191406
Double_DQN,0,55.552093505859375
Double_DQN,0,54.69672393798828
Double_DQN,0,52.40100860595703
Double_DQN,0,48.36468505859375
Double_DQN,0,52.761558532714844
Double_DQN,0,52.27519607543945
Double_DQN,0,52.82457733154297
Double_DQN,0,48.62818145751953
Double_DQN,0,52.986812591552734
Double_DQN,0,52.69457244873047
Double_DQN,0,51.739036560058594
Double_DQN,0,47.18717956542969
Double_DQN,0,51.37853240966797
Double_DQN,0,51.74027633666992
Double_DQN,0,53.629371643066406
Double_DQN,0,49.42253112792969
Double_DQN,0,53.48546600341797
Double_DQN,0,53.20517349243164
Double_DQN,0,55.749298095703125
Double_DQN,0,51.53366470336914
Double_DQN,0,55.88425064086914
Double_DQN,0,55.26451873779297
Double_DQN,0,53.7613639831543
Double_DQN,0,49.222808837890625
Double_DQN,0,53.27069854736328
Double_DQN,0,53.417930603027344
Double_DQN,0,55.975364685058594
Double_DQN,0,51.489013671875
Double_DQN,0,55.8039436340332
Double_DQN,0,55.526397705078125
Double_DQN,0,58.92192840576172
Double_DQN,0,54.3614616394043
Double_DQN,0,58.95862579345703
Double_DQN,0,58.427001953125
Double_DQN,0,55.58473205566406
Double_DQN,0,50.955223083496094
Double_DQN,0,54.95968246459961
Double_DQN,0,55.16924285888672
Double_DQN,0,58.108272552490234
Double_DQN,0,53.559165954589844
Double_DQN,0,57.826332092285156
Double_DQN,0,57.574066162109375
Double_DQN,0,60.89850616455078
Double_DQN,0,56.34427261352539
Double_DQN,0,60.84437561035156
Double_DQN,0,60.35761642456055
Double_DQN,0,63.397640228271484
Double_DQN,0,58.883487701416016
Double_DQN,0,63.57389450073242
Double_DQN,0,62.85866165161133
Double_DQN,0,63.53205871582031
Double_DQN,0,59.20449447631836
Double_DQN,0,63.76909255981445
Double_DQN,0,63.093048095703125
Double_DQN,0,63.247032165527344
Double_DQN,0,58.85276794433594
Double_DQN,0,63.532981872558594
Double_DQN,0,62.954978942871094
Double_DQN,0,62.132381439208984
Double_DQN,0,57.64057922363281
Double_DQN,0,62.400760650634766
Double_DQN,0,62.0283088684082
Double_DQN,0,59.411598205566406
Double_DQN,0,55.51903533935547
Double_DQN,0,59.29241943359375
Double_DQN,0,59.5577278137207
Double_DQN,0,62.78520202636719
Double_DQN,0,59.46322250366211
Double_DQN,0,62.83565902709961
Double_DQN,0,62.49954605102539
Double_DQN,0,62.92572784423828
Double_DQN,0,59.73871612548828
Double_DQN,0,62.7514533996582
Double_DQN,0,62.78070831298828
Double_DQN,0,65.68484497070312
Double_DQN,0,62.55653381347656
Double_DQN,0,65.75486755371094
Double_DQN,0,65.48763275146484
Double_DQN,0,65.92266082763672
Double_DQN,0,63.07728576660156
Double_DQN,0,65.50724029541016
Double_DQN,0,65.98234558105469
Double_DQN,0,69.35772705078125
Double_DQN,0,67.32830810546875
Double_DQN,0,69.09809112548828
Double_DQN,0,68.81901550292969
Double_DQN,0,71.59024810791016
Double_DQN,0,69.89401245117188
Double_DQN,0,71.64204406738281
Double_DQN,0,71.04993438720703
Double_DQN,0,70.07128143310547
Double_DQN,0,67.99826049804688
Double_DQN,0,70.0357894897461
Double_DQN,0,69.7376480102539
Double_DQN,0,72.18262481689453
Double_DQN,0,70.38189697265625
Double_DQN,0,72.44506072998047
Double_DQN,0,71.8820571899414
Double_DQN,0,70.49015808105469
Double_DQN,0,68.31380462646484
Double_DQN,0,70.32311248779297
Double_DQN,0,70.53424072265625
Double_DQN,0,73.44891357421875
Double_DQN,0,72.1286392211914
Double_DQN,0,73.49434661865234
Double_DQN,0,72.96186065673828
Double_DQN,0,71.6834487915039
Double_DQN,0,69.80589294433594
Double_DQN,0,71.27474212646484
Double_DQN,0,71.70423126220703
Double_DQN,0,73.63801574707031
Double_DQN,0,72.45204162597656
Double_DQN,0,73.53690338134766
Double_DQN,0,73.321533203125
Double_DQN,0,75.67742919921875
Double_DQN,0,74.93966674804688
Double_DQN,0,75.92127990722656
Double_DQN,0,75.29103088378906
Double_DQN,0,76.07291412353516
Double_DQN,0,75.1781234741211
Double_DQN,0,75.96883392333984
Double_DQN,0,76.13506317138672
Double_DQN,0,76.70555114746094
Double_DQN,0,76.54145050048828
Double_DQN,0,77.09789276123047
Double_DQN,0,76.55147552490234
Double_DQN,0,76.44549560546875
Double_DQN,0,76.10981750488281
Double_DQN,0,76.52095794677734
Double_DQN,0,76.56690979003906
Double_DQN,0,76.383056640625
Double_DQN,0,76.61976623535156
Double_DQN,0,76.91609191894531
Double_DQN,0,76.3573989868164
Double_DQN,0,76.70286560058594
Double_DQN,0,76.96377563476562
Double_DQN,0,77.01345825195312
Double_DQN,0,77.0501937866211
Double_DQN,0,76.01652526855469
Double_DQN,0,76.76142120361328
Double_DQN,0,76.76268768310547
Double_DQN,0,76.1804428100586
Double_DQN,0,75.18797302246094
Double_DQN,0,75.90393829345703
Double_DQN,0,75.90772247314453
Double_DQN,0,75.39503479003906
Double_DQN,0,74.7971420288086
Double_DQN,0,75.31668090820312
Double_DQN,0,75.02519989013672
Double_DQN,0,75.29092407226562
Double_DQN,0,75.40806579589844
Double_DQN,0,76.13580322265625
Double_DQN,0,76.02141571044922
Double_DQN,0,76.06787872314453
Double_DQN,0,77.2467041015625
Double_DQN,0,77.85243225097656
Double_DQN,0,78.18183898925781
Double_DQN,0,78.0804214477539
Double_DQN,0,77.45207214355469
Double_DQN,0,78.0599136352539
Double_DQN,0,78.15717315673828
Double_DQN,0,78.49908447265625
Double_DQN,0,76.73101043701172
Double_DQN,0,77.26053619384766
Double_DQN,0,77.4361801147461
Double_DQN,0,77.48834991455078
Double_DQN,0,76.84395599365234
Double_DQN,0,77.26084899902344
Double_DQN,0,77.45417022705078
Double_DQN,0,77.10589599609375
Double_DQN,0,77.7286605834961
Double_DQN,0,78.0576400756836
Double_DQN,0,78.19705200195312
Double_DQN,0,77.88631439208984
Double_DQN,0,77.32706451416016
Double_DQN,0,77.60800170898438
Double_DQN,0,77.77375793457031
Double_DQN,0,77.514404296875
Double_DQN,0,77.6398696899414
Double_DQN,0,77.8421859741211
Double_DQN,0,78.02998352050781
Double_DQN,0,77.81444549560547
Double_DQN,0,77.52379608154297
Double_DQN,0,77.7129135131836
Double_DQN,0,77.5859603881836
Double_DQN,0,77.86264038085938
Double_DQN,0,76.59656524658203
Double_DQN,0,76.66282653808594
Double_DQN,0,76.71183776855469
Double_DQN,0,76.43248748779297
Double_DQN,0,75.62506103515625
Double_DQN,0,76.2763900756836
Double_DQN,0,75.8004379272461
Double_DQN,0,75.70793151855469
Double_DQN,0,77.6910400390625
Double_DQN,0,77.78889465332031
Double_DQN,0,77.74661254882812
Double_DQN,0,77.99591827392578
Double_DQN,0,75.80194091796875
Double_DQN,0,76.10221099853516
Double_DQN,0,76.29845428466797
Double_DQN,0,75.77001190185547
Double_DQN,0,74.82227325439453
Double_DQN,0,75.53489685058594
Double_DQN,0,75.33191680908203
Double_DQN,0,74.90553283691406
Double_DQN,0,76.81718444824219
Double_DQN,0,76.97533416748047
Double_DQN,0,77.14859771728516
Double_DQN,0,77.03848266601562
Double_DQN,0,75.40335845947266
Double_DQN,0,75.8492202758789
Double_DQN,0,75.5162582397461
Double_DQN,0,75.76251983642578
Double_DQN,0,77.189208984375
Double_DQN,0,77.15674591064453
Double_DQN,0,77.19149780273438
Double_DQN,0,77.6314697265625
Double_DQN,0,75.22251892089844
Double_DQN,0,75.53121185302734
Double_DQN,0,75.54845428466797
Double_DQN,0,75.28330993652344
Double_DQN,0,74.00200653076172
Double_DQN,0,74.32128143310547
Double_DQN,0,74.20142364501953
Double_DQN,0,74.05196380615234
Double_DQN,0,75.59931182861328
Double_DQN,0,75.49420928955078
Double_DQN,0,75.56706237792969
Double_DQN,0,75.75708770751953
Double_DQN,0,73.4116439819336
Double_DQN,0,73.81866455078125
Double_DQN,0,73.6700439453125
Double_DQN,0,73.11077117919922
Double_DQN,0,75.75464630126953
Double_DQN,0,75.74137878417969
Double_DQN,0,75.69715881347656
Double_DQN,0,75.54005432128906
Double_DQN,0,75.89940643310547
Double_DQN,0,76.15250396728516
Double_DQN,0,75.90390014648438
Double_DQN,0,75.39461517333984
Double_DQN,0,77.99642944335938
Double_DQN,0,78.05257415771484
Double_DQN,0,77.82823181152344
Double_DQN,0,77.4035873413086
Double_DQN,0,79.46124267578125
Double_DQN,0,79.4966812133789
Double_DQN,0,79.36137390136719
Double_DQN,0,78.88014221191406
Double_DQN,0,81.2365951538086
Double_DQN,0,81.22407531738281
Double_DQN,0,81.288818359375
Double_DQN,0,80.81316375732422
Double_DQN,0,79.29430389404297
Double_DQN,0,79.1452407836914
Double_DQN,0,79.20855712890625
Double_DQN,0,79.19575500488281
Double_DQN,0,80.3315658569336
Double_DQN,0,80.3511734008789
Double_DQN,0,80.33863067626953
Double_DQN,0,80.01192474365234
Double_DQN,0,80.35745239257812
Double_DQN,0,80.02214050292969
Double_DQN,0,80.5865249633789
Double_DQN,0,80.70218658447266
Double_DQN,0,79.80290985107422
Double_DQN,0,80.09523010253906
Double_DQN,0,80.08739471435547
Double_DQN,0,79.27302551269531
Double_DQN,0,78.34333038330078
Double_DQN,0,78.4267807006836
Double_DQN,0,79.17729949951172
Double_DQN,0,78.59105682373047
Double_DQN,0,77.86993408203125
Double_DQN,0,77.97969055175781
Double_DQN,0,78.39128875732422
Double_DQN,0,78.09720611572266
Double_DQN,0,77.05937194824219
Double_DQN,0,77.17630004882812
Double_DQN,0,77.5225601196289
Double_DQN,0,77.35591888427734
Double_DQN,0,75.92803192138672
Double_DQN,0,76.10602569580078
Double_DQN,0,76.25186920166016
Double_DQN,0,76.15585327148438
Double_DQN,0,74.10384368896484
Double_DQN,0,74.37145233154297
Double_DQN,0,74.43638610839844
Double_DQN,0,74.16710662841797
Double_DQN,0,73.27185821533203
Double_DQN,0,73.39208984375
Double_DQN,0,73.38492584228516
Double_DQN,0,73.61746215820312
Double_DQN,0,72.47323608398438
Double_DQN,0,73.1491470336914
Double_DQN,0,72.9603271484375
Double_DQN,0,71.97887420654297
Double_DQN,0,71.64430236816406
Double_DQN,0,72.25889587402344
Double_DQN,0,72.5727767944336
Double_DQN,0,71.562744140625
Double_DQN,0,70.4123764038086
Double_DQN,0,70.98678588867188
Double_DQN,0,71.02252960205078
Double_DQN,0,70.40701293945312
Double_DQN,0,69.77034759521484
Double_DQN,0,70.23821258544922
Double_DQN,0,69.9624252319336
Double_DQN,0,70.08163452148438
Double_DQN,0,70.225341796875
Double_DQN,0,70.88057708740234
Double_DQN,0,70.84662628173828
Double_DQN,0,70.92012023925781
Double_DQN,0,69.8610610961914
Double_DQN,0,70.64700317382812
Double_DQN,0,70.84317779541016
Double_DQN,0,70.00265502929688
Double_DQN,0,68.97941589355469
Double_DQN,0,69.7175521850586
Double_DQN,0,69.61914825439453
Double_DQN,0,69.3177490234375
Double_DQN,0,69.39701080322266
Double_DQN,0,70.30414581298828
Double_DQN,0,70.51715087890625
Double_DQN,0,70.11436462402344
Double_DQN,0,67.68895721435547
Double_DQN,0,68.6500015258789
Double_DQN,0,68.70317840576172
Double_DQN,0,68.33161926269531
Double_DQN,0,66.25255584716797
Double_DQN,0,67.25969696044922
Double_DQN,0,67.28179931640625
Double_DQN,0,66.80303955078125
Double_DQN,0,65.50971984863281
Double_DQN,0,66.48592376708984
Double_DQN,0,66.44534301757812
Double_DQN,0,66.13382720947266
Double_DQN,0,66.5627670288086
Double_DQN,0,67.58045196533203
Double_DQN,0,68.02190399169922
Double_DQN,0,67.73480987548828
Double_DQN,0,67.52703094482422
Double_DQN,0,68.42522430419922
Double_DQN,0,69.03069305419922
Double_DQN,0,69.06385040283203
Double_DQN,0,69.11200714111328
Double_DQN,0,69.75830078125
Double_DQN,0,71.09428405761719
Double_DQN,0,70.36351776123047
Double_DQN,0,68.006591796875
Double_DQN,0,68.60206604003906
Double_DQN,0,69.53654479980469
Double_DQN,0,69.395751953125
Double_DQN,0,68.59967803955078
Double_DQN,0,69.13130950927734
Double_DQN,0,70.2355728149414
Double_DQN,0,70.19908905029297
Double_DQN,0,67.2629165649414
Double_DQN,0,67.88574981689453
Double_DQN,0,68.7122573852539
Double_DQN,0,69.01981353759766
Double_DQN,0,69.32157897949219
Double_DQN,0,69.9388427734375
Double_DQN,0,71.13236999511719
Double_DQN,0,70.585205078125
Double_DQN,0,66.67079162597656
Double_DQN,0,67.22139739990234
Double_DQN,0,67.99764251708984
Double_DQN,0,67.99317932128906
Double_DQN,0,66.1709976196289
Double_DQN,0,66.72793579101562
Double_DQN,0,67.5020751953125
Double_DQN,0,67.49139404296875
Dueling_DQN,0,82.00614929199219
Dueling_DQN,0,84.60420989990234
Dueling_DQN,0,81.64083862304688
Dueling_DQN,0,78.05330657958984
Dueling_DQN,0,83.1913070678711
Dueling_DQN,0,85.63497924804688
Dueling_DQN,0,83.37045288085938
Dueling_DQN,0,80.04914093017578
Dueling_DQN,0,84.46315002441406
Dueling_DQN,0,86.7169189453125
Dueling_DQN,0,85.27291107177734
Dueling_DQN,0,82.21247863769531
Dueling_DQN,0,85.37618255615234
Dueling_DQN,0,87.37730407714844
Dueling_DQN,0,86.88690185546875
Dueling_DQN,0,84.17900848388672
Dueling_DQN,0,85.70858001708984
Dueling_DQN,0,87.48885345458984
Dueling_DQN,0,87.87225341796875
Dueling_DQN,0,85.42784881591797
Dueling_DQN,0,84.90017700195312
Dueling_DQN,0,86.69636535644531
Dueling_DQN,0,86.79020690917969
Dueling_DQN,0,84.39205932617188
Dueling_DQN,0,83.76168060302734
Dueling_DQN,0,85.48884582519531
Dueling_DQN,0,85.20345306396484
Dueling_DQN,0,83.01864624023438
Dueling_DQN,0,84.16582489013672
Dueling_DQN,0,85.69659423828125
Dueling_DQN,0,86.5126724243164
Dueling_DQN,0,84.48310089111328
Dueling_DQN,0,83.5964126586914
Dueling_DQN,0,85.0740966796875
Dueling_DQN,0,85.4541244506836
Dueling_DQN,0,83.57562255859375
Dueling_DQN,0,83.12519836425781
Dueling_DQN,0,84.51434326171875
Dueling_DQN,0,85.04292297363281
Dueling_DQN,0,83.21728515625
Dueling_DQN,0,82.60597229003906
Dueling_DQN,0,83.95468139648438
Dueling_DQN,0,84.16767120361328
Dueling_DQN,0,82.4393081665039
Dueling_DQN,0,81.55323791503906
Dueling_DQN,0,82.77922821044922
Dueling_DQN,0,82.89474487304688
Dueling_DQN,0,81.34087371826172
Dueling_DQN,0,79.90325164794922
Dueling_DQN,0,81.06755828857422
Dueling_DQN,0,80.54142761230469
Dueling_DQN,0,79.20504760742188
Dueling_DQN,0,80.51255798339844
Dueling_DQN,0,81.57212829589844
Dueling_DQN,0,82.22409057617188
Dueling_DQN,0,81.11954498291016
Dueling_DQN,0,79.63290405273438
Dueling_DQN,0,80.61961364746094
Dueling_DQN,0,80.98878479003906
Dueling_DQN,0,80.00564575195312
Dueling_DQN,0,78.5947036743164
Dueling_DQN,0,79.55414581298828
Dueling_DQN,0,79.94319915771484
Dueling_DQN,0,79.13460540771484
Dueling_DQN,0,78.15245819091797
Dueling_DQN,0,79.06956481933594
Dueling_DQN,0,79.56099700927734
Dueling_DQN,0,78.82986450195312
Dueling_DQN,0,77.83562469482422
Dueling_DQN,0,78.72704315185547
Dueling_DQN,0,79.4898452758789
Dueling_DQN,0,78.83881378173828
Dueling_DQN,0,76.30126953125
Dueling_DQN,0,77.0948257446289
Dueling_DQN,0,77.45183563232422
Dueling_DQN,0,76.9590072631836
Dueling_DQN,0,74.25226593017578
Dueling_DQN,0,74.93310546875
Dueling_DQN,0,74.76602172851562
Dueling_DQN,0,74.42241668701172
Dueling_DQN,0,75.06694793701172
Dueling_DQN,0,75.59877014160156
Dueling_DQN,0,76.74107360839844
Dueling_DQN,0,76.65489196777344
Dueling_DQN,0,73.93643188476562
Dueling_DQN,0,74.36903381347656
Dueling_DQN,0,75.54277801513672
Dueling_DQN,0,75.62584686279297
Dueling_DQN,0,76.15923309326172
Dueling_DQN,0,76.71768951416016
Dueling_DQN,0,78.13176727294922
Dueling_DQN,0,77.81433868408203
Dueling_DQN,0,75.4212875366211
Dueling_DQN,0,75.89127349853516
Dueling_DQN,0,77.21178436279297
Dueling_DQN,0,76.94437408447266
Dueling_DQN,0,75.6458969116211
Dueling_DQN,0,76.06841278076172
Dueling_DQN,0,77.60755920410156
Dueling_DQN,0,77.37802124023438
Dueling_DQN,0,75.21401977539062
Dueling_DQN,0,75.57071685791016
Dueling_DQN,0,77.2242660522461
Dueling_DQN,0,77.09502410888672
Dueling_DQN,0,74.87284088134766
Dueling_DQN,0,75.1436996459961
Dueling_DQN,0,77.0584716796875
Dueling_DQN,0,77.04849243164062
Dueling_DQN,0,74.66409301757812
Dueling_DQN,0,74.84176635742188
Dueling_DQN,0,76.71903991699219
Dueling_DQN,0,76.72260284423828
Dueling_DQN,0,77.32596588134766
Dueling_DQN,0,77.55741882324219
Dueling_DQN,0,79.36714935302734
Dueling_DQN,0,78.83018493652344
Dueling_DQN,0,76.18258666992188
Dueling_DQN,0,76.37123107910156
Dueling_DQN,0,78.17935180664062
Dueling_DQN,0,77.85874938964844
Dueling_DQN,0,75.2382583618164
Dueling_DQN,0,75.32174682617188
Dueling_DQN,0,77.02477264404297
Dueling_DQN,0,76.819091796875
Dueling_DQN,0,73.50147247314453
Dueling_DQN,0,73.51335144042969
Dueling_DQN,0,75.11968231201172
Dueling_DQN,0,75.18718719482422
Dueling_DQN,0,76.07810974121094
Dueling_DQN,0,76.11214447021484
Dueling_DQN,0,77.7821044921875
Dueling_DQN,0,77.37237548828125
Dueling_DQN,0,74.20166015625
Dueling_DQN,0,74.1162109375
Dueling_DQN,0,75.48886108398438
Dueling_DQN,0,75.2856674194336
Dueling_DQN,0,72.77098083496094
Dueling_DQN,0,72.6066665649414
Dueling_DQN,0,73.89215087890625
Dueling_DQN,0,73.89521789550781
Dueling_DQN,0,75.28199768066406
Dueling_DQN,0,75.19251251220703
Dueling_DQN,0,76.59053802490234
Dueling_DQN,0,75.99595642089844
Dueling_DQN,0,73.25479888916016
Dueling_DQN,0,73.07471466064453
Dueling_DQN,0,74.20033264160156
Dueling_DQN,0,73.9169921875
Dueling_DQN,0,73.00052642822266
Dueling_DQN,0,72.76825714111328
Dueling_DQN,0,74.04610443115234
Dueling_DQN,0,73.85345458984375
Dueling_DQN,0,70.59463500976562
Dueling_DQN,0,70.2436752319336
Dueling_DQN,0,71.14729309082031
Dueling_DQN,0,71.32260131835938
Dueling_DQN,0,73.310791015625
Dueling_DQN,0,73.02730560302734
Dueling_DQN,0,74.03815460205078
Dueling_DQN,0,73.55007934570312
Dueling_DQN,0,70.83568572998047
Dueling_DQN,0,70.4375
Dueling_DQN,0,71.00130462646484
Dueling_DQN,0,70.90046691894531
Dueling_DQN,0,70.49150085449219
Dueling_DQN,0,70.01004028320312
Dueling_DQN,0,70.69557189941406
Dueling_DQN,0,70.73324584960938
Dueling_DQN,0,72.98920440673828
Dueling_DQN,0,72.57660675048828
Dueling_DQN,0,73.33841705322266
Dueling_DQN,0,72.72850036621094
Dueling_DQN,0,71.59654235839844
Dueling_DQN,0,71.14701843261719
Dueling_DQN,0,71.80096435546875
Dueling_DQN,0,71.2728271484375
Dueling_DQN,0,69.4477767944336
Dueling_DQN,0,68.90079498291016
Dueling_DQN,0,69.19864654541016
Dueling_DQN,0,69.00579833984375
Dueling_DQN,0,70.50594329833984
Dueling_DQN,0,69.9458236694336
Dueling_DQN,0,70.76917266845703
Dueling_DQN,0,70.41999053955078
Dueling_DQN,0,69.29915618896484
Dueling_DQN,0,68.65313720703125
Dueling_DQN,0,69.37586975097656
Dueling_DQN,0,69.2530746459961
Dueling_DQN,0,69.13347625732422
Dueling_DQN,0,68.42953491210938
Dueling_DQN,0,69.34121704101562
Dueling_DQN,0,69.27603912353516
Dueling_DQN,0,67.49561309814453
Dueling_DQN,0,66.75706481933594
Dueling_DQN,0,67.5306396484375
Dueling_DQN,0,67.5405044555664
Dueling_DQN,0,69.43497467041016
Dueling_DQN,0,68.74464416503906
Dueling_DQN,0,69.71781158447266
Dueling_DQN,0,69.2549057006836
Dueling_DQN,0,67.24028778076172
Dueling_DQN,0,66.48831176757812
Dueling_DQN,0,67.14593505859375
Dueling_DQN,0,66.9197769165039
Dueling_DQN,0,68.22684478759766
Dueling_DQN,0,67.47052764892578
Dueling_DQN,0,68.6176528930664
Dueling_DQN,0,68.23975372314453
Dueling_DQN,0,65.51786804199219
Dueling_DQN,0,64.70369720458984
Dueling_DQN,0,65.51764678955078
Dueling_DQN,0,65.25981903076172
Dueling_DQN,0,66.69120025634766
Dueling_DQN,0,65.88860321044922
Dueling_DQN,0,67.1639175415039
Dueling_DQN,0,66.7733383178711
Dueling_DQN,0,63.677066802978516
Dueling_DQN,0,62.77879333496094
Dueling_DQN,0,63.59929275512695
Dueling_DQN,0,63.477272033691406
Dueling_DQN,0,64.89501190185547
Dueling_DQN,0,64.00836181640625
Dueling_DQN,0,65.29258728027344
Dueling_DQN,0,65.0369873046875
Dueling_DQN,0,62.171165466308594
Dueling_DQN,0,61.199005126953125
Dueling_DQN,0,62.10609817504883
Dueling_DQN,0,61.9896125793457
Dueling_DQN,0,63.355953216552734
Dueling_DQN,0,62.41447067260742
Dueling_DQN,0,63.774681091308594
Dueling_DQN,0,63.50605773925781
Dueling_DQN,0,61.41776657104492
Dueling_DQN,0,60.40431213378906
Dueling_DQN,0,61.53325653076172
Dueling_DQN,0,61.441993713378906
Dueling_DQN,0,58.86442565917969
Dueling_DQN,0,57.76246643066406
Dueling_DQN,0,58.523223876953125
Dueling_DQN,0,58.66798400878906
Dueling_DQN,0,60.08958435058594
Dueling_DQN,0,59.03197479248047
Dueling_DQN,0,60.25376892089844
Dueling_DQN,0,60.22716522216797
Dueling_DQN,0,57.530635833740234
Dueling_DQN,0,56.36518859863281
Dueling_DQN,0,57.20673370361328
Dueling_DQN,0,57.46177291870117
Dueling_DQN,0,58.78086853027344
Dueling_DQN,0,57.66971969604492
Dueling_DQN,0,58.98038864135742
Dueling_DQN,0,59.049888610839844
Dueling_DQN,0,61.10993957519531
Dueling_DQN,0,60.20610046386719
Dueling_DQN,0,61.54140853881836
Dueling_DQN,0,60.915260314941406
Dueling_DQN,0,58.34453201293945
Dueling_DQN,0,57.394798278808594
Dueling_DQN,0,58.32411193847656
Dueling_DQN,0,57.778892517089844
Dueling_DQN,0,59.344581604003906
Dueling_DQN,0,58.463802337646484
Dueling_DQN,0,59.78352737426758
Dueling_DQN,0,59.06235122680664
Dueling_DQN,0,58.752071380615234
Dueling_DQN,0,57.843040466308594
Dueling_DQN,0,59.17620086669922
Dueling_DQN,0,58.593143463134766
Dueling_DQN,0,57.154273986816406
Dueling_DQN,0,56.17129135131836
Dueling_DQN,0,57.295677185058594
Dueling_DQN,0,56.96785354614258
Dueling_DQN,0,56.82124328613281
Dueling_DQN,0,55.86012268066406
Dueling_DQN,0,57.09524917602539
Dueling_DQN,0,56.685646057128906
Dueling_DQN,0,56.244720458984375
Dueling_DQN,0,55.266571044921875
Dueling_DQN,0,56.53258514404297
Dueling_DQN,0,56.19272994995117
Dueling_DQN,0,55.13703918457031
Dueling_DQN,0,54.11290740966797
Dueling_DQN,0,55.28702926635742
Dueling_DQN,0,55.09931564331055
Dueling_DQN,0,52.22067642211914
Dueling_DQN,0,51.1650276184082
Dueling_DQN,0,51.87215805053711
Dueling_DQN,0,51.791255950927734
Dueling_DQN,0,53.35023498535156
Dueling_DQN,0,52.34452819824219
Dueling_DQN,0,53.471553802490234
Dueling_DQN,0,53.2088508605957
Dueling_DQN,0,51.93585205078125
Dueling_DQN,0,50.948917388916016
Dueling_DQN,0,51.90962600708008
Dueling_DQN,0,51.720577239990234
Dueling_DQN,0,53.180419921875
Dueling_DQN,0,52.24518966674805
Dueling_DQN,0,53.6218147277832
Dueling_DQN,0,53.25138854980469
Dueling_DQN,0,50.753196716308594
Dueling_DQN,0,49.777809143066406
Dueling_DQN,0,50.85043716430664
Dueling_DQN,0,50.65291976928711
Dueling_DQN,0,49.54962158203125
Dueling_DQN,0,48.512489318847656
Dueling_DQN,0,49.3974723815918
Dueling_DQN,0,49.40470504760742
Dueling_DQN,0,50.872840881347656
Dueling_DQN,0,49.91309356689453
Dueling_DQN,0,51.16998291015625
Dueling_DQN,0,50.98368835449219
Dueling_DQN,0,49.41605758666992
Dueling_DQN,0,48.309574127197266
Dueling_DQN,0,49.41636657714844
Dueling_DQN,0,49.524662017822266
Dueling_DQN,0,51.888431549072266
Dueling_DQN,0,51.06691360473633
Dueling_DQN,0,52.205989837646484
Dueling_DQN,0,51.7487907409668
Dueling_DQN,0,48.8509521484375
Dueling_DQN,0,47.85200500488281
Dueling_DQN,0,48.56769943237305
Dueling_DQN,0,48.514076232910156
Dueling_DQN,0,50.14055252075195
Dueling_DQN,0,49.2492790222168
Dueling_DQN,0,50.2802848815918
Dueling_DQN,0,50.03042984008789
Dueling_DQN,0,47.065433502197266
Dueling_DQN,0,45.972599029541016
Dueling_DQN,0,46.61956787109375
Dueling_DQN,0,46.766273498535156
Dueling_DQN,0,48.40824890136719
Dueling_DQN,0,47.42129135131836
Dueling_DQN,0,48.38795471191406
Dueling_DQN,0,48.34478759765625
Dueling_DQN,0,50.070438385009766
Dueling_DQN,0,49.12754821777344
Dueling_DQN,0,50.35880661010742
Dueling_DQN,0,50.186100006103516
Dueling_DQN,0,47.75171661376953
Dueling_DQN,0,46.67844772338867
Dueling_DQN,0,47.84123229980469
Dueling_DQN,0,47.80210494995117
Dueling_DQN,0,46.04314422607422
Dueling_DQN,0,44.93642044067383
Dueling_DQN,0,45.963680267333984
Dueling_DQN,0,46.096214294433594
Dueling_DQN,0,48.6650390625
Dueling_DQN,0,47.722354888916016
Dueling_DQN,0,48.73406219482422
Dueling_DQN,0,48.37508010864258
Dueling_DQN,0,47.7343864440918
Dueling_DQN,0,46.75365447998047
Dueling_DQN,0,47.74203109741211
Dueling_DQN,0,47.44580078125
Dueling_DQN,0,45.753326416015625
Dueling_DQN,0,44.64265060424805
Dueling_DQN,0,45.626075744628906
Dueling_DQN,0,45.41093063354492
Dueling_DQN,0,47.262474060058594
Dueling_DQN,0,46.21626281738281
Dueling_DQN,0,47.291080474853516
Dueling_DQN,0,47.00017547607422
Dueling_DQN,0,46.889957427978516
Dueling_DQN,0,45.86334991455078
Dueling_DQN,0,46.89019775390625
Dueling_DQN,0,46.650028228759766
Dueling_DQN,0,43.09687423706055
Dueling_DQN,0,41.94450759887695
Dueling_DQN,0,42.84873962402344
Dueling_DQN,0,42.765655517578125
Dueling_DQN,0,44.7087516784668
Dueling_DQN,0,43.606597900390625
Dueling_DQN,0,44.55658721923828
Dueling_DQN,0,44.450740814208984
Dueling_DQN,0,46.295166015625
Dueling_DQN,0,45.25383758544922
Dueling_DQN,0,46.298099517822266
Dueling_DQN,0,46.12334060668945
Dueling_DQN,0,43.9583625793457
Dueling_DQN,0,42.85383224487305
Dueling_DQN,0,43.847877502441406
Dueling_DQN,0,43.746803283691406
Dueling_DQN,0,45.585208892822266
Dueling_DQN,0,44.53089141845703
Dueling_DQN,0,45.57438659667969
Dueling_DQN,0,45.44995880126953
Dueling_DQN,0,47.1881217956543
Dueling_DQN,0,46.19385528564453
Dueling_DQN,0,47.33171844482422
Dueling_DQN,0,47.1412239074707
Dueling_DQN,0,46.35978698730469
Dueling_DQN,0,45.3336067199707
Dueling_DQN,0,46.51219177246094
Dueling_DQN,0,46.3159294128418
Dueling_DQN,0,45.88045120239258
Dueling_DQN,0,44.86258316040039
Dueling_DQN,0,45.985172271728516
Dueling_DQN,0,45.8492317199707
Dueling_DQN,0,45.385597229003906
Dueling_DQN,0,44.354496002197266
Dueling_DQN,0,45.562374114990234
Dueling_DQN,0,45.372398376464844
Dueling_DQN,0,41.99906921386719
Dueling_DQN,0,40.88306427001953
Dueling_DQN,0,42.11824417114258
Dueling_DQN,0,41.92473220825195
Dueling_DQN,0,38.45829772949219
Dueling_DQN,0,37.284759521484375
Dueling_DQN,0,38.380210876464844
Dueling_DQN,0,38.29907989501953
Dueling_DQN,0,34.977394104003906
Dueling_DQN,0,33.69997787475586
Dueling_DQN,0,34.9664306640625
Dueling_DQN,0,34.73783493041992
Dueling_DQN,0,36.6431884765625
Dueling_DQN,0,35.411521911621094
Dueling_DQN,0,36.73471450805664
Dueling_DQN,0,36.47887420654297
Dueling_DQN,0,33.24174880981445
Dueling_DQN,0,31.949907302856445
Dueling_DQN,0,33.1816291809082
Dueling_DQN,0,32.99063491821289
Dueling_DQN,0,34.936126708984375
Dueling_DQN,0,33.68910217285156
Dueling_DQN,0,34.98225402832031
Dueling_DQN,0,34.76057052612305
Dueling_DQN,0,32.296382904052734
Dueling_DQN,0,30.98397445678711
Dueling_DQN,0,32.34764099121094
Dueling_DQN,0,32.05262756347656
Dueling_DQN,0,29.498302459716797
Dueling_DQN,0,28.129159927368164
Dueling_DQN,0,29.480438232421875
Dueling_DQN,0,29.180706024169922
Dueling_DQN,0,31.170495986938477
Dueling_DQN,0,29.847379684448242
Dueling_DQN,0,31.2573184967041
Dueling_DQN,0,30.914379119873047
Dueling_DQN,0,30.65314292907715
Dueling_DQN,0,29.33400535583496
Dueling_DQN,0,30.714359283447266
Dueling_DQN,0,30.393470764160156
Dueling_DQN,0,29.768558502197266
Dueling_DQN,0,28.461210250854492
Dueling_DQN,0,29.68950653076172
Dueling_DQN,0,29.501501083374023
Dueling_DQN,0,31.503761291503906
Dueling_DQN,0,30.2403507232666
Dueling_DQN,0,31.53826141357422
Dueling_DQN,0,31.306896209716797
Dueling_DQN,0,30.71062469482422
Dueling_DQN,0,29.470394134521484
Dueling_DQN,0,30.545791625976562
Dueling_DQN,0,30.518230438232422
Dueling_DQN,0,32.524024963378906
Dueling_DQN,0,31.325029373168945
Dueling_DQN,0,32.48330307006836
Dueling_DQN,0,32.41179656982422
Dueling_DQN,0,34.81247329711914
Dueling_DQN,0,33.65528106689453
Dueling_DQN,0,34.896419525146484
Dueling_DQN,0,34.78129959106445
Dueling_DQN,0,31.751312255859375
Dueling_DQN,0,30.575454711914062
Dueling_DQN,0,31.58147621154785
Dueling_DQN,0,31.672719955444336
Dueling_DQN,0,33.939937591552734
Dueling_DQN,0,32.80312728881836
Dueling_DQN,0,33.90379333496094
Dueling_DQN,0,33.950843811035156
Dueling_DQN,0,37.02561569213867
Dueling_DQN,0,35.98206329345703
Dueling_DQN,0,37.022682189941406
Dueling_DQN,0,36.68733596801758
Dueling_DQN,0,39.41077423095703
Dueling_DQN,0,38.41395568847656
Dueling_DQN,0,39.51910400390625
Dueling_DQN,0,39.14033889770508
Dueling_DQN,0,37.58205795288086
Dueling_DQN,0,36.551265716552734
Dueling_DQN,0,37.65383529663086
Dueling_DQN,0,37.24978256225586
Dueling_DQN,0,34.52076721191406
Dueling_DQN,0,33.402809143066406
Dueling_DQN,0,34.61997985839844
Dueling_DQN,0,34.0593376159668
Dueling_DQN,0,31.126327514648438
Dueling_DQN,0,29.98798942565918
Dueling_DQN,0,30.97433853149414
Dueling_DQN,0,30.571508407592773
Dueling_DQN,0,33.53863525390625
Dueling_DQN,0,32.4476432800293
Dueling_DQN,0,33.49229049682617
Dueling_DQN,0,33.04692840576172
Dueling_DQN,0,35.923641204833984
Dueling_DQN,0,34.88056564331055
Dueling_DQN,0,35.98349380493164
Dueling_DQN,0,35.495933532714844
Dueling_DQN,0,34.61457061767578
Dueling_DQN,0,33.55068588256836
Dueling_DQN,0,34.64507293701172
Dueling_DQN,0,34.12792205810547
Dueling_DQN,0,33.34690856933594
Dueling_DQN,0,32.17637252807617
Dueling_DQN,0,33.20420455932617
Dueling_DQN,0,32.665992736816406
Dueling_DQN,0,35.469268798828125
Dueling_DQN,0,34.34123611450195
Dueling_DQN,0,35.38315200805664
Dueling_DQN,0,34.827369689941406
Dueling_DQN,0,37.748779296875
Dueling_DQN,0,36.687435150146484
Dueling_DQN,0,37.72480773925781
Dueling_DQN,0,37.122337341308594
Dueling_DQN,0,40.09587097167969
Dueling_DQN,0,39.10990524291992
Dueling_DQN,0,40.13631057739258
Dueling_DQN,0,39.47737121582031
Dueling_DQN,0,35.78218460083008
Dueling_DQN,0,34.831146240234375
Dueling_DQN,0,35.77482986450195
Dueling_DQN,0,35.22283172607422
Dueling_DQN,0,38.16143798828125
Dueling_DQN,0,37.2910041809082
Dueling_DQN,0,38.2680778503418
Dueling_DQN,0,37.63554382324219
Dueling_DQN,0,33.289459228515625
Dueling_DQN,0,32.355247497558594
Dueling_DQN,0,32.96923828125
Dueling_DQN,0,32.666873931884766
Dueling_DQN,0,35.7076530456543
Dueling_DQN,0,34.849822998046875
Dueling_DQN,0,35.51132583618164
Dueling_DQN,0,35.12815856933594
Dueling_DQN,0,38.11911392211914
Dueling_DQN,0,37.339115142822266
Dueling_DQN,0,38.047428131103516
Dueling_DQN,0,37.58269119262695
Dueling_DQN,0,40.491310119628906
Dueling_DQN,0,39.790096282958984
Dueling_DQN,0,40.54490280151367
Dueling_DQN,0,39.99844741821289
Dueling_DQN,0,39.01041030883789
Dueling_DQN,0,38.312164306640625
Dueling_DQN,0,38.887046813964844
Dueling_DQN,0,38.488929748535156
Dueling_DQN,0,41.374568939208984
Dueling_DQN,0,40.753883361816406
Dueling_DQN,0,41.38274002075195
Dueling_DQN,0,40.902225494384766
Dueling_DQN,0,40.35136032104492
Dueling_DQN,0,39.68528366088867
Dueling_DQN,0,40.4545783996582
Dueling_DQN,0,39.800148010253906
Dueling_DQN,0,38.489463806152344
Dueling_DQN,0,37.78960037231445
Dueling_DQN,0,38.50569152832031
Dueling_DQN,0,37.86201858520508
Dueling_DQN,0,36.655303955078125
Dueling_DQN,0,35.936004638671875
Dueling_DQN,0,36.52674102783203
Dueling_DQN,0,35.96465301513672
Dueling_DQN,0,39.011566162109375
Dueling_DQN,0,38.37199401855469
Dueling_DQN,0,39.0050048828125
Dueling_DQN,0,38.3619384765625
Dueling_DQN,0,41.543434143066406
Dueling_DQN,0,40.98454284667969
Dueling_DQN,0,41.659515380859375
Dueling_DQN,0,40.93531036376953
Dueling_DQN,0,37.444618225097656
Dueling_DQN,0,36.81416702270508
Dueling_DQN,0,37.292755126953125
Dueling_DQN,0,36.71469497680664
Dueling_DQN,0,39.99073791503906
Dueling_DQN,0,39.44001007080078
Dueling_DQN,0,39.963069915771484
Dueling_DQN,0,39.30381393432617
Dueling_DQN,0,42.53280258178711
Dueling_DQN,0,42.073509216308594
Dueling_DQN,0,42.6351318359375
Dueling_DQN,0,41.880104064941406
Dueling_DQN,0,39.81712341308594
Dueling_DQN,0,39.33890914916992
Dueling_DQN,0,39.64290237426758
Dueling_DQN,0,39.10087585449219
Dueling_DQN,0,42.31612014770508
Dueling_DQN,0,41.94120788574219
Dueling_DQN,0,42.285526275634766
Dueling_DQN,0,41.628395080566406
Dueling_DQN,0,44.431121826171875
Dueling_DQN,0,44.160858154296875
Dueling_DQN,0,44.54498291015625
Dueling_DQN,0,43.77206802368164
Dueling_DQN,0,41.66877365112305
Dueling_DQN,0,41.318180084228516
Dueling_DQN,0,41.59769821166992
Dueling_DQN,0,40.91170120239258
Dueling_DQN,0,43.77419662475586
Dueling_DQN,0,43.52851486206055
Dueling_DQN,0,43.84614562988281
Dueling_DQN,0,43.044532775878906
Dueling_DQN,0,41.294349670410156
Dueling_DQN,0,40.960479736328125
Dueling_DQN,0,41.24738693237305
Dueling_DQN,0,40.45856857299805
Dueling_DQN,0,43.400482177734375
Dueling_DQN,0,43.17318344116211
Dueling_DQN,0,43.49178695678711
Dueling_DQN,0,42.5875358581543
Dueling_DQN,0,41.28715515136719
Dueling_DQN,0,41.012969970703125
Dueling_DQN,0,41.21357727050781
Dueling_DQN,0,40.38637924194336
Dueling_DQN,0,43.303462982177734
Dueling_DQN,0,43.136146545410156
Dueling_DQN,0,43.36794662475586
Dueling_DQN,0,42.425201416015625
Dueling_DQN,0,41.12765121459961
Dueling_DQN,0,40.88288116455078
Dueling_DQN,0,41.04652786254883
Dueling_DQN,0,40.13779067993164
Dueling_DQN,0,42.83773422241211
Dueling_DQN,0,42.70149230957031
Dueling_DQN,0,42.89242935180664
Dueling_DQN,0,41.86825180053711
Dueling_DQN,0,42.060272216796875
Dueling_DQN,0,41.895931243896484
Dueling_DQN,0,42.05766296386719
Dueling_DQN,0,41.00714874267578
Dueling_DQN,0,43.634521484375
Dueling_DQN,0,43.591041564941406
Dueling_DQN,0,43.806941986083984
Dueling_DQN,0,42.641334533691406
Dueling_DQN,0,43.23170471191406
Dueling_DQN,0,43.08298110961914
Dueling_DQN,0,43.26414489746094
Dueling_DQN,0,42.05644989013672
Dueling_DQN,0,41.65205001831055
Dueling_DQN,0,41.5872917175293
Dueling_DQN,0,41.597389221191406
Dueling_DQN,0,40.48567199707031
Dueling_DQN,0,43.22159957885742
Dueling_DQN,0,43.278629302978516
Dueling_DQN,0,43.34062957763672
Dueling_DQN,0,42.11366653442383
Dueling_DQN,0,42.3276481628418
Dueling_DQN,0,42.399356842041016
Dueling_DQN,0,42.327919006347656
Dueling_DQN,0,41.154090881347656
Dueling_DQN,0,45.02880859375
Dueling_DQN,0,45.251216888427734
Dueling_DQN,0,45.28850173950195
Dueling_DQN,0,44.20823287963867
Dueling_DQN,0,42.22268295288086
Dueling_DQN,0,42.38125991821289
Dueling_DQN,0,42.154693603515625
Dueling_DQN,0,41.270381927490234
Dueling_DQN,0,44.41543197631836
Dueling_DQN,0,44.733211517333984
Dueling_DQN,0,44.67463302612305
Dueling_DQN,0,43.91561508178711
Dueling_DQN,0,46.172645568847656
Dueling_DQN,0,46.73297882080078
Dueling_DQN,0,46.9444580078125
Dueling_DQN,0,45.991973876953125
Dueling_DQN,0,43.184715270996094
Dueling_DQN,0,43.7625617980957
Dueling_DQN,0,43.826759338378906
Dueling_DQN,0,43.12662887573242
Dueling_DQN,0,40.899513244628906
Dueling_DQN,0,41.17844772338867
Dueling_DQN,0,41.22374725341797
Dueling_DQN,0,40.78061294555664
Dueling_DQN,0,38.22498321533203
Dueling_DQN,0,38.43410873413086
Dueling_DQN,0,38.36424255371094
Dueling_DQN,0,38.16431427001953
Dueling_DQN,0,39.64604568481445
Dueling_DQN,0,40.1197624206543
Dueling_DQN,0,40.510894775390625
Dueling_DQN,0,40.10693359375
Dueling_DQN,0,35.816017150878906
Dueling_DQN,0,36.19023895263672
Dueling_DQN,0,36.448917388916016
Dueling_DQN,0,36.41799545288086
Dueling_DQN,0,35.8087043762207
Dueling_DQN,0,35.9913444519043
Dueling_DQN,0,36.39853286743164
Dueling_DQN,0,36.390052795410156
Dueling_DQN,0,32.85169982910156
Dueling_DQN,0,32.89094924926758
Dueling_DQN,0,33.19390106201172
Dueling_DQN,0,33.44549560546875
Dueling_DQN,0,35.25666427612305
Dueling_DQN,0,35.36419677734375
Dueling_DQN,0,35.63859176635742
Dueling_DQN,0,35.609840393066406
Dueling_DQN,0,37.05567932128906
Dueling_DQN,0,37.00730895996094
Dueling_DQN,0,37.50433349609375
Dueling_DQN,0,37.29216003417969
Dueling_DQN,0,36.39622497558594
Dueling_DQN,0,36.24669647216797
Dueling_DQN,0,36.840240478515625
Dueling_DQN,0,36.594932556152344
Dueling_DQN,0,34.6702766418457
Dueling_DQN,0,34.41325759887695
Dueling_DQN,0,35.06007385253906
Dueling_DQN,0,34.797752380371094
Dueling_DQN,0,33.52130126953125
Dueling_DQN,0,33.20378494262695
Dueling_DQN,0,33.87733459472656
Dueling_DQN,0,33.62006378173828
Dueling_DQN,0,32.11450958251953
Dueling_DQN,0,31.76000213623047
Dueling_DQN,0,32.343048095703125
Dueling_DQN,0,32.197479248046875
Dueling_DQN,0,29.107559204101562
Dueling_DQN,0,28.665075302124023
Dueling_DQN,0,29.065187454223633
Dueling_DQN,0,29.110061645507812
Dueling_DQN,0,31.80489730834961
Dueling_DQN,0,31.519100189208984
Dueling_DQN,0,31.936704635620117
Dueling_DQN,0,31.624330520629883
Dueling_DQN,0,30.32328987121582
Dueling_DQN,0,29.993629455566406
Dueling_DQN,0,30.302898406982422
Dueling_DQN,0,30.055442810058594
Dueling_DQN,0,32.68109893798828
Dueling_DQN,0,32.40810775756836
Dueling_DQN,0,32.935699462890625
Dueling_DQN,0,32.544036865234375
Dueling_DQN,0,30.38547134399414
Dueling_DQN,0,30.01310157775879
Dueling_DQN,0,30.39301300048828
Dueling_DQN,0,30.059669494628906
Dueling_DQN,0,26.344524383544922
Dueling_DQN,0,25.909547805786133
Dueling_DQN,0,25.779508590698242
Dueling_DQN,0,25.709217071533203
Dueling_DQN,0,28.661813735961914
Dueling_DQN,0,28.295421600341797
Dueling_DQN,0,28.448101043701172
Dueling_DQN,0,28.304304122924805
Dueling_DQN,0,25.225595474243164
Dueling_DQN,0,24.76226043701172
Dueling_DQN,0,24.499820709228516
Dueling_DQN,0,24.5086612701416
Dueling_DQN,0,27.56482696533203
Dueling_DQN,0,27.168272018432617
Dueling_DQN,0,27.195768356323242
Dueling_DQN,0,27.131404876708984
Dueling_DQN,0,29.879003524780273
Dueling_DQN,0,29.5628604888916
Dueling_DQN,0,29.8603515625
Dueling_DQN,0,29.680992126464844
Dueling_DQN,0,32.226051330566406
Dueling_DQN,0,31.93089485168457
Dueling_DQN,0,32.57733154296875
Dueling_DQN,0,32.18238067626953
Dueling_DQN,0,31.08320426940918
Dueling_DQN,0,30.706418991088867
Dueling_DQN,0,31.134729385375977
Dueling_DQN,0,30.84770393371582
Dueling_DQN,0,30.164031982421875
Dueling_DQN,0,29.760326385498047
Dueling_DQN,0,30.03632164001465
Dueling_DQN,0,29.8021240234375
Dueling_DQN,0,32.54109191894531
Dueling_DQN,0,32.160118103027344
Dueling_DQN,0,32.666908264160156
Dueling_DQN,0,32.32785415649414
Dueling_DQN,0,34.332672119140625
Dueling_DQN,0,33.89802169799805
Dueling_DQN,0,34.34421157836914
Dueling_DQN,0,33.99406433105469
Dueling_DQN,0,31.676794052124023
Dueling_DQN,0,31.309528350830078
Dueling_DQN,0,31.658292770385742
Dueling_DQN,0,31.389253616333008
Dueling_DQN,0,34.06162643432617
Dueling_DQN,0,33.699607849121094
Dueling_DQN,0,34.35289001464844
Dueling_DQN,0,33.92081832885742
Dueling_DQN,0,33.45719528198242
Dueling_DQN,0,33.109580993652344
Dueling_DQN,0,33.72380065917969
Dueling_DQN,0,33.32810592651367
Dueling_DQN,0,29.473276138305664
Dueling_DQN,0,29.12453269958496
Dueling_DQN,0,29.300796508789062
Dueling_DQN,0,29.09088897705078
Dueling_DQN,0,31.683292388916016
Dueling_DQN,0,31.358867645263672
Dueling_DQN,0,31.848941802978516
Dueling_DQN,0,31.526742935180664
Dueling_DQN,0,27.433441162109375
Dueling_DQN,0,27.039215087890625
Dueling_DQN,0,27.027074813842773
Dueling_DQN,0,26.920467376708984
Dueling_DQN,0,29.595455169677734
Dueling_DQN,0,29.234310150146484
Dueling_DQN,0,29.61049461364746
Dueling_DQN,0,29.381914138793945
Dueling_DQN,0,28.351078033447266
Dueling_DQN,0,27.934303283691406
Dueling_DQN,0,28.00128173828125
Dueling_DQN,0,27.91109848022461
Dueling_DQN,0,30.53046989440918
Dueling_DQN,0,30.152912139892578
Dueling_DQN,0,30.578018188476562
Dueling_DQN,0,30.335166931152344
Dueling_DQN,0,29.54800796508789
Dueling_DQN,0,28.980533599853516
Dueling_DQN,0,28.874296188354492
Dueling_DQN,0,29.06003761291504
Dueling_DQN,0,31.68299674987793
Dueling_DQN,0,31.24069595336914
Dueling_DQN,0,31.53717803955078
Dueling_DQN,0,31.40450668334961
Dueling_DQN,0,33.88995361328125
Dueling_DQN,0,33.507415771484375
Dueling_DQN,0,34.13768005371094
Dueling_DQN,0,33.80722427368164
Dueling_DQN,0,33.49053192138672
Dueling_DQN,0,33.10975646972656
Dueling_DQN,0,33.746910095214844
Dueling_DQN,0,33.4232177734375
Dueling_DQN,0,32.0636100769043
Dueling_DQN,0,31.65732765197754
Dueling_DQN,0,32.147335052490234
Dueling_DQN,0,31.90572738647461
Dueling_DQN,0,29.838214874267578
Dueling_DQN,0,29.284664154052734
Dueling_DQN,0,29.38056182861328
Dueling_DQN,0,29.486236572265625
Dueling_DQN,0,32.000099182128906
Dueling_DQN,0,31.56745147705078
Dueling_DQN,0,32.074344635009766
Dueling_DQN,0,31.86284828186035
Dueling_DQN,0,31.731433868408203
Dueling_DQN,0,31.12710189819336
Dueling_DQN,0,31.303546905517578
Dueling_DQN,0,31.455585479736328
Dueling_DQN,0,33.89098358154297
Dueling_DQN,0,33.41752243041992
Dueling_DQN,0,33.9928092956543
Dueling_DQN,0,33.811676025390625
Dueling_DQN,0,33.19293212890625
Dueling_DQN,0,32.46418762207031
Dueling_DQN,0,32.51765441894531
Dueling_DQN,0,32.89778137207031
Dueling_DQN,0,35.340484619140625
Dueling_DQN,0,34.744041442871094
Dueling_DQN,0,35.19113540649414
Dueling_DQN,0,35.2442512512207
Dueling_DQN,0,37.262027740478516
Dueling_DQN,0,36.80783462524414
Dueling_DQN,0,37.63209915161133
Dueling_DQN,0,37.30838394165039
Dueling_DQN,0,36.430511474609375
Dueling_DQN,0,35.8431510925293
Dueling_DQN,0,36.37213897705078
Dueling_DQN,0,36.38828659057617
Dueling_DQN,0,38.20338439941406
Dueling_DQN,0,37.755577087402344
Dueling_DQN,0,38.66169738769531
Dueling_DQN,0,38.299766540527344
Dueling_DQN,0,35.3577995300293
Dueling_DQN,0,34.793582916259766
Dueling_DQN,0,35.36085891723633
Dueling_DQN,0,35.347511291503906
Dueling_DQN,0,34.0843505859375
Dueling_DQN,0,33.305049896240234
Dueling_DQN,0,33.41322708129883
Dueling_DQN,0,33.88177490234375
Dueling_DQN,0,36.242279052734375
Dueling_DQN,0,35.59248352050781
Dueling_DQN,0,36.09880828857422
Dueling_DQN,0,36.24187469482422
Dueling_DQN,0,37.99310302734375
Dueling_DQN,0,37.494510650634766
Dueling_DQN,0,38.37869644165039
Dueling_DQN,0,38.148433685302734
Dueling_DQN,0,36.46984100341797
Dueling_DQN,0,36.07896423339844
Dueling_DQN,0,36.97276306152344
Dueling_DQN,0,36.70364761352539
Dueling_DQN,0,36.1911506652832
Dueling_DQN,0,35.362937927246094
Dueling_DQN,0,35.60570526123047
Dueling_DQN,0,36.116390228271484
Dueling_DQN,0,38.1225700378418
Dueling_DQN,0,37.433860778808594
Dueling_DQN,0,38.06420135498047
Dueling_DQN,0,38.229984283447266
Dueling_DQN,0,40.07904815673828
Dueling_DQN,0,39.668861389160156
Dueling_DQN,0,40.440673828125
Dueling_DQN,0,39.791046142578125
Dueling_DQN,0,41.3400993347168
Dueling_DQN,0,40.79083251953125
Dueling_DQN,0,41.33600997924805
Dueling_DQN,0,40.943870544433594
Dueling_DQN,0,43.04363250732422
Dueling_DQN,0,42.62862777709961
Dueling_DQN,0,43.5041618347168
Dueling_DQN,0,42.74892044067383
Dueling_DQN,0,44.359031677246094
Dueling_DQN,0,43.800514221191406
Dueling_DQN,0,44.411460876464844
Dueling_DQN,0,43.933448791503906
Dueling_DQN,0,44.317848205566406
Dueling_DQN,0,43.57135772705078
Dueling_DQN,0,43.7052116394043
Dueling_DQN,0,43.72197341918945
Dueling_DQN,0,46.00011444091797
Dueling_DQN,0,45.4129638671875
Dueling_DQN,0,45.866783142089844
Dueling_DQN,0,45.493648529052734
Dueling_DQN,0,47.68378829956055
Dueling_DQN,0,47.25865936279297
Dueling_DQN,0,48.030120849609375
Dueling_DQN,0,47.264034271240234
Dueling_DQN,0,47.940879821777344
Dueling_DQN,0,47.42863464355469
Dueling_DQN,0,47.91226577758789
Dueling_DQN,0,47.406925201416016
Dueling_DQN,0,49.76544189453125
Dueling_DQN,0,49.420658111572266
Dueling_DQN,0,50.21475601196289
Dueling_DQN,0,49.31429672241211
Dueling_DQN,0,48.93449783325195
Dueling_DQN,0,48.48551559448242
Dueling_DQN,0,48.851863861083984
Dueling_DQN,0,48.331912994384766
Dueling_DQN,0,51.003387451171875
Dueling_DQN,0,50.72532653808594
Dueling_DQN,0,51.3958625793457
Dueling_DQN,0,50.48263168334961
Dueling_DQN,0,49.915775299072266
Dueling_DQN,0,49.54402160644531
Dueling_DQN,0,49.78111267089844
Dueling_DQN,0,49.23495101928711
Dueling_DQN,0,47.97457504272461
Dueling_DQN,0,47.566505432128906
Dueling_DQN,0,47.37958526611328
Dueling_DQN,0,47.16472244262695
Dueling_DQN,0,50.04225540161133
Dueling_DQN,0,49.80350875854492
Dueling_DQN,0,49.9211311340332
Dueling_DQN,0,49.31700134277344
Dueling_DQN,0,52.19075012207031
Dueling_DQN,0,52.12397003173828
Dueling_DQN,0,52.54395294189453
Dueling_DQN,0,51.54733657836914
Dueling_DQN,0,50.81877899169922
Dueling_DQN,0,50.658260345458984
Dueling_DQN,0,50.610198974609375
Dueling_DQN,0,49.996185302734375
Dueling_DQN,0,53.22085952758789
Dueling_DQN,0,53.23444366455078
Dueling_DQN,0,53.485618591308594
Dueling_DQN,0,52.47875213623047
Dueling_DQN,0,51.436767578125
Dueling_DQN,0,51.5577392578125
Dueling_DQN,0,51.5818977355957
Dueling_DQN,0,50.65208053588867
Dueling_DQN,0,50.816776275634766
Dueling_DQN,0,51.09907913208008
Dueling_DQN,0,51.13764572143555
Dueling_DQN,0,50.080257415771484
Dueling_DQN,0,48.399940490722656
Dueling_DQN,0,48.502845764160156
Dueling_DQN,0,47.84809112548828
Dueling_DQN,0,47.38324737548828
Dueling_DQN,0,51.85194396972656
Dueling_DQN,0,51.987613677978516
Dueling_DQN,0,51.87162780761719
Dueling_DQN,0,51.4451904296875
Dueling_DQN,0,54.944217681884766
Dueling_DQN,0,55.06215286254883
Dueling_DQN,0,55.477779388427734
Dueling_DQN,0,54.98017501831055
Dueling_DQN,0,50.83202362060547
Dueling_DQN,0,50.873687744140625
Dueling_DQN,0,50.88201904296875
Dueling_DQN,0,50.699832916259766
Dueling_DQN,0,49.13612747192383
Dueling_DQN,0,49.058082580566406
Dueling_DQN,0,48.7247428894043
Dueling_DQN,0,48.848793029785156
Dueling_DQN,0,51.70730972290039
Dueling_DQN,0,51.774539947509766
Dueling_DQN,0,51.8145637512207
Dueling_DQN,0,51.5827522277832
Dueling_DQN,0,50.13618469238281
Dueling_DQN,0,50.283912658691406
Dueling_DQN,0,50.33406066894531
Dueling_DQN,0,50.03166961669922
Dueling_DQN,0,48.3001823425293
Dueling_DQN,0,48.45734786987305
Dueling_DQN,0,48.348140716552734
Dueling_DQN,0,48.13941192626953
Dueling_DQN,0,50.88172149658203
Dueling_DQN,0,51.13109588623047
Dueling_DQN,0,51.76380920410156
Dueling_DQN,0,51.61827087402344
Dueling_DQN,0,50.32158279418945
Dueling_DQN,0,50.52306365966797
Dueling_DQN,0,51.074954986572266
Dueling_DQN,0,51.0413818359375
Dueling_DQN,0,52.17873764038086
Dueling_DQN,0,52.113914489746094
Dueling_DQN,0,52.42338943481445
Dueling_DQN,0,52.730674743652344
Dueling_DQN,0,54.729698181152344
Dueling_DQN,0,54.917396545410156
Dueling_DQN,0,55.421775817871094
Dueling_DQN,0,54.832584381103516
Dueling_DQN,0,53.773921966552734
Dueling_DQN,0,53.740966796875
Dueling_DQN,0,53.83450698852539
Dueling_DQN,0,53.71697998046875
Dueling_DQN,0,51.86338806152344
Dueling_DQN,0,51.643211364746094
Dueling_DQN,0,51.31691360473633
Dueling_DQN,0,51.61574172973633
Dueling_DQN,0,54.401939392089844
Dueling_DQN,0,54.338844299316406
Dueling_DQN,0,54.386775970458984
Dueling_DQN,0,54.33000564575195
Dueling_DQN,0,56.99079132080078
Dueling_DQN,0,57.09061813354492
Dueling_DQN,0,57.533634185791016
Dueling_DQN,0,57.0584602355957
Dueling_DQN,0,58.14817428588867
Dueling_DQN,0,58.11091995239258
Dueling_DQN,0,58.42034149169922
Dueling_DQN,0,58.1500129699707
Dueling_DQN,0,57.271480560302734
Dueling_DQN,0,57.137474060058594
Dueling_DQN,0,57.197628021240234
Dueling_DQN,0,57.18245315551758
Dueling_DQN,0,59.800750732421875
Dueling_DQN,0,59.83319854736328
Dueling_DQN,0,60.28097915649414
Dueling_DQN,0,59.8464241027832
Dueling_DQN,0,58.00846481323242
Dueling_DQN,0,57.730960845947266
Dueling_DQN,0,57.604347229003906
Dueling_DQN,0,57.83446502685547
Dueling_DQN,0,60.57804489135742
Dueling_DQN,0,60.45774459838867
Dueling_DQN,0,60.73020553588867
Dueling_DQN,0,60.54833984375
Dueling_DQN,0,59.68165969848633
Dueling_DQN,0,59.23813247680664
Dueling_DQN,0,59.03741455078125
Dueling_DQN,0,59.486289978027344
Dueling_DQN,0,62.2253532409668
Dueling_DQN,0,61.922096252441406
Dueling_DQN,0,62.110504150390625
Dueling_DQN,0,62.160255432128906
Dueling_DQN,0,64.2549057006836
Dueling_DQN,0,64.09416198730469
Dueling_DQN,0,64.68913269042969
Dueling_DQN,0,64.31134033203125
Dueling_DQN,0,63.92287063598633
Dueling_DQN,0,63.62000274658203
Dueling_DQN,0,63.95103073120117
Dueling_DQN,0,63.89070510864258
Dueling_DQN,0,64.40667724609375
Dueling_DQN,0,63.96076202392578
Dueling_DQN,0,64.07897186279297
Dueling_DQN,0,64.32320404052734
Dueling_DQN,0,66.3876953125
Dueling_DQN,0,66.08708190917969
Dueling_DQN,0,66.60346221923828
Dueling_DQN,0,66.42499542236328
Dueling_DQN,0,65.24935150146484
Dueling_DQN,0,64.66416931152344
Dueling_DQN,0,64.60408782958984
Dueling_DQN,0,65.08563232421875
Dueling_DQN,0,67.20880126953125
Dueling_DQN,0,66.77904510498047
Dueling_DQN,0,67.09518432617188
Dueling_DQN,0,67.18077087402344
Dueling_DQN,0,69.04328155517578
Dueling_DQN,0,68.74910736083984
Dueling_DQN,0,69.46509552001953
Dueling_DQN,0,69.14415740966797
Dueling_DQN,0,70.07192993164062
Dueling_DQN,0,69.63572692871094
Dueling_DQN,0,70.21566772460938
Dueling_DQN,0,70.13667297363281
Dueling_DQN,0,71.35565185546875
Dueling_DQN,0,70.76438903808594
Dueling_DQN,0,71.22171783447266
Dueling_DQN,0,71.37873077392578
Dueling_DQN,0,72.36534118652344
Dueling_DQN,0,72.14372253417969
Dueling_DQN,0,72.72216033935547
Dueling_DQN,0,72.14017486572266
Dueling_DQN,0,71.65937042236328
Dueling_DQN,0,71.16244506835938
Dueling_DQN,0,71.0948257446289
Dueling_DQN,0,71.17262268066406
Dueling_DQN,0,73.23616790771484
Dueling_DQN,0,72.8873062133789
Dueling_DQN,0,73.15410614013672
Dueling_DQN,0,72.85199737548828
Dueling_DQN,0,74.7558822631836
Dueling_DQN,0,74.54080963134766
Dueling_DQN,0,75.22151184082031
Dueling_DQN,0,74.5279769897461
Dueling_DQN,0,74.99694061279297
Dueling_DQN,0,74.69868469238281
Dueling_DQN,0,75.2430191040039
Dueling_DQN,0,74.73143005371094
Dueling_DQN,0,73.81378936767578
Dueling_DQN,0,73.40531158447266
Dueling_DQN,0,73.28369140625
Dueling_DQN,0,73.2736587524414
Dueling_DQN,0,75.48068237304688
Dueling_DQN,0,75.21351623535156
Dueling_DQN,0,75.49884796142578
Dueling_DQN,0,75.14032745361328
Dueling_DQN,0,74.44742584228516
Dueling_DQN,0,74.17594909667969
Dueling_DQN,0,74.0341567993164
Dueling_DQN,0,73.90113067626953
Dueling_DQN,0,76.11076354980469
Dueling_DQN,0,76.00811004638672
Dueling_DQN,0,76.23095703125
Dueling_DQN,0,75.79540252685547
Dueling_DQN,0,74.7083511352539
Dueling_DQN,0,74.59869384765625
Dueling_DQN,0,74.39656829833984
Dueling_DQN,0,74.14804077148438
Dueling_DQN,0,76.30548858642578
Dueling_DQN,0,76.34101104736328
Dueling_DQN,0,76.57752227783203
Dueling_DQN,0,76.2466812133789
Dueling_DQN,0,76.93499755859375
Dueling_DQN,0,76.94436645507812
Dueling_DQN,0,77.17391967773438
Dueling_DQN,0,77.0067367553711
Dueling_DQN,0,75.62283325195312
Dueling_DQN,0,75.55839538574219
Dueling_DQN,0,75.11543273925781
Dueling_DQN,0,75.00216674804688
Dueling_DQN,0,77.01031494140625
Dueling_DQN,0,77.02465057373047
Dueling_DQN,0,77.09092712402344
Dueling_DQN,0,77.14952850341797
Dueling_DQN,0,77.97406768798828
Dueling_DQN,0,78.31056213378906
Dueling_DQN,0,78.66195678710938
Dueling_DQN,0,78.46888732910156
Dueling_DQN,0,77.29632568359375
Dueling_DQN,0,77.54500579833984
Dueling_DQN,0,77.24740600585938
Dueling_DQN,0,77.1309814453125
Dueling_DQN,0,80.00050354003906
Dueling_DQN,0,80.11785888671875
Dueling_DQN,0,80.90921020507812
Dueling_DQN,0,81.7465591430664
Dueling_DQN,0,63.156864166259766
Dueling_DQN,0,63.58819580078125
Dueling_DQN,0,67.73228454589844
Dueling_DQN,0,65.37638854980469
Dueling_DQN,0,53.3322868347168
Dueling_DQN,0,57.75133514404297
Dueling_DQN,0,66.06558990478516
Dueling_DQN,0,66.93853759765625
Dueling_DQN,0,38.59551239013672
Dueling_DQN,0,49.402957916259766
Dueling_DQN,0,61.064659118652344
Dueling_DQN,0,69.20619201660156
Dueling_DQN,0,18.723491668701172
Dueling_DQN,0,34.9678955078125
Dueling_DQN,0,51.399757385253906
Dueling_DQN,0,68.57290649414062
Dueling_DQN,0,32.876808166503906
Dueling_DQN,0,38.291900634765625
Dueling_DQN,0,75.8003921508789
Dueling_DQN,0,74.44685363769531
Dueling_DQN,0,42.323692321777344
Dueling_DQN,0,48.61403274536133
Dueling_DQN,0,76.93035125732422
Dueling_DQN,0,75.41748809814453
Dueling_DQN,0,49.66769790649414
Dueling_DQN,0,57.1247444152832
Dueling_DQN,0,76.65675354003906
Dueling_DQN,0,75.67839813232422
Dueling_DQN,0,58.12340545654297
Dueling_DQN,0,64.96279907226562
Dueling_DQN,0,73.68620300292969
Dueling_DQN,0,76.45561218261719
Dueling_DQN,0,60.507110595703125
Dueling_DQN,0,65.59879302978516
Dueling_DQN,0,68.62163543701172
Dueling_DQN,0,72.16534423828125
Dueling_DQN,0,61.791465759277344
Dueling_DQN,0,65.37399291992188
Dueling_DQN,0,66.68988800048828
Dueling_DQN,0,70.4987564086914
Dueling_DQN,0,62.791404724121094
Dueling_DQN,0,66.05716705322266
Dueling_DQN,0,66.14585876464844
Dueling_DQN,0,70.54884338378906
Dueling_DQN,0,62.81183624267578
Dueling_DQN,0,65.59111785888672
Dueling_DQN,0,64.59453582763672
Dueling_DQN,0,69.3702163696289
Dueling_DQN,0,62.4605598449707
Dueling_DQN,0,65.05671691894531
Dueling_DQN,0,62.84504318237305
Dueling_DQN,0,68.24198913574219
Dueling_DQN,0,61.73068618774414
Dueling_DQN,0,64.34901428222656
Dueling_DQN,0,60.91935348510742
Dueling_DQN,0,67.0791015625
Dueling_DQN,0,60.98173141479492
Dueling_DQN,0,63.45938491821289
Dueling_DQN,0,59.13710403442383
Dueling_DQN,0,65.68807220458984
Dueling_DQN,0,60.62778854370117
Dueling_DQN,0,62.8411979675293
Dueling_DQN,0,57.933074951171875
Dueling_DQN,0,64.6050796508789
Dueling_DQN,0,60.48849868774414
Dueling_DQN,0,62.42897033691406
Dueling_DQN,0,57.49999237060547
Dueling_DQN,0,63.94345474243164
Dueling_DQN,0,62.105804443359375
Dueling_DQN,0,61.13603210449219
Dueling_DQN,0,58.54007339477539
Dueling_DQN,0,60.8680534362793
Dueling_DQN,0,61.65561294555664
Dueling_DQN,0,60.982364654541016
Dueling_DQN,0,58.95585250854492
Dueling_DQN,0,61.26549530029297
Dueling_DQN,0,61.22273635864258
Dueling_DQN,0,60.925193786621094
Dueling_DQN,0,59.4311408996582
Dueling_DQN,0,61.753875732421875
Dueling_DQN,0,60.55717468261719
Dueling_DQN,0,60.311580657958984
Dueling_DQN,0,59.182682037353516
Dueling_DQN,0,61.441192626953125
Dueling_DQN,0,60.3008918762207
Dueling_DQN,0,59.918678283691406
Dueling_DQN,0,58.951744079589844
Dueling_DQN,0,61.0462760925293
Dueling_DQN,0,60.12344741821289
Dueling_DQN,0,59.394981384277344
Dueling_DQN,0,58.414371490478516
Dueling_DQN,0,60.25767135620117
Dueling_DQN,0,59.862876892089844
Dueling_DQN,0,58.81535720825195
Dueling_DQN,0,57.730194091796875
Dueling_DQN,0,59.35628128051758
Dueling_DQN,0,59.8591423034668
Dueling_DQN,0,58.72080993652344
Dueling_DQN,0,57.51790237426758
Dueling_DQN,0,59.09222412109375
Dueling_DQN,0,59.982845306396484
Dueling_DQN,0,58.7033576965332
Dueling_DQN,0,57.3536376953125
Dueling_DQN,0,58.805999755859375
Dueling_DQN,0,59.992252349853516
Dueling_DQN,0,58.569725036621094
Dueling_DQN,0,57.07851791381836
Dueling_DQN,0,58.40726089477539
Dueling_DQN,0,59.92799758911133
Dueling_DQN,0,58.396240234375
Dueling_DQN,0,56.799659729003906
Dueling_DQN,0,58.024356842041016
Dueling_DQN,0,59.81529235839844
Dueling_DQN,0,58.22167205810547
Dueling_DQN,0,56.568782806396484
Dueling_DQN,0,57.73701095581055
Dueling_DQN,0,59.665706634521484
Dueling_DQN,0,58.058467864990234
Dueling_DQN,0,56.40372085571289
Dueling_DQN,0,57.56807327270508
Dueling_DQN,0,59.49913024902344
Dueling_DQN,0,57.92190933227539
Dueling_DQN,0,56.303062438964844
Dueling_DQN,0,57.497135162353516
Dueling_DQN,0,59.33466720581055
Dueling_DQN,0,57.81319808959961
Dueling_DQN,0,56.24920654296875
Dueling_DQN,0,57.491798400878906
Dueling_DQN,0,59.186676025390625
Dueling_DQN,0,57.725791931152344
Dueling_DQN,0,56.21763610839844
Dueling_DQN,0,57.51305389404297
Dueling_DQN,0,59.06266403198242
Dueling_DQN,0,57.65080642700195
Dueling_DQN,0,56.184913635253906
Dueling_DQN,0,57.522987365722656
Dueling_DQN,0,58.962928771972656
Dueling_DQN,0,57.578643798828125
Dueling_DQN,0,56.133567810058594
Dueling_DQN,0,57.49531555175781
Dueling_DQN,0,58.88172149658203
Dueling_DQN,0,57.503597259521484
Dueling_DQN,0,56.0556755065918
Dueling_DQN,0,57.416473388671875
Dueling_DQN,0,58.811279296875
Dueling_DQN,0,57.416961669921875
Dueling_DQN,0,55.94964599609375
Dueling_DQN,0,57.29460144042969
Dueling_DQN,0,58.742698669433594
Dueling_DQN,0,57.31851577758789
Dueling_DQN,0,55.82259750366211
Dueling_DQN,0,57.142417907714844
Dueling_DQN,0,58.66877746582031
Dueling_DQN,0,57.211212158203125
Dueling_DQN,0,55.68517303466797
Dueling_DQN,0,56.976829528808594
Dueling_DQN,0,58.585479736328125
Dueling_DQN,0,57.09965133666992
Dueling_DQN,0,55.54825210571289
Dueling_DQN,0,56.814239501953125
Dueling_DQN,0,58.492149353027344
Dueling_DQN,0,56.98859786987305
Dueling_DQN,0,55.42021560668945
Dueling_DQN,0,56.666709899902344
Dueling_DQN,0,58.389251708984375
Dueling_DQN,0,56.879390716552734
Dueling_DQN,0,55.30278015136719
Dueling_DQN,0,56.5369758605957
Dueling_DQN,0,58.26881408691406
Dueling_DQN,0,56.751625061035156
Dueling_DQN,0,55.17364501953125
Dueling_DQN,0,56.393672943115234
Dueling_DQN,0,58.13331985473633
Dueling_DQN,0,56.5988655090332
Dueling_DQN,0,55.02534866333008
Dueling_DQN,0,56.22159194946289
Dueling_DQN,0,57.990028381347656
Dueling_DQN,0,56.42888641357422
Dueling_DQN,0,54.862144470214844
Dueling_DQN,0,56.026344299316406
Dueling_DQN,0,57.82823944091797
Dueling_DQN,0,56.23566818237305
Dueling_DQN,0,54.674625396728516
Dueling_DQN,0,55.80325698852539
Dueling_DQN,0,57.673622131347656
Dueling_DQN,0,56.0499153137207
Dueling_DQN,0,54.49114990234375
Dueling_DQN,0,55.58540725708008
Dueling_DQN,0,57.53218078613281
Dueling_DQN,0,55.88064956665039
Dueling_DQN,0,54.3198356628418
Dueling_DQN,0,55.38359069824219
Dueling_DQN,0,57.40285873413086
Dueling_DQN,0,55.72730255126953
Dueling_DQN,0,54.160606384277344
Dueling_DQN,0,55.1978759765625
Dueling_DQN,0,57.281673431396484
Dueling_DQN,0,55.583648681640625
Dueling_DQN,0,54.01095962524414
Dueling_DQN,0,55.020748138427734
Dueling_DQN,0,57.162628173828125
Dueling_DQN,0,55.4430046081543
Dueling_DQN,0,53.86336135864258
Dueling_DQN,0,54.84651184082031
Dueling_DQN,0,57.863319396972656
Dueling_DQN,0,56.68364715576172
Dueling_DQN,0,55.56327438354492
Dueling_DQN,0,56.79387283325195
Dueling_DQN,0,57.525718688964844
Dueling_DQN,0,56.085174560546875
Dueling_DQN,0,54.965240478515625
Dueling_DQN,0,55.965660095214844
Dueling_DQN,0,57.43374252319336
Dueling_DQN,0,55.9378547668457
Dueling_DQN,0,54.81593322753906
Dueling_DQN,0,55.7626953125
Dueling_DQN,0,57.41526794433594
Dueling_DQN,0,55.9085578918457
Dueling_DQN,0,54.78723907470703
Dueling_DQN,0,55.72299575805664
Dueling_DQN,0,57.43447494506836
Dueling_DQN,0,55.940120697021484
Dueling_DQN,0,54.81791687011719
Dueling_DQN,0,55.76634979248047
Dueling_DQN,0,57.452674865722656
Dueling_DQN,0,55.96969985961914
Dueling_DQN,0,54.8466796875
Dueling_DQN,0,55.80678176879883
Dueling_DQN,0,57.45816421508789
Dueling_DQN,0,55.978511810302734
Dueling_DQN,0,54.855255126953125
Dueling_DQN,0,55.81876754760742
Dueling_DQN,0,57.45585632324219
Dueling_DQN,0,55.974693298339844
Dueling_DQN,0,54.8515510559082
Dueling_DQN,0,55.813507080078125
Dueling_DQN,0,57.452640533447266
Dueling_DQN,0,55.96944808959961
Dueling_DQN,0,54.84645080566406
Dueling_DQN,0,55.80632400512695
Dueling_DQN,0,57.451297760009766
Dueling_DQN,0,55.967288970947266
Dueling_DQN,0,54.84435272216797
Dueling_DQN,0,55.80339050292969
Dueling_DQN,0,57.451480865478516
Dueling_DQN,0,55.96760177612305
Dueling_DQN,0,54.84465789794922
Dueling_DQN,0,55.80382537841797
Dueling_DQN,0,57.452030181884766
Dueling_DQN,0,55.96849060058594
Dueling_DQN,0,54.84552001953125
Dueling_DQN,0,55.80503845214844
Dueling_DQN,0,57.45231628417969
Dueling_DQN,0,55.968955993652344
Dueling_DQN,0,54.84597396850586
Dueling_DQN,0,55.8056755065918
Dueling_DQN,0,57.45232391357422
Dueling_DQN,0,55.96896743774414
Dueling_DQN,0,54.84598159790039
Dueling_DQN,0,55.805694580078125
Dueling_DQN,0,57.452239990234375
Dueling_DQN,0,55.96883010864258
Dueling_DQN,0,54.845848083496094
Dueling_DQN,0,55.805503845214844
Dueling_DQN,0,57.452178955078125
Dueling_DQN,0,55.96873474121094
Dueling_DQN,0,54.84575271606445
Dueling_DQN,0,55.80537033081055
Dueling_DQN,0,57.45216751098633
Dueling_DQN,0,55.968719482421875
Dueling_DQN,0,54.845741271972656
Dueling_DQN,0,55.80534744262695
Dueling_DQN,0,57.452186584472656
Dueling_DQN,0,55.96874237060547
Dueling_DQN,0,54.845760345458984
Dueling_DQN,0,55.805381774902344
Dueling_DQN,0,57.45219421386719
Dueling_DQN,0,55.96875762939453
Dueling_DQN,0,54.84577560424805
Dueling_DQN,0,55.80540466308594
Dueling_DQN,0,57.45220184326172
Dueling_DQN,0,55.96876907348633
Dueling_DQN,0,54.845787048339844
Dueling_DQN,0,55.805416107177734
Dueling_DQN,0,57.45219802856445
Dueling_DQN,0,55.96876525878906
Dueling_DQN,0,54.84578323364258
Dueling_DQN,0,55.80541229248047
Dueling_DQN,0,57.45219802856445
Dueling_DQN,0,55.96876525878906
Dueling_DQN,0,54.84578323364258
Dueling_DQN,0,55.80541229248047
Dueling_DQN,0,57.45219421386719
Dueling_DQN,0,55.9687614440918
Dueling_DQN,0,54.84577941894531
Dueling_DQN,0,55.8054084777832
Dueling_DQN,0,57.45219421386719
Dueling_DQN,0,55.96875762939453
Dueling_DQN,0,54.84577560424805
Dueling_DQN,0,55.80540084838867
Dueling_DQN,0,57.45219421386719
Dueling_DQN,0,55.96875762939453
Dueling_DQN,0,54.84577560424805
Dueling_DQN,0,55.80540084838867
Dueling_DQN,0,82.00614929199219
Dueling_DQN,0,84.60420989990234
Dueling_DQN,0,81.64083862304688
Dueling_DQN,0,78.05330657958984
Dueling_DQN,0,83.1913070678711
Dueling_DQN,0,85.63497924804688
Dueling_DQN,0,83.37045288085938
Dueling_DQN,0,80.04914093017578
Dueling_DQN,0,84.46315002441406
Dueling_DQN,0,86.7169189453125
Dueling_DQN,0,85.27291107177734
Dueling_DQN,0,82.21247863769531
Dueling_DQN,0,85.37618255615234
Dueling_DQN,0,87.37730407714844
Dueling_DQN,0,86.88690185546875
Dueling_DQN,0,84.17900848388672
Dueling_DQN,0,85.70858001708984
Dueling_DQN,0,87.48885345458984
Dueling_DQN,0,87.87225341796875
Dueling_DQN,0,85.42784881591797
Dueling_DQN,0,84.75316619873047
Dueling_DQN,0,86.63488006591797
Dueling_DQN,0,86.86359405517578
Dueling_DQN,0,84.08073425292969
Dueling_DQN,0,83.0748519897461
Dueling_DQN,0,84.9749526977539
Dueling_DQN,0,85.09066009521484
Dueling_DQN,0,82.35364532470703
Dueling_DQN,0,82.13191986083984
Dueling_DQN,0,83.96771240234375
Dueling_DQN,0,83.70939636230469
Dueling_DQN,0,81.15050506591797
Dueling_DQN,0,82.55921173095703
Dueling_DQN,0,84.22038269042969
Dueling_DQN,0,85.09159851074219
Dueling_DQN,0,82.71431732177734
Dueling_DQN,0,81.98268127441406
Dueling_DQN,0,83.55864715576172
Dueling_DQN,0,84.56137084960938
Dueling_DQN,0,82.2408676147461
Dueling_DQN,0,81.4629135131836
Dueling_DQN,0,83.01405334472656
Dueling_DQN,0,83.67691040039062
Dueling_DQN,0,81.45006561279297
Dueling_DQN,0,80.71363830566406
Dueling_DQN,0,82.13115692138672
Dueling_DQN,0,82.68624114990234
Dueling_DQN,0,80.64508819580078
Dueling_DQN,0,79.94165802001953
Dueling_DQN,0,81.32120513916016
Dueling_DQN,0,81.20491027832031
Dueling_DQN,0,79.37152099609375
Dueling_DQN,0,80.10445404052734
Dueling_DQN,0,81.36322784423828
Dueling_DQN,0,82.41563415527344
Dueling_DQN,0,80.80955505371094
Dueling_DQN,0,79.6114273071289
Dueling_DQN,0,80.80030059814453
Dueling_DQN,0,81.52483367919922
Dueling_DQN,0,80.0368881225586
Dueling_DQN,0,78.60095977783203
Dueling_DQN,0,79.7610092163086
Dueling_DQN,0,80.4501724243164
Dueling_DQN,0,79.13319396972656
Dueling_DQN,0,78.03026580810547
Dueling_DQN,0,79.1495132446289
Dueling_DQN,0,79.8959732055664
Dueling_DQN,0,78.6552963256836
Dueling_DQN,0,77.44855499267578
Dueling_DQN,0,78.5438232421875
Dueling_DQN,0,79.51946258544922
Dueling_DQN,0,78.35762786865234
Dueling_DQN,0,76.654541015625
Dueling_DQN,0,77.66046142578125
Dueling_DQN,0,78.1971664428711
Dueling_DQN,0,77.19171905517578
Dueling_DQN,0,75.64905548095703
Dueling_DQN,0,76.5521240234375
Dueling_DQN,0,76.53277587890625
Dueling_DQN,0,75.6748275756836
Dueling_DQN,0,76.02327728271484
Dueling_DQN,0,76.8838119506836
Dueling_DQN,0,78.11859130859375
Dueling_DQN,0,77.53810119628906
Dueling_DQN,0,75.23251342773438
Dueling_DQN,0,76.04379272460938
Dueling_DQN,0,77.27183532714844
Dueling_DQN,0,76.86547088623047
Dueling_DQN,0,75.31625366210938
Dueling_DQN,0,76.03833770751953
Dueling_DQN,0,77.2777099609375
Dueling_DQN,0,76.84123992919922
Dueling_DQN,0,74.69096374511719
Dueling_DQN,0,75.32855224609375
Dueling_DQN,0,76.46177673339844
Dueling_DQN,0,76.07328033447266
Dueling_DQN,0,74.4616470336914
Dueling_DQN,0,75.05500793457031
Dueling_DQN,0,76.39946746826172
Dueling_DQN,0,76.04689025878906
Dueling_DQN,0,73.78407287597656
Dueling_DQN,0,74.32799530029297
Dueling_DQN,0,75.76285552978516
Dueling_DQN,0,75.51741027832031
Dueling_DQN,0,73.16120910644531
Dueling_DQN,0,73.67279052734375
Dueling_DQN,0,75.32439422607422
Dueling_DQN,0,75.21833801269531
Dueling_DQN,0,73.09192657470703
Dueling_DQN,0,73.50648498535156
Dueling_DQN,0,75.09288024902344
Dueling_DQN,0,75.00807189941406
Dueling_DQN,0,71.65457153320312
Dueling_DQN,0,71.97482299804688
Dueling_DQN,0,73.46153259277344
Dueling_DQN,0,73.63182067871094
Dueling_DQN,0,74.35387420654297
Dueling_DQN,0,74.71105194091797
Dueling_DQN,0,76.19145965576172
Dueling_DQN,0,75.78374481201172
Dueling_DQN,0,73.52173614501953
Dueling_DQN,0,73.8044662475586
Dueling_DQN,0,75.13561248779297
Dueling_DQN,0,74.85623931884766
Dueling_DQN,0,71.78543853759766
Dueling_DQN,0,72.00102996826172
Dueling_DQN,0,73.22479248046875
Dueling_DQN,0,73.21435546875
Dueling_DQN,0,69.57354736328125
Dueling_DQN,0,69.64332580566406
Dueling_DQN,0,70.45316314697266
Dueling_DQN,0,70.6877212524414
Dueling_DQN,0,72.1819839477539
Dueling_DQN,0,72.2596664428711
Dueling_DQN,0,73.13968658447266
Dueling_DQN,0,72.87751770019531
Dueling_DQN,0,70.84468078613281
Dueling_DQN,0,70.84829711914062
Dueling_DQN,0,71.62639617919922
Dueling_DQN,0,71.568115234375
Dueling_DQN,0,69.88056182861328
Dueling_DQN,0,69.81065368652344
Dueling_DQN,0,70.57347106933594
Dueling_DQN,0,70.6764144897461
Dueling_DQN,0,72.74585723876953
Dueling_DQN,0,72.69580078125
Dueling_DQN,0,73.42533874511719
Dueling_DQN,0,72.91188049316406
Dueling_DQN,0,72.42903900146484
Dueling_DQN,0,72.31765747070312
Dueling_DQN,0,73.17781829833984
Dueling_DQN,0,72.7331314086914
Dueling_DQN,0,69.83438873291016
Dueling_DQN,0,69.61742401123047
Dueling_DQN,0,70.09600830078125
Dueling_DQN,0,69.99954223632812
Dueling_DQN,0,69.8863754272461
Dueling_DQN,0,69.61814880371094
Dueling_DQN,0,70.382080078125
Dueling_DQN,0,70.32769775390625
Dueling_DQN,0,67.53226470947266
Dueling_DQN,0,67.14685821533203
Dueling_DQN,0,67.53731536865234
Dueling_DQN,0,67.84575653076172
Dueling_DQN,0,68.17925262451172
Dueling_DQN,0,67.73754119873047
Dueling_DQN,0,69.18354034423828
Dueling_DQN,0,69.59754180908203
Dueling_DQN,0,71.17353820800781
Dueling_DQN,0,70.71778106689453
Dueling_DQN,0,72.15628051757812
Dueling_DQN,0,71.984619140625
Dueling_DQN,0,69.97093200683594
Dueling_DQN,0,69.44853210449219
Dueling_DQN,0,70.8209457397461
Dueling_DQN,0,70.73365020751953
Dueling_DQN,0,68.06548309326172
Dueling_DQN,0,67.4301986694336
Dueling_DQN,0,68.52581787109375
Dueling_DQN,0,68.76054382324219
Dueling_DQN,0,70.54952239990234
Dueling_DQN,0,69.9684829711914
Dueling_DQN,0,71.23443603515625
Dueling_DQN,0,70.87527465820312
Dueling_DQN,0,69.42103576660156
Dueling_DQN,0,68.74942779541016
Dueling_DQN,0,69.93824768066406
Dueling_DQN,0,69.80145263671875
Dueling_DQN,0,69.33170318603516
Dueling_DQN,0,68.59748077392578
Dueling_DQN,0,69.99919891357422
Dueling_DQN,0,69.91624450683594
Dueling_DQN,0,67.7875747680664
Dueling_DQN,0,67.0140609741211
Dueling_DQN,0,68.30211639404297
Dueling_DQN,0,68.29056549072266
Dueling_DQN,0,65.65291595458984
Dueling_DQN,0,64.84247589111328
Dueling_DQN,0,65.92889404296875
Dueling_DQN,0,66.02203369140625
Dueling_DQN,0,68.11421966552734
Dueling_DQN,0,67.37373352050781
Dueling_DQN,0,68.54931640625
Dueling_DQN,0,68.0660629272461
Dueling_DQN,0,64.98725128173828
Dueling_DQN,0,64.19649505615234
Dueling_DQN,0,64.96418762207031
Dueling_DQN,0,64.6434097290039
Dueling_DQN,0,66.12372589111328
Dueling_DQN,0,65.34754943847656
Dueling_DQN,0,66.5613021850586
Dueling_DQN,0,66.10917663574219
Dueling_DQN,0,64.86547088623047
Dueling_DQN,0,64.04393005371094
Dueling_DQN,0,65.18425750732422
Dueling_DQN,0,64.798095703125
Dueling_DQN,0,61.79219055175781
Dueling_DQN,0,60.878997802734375
Dueling_DQN,0,61.54517364501953
Dueling_DQN,0,61.428932189941406
Dueling_DQN,0,62.96256637573242
Dueling_DQN,0,62.0769157409668
Dueling_DQN,0,63.19052505493164
Dueling_DQN,0,62.927005767822266
Dueling_DQN,0,60.192420959472656
Dueling_DQN,0,59.23838806152344
Dueling_DQN,0,59.9572639465332
Dueling_DQN,0,59.817813873291016
Dueling_DQN,0,61.322513580322266
Dueling_DQN,0,60.42786407470703
Dueling_DQN,0,61.586673736572266
Dueling_DQN,0,61.26518630981445
Dueling_DQN,0,59.34764099121094
Dueling_DQN,0,58.38422775268555
Dueling_DQN,0,59.290260314941406
Dueling_DQN,0,59.148738861083984
Dueling_DQN,0,60.49108123779297
Dueling_DQN,0,59.58741760253906
Dueling_DQN,0,60.93540954589844
Dueling_DQN,0,60.611595153808594
Dueling_DQN,0,59.39309310913086
Dueling_DQN,0,58.47105407714844
Dueling_DQN,0,59.77021408081055
Dueling_DQN,0,59.47002410888672
Dueling_DQN,0,56.76519012451172
Dueling_DQN,0,55.740943908691406
Dueling_DQN,0,56.62873458862305
Dueling_DQN,0,56.613746643066406
Dueling_DQN,0,57.93730545043945
Dueling_DQN,0,56.97285461425781
Dueling_DQN,0,58.3033447265625
Dueling_DQN,0,58.10602951049805
Dueling_DQN,0,56.098907470703125
Dueling_DQN,0,55.06538772583008
Dueling_DQN,0,56.160919189453125
Dueling_DQN,0,56.150962829589844
Dueling_DQN,0,53.506736755371094
Dueling_DQN,0,52.42051696777344
Dueling_DQN,0,53.141990661621094
Dueling_DQN,0,53.20924758911133
Dueling_DQN,0,54.673583984375
Dueling_DQN,0,53.64952087402344
Dueling_DQN,0,54.79936218261719
Dueling_DQN,0,54.6861457824707
Dueling_DQN,0,54.2508430480957
Dueling_DQN,0,53.19179916381836
Dueling_DQN,0,54.39223098754883
Dueling_DQN,0,54.41257858276367
Dueling_DQN,0,56.63116455078125
Dueling_DQN,0,55.83784484863281
Dueling_DQN,0,56.974754333496094
Dueling_DQN,0,56.252418518066406
Dueling_DQN,0,56.269508361816406
Dueling_DQN,0,55.54735565185547
Dueling_DQN,0,56.7297248840332
Dueling_DQN,0,55.939815521240234
Dueling_DQN,0,55.602657318115234
Dueling_DQN,0,54.860626220703125
Dueling_DQN,0,56.0328254699707
Dueling_DQN,0,55.3157958984375
Dueling_DQN,0,54.34231185913086
Dueling_DQN,0,53.550907135009766
Dueling_DQN,0,54.589134216308594
Dueling_DQN,0,54.027320861816406
Dueling_DQN,0,51.304290771484375
Dueling_DQN,0,50.41729736328125
Dueling_DQN,0,51.20679473876953
Dueling_DQN,0,50.830894470214844
Dueling_DQN,0,52.46896743774414
Dueling_DQN,0,51.68966293334961
Dueling_DQN,0,52.74919509887695
Dueling_DQN,0,52.19401168823242
Dueling_DQN,0,50.95048141479492
Dueling_DQN,0,50.086021423339844
Dueling_DQN,0,51.1081428527832
Dueling_DQN,0,50.674583435058594
Dueling_DQN,0,48.98930358886719
Dueling_DQN,0,48.02861022949219
Dueling_DQN,0,48.716224670410156
Dueling_DQN,0,48.59058380126953
Dueling_DQN,0,50.23457336425781
Dueling_DQN,0,49.38344955444336
Dueling_DQN,0,50.36751174926758
Dueling_DQN,0,50.05129623413086
Dueling_DQN,0,49.00986099243164
Dueling_DQN,0,48.10113525390625
Dueling_DQN,0,48.88253402709961
Dueling_DQN,0,48.7701301574707
Dueling_DQN,0,50.56237030029297
Dueling_DQN,0,49.744415283203125
Dueling_DQN,0,50.77444839477539
Dueling_DQN,0,50.50425720214844
Dueling_DQN,0,48.97954177856445
Dueling_DQN,0,48.08271026611328
Dueling_DQN,0,48.9188232421875
Dueling_DQN,0,48.88406753540039
Dueling_DQN,0,50.678531646728516
Dueling_DQN,0,49.80537414550781
Dueling_DQN,0,51.02302169799805
Dueling_DQN,0,50.84014892578125
Dueling_DQN,0,47.456417083740234
Dueling_DQN,0,46.47811508178711
Dueling_DQN,0,47.249656677246094
Dueling_DQN,0,47.39781188964844
Dueling_DQN,0,49.17539978027344
Dueling_DQN,0,48.238162994384766
Dueling_DQN,0,49.465423583984375
Dueling_DQN,0,49.431209564208984
Dueling_DQN,0,45.92507553100586
Dueling_DQN,0,44.90122604370117
Dueling_DQN,0,45.55390548706055
Dueling_DQN,0,45.91752243041992
Dueling_DQN,0,47.67995834350586
Dueling_DQN,0,46.67912673950195
Dueling_DQN,0,47.85251235961914
Dueling_DQN,0,47.99070358276367
Dueling_DQN,0,50.69869613647461
Dueling_DQN,0,49.92668151855469
Dueling_DQN,0,50.972904205322266
Dueling_DQN,0,50.57426452636719
Dueling_DQN,0,48.21234130859375
Dueling_DQN,0,47.284584045410156
Dueling_DQN,0,48.29503631591797
Dueling_DQN,0,48.0300178527832
Dueling_DQN,0,46.387115478515625
Dueling_DQN,0,45.430145263671875
Dueling_DQN,0,46.32049560546875
Dueling_DQN,0,46.196163177490234
Dueling_DQN,0,48.09141540527344
Dueling_DQN,0,47.191375732421875
Dueling_DQN,0,48.205810546875
Dueling_DQN,0,48.00267028808594
Dueling_DQN,0,47.281551361083984
Dueling_DQN,0,46.34110641479492
Dueling_DQN,0,47.350215911865234
Dueling_DQN,0,47.20588302612305
Dueling_DQN,0,45.54098129272461
Dueling_DQN,0,44.468536376953125
Dueling_DQN,0,45.48942565917969
Dueling_DQN,0,45.42197036743164
Dueling_DQN,0,47.18272018432617
Dueling_DQN,0,46.170345306396484
Dueling_DQN,0,47.304019927978516
Dueling_DQN,0,47.15898895263672
Dueling_DQN,0,46.87343978881836
Dueling_DQN,0,45.87726593017578
Dueling_DQN,0,46.98299789428711
Dueling_DQN,0,46.88580322265625
Dueling_DQN,0,43.18609619140625
Dueling_DQN,0,42.06850051879883
Dueling_DQN,0,43.014163970947266
Dueling_DQN,0,43.12264633178711
Dueling_DQN,0,44.9210319519043
Dueling_DQN,0,43.84181594848633
Dueling_DQN,0,44.89815139770508
Dueling_DQN,0,44.940792083740234
Dueling_DQN,0,47.146629333496094
Dueling_DQN,0,46.216522216796875
Dueling_DQN,0,47.24624252319336
Dueling_DQN,0,46.894466400146484
Dueling_DQN,0,44.78247833251953
Dueling_DQN,0,43.77763748168945
Dueling_DQN,0,44.6798095703125
Dueling_DQN,0,44.46577835083008
Dueling_DQN,0,46.32855224609375
Dueling_DQN,0,45.38776397705078
Dueling_DQN,0,46.38716125488281
Dueling_DQN,0,46.096614837646484
Dueling_DQN,0,44.237525939941406
Dueling_DQN,0,43.24928283691406
Dueling_DQN,0,44.110591888427734
Dueling_DQN,0,43.954978942871094
Dueling_DQN,0,45.82627487182617
Dueling_DQN,0,44.900638580322266
Dueling_DQN,0,45.866512298583984
Dueling_DQN,0,45.633766174316406
Dueling_DQN,0,45.35078048706055
Dueling_DQN,0,44.435516357421875
Dueling_DQN,0,45.35664749145508
Dueling_DQN,0,45.17333984375
Dueling_DQN,0,44.890953063964844
Dueling_DQN,0,43.947410583496094
Dueling_DQN,0,44.88208770751953
Dueling_DQN,0,44.71813201904297
Dueling_DQN,0,46.49831008911133
Dueling_DQN,0,45.61716842651367
Dueling_DQN,0,46.660587310791016
Dueling_DQN,0,46.41889572143555
Dueling_DQN,0,42.986656188964844
Dueling_DQN,0,42.01655578613281
Dueling_DQN,0,42.87518310546875
Dueling_DQN,0,42.804786682128906
Dueling_DQN,0,44.66023254394531
Dueling_DQN,0,43.74303436279297
Dueling_DQN,0,44.68193817138672
Dueling_DQN,0,44.56782913208008
Dueling_DQN,0,44.29125213623047
Dueling_DQN,0,43.3402214050293
Dueling_DQN,0,44.48195266723633
Dueling_DQN,0,44.20573043823242
Dueling_DQN,0,40.904510498046875
Dueling_DQN,0,39.88591384887695
Dueling_DQN,0,40.94913101196289
Dueling_DQN,0,40.751365661621094
Dueling_DQN,0,38.94245147705078
Dueling_DQN,0,37.86391830444336
Dueling_DQN,0,39.08134078979492
Dueling_DQN,0,38.74127197265625
Dueling_DQN,0,36.277870178222656
Dueling_DQN,0,35.137149810791016
Dueling_DQN,0,36.41399002075195
Dueling_DQN,0,36.00114059448242
Dueling_DQN,0,33.419952392578125
Dueling_DQN,0,32.225833892822266
Dueling_DQN,0,33.47847366333008
Dueling_DQN,0,33.06159210205078
Dueling_DQN,0,31.309364318847656
Dueling_DQN,0,30.10257339477539
Dueling_DQN,0,31.178516387939453
Dueling_DQN,0,30.900054931640625
Dueling_DQN,0,30.783843994140625
Dueling_DQN,0,29.581212997436523
Dueling_DQN,0,30.625568389892578
Dueling_DQN,0,30.368642807006836
Dueling_DQN,0,32.4549446105957
Dueling_DQN,0,31.29819679260254
Dueling_DQN,0,32.403533935546875
Dueling_DQN,0,32.10273742675781
Dueling_DQN,0,34.219242095947266
Dueling_DQN,0,33.10894012451172
Dueling_DQN,0,34.27524948120117
Dueling_DQN,0,33.93091583251953
Dueling_DQN,0,33.263240814208984
Dueling_DQN,0,32.17934036254883
Dueling_DQN,0,33.11133575439453
Dueling_DQN,0,32.97130584716797
Dueling_DQN,0,35.351654052734375
Dueling_DQN,0,34.31149673461914
Dueling_DQN,0,35.317726135253906
Dueling_DQN,0,35.13356399536133
Dueling_DQN,0,37.767066955566406
Dueling_DQN,0,36.77122116088867
Dueling_DQN,0,37.85167694091797
Dueling_DQN,0,37.62370681762695
Dueling_DQN,0,34.49995040893555
Dueling_DQN,0,33.48945999145508
Dueling_DQN,0,34.318851470947266
Dueling_DQN,0,34.29867172241211
Dueling_DQN,0,36.949928283691406
Dueling_DQN,0,35.98098373413086
Dueling_DQN,0,36.896392822265625
Dueling_DQN,0,36.83180236816406
Dueling_DQN,0,39.38951873779297
Dueling_DQN,0,38.48075485229492
Dueling_DQN,0,39.46795654296875
Dueling_DQN,0,39.33675765991211
Dueling_DQN,0,34.76079559326172
Dueling_DQN,0,33.78303527832031
Dueling_DQN,0,34.567138671875
Dueling_DQN,0,34.62522506713867
Dueling_DQN,0,37.2320442199707
Dueling_DQN,0,36.30718231201172
Dueling_DQN,0,37.17506790161133
Dueling_DQN,0,37.17256164550781
Dueling_DQN,0,39.69572067260742
Dueling_DQN,0,38.842491149902344
Dueling_DQN,0,39.78547286987305
Dueling_DQN,0,39.6904411315918
Dueling_DQN,0,36.313499450683594
Dueling_DQN,0,35.40667724609375
Dueling_DQN,0,36.17652130126953
Dueling_DQN,0,36.27734375
Dueling_DQN,0,38.79966354370117
Dueling_DQN,0,37.96221160888672
Dueling_DQN,0,38.81755065917969
Dueling_DQN,0,38.822540283203125
Dueling_DQN,0,41.83390426635742
Dueling_DQN,0,41.05898666381836
Dueling_DQN,0,41.90797805786133
Dueling_DQN,0,41.551944732666016
Dueling_DQN,0,40.554908752441406
Dueling_DQN,0,39.75539779663086
Dueling_DQN,0,40.60032653808594
Dueling_DQN,0,40.24058151245117
Dueling_DQN,0,38.916603088378906
Dueling_DQN,0,38.05567932128906
Dueling_DQN,0,39.03040313720703
Dueling_DQN,0,38.527130126953125
Dueling_DQN,0,37.996826171875
Dueling_DQN,0,37.0854377746582
Dueling_DQN,0,38.25078582763672
Dueling_DQN,0,37.52432632446289
Dueling_DQN,0,34.32829284667969
Dueling_DQN,0,33.3795166015625
Dueling_DQN,0,34.27574157714844
Dueling_DQN,0,33.7730712890625
Dueling_DQN,0,36.69571304321289
Dueling_DQN,0,35.820777893066406
Dueling_DQN,0,36.75284957885742
Dueling_DQN,0,36.17700958251953
Dueling_DQN,0,32.522491455078125
Dueling_DQN,0,31.613361358642578
Dueling_DQN,0,32.20305252075195
Dueling_DQN,0,31.916772842407227
Dueling_DQN,0,34.92815017700195
Dueling_DQN,0,34.0821647644043
Dueling_DQN,0,34.72721481323242
Dueling_DQN,0,34.3758430480957
Dueling_DQN,0,37.32649230957031
Dueling_DQN,0,36.55830383300781
Dueling_DQN,0,37.247615814208984
Dueling_DQN,0,36.81392288208008
Dueling_DQN,0,39.70981979370117
Dueling_DQN,0,39.02037811279297
Dueling_DQN,0,39.75364303588867
Dueling_DQN,0,39.23747253417969
Dueling_DQN,0,35.848548889160156
Dueling_DQN,0,35.07439041137695
Dueling_DQN,0,35.705650329589844
Dueling_DQN,0,35.26652145385742
Dueling_DQN,0,38.24135971069336
Dueling_DQN,0,37.545799255371094
Dueling_DQN,0,38.22035217285156
Dueling_DQN,0,37.6991081237793
Dueling_DQN,0,40.558284759521484
Dueling_DQN,0,39.942291259765625
Dueling_DQN,0,40.659812927246094
Dueling_DQN,0,40.05630111694336
Dueling_DQN,0,38.73234176635742
Dueling_DQN,0,38.052921295166016
Dueling_DQN,0,38.87843322753906
Dueling_DQN,0,38.12907791137695
Dueling_DQN,0,37.76124572753906
Dueling_DQN,0,37.00160598754883
Dueling_DQN,0,37.81718444824219
Dueling_DQN,0,36.99447250366211
Dueling_DQN,0,36.39076232910156
Dueling_DQN,0,35.59734344482422
Dueling_DQN,0,36.33009719848633
Dueling_DQN,0,35.52687454223633
Dueling_DQN,0,38.530433654785156
Dueling_DQN,0,37.81345748901367
Dueling_DQN,0,38.53359603881836
Dueling_DQN,0,37.67344665527344
Dueling_DQN,0,37.06385803222656
Dueling_DQN,0,36.43571090698242
Dueling_DQN,0,37.06068801879883
Dueling_DQN,0,36.27760314941406
Dueling_DQN,0,39.57476043701172
Dueling_DQN,0,39.02947998046875
Dueling_DQN,0,39.68374252319336
Dueling_DQN,0,38.820003509521484
Dueling_DQN,0,35.69060516357422
Dueling_DQN,0,35.07574462890625
Dueling_DQN,0,35.52315139770508
Dueling_DQN,0,34.805137634277344
Dueling_DQN,0,37.95133590698242
Dueling_DQN,0,37.41838455200195
Dueling_DQN,0,37.89759063720703
Dueling_DQN,0,37.0988655090332
Dueling_DQN,0,40.466861724853516
Dueling_DQN,0,40.039817810058594
Dueling_DQN,0,40.538516998291016
Dueling_DQN,0,39.62803649902344
Dueling_DQN,0,37.71894073486328
Dueling_DQN,0,37.275726318359375
Dueling_DQN,0,37.503273010253906
Dueling_DQN,0,36.80583190917969
Dueling_DQN,0,40.144248962402344
Dueling_DQN,0,39.807037353515625
Dueling_DQN,0,40.06196594238281
Dueling_DQN,0,39.24921417236328
Dueling_DQN,0,42.10325622558594
Dueling_DQN,0,41.8734016418457
Dueling_DQN,0,42.155189514160156
Dueling_DQN,0,41.226444244384766
Dueling_DQN,0,39.404151916503906
Dueling_DQN,0,39.096900939941406
Dueling_DQN,0,39.257720947265625
Dueling_DQN,0,38.41719055175781
Dueling_DQN,0,41.309322357177734
Dueling_DQN,0,41.10967254638672
Dueling_DQN,0,41.29566955566406
Dueling_DQN,0,40.33930587768555
Dueling_DQN,0,43.19842529296875
Dueling_DQN,0,43.10723114013672
Dueling_DQN,0,43.32958221435547
Dueling_DQN,0,42.24476623535156
Dueling_DQN,0,42.06672668457031
Dueling_DQN,0,42.01274490356445
Dueling_DQN,0,41.98556137084961
Dueling_DQN,0,41.0672607421875
Dueling_DQN,0,43.94893264770508
Dueling_DQN,0,44.0072021484375
Dueling_DQN,0,44.07250213623047
Dueling_DQN,0,43.00065994262695
Dueling_DQN,0,41.10573196411133
Dueling_DQN,0,41.03863525390625
Dueling_DQN,0,41.05846405029297
Dueling_DQN,0,40.00815200805664
Dueling_DQN,0,42.964962005615234
Dueling_DQN,0,43.01578903198242
Dueling_DQN,0,43.10807800292969
Dueling_DQN,0,41.919960021972656
Dueling_DQN,0,42.09248733520508
Dueling_DQN,0,42.17133712768555
Dueling_DQN,0,42.09613037109375
Dueling_DQN,0,40.9974479675293
Dueling_DQN,0,44.173030853271484
Dueling_DQN,0,44.410491943359375
Dueling_DQN,0,44.48599624633789
Dueling_DQN,0,43.47874450683594
Dueling_DQN,0,41.469486236572266
Dueling_DQN,0,41.56593322753906
Dueling_DQN,0,41.54384994506836
Dueling_DQN,0,40.63859176635742
Dueling_DQN,0,43.42888641357422
Dueling_DQN,0,43.73079299926758
Dueling_DQN,0,43.91326141357422
Dueling_DQN,0,43.018978118896484
Dueling_DQN,0,41.7781867980957
Dueling_DQN,0,42.11665344238281
Dueling_DQN,0,42.110496520996094
Dueling_DQN,0,41.3786506652832
Dueling_DQN,0,43.318050384521484
Dueling_DQN,0,43.921817779541016
Dueling_DQN,0,44.28432083129883
Dueling_DQN,0,43.33198165893555
Dueling_DQN,0,42.48731231689453
Dueling_DQN,0,43.07157516479492
Dueling_DQN,0,43.471370697021484
Dueling_DQN,0,42.57221984863281
Dueling_DQN,0,42.07201385498047
Dueling_DQN,0,42.77358627319336
Dueling_DQN,0,43.23473358154297
Dueling_DQN,0,42.3332405090332
Dueling_DQN,0,39.217567443847656
Dueling_DQN,0,39.80613708496094
Dueling_DQN,0,40.18497848510742
Dueling_DQN,0,39.576656341552734
Dueling_DQN,0,38.73921203613281
Dueling_DQN,0,39.00496292114258
Dueling_DQN,0,39.483375549316406
Dueling_DQN,0,38.96050262451172
Dueling_DQN,0,37.82297897338867
Dueling_DQN,0,38.07685470581055
Dueling_DQN,0,38.59211730957031
Dueling_DQN,0,38.11375045776367
Dueling_DQN,0,34.835086822509766
Dueling_DQN,0,35.200557708740234
Dueling_DQN,0,35.60853576660156
Dueling_DQN,0,35.34136962890625
Dueling_DQN,0,33.29189682006836
Dueling_DQN,0,33.34095001220703
Dueling_DQN,0,33.70295715332031
Dueling_DQN,0,33.582210540771484
Dueling_DQN,0,30.84227752685547
Dueling_DQN,0,30.854480743408203
Dueling_DQN,0,31.102140426635742
Dueling_DQN,0,31.143354415893555
Dueling_DQN,0,33.23586654663086
Dueling_DQN,0,33.248512268066406
Dueling_DQN,0,33.62318420410156
Dueling_DQN,0,33.24764633178711
Dueling_DQN,0,29.673946380615234
Dueling_DQN,0,29.734722137451172
Dueling_DQN,0,29.85789680480957
Dueling_DQN,0,29.723419189453125
Dueling_DQN,0,29.74859046936035
Dueling_DQN,0,29.702831268310547
Dueling_DQN,0,29.904178619384766
Dueling_DQN,0,29.744014739990234
Dueling_DQN,0,26.937763214111328
Dueling_DQN,0,26.825380325317383
Dueling_DQN,0,26.7001895904541
Dueling_DQN,0,26.739988327026367
Dueling_DQN,0,26.33882713317871
Dueling_DQN,0,26.13002586364746
Dueling_DQN,0,25.988037109375
Dueling_DQN,0,26.00167465209961
Dueling_DQN,0,28.642807006835938
Dueling_DQN,0,28.51573944091797
Dueling_DQN,0,28.716392517089844
Dueling_DQN,0,28.580795288085938
Dueling_DQN,0,27.899215698242188
Dueling_DQN,0,27.657026290893555
Dueling_DQN,0,27.79884147644043
Dueling_DQN,0,27.64095115661621
Dueling_DQN,0,30.150558471679688
Dueling_DQN,0,29.94223403930664
Dueling_DQN,0,30.46007537841797
Dueling_DQN,0,30.129497528076172
Dueling_DQN,0,29.27895164489746
Dueling_DQN,0,29.01934051513672
Dueling_DQN,0,29.43328094482422
Dueling_DQN,0,29.130779266357422
Dueling_DQN,0,27.923721313476562
Dueling_DQN,0,27.70101547241211
Dueling_DQN,0,27.948596954345703
Dueling_DQN,0,27.77159881591797
Dueling_DQN,0,25.120765686035156
Dueling_DQN,0,24.851215362548828
Dueling_DQN,0,24.73220443725586
Dueling_DQN,0,24.76061248779297
Dueling_DQN,0,27.453365325927734
Dueling_DQN,0,27.236591339111328
Dueling_DQN,0,27.51845359802246
Dueling_DQN,0,27.35904884338379
Dueling_DQN,0,26.281200408935547
Dueling_DQN,0,25.987354278564453
Dueling_DQN,0,26.130632400512695
Dueling_DQN,0,26.057392120361328
Dueling_DQN,0,28.507057189941406
Dueling_DQN,0,28.271390914916992
Dueling_DQN,0,28.808130264282227
Dueling_DQN,0,28.536415100097656
Dueling_DQN,0,26.97208595275879
Dueling_DQN,0,26.571048736572266
Dueling_DQN,0,26.858882904052734
Dueling_DQN,0,26.679443359375
Dueling_DQN,0,29.170412063598633
Dueling_DQN,0,28.825206756591797
Dueling_DQN,0,29.502058029174805
Dueling_DQN,0,29.165334701538086
Dueling_DQN,0,28.441770553588867
Dueling_DQN,0,28.0552978515625
Dueling_DQN,0,28.64728355407715
Dueling_DQN,0,28.355403900146484
Dueling_DQN,0,25.47254180908203
Dueling_DQN,0,25.032672882080078
Dueling_DQN,0,25.16742706298828
Dueling_DQN,0,25.079858779907227
Dueling_DQN,0,27.666494369506836
Dueling_DQN,0,27.2744140625
Dueling_DQN,0,27.821382522583008
Dueling_DQN,0,27.59557342529297
Dueling_DQN,0,24.357789993286133
Dueling_DQN,0,23.92275619506836
Dueling_DQN,0,23.99214744567871
Dueling_DQN,0,24.01737403869629
Dueling_DQN,0,26.572792053222656
Dueling_DQN,0,26.17055892944336
Dueling_DQN,0,26.666568756103516
Dueling_DQN,0,26.552671432495117
Dueling_DQN,0,26.148033142089844
Dueling_DQN,0,25.563474655151367
Dueling_DQN,0,25.88898277282715
Dueling_DQN,0,25.96230125427246
Dueling_DQN,0,28.316505432128906
Dueling_DQN,0,27.86838722229004
Dueling_DQN,0,28.60991859436035
Dueling_DQN,0,28.376672744750977
Dueling_DQN,0,26.563562393188477
Dueling_DQN,0,26.13867950439453
Dueling_DQN,0,26.76563262939453
Dueling_DQN,0,26.628835678100586
Dueling_DQN,0,28.76458168029785
Dueling_DQN,0,28.160327911376953
Dueling_DQN,0,28.835859298706055
Dueling_DQN,0,28.840717315673828
Dueling_DQN,0,31.410297393798828
Dueling_DQN,0,30.84217643737793
Dueling_DQN,0,31.680192947387695
Dueling_DQN,0,31.02042007446289
Dueling_DQN,0,29.770217895507812
Dueling_DQN,0,29.283174514770508
Dueling_DQN,0,30.03727912902832
Dueling_DQN,0,29.42647361755371
Dueling_DQN,0,29.389259338378906
Dueling_DQN,0,28.917203903198242
Dueling_DQN,0,29.62774085998535
Dueling_DQN,0,29.05298614501953
Dueling_DQN,0,25.983917236328125
Dueling_DQN,0,25.43303871154785
Dueling_DQN,0,25.61255645751953
Dueling_DQN,0,25.43496322631836
Dueling_DQN,0,28.099720001220703
Dueling_DQN,0,27.660903930664062
Dueling_DQN,0,28.236459732055664
Dueling_DQN,0,27.75867462158203
Dueling_DQN,0,24.233884811401367
Dueling_DQN,0,23.658580780029297
Dueling_DQN,0,23.59054946899414
Dueling_DQN,0,23.597740173339844
Dueling_DQN,0,26.3522891998291
Dueling_DQN,0,25.88253402709961
Dueling_DQN,0,26.308391571044922
Dueling_DQN,0,26.007808685302734
Dueling_DQN,0,28.50773811340332
Dueling_DQN,0,28.110137939453125
Dueling_DQN,0,28.897573471069336
Dueling_DQN,0,28.404556274414062
Dueling_DQN,0,28.474794387817383
Dueling_DQN,0,27.868377685546875
Dueling_DQN,0,28.325550079345703
Dueling_DQN,0,28.20334815979004
Dueling_DQN,0,30.596866607666016
Dueling_DQN,0,30.11623764038086
Dueling_DQN,0,30.97386360168457
Dueling_DQN,0,30.51142120361328
Dueling_DQN,0,29.23383140563965
Dueling_DQN,0,28.58945083618164
Dueling_DQN,0,29.098535537719727
Dueling_DQN,0,29.044857025146484
Dueling_DQN,0,31.35620880126953
Dueling_DQN,0,30.84426498413086
Dueling_DQN,0,31.75116729736328
Dueling_DQN,0,31.355052947998047
Dueling_DQN,0,31.101459503173828
Dueling_DQN,0,30.598472595214844
Dueling_DQN,0,31.502145767211914
Dueling_DQN,0,31.147096633911133
Dueling_DQN,0,29.974658966064453
Dueling_DQN,0,29.3630428314209
Dueling_DQN,0,30.058488845825195
Dueling_DQN,0,29.965015411376953
Dueling_DQN,0,28.116519927978516
Dueling_DQN,0,27.299699783325195
Dueling_DQN,0,27.58351707458496
Dueling_DQN,0,27.952381134033203
Dueling_DQN,0,30.238933563232422
Dueling_DQN,0,29.555910110473633
Dueling_DQN,0,30.24884796142578
Dueling_DQN,0,30.300823211669922
Dueling_DQN,0,32.681427001953125
Dueling_DQN,0,32.10823059082031
Dueling_DQN,0,33.057987213134766
Dueling_DQN,0,32.37922286987305
Dueling_DQN,0,31.770235061645508
Dueling_DQN,0,31.233224868774414
Dueling_DQN,0,32.1079216003418
Dueling_DQN,0,31.49592399597168
Dueling_DQN,0,31.422496795654297
Dueling_DQN,0,30.543777465820312
Dueling_DQN,0,30.905637741088867
Dueling_DQN,0,30.96193504333496
Dueling_DQN,0,33.54045104980469
Dueling_DQN,0,32.78894805908203
Dueling_DQN,0,33.525917053222656
Dueling_DQN,0,33.23616027832031
Dueling_DQN,0,35.361839294433594
Dueling_DQN,0,34.748085021972656
Dueling_DQN,0,35.84871292114258
Dueling_DQN,0,35.17245101928711
Dueling_DQN,0,34.801536560058594
Dueling_DQN,0,34.02935791015625
Dueling_DQN,0,34.82071304321289
Dueling_DQN,0,34.54212951660156
Dueling_DQN,0,35.97230529785156
Dueling_DQN,0,34.96677017211914
Dueling_DQN,0,35.535213470458984
Dueling_DQN,0,35.590576171875
Dueling_DQN,0,37.79401779174805
Dueling_DQN,0,36.919219970703125
Dueling_DQN,0,37.847476959228516
Dueling_DQN,0,37.52176284790039
Dueling_DQN,0,36.995750427246094
Dueling_DQN,0,35.905601501464844
Dueling_DQN,0,36.34602355957031
Dueling_DQN,0,36.602630615234375
Dueling_DQN,0,38.830989837646484
Dueling_DQN,0,37.873756408691406
Dueling_DQN,0,38.67057800292969
Dueling_DQN,0,38.54671859741211
Dueling_DQN,0,40.54361343383789
Dueling_DQN,0,39.72196960449219
Dueling_DQN,0,40.87287902832031
Dueling_DQN,0,40.3654899597168
Dueling_DQN,0,39.17182540893555
Dueling_DQN,0,38.46870422363281
Dueling_DQN,0,39.60316467285156
Dueling_DQN,0,39.07958221435547
Dueling_DQN,0,39.187774658203125
Dueling_DQN,0,38.08087921142578
Dueling_DQN,0,38.510284423828125
Dueling_DQN,0,38.85068130493164
Dueling_DQN,0,40.89972686767578
Dueling_DQN,0,39.92824935913086
Dueling_DQN,0,40.71092224121094
Dueling_DQN,0,40.67072296142578
Dueling_DQN,0,42.613162994384766
Dueling_DQN,0,41.77978515625
Dueling_DQN,0,42.91340255737305
Dueling_DQN,0,42.48954772949219
Dueling_DQN,0,44.01203918457031
Dueling_DQN,0,43.02001190185547
Dueling_DQN,0,43.9227294921875
Dueling_DQN,0,43.794532775878906
Dueling_DQN,0,45.8536376953125
Dueling_DQN,0,45.0084114074707
Dueling_DQN,0,46.250308990478516
Dueling_DQN,0,45.7354850769043
Dueling_DQN,0,47.17828369140625
Dueling_DQN,0,46.16460037231445
Dueling_DQN,0,47.13457107543945
Dueling_DQN,0,46.946006774902344
Dueling_DQN,0,49.26931381225586
Dueling_DQN,0,48.41173553466797
Dueling_DQN,0,49.708133697509766
Dueling_DQN,0,49.12999725341797
Dueling_DQN,0,48.871463775634766
Dueling_DQN,0,48.11943054199219
Dueling_DQN,0,49.429161071777344
Dueling_DQN,0,48.77471160888672
Dueling_DQN,0,47.26796340942383
Dueling_DQN,0,46.30953598022461
Dueling_DQN,0,47.021446228027344
Dueling_DQN,0,47.006004333496094
Dueling_DQN,0,49.4189338684082
Dueling_DQN,0,48.61362838745117
Dueling_DQN,0,49.65385818481445
Dueling_DQN,0,49.254920959472656
Dueling_DQN,0,48.672420501708984
Dueling_DQN,0,47.835811614990234
Dueling_DQN,0,48.643428802490234
Dueling_DQN,0,48.45916748046875
Dueling_DQN,0,50.95625686645508
Dueling_DQN,0,50.27281188964844
Dueling_DQN,0,51.40956497192383
Dueling_DQN,0,50.840816497802734
Dueling_DQN,0,49.054725646972656
Dueling_DQN,0,48.308170318603516
Dueling_DQN,0,49.05250930786133
Dueling_DQN,0,48.85772705078125
Dueling_DQN,0,51.58732223510742
Dueling_DQN,0,50.99085235595703
Dueling_DQN,0,52.06984329223633
Dueling_DQN,0,51.48999786376953
Dueling_DQN,0,49.959861755371094
Dueling_DQN,0,49.27604293823242
Dueling_DQN,0,49.95499801635742
Dueling_DQN,0,49.766666412353516
Dueling_DQN,0,52.49836730957031
Dueling_DQN,0,51.96295166015625
Dueling_DQN,0,52.98048400878906
Dueling_DQN,0,52.40538024902344
Dueling_DQN,0,51.07270812988281
Dueling_DQN,0,50.4770622253418
Dueling_DQN,0,51.15291213989258
Dueling_DQN,0,50.903961181640625
Dueling_DQN,0,49.992156982421875
Dueling_DQN,0,49.24102783203125
Dueling_DQN,0,49.4825439453125
Dueling_DQN,0,49.6871337890625
Dueling_DQN,0,52.50239181518555
Dueling_DQN,0,51.898216247558594
Dueling_DQN,0,52.476863861083984
Dueling_DQN,0,52.301788330078125
Dueling_DQN,0,55.06710433959961
Dueling_DQN,0,54.61175537109375
Dueling_DQN,0,55.53056335449219
Dueling_DQN,0,54.96568298339844
Dueling_DQN,0,54.532989501953125
Dueling_DQN,0,54.217464447021484
Dueling_DQN,0,55.186073303222656
Dueling_DQN,0,54.49363327026367
Dueling_DQN,0,52.63065719604492
Dueling_DQN,0,52.04814147949219
Dueling_DQN,0,52.31824493408203
Dueling_DQN,0,52.37022399902344
Dueling_DQN,0,55.17280578613281
Dueling_DQN,0,54.7362060546875
Dueling_DQN,0,55.34581756591797
Dueling_DQN,0,55.01768112182617
Dueling_DQN,0,53.97599792480469
Dueling_DQN,0,53.687496185302734
Dueling_DQN,0,54.300071716308594
Dueling_DQN,0,53.89106369018555
Dueling_DQN,0,50.23174285888672
Dueling_DQN,0,49.82033157348633
Dueling_DQN,0,49.991214752197266
Dueling_DQN,0,49.9963493347168
Dueling_DQN,0,52.75327682495117
Dueling_DQN,0,52.51403045654297
Dueling_DQN,0,53.041664123535156
Dueling_DQN,0,52.65848159790039
Dueling_DQN,0,50.07143020629883
Dueling_DQN,0,49.64516067504883
Dueling_DQN,0,49.69489288330078
Dueling_DQN,0,49.80922317504883
Dueling_DQN,0,52.58055114746094
Dueling_DQN,0,52.3243408203125
Dueling_DQN,0,52.73263931274414
Dueling_DQN,0,52.463958740234375
Dueling_DQN,0,50.91605758666992
Dueling_DQN,0,50.640380859375
Dueling_DQN,0,50.85457992553711
Dueling_DQN,0,50.75369644165039
Dueling_DQN,0,53.43717575073242
Dueling_DQN,0,53.32624053955078
Dueling_DQN,0,53.92741012573242
Dueling_DQN,0,53.41255187988281
Dueling_DQN,0,52.9566764831543
Dueling_DQN,0,52.79338455200195
Dueling_DQN,0,53.25204086303711
Dueling_DQN,0,52.89480972290039
Dueling_DQN,0,54.78112030029297
Dueling_DQN,0,54.400169372558594
Dueling_DQN,0,54.68077850341797
Dueling_DQN,0,54.63956069946289
Dueling_DQN,0,57.33283233642578
Dueling_DQN,0,57.12174606323242
Dueling_DQN,0,57.78054428100586
Dueling_DQN,0,57.32040786743164
Dueling_DQN,0,56.493011474609375
Dueling_DQN,0,56.041316986083984
Dueling_DQN,0,56.26343536376953
Dueling_DQN,0,56.32805633544922
Dueling_DQN,0,59.039024353027344
Dueling_DQN,0,58.75917434692383
Dueling_DQN,0,59.354637145996094
Dueling_DQN,0,59.00092697143555
Dueling_DQN,0,55.44890594482422
Dueling_DQN,0,54.97968292236328
Dueling_DQN,0,54.99092483520508
Dueling_DQN,0,55.22956848144531
Dueling_DQN,0,57.974552154541016
Dueling_DQN,0,57.673683166503906
Dueling_DQN,0,58.05925750732422
Dueling_DQN,0,57.89217758178711
Dueling_DQN,0,59.131683349609375
Dueling_DQN,0,58.68463134765625
Dueling_DQN,0,58.92317581176758
Dueling_DQN,0,58.98802185058594
Dueling_DQN,0,61.60990524291992
Dueling_DQN,0,61.32477569580078
Dueling_DQN,0,61.95621871948242
Dueling_DQN,0,61.59969711303711
Dueling_DQN,0,60.972694396972656
Dueling_DQN,0,60.75050354003906
Dueling_DQN,0,61.34813690185547
Dueling_DQN,0,60.96791458129883
Dueling_DQN,0,59.281349182128906
Dueling_DQN,0,58.700164794921875
Dueling_DQN,0,58.754638671875
Dueling_DQN,0,59.09157943725586
Dueling_DQN,0,61.81098175048828
Dueling_DQN,0,61.389549255371094
Dueling_DQN,0,61.83820724487305
Dueling_DQN,0,61.75968933105469
Dueling_DQN,0,61.005897521972656
Dueling_DQN,0,60.206424713134766
Dueling_DQN,0,60.1932373046875
Dueling_DQN,0,60.78350830078125
Dueling_DQN,0,63.522796630859375
Dueling_DQN,0,62.8796501159668
Dueling_DQN,0,63.241783142089844
Dueling_DQN,0,63.43514633178711
Dueling_DQN,0,65.5260009765625
Dueling_DQN,0,65.03099060058594
Dueling_DQN,0,65.78984069824219
Dueling_DQN,0,65.58200073242188
Dueling_DQN,0,65.28607177734375
Dueling_DQN,0,64.62149047851562
Dueling_DQN,0,65.11570739746094
Dueling_DQN,0,65.24360656738281
Dueling_DQN,0,67.23632049560547
Dueling_DQN,0,66.70619201660156
Dueling_DQN,0,67.60265350341797
Dueling_DQN,0,67.34805297851562
Dueling_DQN,0,66.87541961669922
Dueling_DQN,0,66.09410858154297
Dueling_DQN,0,66.54783630371094
Dueling_DQN,0,66.85391235351562
Dueling_DQN,0,68.79603576660156
Dueling_DQN,0,68.1328125
Dueling_DQN,0,68.99215698242188
Dueling_DQN,0,68.91032409667969
Dueling_DQN,0,67.57443237304688
Dueling_DQN,0,66.77549743652344
Dueling_DQN,0,67.22008514404297
Dueling_DQN,0,67.53437805175781
Dueling_DQN,0,69.49311065673828
Dueling_DQN,0,68.81079864501953
Dueling_DQN,0,69.6628189086914
Dueling_DQN,0,69.59025573730469
Dueling_DQN,0,70.56758880615234
Dueling_DQN,0,69.74365234375
Dueling_DQN,0,70.45481872558594
Dueling_DQN,0,70.6699447631836
Dueling_DQN,0,71.79859924316406
Dueling_DQN,0,71.32455444335938
Dueling_DQN,0,72.1888656616211
Dueling_DQN,0,71.66777801513672
Dueling_DQN,0,71.79203796386719
Dueling_DQN,0,71.1278076171875
Dueling_DQN,0,71.5619888305664
Dueling_DQN,0,71.53831481933594
Dueling_DQN,0,73.57357788085938
Dueling_DQN,0,73.04254913330078
Dueling_DQN,0,73.84500122070312
Dueling_DQN,0,73.42382049560547
Dueling_DQN,0,73.3433837890625
Dueling_DQN,0,72.78419494628906
Dueling_DQN,0,73.31595611572266
Dueling_DQN,0,73.09986114501953
Dueling_DQN,0,75.36312103271484
Dueling_DQN,0,74.90706634521484
Dueling_DQN,0,75.85869598388672
Dueling_DQN,0,75.2574462890625
Dueling_DQN,0,76.14240264892578
Dueling_DQN,0,75.57548522949219
Dueling_DQN,0,76.39633178710938
Dueling_DQN,0,76.01582336425781
Dueling_DQN,0,74.95191192626953
Dueling_DQN,0,74.20059967041016
Dueling_DQN,0,74.39470672607422
Dueling_DQN,0,74.5931625366211
Dueling_DQN,0,76.79264831542969
Dueling_DQN,0,76.17772674560547
Dueling_DQN,0,76.76026916503906
Dueling_DQN,0,76.59973907470703
Dueling_DQN,0,78.4498291015625
Dueling_DQN,0,77.94778442382812
Dueling_DQN,0,79.0755615234375
Dueling_DQN,0,78.81853485107422
Dueling_DQN,0,78.83578491210938
Dueling_DQN,0,78.38263702392578
Dueling_DQN,0,79.61747741699219
Dueling_DQN,0,79.49927520751953
Dueling_DQN,0,77.68560791015625
Dueling_DQN,0,77.22673034667969
Dueling_DQN,0,77.951904296875
Dueling_DQN,0,77.90754699707031
Dueling_DQN,0,77.72701263427734
Dueling_DQN,0,77.1133041381836
Dueling_DQN,0,77.2684097290039
Dueling_DQN,0,77.35755157470703
Dueling_DQN,0,79.2696762084961
Dueling_DQN,0,78.70252990722656
Dueling_DQN,0,79.46949768066406
Dueling_DQN,0,79.82789611816406
Dueling_DQN,0,80.0067367553711
Dueling_DQN,0,79.7036361694336
Dueling_DQN,0,80.72433471679688
Dueling_DQN,0,80.86680603027344
Dueling_DQN,0,80.69527435302734
Dueling_DQN,0,80.59150695800781
Dueling_DQN,0,81.90538024902344
Dueling_DQN,0,81.86698150634766
Dueling_DQN,0,79.72811126708984
Dueling_DQN,0,79.61438751220703
Dueling_DQN,0,80.2695083618164
Dueling_DQN,0,80.29448699951172
Dueling_DQN,0,62.907840728759766
Dueling_DQN,0,62.81819534301758
Dueling_DQN,0,66.37528991699219
Dueling_DQN,0,63.821006774902344
Dueling_DQN,0,48.84254837036133
Dueling_DQN,0,54.05508041381836
Dueling_DQN,0,64.20392608642578
Dueling_DQN,0,65.22754669189453
Dueling_DQN,0,33.02770233154297
Dueling_DQN,0,44.220428466796875
Dueling_DQN,0,59.19526672363281
Dueling_DQN,0,67.4377670288086
Dueling_DQN,0,37.98908615112305
Dueling_DQN,0,45.96862030029297
Dueling_DQN,0,79.45094299316406
Dueling_DQN,0,72.12923431396484
Dueling_DQN,0,41.724098205566406
Dueling_DQN,0,49.5052490234375
Dueling_DQN,0,77.03550720214844
Dueling_DQN,0,73.35494232177734
Dueling_DQN,0,45.590362548828125
Dueling_DQN,0,53.40099334716797
Dueling_DQN,0,75.90318298339844
Dueling_DQN,0,74.32433319091797
Dueling_DQN,0,50.753273010253906
Dueling_DQN,0,59.28288269042969
Dueling_DQN,0,75.1469497680664
Dueling_DQN,0,75.62503051757812
Dueling_DQN,0,56.232093811035156
Dueling_DQN,0,62.64958190917969
Dueling_DQN,0,73.51657104492188
Dueling_DQN,0,75.35013580322266
Dueling_DQN,0,58.63740539550781
Dueling_DQN,0,63.9525032043457
Dueling_DQN,0,70.91829681396484
Dueling_DQN,0,73.71575927734375
Dueling_DQN,0,59.75267791748047
Dueling_DQN,0,64.51978302001953
Dueling_DQN,0,68.80929565429688
Dueling_DQN,0,72.77767944335938
Dueling_DQN,0,60.97404098510742
Dueling_DQN,0,65.66331481933594
Dueling_DQN,0,62.415740966796875
Dueling_DQN,0,78.3298110961914
Dueling_DQN,0,63.98664093017578
Dueling_DQN,0,67.82681274414062
Dueling_DQN,0,63.55620574951172
Dueling_DQN,0,79.23931884765625
Dueling_DQN,0,66.71965026855469
Dueling_DQN,0,69.5398941040039
Dueling_DQN,0,64.4129409790039
Dueling_DQN,0,79.35910034179688
Dueling_DQN,0,70.65099334716797
Dueling_DQN,0,71.92033386230469
Dueling_DQN,0,66.1907958984375
Dueling_DQN,0,79.34661865234375
Dueling_DQN,0,73.20671844482422
Dueling_DQN,0,73.30220031738281
Dueling_DQN,0,66.8741683959961
Dueling_DQN,0,78.62142944335938
Dueling_DQN,0,77.06500244140625
Dueling_DQN,0,73.91923522949219
Dueling_DQN,0,69.99253845214844
Dueling_DQN,0,76.0899429321289
Dueling_DQN,0,76.10919952392578
Dueling_DQN,0,72.8853530883789
Dueling_DQN,0,68.84251403808594
Dueling_DQN,0,74.9691162109375
Dueling_DQN,0,74.8503646850586
Dueling_DQN,0,71.84175872802734
Dueling_DQN,0,67.54871368408203
Dueling_DQN,0,74.04399108886719
Dueling_DQN,0,73.4629898071289
Dueling_DQN,0,70.85802459716797
Dueling_DQN,0,66.29428100585938
Dueling_DQN,0,73.6188735961914
Dueling_DQN,0,72.6061019897461
Dueling_DQN,0,70.072265625
Dueling_DQN,0,65.06936645507812
Dueling_DQN,0,73.31678009033203
Dueling_DQN,0,71.8912124633789
Dueling_DQN,0,69.54481506347656
Dueling_DQN,0,64.06734466552734
Dueling_DQN,0,73.14976501464844
Dueling_DQN,0,71.2437744140625
Dueling_DQN,0,69.23187255859375
Dueling_DQN,0,63.16691970825195
Dueling_DQN,0,72.73108673095703
Dueling_DQN,0,70.91374206542969
Dueling_DQN,0,69.08164978027344
Dueling_DQN,0,62.619876861572266
Dueling_DQN,0,72.31732177734375
Dueling_DQN,0,70.86092376708984
Dueling_DQN,0,69.0714111328125
Dueling_DQN,0,62.276702880859375
Dueling_DQN,0,71.74268341064453
Dueling_DQN,0,70.95866394042969
Dueling_DQN,0,69.11363220214844
Dueling_DQN,0,62.03788757324219
Dueling_DQN,0,70.98023986816406
Dueling_DQN,0,70.94432067871094
Dueling_DQN,0,69.05340576171875
Dueling_DQN,0,61.83340835571289
Dueling_DQN,0,70.25464630126953
Dueling_DQN,0,70.71561431884766
Dueling_DQN,0,68.76689910888672
Dueling_DQN,0,61.55839157104492
Dueling_DQN,0,69.84416961669922
Dueling_DQN,0,70.41289520263672
Dueling_DQN,0,68.4360122680664
Dueling_DQN,0,61.20361328125
Dueling_DQN,0,69.436767578125
Dueling_DQN,0,70.08482360839844
Dueling_DQN,0,68.08980560302734
Dueling_DQN,0,60.829551696777344
Dueling_DQN,0,69.04385375976562
Dueling_DQN,0,69.74099731445312
Dueling_DQN,0,67.73522186279297
Dueling_DQN,0,60.44338607788086
Dueling_DQN,0,68.6642837524414
Dueling_DQN,0,69.43299102783203
Dueling_DQN,0,67.41995239257812
Dueling_DQN,0,60.09560775756836
Dueling_DQN,0,68.33544921875
Dueling_DQN,0,69.19093322753906
Dueling_DQN,0,67.17030334472656
Dueling_DQN,0,59.81492614746094
Dueling_DQN,0,68.07305145263672
Dueling_DQN,0,68.96129608154297
Dueling_DQN,0,66.93049621582031
Dueling_DQN,0,59.54914855957031
Dueling_DQN,0,67.81494903564453
Dueling_DQN,0,68.74495697021484
Dueling_DQN,0,66.70052337646484
Dueling_DQN,0,59.30064010620117
Dueling_DQN,0,67.55826568603516
Dueling_DQN,0,68.54290008544922
Dueling_DQN,0,66.48008728027344
Dueling_DQN,0,59.06504821777344
Dueling_DQN,0,67.29815673828125
Dueling_DQN,0,68.35063171386719
Dueling_DQN,0,66.26576232910156
Dueling_DQN,0,58.837894439697266
Dueling_DQN,0,67.03362274169922
Dueling_DQN,0,68.16184997558594
Dueling_DQN,0,66.05435180664062
Dueling_DQN,0,58.61664581298828
Dueling_DQN,0,66.7623062133789
Dueling_DQN,0,67.97189331054688
Dueling_DQN,0,65.84212493896484
Dueling_DQN,0,58.39509963989258
Dueling_DQN,0,66.4873275756836
Dueling_DQN,0,67.75296783447266
Dueling_DQN,0,65.60209655761719
Dueling_DQN,0,58.14450454711914
Dueling_DQN,0,66.1872329711914
Dueling_DQN,0,67.50961303710938
Dueling_DQN,0,65.33963012695312
Dueling_DQN,0,57.86977005004883
Dueling_DQN,0,65.86994934082031
Dueling_DQN,0,67.26068115234375
Dueling_DQN,0,65.0737533569336
Dueling_DQN,0,57.58995056152344
Dueling_DQN,0,65.55524444580078
Dueling_DQN,0,67.00808715820312
Dueling_DQN,0,64.80597686767578
Dueling_DQN,0,57.3070068359375
Dueling_DQN,0,65.24385833740234
Dueling_DQN,0,66.75435638427734
Dueling_DQN,0,64.53813171386719
Dueling_DQN,0,57.02336120605469
Dueling_DQN,0,64.93578338623047
Dueling_DQN,0,66.5008773803711
Dueling_DQN,0,64.27449035644531
Dueling_DQN,0,56.74137878417969
Dueling_DQN,0,64.62848663330078
Dueling_DQN,0,66.2486572265625
Dueling_DQN,0,64.01819610595703
Dueling_DQN,0,56.46274948120117
Dueling_DQN,0,64.31962585449219
Dueling_DQN,0,67.76832580566406
Dueling_DQN,0,64.57653045654297
Dueling_DQN,0,57.74913024902344
Dueling_DQN,0,62.998451232910156
Dueling_DQN,0,66.38734436035156
Dueling_DQN,0,63.622352600097656
Dueling_DQN,0,56.38328552246094
Dueling_DQN,0,62.33041763305664
Dueling_DQN,0,64.73298645019531
Dueling_DQN,0,62.54471206665039
Dueling_DQN,0,54.6231803894043
Dueling_DQN,0,62.149723052978516
Dueling_DQN,0,63.3862190246582
Dueling_DQN,0,61.814697265625
Dueling_DQN,0,53.41325759887695
Dueling_DQN,0,62.382545471191406
Dueling_DQN,0,62.736602783203125
Dueling_DQN,0,61.432525634765625
Dueling_DQN,0,52.96620559692383
Dueling_DQN,0,62.68165588378906
Dueling_DQN,0,62.7973518371582
Dueling_DQN,0,61.47333908081055
Dueling_DQN,0,53.03096389770508
Dueling_DQN,0,62.715633392333984
Dueling_DQN,0,63.206581115722656
Dueling_DQN,0,61.70448303222656
Dueling_DQN,0,53.26786804199219
Dueling_DQN,0,62.46753692626953
Dueling_DQN,0,63.596832275390625
Dueling_DQN,0,61.8638801574707
Dueling_DQN,0,53.58439636230469
Dueling_DQN,0,62.135826110839844
Dueling_DQN,0,63.9486198425293
Dueling_DQN,0,61.937862396240234
Dueling_DQN,0,53.83688735961914
Dueling_DQN,0,61.757328033447266
Dueling_DQN,0,64.14993286132812
Dueling_DQN,0,61.89453887939453
Dueling_DQN,0,53.97194290161133
Dueling_DQN,0,61.297607421875
Dueling_DQN,0,64.29454803466797
Dueling_DQN,0,61.881004333496094
Dueling_DQN,0,54.05535888671875
Dueling_DQN,0,60.97480773925781
Dueling_DQN,0,64.31693267822266
Dueling_DQN,0,61.8481330871582
Dueling_DQN,0,54.02927780151367
Dueling_DQN,0,60.77680206298828
Dueling_DQN,0,64.17575073242188
Dueling_DQN,0,61.742279052734375
Dueling_DQN,0,53.85467529296875
Dueling_DQN,0,60.643489837646484
Dueling_DQN,0,63.9353141784668
Dueling_DQN,0,61.596168518066406
Dueling_DQN,0,53.59388732910156
Dueling_DQN,0,60.56907272338867
Dueling_DQN,0,63.669281005859375
Dueling_DQN,0,61.44500732421875
Dueling_DQN,0,53.31690979003906
Dueling_DQN,0,60.534454345703125
Dueling_DQN,0,63.42228317260742
Dueling_DQN,0,61.322021484375
Dueling_DQN,0,53.1260986328125
Dueling_DQN,0,60.4847297668457
Dueling_DQN,0,63.25539779663086
Dueling_DQN,0,61.23749923706055
Dueling_DQN,0,53.00260543823242
Dueling_DQN,0,60.43488693237305
Dueling_DQN,0,61.894676208496094
Dueling_DQN,0,60.589576721191406
Dueling_DQN,0,51.89491653442383
Dueling_DQN,0,60.706417083740234
Dueling_DQN,0,61.6434211730957
Dueling_DQN,0,60.4088134765625
Dueling_DQN,0,51.573402404785156
Dueling_DQN,0,60.435794830322266
Dueling_DQN,0,61.462196350097656
Dueling_DQN,0,60.274452209472656
Dueling_DQN,0,51.326866149902344
Dueling_DQN,0,60.215309143066406
Dueling_DQN,0,61.424346923828125
Dueling_DQN,0,60.24495315551758
Dueling_DQN,0,51.27458953857422
Dueling_DQN,0,60.16177749633789
Dueling_DQN,0,61.4506950378418
Dueling_DQN,0,60.2655029296875
Dueling_DQN,0,51.311798095703125
Dueling_DQN,0,60.19935989379883
Dueling_DQN,0,61.479637145996094
Dueling_DQN,0,60.288063049316406
Dueling_DQN,0,51.352264404296875
Dueling_DQN,0,60.240478515625
Dueling_DQN,0,61.48972702026367
Dueling_DQN,0,60.295928955078125
Dueling_DQN,0,51.366249084472656
Dueling_DQN,0,60.2547607421875
Dueling_DQN,0,61.48691940307617
Dueling_DQN,0,60.293739318847656
Dueling_DQN,0,51.362247467041016
Dueling_DQN,0,60.25074005126953
Dueling_DQN,0,61.48189926147461
Dueling_DQN,0,60.28982162475586
Dueling_DQN,0,51.355220794677734
Dueling_DQN,0,60.24360275268555
Dueling_DQN,0,61.479591369628906
Dueling_DQN,0,60.28802490234375
Dueling_DQN,0,51.35200881958008
Dueling_DQN,0,60.240333557128906
Dueling_DQN,0,61.47972106933594
Dueling_DQN,0,60.28812789916992
Dueling_DQN,0,51.35220718383789
Dueling_DQN,0,60.24052429199219
Dueling_DQN,0,61.48054122924805
Dueling_DQN,0,60.28876495361328
Dueling_DQN,0,51.353355407714844
Dueling_DQN,0,60.2416877746582
Dueling_DQN,0,61.48101043701172
Dueling_DQN,0,60.28913116455078
Dueling_DQN,0,51.3540153503418
Dueling_DQN,0,60.24235916137695
Dueling_DQN,0,61.4810676574707
Dueling_DQN,0,60.28917694091797
Dueling_DQN,0,51.354087829589844
Dueling_DQN,0,60.24243927001953
Dueling_DQN,0,61.48094177246094
Dueling_DQN,0,60.28907775878906
Dueling_DQN,0,51.353912353515625
Dueling_DQN,0,60.24225997924805
Dueling_DQN,0,61.48085021972656
Dueling_DQN,0,60.28900146484375
Dueling_DQN,0,51.35377883911133
Dueling_DQN,0,60.242122650146484
Dueling_DQN,0,61.48082733154297
Dueling_DQN,0,60.28899002075195
Dueling_DQN,0,51.35375213623047
Dueling_DQN,0,60.24209213256836
Dueling_DQN,0,61.48085021972656
Dueling_DQN,0,60.289005279541016
Dueling_DQN,0,51.35377883911133
Dueling_DQN,0,60.242122650146484
Dueling_DQN,0,61.480865478515625
Dueling_DQN,0,60.28901672363281
Dueling_DQN,0,51.35380172729492
Dueling_DQN,0,60.24214553833008
Dueling_DQN,0,61.48086166381836
Dueling_DQN,0,60.28901672363281
Dueling_DQN,0,51.35380172729492
Dueling_DQN,0,60.242149353027344
Dueling_DQN,0,61.48086166381836
Dueling_DQN,0,60.28901672363281
Dueling_DQN,0,51.35380172729492
Dueling_DQN,0,60.242149353027344
Dueling_DQN,0,61.48085403442383
Dueling_DQN,0,60.28900909423828
Dueling_DQN,0,51.35379409790039
Dueling_DQN,0,60.24214172363281
Dueling_DQN,0,61.48086166381836
Dueling_DQN,0,60.28901672363281
Dueling_DQN,0,51.35380172729492
Dueling_DQN,0,60.24214553833008
Dueling_DQN,0,61.480857849121094
Dueling_DQN,0,60.28900909423828
Dueling_DQN,0,51.353797912597656
Dueling_DQN,0,60.24213409423828
Dueling_DQN,0,61.480865478515625
Dueling_DQN,0,60.28902053833008
Dueling_DQN,0,51.35380172729492
Dueling_DQN,0,60.24214172363281
Dueling_DQN,0,61.480865478515625
Dueling_DQN,0,60.28902053833008
Dueling_DQN,0,51.35380172729492
Dueling_DQN,0,60.24214172363281
Dueling_DQN,0,82.00614929199219
Dueling_DQN,0,84.60420989990234
Dueling_DQN,0,81.64083862304688
Dueling_DQN,0,78.05330657958984
Dueling_DQN,0,83.1913070678711
Dueling_DQN,0,85.63497924804688
Dueling_DQN,0,83.37045288085938
Dueling_DQN,0,80.04914093017578
Dueling_DQN,0,84.46315002441406
Dueling_DQN,0,86.7169189453125
Dueling_DQN,0,85.27291107177734
Dueling_DQN,0,82.21247863769531
Dueling_DQN,0,85.37618255615234
Dueling_DQN,0,87.37730407714844
Dueling_DQN,0,86.88690185546875
Dueling_DQN,0,84.17900848388672
Dueling_DQN,0,85.70858001708984
Dueling_DQN,0,87.48885345458984
Dueling_DQN,0,87.87225341796875
Dueling_DQN,0,85.42784881591797
Dueling_DQN,0,84.90017700195312
Dueling_DQN,0,86.69636535644531
Dueling_DQN,0,86.79020690917969
Dueling_DQN,0,84.39205932617188
Dueling_DQN,0,83.76168060302734
Dueling_DQN,0,85.48884582519531
Dueling_DQN,0,85.20345306396484
Dueling_DQN,0,83.01864624023438
Dueling_DQN,0,84.16582489013672
Dueling_DQN,0,85.69659423828125
Dueling_DQN,0,86.5126724243164
Dueling_DQN,0,84.48310089111328
Dueling_DQN,0,83.5964126586914
Dueling_DQN,0,85.0740966796875
Dueling_DQN,0,85.4541244506836
Dueling_DQN,0,83.57562255859375
Dueling_DQN,0,83.12519836425781
Dueling_DQN,0,84.51434326171875
Dueling_DQN,0,85.04292297363281
Dueling_DQN,0,83.21728515625
Dueling_DQN,0,82.60597229003906
Dueling_DQN,0,83.95468139648438
Dueling_DQN,0,84.16767120361328
Dueling_DQN,0,82.4393081665039
Dueling_DQN,0,81.55323791503906
Dueling_DQN,0,82.77922821044922
Dueling_DQN,0,82.89474487304688
Dueling_DQN,0,81.34087371826172
Dueling_DQN,0,79.90325164794922
Dueling_DQN,0,81.06755828857422
Dueling_DQN,0,80.54142761230469
Dueling_DQN,0,79.20504760742188
Dueling_DQN,0,80.51255798339844
Dueling_DQN,0,81.57212829589844
Dueling_DQN,0,82.22409057617188
Dueling_DQN,0,81.11954498291016
Dueling_DQN,0,79.63290405273438
Dueling_DQN,0,80.61961364746094
Dueling_DQN,0,80.98878479003906
Dueling_DQN,0,80.00564575195312
Dueling_DQN,0,78.5947036743164
Dueling_DQN,0,79.55414581298828
Dueling_DQN,0,79.94319915771484
Dueling_DQN,0,79.13460540771484
Dueling_DQN,0,78.15245819091797
Dueling_DQN,0,79.06956481933594
Dueling_DQN,0,79.56099700927734
Dueling_DQN,0,78.82986450195312
Dueling_DQN,0,77.83562469482422
Dueling_DQN,0,78.72704315185547
Dueling_DQN,0,79.4898452758789
Dueling_DQN,0,78.83881378173828
Dueling_DQN,0,76.30126953125
Dueling_DQN,0,77.0948257446289
Dueling_DQN,0,77.45183563232422
Dueling_DQN,0,76.9590072631836
Dueling_DQN,0,74.25226593017578
Dueling_DQN,0,74.93310546875
Dueling_DQN,0,74.76602172851562
Dueling_DQN,0,74.42241668701172
Dueling_DQN,0,75.06694793701172
Dueling_DQN,0,75.59877014160156
Dueling_DQN,0,76.74107360839844
Dueling_DQN,0,76.65489196777344
Dueling_DQN,0,73.93643188476562
Dueling_DQN,0,74.36903381347656
Dueling_DQN,0,75.54277801513672
Dueling_DQN,0,75.62584686279297
Dueling_DQN,0,76.15923309326172
Dueling_DQN,0,76.71768951416016
Dueling_DQN,0,78.13176727294922
Dueling_DQN,0,77.81433868408203
Dueling_DQN,0,75.4212875366211
Dueling_DQN,0,75.89127349853516
Dueling_DQN,0,77.21178436279297
Dueling_DQN,0,76.94437408447266
Dueling_DQN,0,75.6458969116211
Dueling_DQN,0,76.06841278076172
Dueling_DQN,0,77.60755920410156
Dueling_DQN,0,77.37802124023438
Dueling_DQN,0,75.21401977539062
Dueling_DQN,0,75.57071685791016
Dueling_DQN,0,77.2242660522461
Dueling_DQN,0,77.09502410888672
Dueling_DQN,0,74.87284088134766
Dueling_DQN,0,75.1436996459961
Dueling_DQN,0,77.0584716796875
Dueling_DQN,0,77.04849243164062
Dueling_DQN,0,74.66409301757812
Dueling_DQN,0,74.84176635742188
Dueling_DQN,0,76.71903991699219
Dueling_DQN,0,76.72260284423828
Dueling_DQN,0,77.32596588134766
Dueling_DQN,0,77.55741882324219
Dueling_DQN,0,79.36714935302734
Dueling_DQN,0,78.83018493652344
Dueling_DQN,0,76.18258666992188
Dueling_DQN,0,76.37123107910156
Dueling_DQN,0,78.17935180664062
Dueling_DQN,0,77.85874938964844
Dueling_DQN,0,75.2382583618164
Dueling_DQN,0,75.32174682617188
Dueling_DQN,0,77.02477264404297
Dueling_DQN,0,76.819091796875
Dueling_DQN,0,73.50147247314453
Dueling_DQN,0,73.51335144042969
Dueling_DQN,0,75.11968231201172
Dueling_DQN,0,75.18718719482422
Dueling_DQN,0,76.07810974121094
Dueling_DQN,0,76.11214447021484
Dueling_DQN,0,77.7821044921875
Dueling_DQN,0,77.37237548828125
Dueling_DQN,0,74.20166015625
Dueling_DQN,0,74.1162109375
Dueling_DQN,0,75.48886108398438
Dueling_DQN,0,75.2856674194336
Dueling_DQN,0,72.77098083496094
Dueling_DQN,0,72.6066665649414
Dueling_DQN,0,73.89215087890625
Dueling_DQN,0,73.89521789550781
Dueling_DQN,0,75.28199768066406
Dueling_DQN,0,75.19251251220703
Dueling_DQN,0,76.59053802490234
Dueling_DQN,0,75.99595642089844
Dueling_DQN,0,73.25479888916016
Dueling_DQN,0,73.07471466064453
Dueling_DQN,0,74.20033264160156
Dueling_DQN,0,73.9169921875
Dueling_DQN,0,73.00052642822266
Dueling_DQN,0,72.76825714111328
Dueling_DQN,0,74.04610443115234
Dueling_DQN,0,73.85345458984375
Dueling_DQN,0,70.59463500976562
Dueling_DQN,0,70.2436752319336
Dueling_DQN,0,71.14729309082031
Dueling_DQN,0,71.32260131835938
Dueling_DQN,0,73.310791015625
Dueling_DQN,0,73.02730560302734
Dueling_DQN,0,74.03815460205078
Dueling_DQN,0,73.55007934570312
Dueling_DQN,0,70.83568572998047
Dueling_DQN,0,70.4375
Dueling_DQN,0,71.00130462646484
Dueling_DQN,0,70.90046691894531
Dueling_DQN,0,70.49150085449219
Dueling_DQN,0,70.01004028320312
Dueling_DQN,0,70.69557189941406
Dueling_DQN,0,70.73324584960938
Dueling_DQN,0,72.98920440673828
Dueling_DQN,0,72.57660675048828
Dueling_DQN,0,73.33841705322266
Dueling_DQN,0,72.72850036621094
Dueling_DQN,0,71.59654235839844
Dueling_DQN,0,71.14701843261719
Dueling_DQN,0,71.80096435546875
Dueling_DQN,0,71.2728271484375
Dueling_DQN,0,69.4477767944336
Dueling_DQN,0,68.90079498291016
Dueling_DQN,0,69.19864654541016
Dueling_DQN,0,69.00579833984375
Dueling_DQN,0,70.50594329833984
Dueling_DQN,0,69.9458236694336
Dueling_DQN,0,70.76917266845703
Dueling_DQN,0,70.41999053955078
Dueling_DQN,0,69.29915618896484
Dueling_DQN,0,68.65313720703125
Dueling_DQN,0,69.37586975097656
Dueling_DQN,0,69.2530746459961
Dueling_DQN,0,69.13347625732422
Dueling_DQN,0,68.42953491210938
Dueling_DQN,0,69.34121704101562
Dueling_DQN,0,69.27603912353516
Dueling_DQN,0,67.49561309814453
Dueling_DQN,0,66.75706481933594
Dueling_DQN,0,67.5306396484375
Dueling_DQN,0,67.5405044555664
Dueling_DQN,0,69.43497467041016
Dueling_DQN,0,68.74464416503906
Dueling_DQN,0,69.71781158447266
Dueling_DQN,0,69.2549057006836
Dueling_DQN,0,67.24028778076172
Dueling_DQN,0,66.48831176757812
Dueling_DQN,0,67.14593505859375
Dueling_DQN,0,66.9197769165039
Dueling_DQN,0,68.22684478759766
Dueling_DQN,0,67.47052764892578
Dueling_DQN,0,68.6176528930664
Dueling_DQN,0,68.23975372314453
Dueling_DQN,0,65.51786804199219
Dueling_DQN,0,64.70369720458984
Dueling_DQN,0,65.51764678955078
Dueling_DQN,0,65.25981903076172
Dueling_DQN,0,66.69120025634766
Dueling_DQN,0,65.88860321044922
Dueling_DQN,0,67.1639175415039
Dueling_DQN,0,66.7733383178711
Dueling_DQN,0,63.677066802978516
Dueling_DQN,0,62.77879333496094
Dueling_DQN,0,63.59929275512695
Dueling_DQN,0,63.477272033691406
Dueling_DQN,0,64.89501190185547
Dueling_DQN,0,64.00836181640625
Dueling_DQN,0,65.29258728027344
Dueling_DQN,0,65.0369873046875
Dueling_DQN,0,62.171165466308594
Dueling_DQN,0,61.199005126953125
Dueling_DQN,0,62.10609817504883
Dueling_DQN,0,61.9896125793457
Dueling_DQN,0,63.355953216552734
Dueling_DQN,0,62.41447067260742
Dueling_DQN,0,63.774681091308594
Dueling_DQN,0,63.50605773925781
Dueling_DQN,0,61.41776657104492
Dueling_DQN,0,60.40431213378906
Dueling_DQN,0,61.53325653076172
Dueling_DQN,0,61.441993713378906
Dueling_DQN,0,58.86442565917969
Dueling_DQN,0,57.76246643066406
Dueling_DQN,0,58.523223876953125
Dueling_DQN,0,58.66798400878906
Dueling_DQN,0,60.08958435058594
Dueling_DQN,0,59.03197479248047
Dueling_DQN,0,60.25376892089844
Dueling_DQN,0,60.22716522216797
Dueling_DQN,0,57.530635833740234
Dueling_DQN,0,56.36518859863281
Dueling_DQN,0,57.20673370361328
Dueling_DQN,0,57.46177291870117
Dueling_DQN,0,57.651241302490234
Dueling_DQN,0,56.33279800415039
Dueling_DQN,0,58.18253707885742
Dueling_DQN,0,58.6903076171875
Dueling_DQN,0,60.17683410644531
Dueling_DQN,0,59.08719253540039
Dueling_DQN,0,60.953006744384766
Dueling_DQN,0,60.82317352294922
Dueling_DQN,0,57.603431701660156
Dueling_DQN,0,56.47499465942383
Dueling_DQN,0,57.9797477722168
Dueling_DQN,0,57.935523986816406
Dueling_DQN,0,56.17082977294922
Dueling_DQN,0,54.95246505737305
Dueling_DQN,0,56.29594039916992
Dueling_DQN,0,56.53546142578125
Dueling_DQN,0,58.68556594848633
Dueling_DQN,0,57.69517135620117
Dueling_DQN,0,59.0206413269043
Dueling_DQN,0,58.51028823852539
Dueling_DQN,0,57.07887268066406
Dueling_DQN,0,56.01365661621094
Dueling_DQN,0,57.13420867919922
Dueling_DQN,0,56.879207611083984
Dueling_DQN,0,56.747806549072266
Dueling_DQN,0,55.703895568847656
Dueling_DQN,0,56.93757629394531
Dueling_DQN,0,56.600528717041016
Dueling_DQN,0,56.168907165527344
Dueling_DQN,0,55.107269287109375
Dueling_DQN,0,56.37383270263672
Dueling_DQN,0,56.10661315917969
Dueling_DQN,0,55.056175231933594
Dueling_DQN,0,53.94782257080078
Dueling_DQN,0,55.125606536865234
Dueling_DQN,0,55.010581970214844
Dueling_DQN,0,52.13750076293945
Dueling_DQN,0,50.993804931640625
Dueling_DQN,0,51.715328216552734
Dueling_DQN,0,51.70526123046875
Dueling_DQN,0,53.27256774902344
Dueling_DQN,0,52.17913055419922
Dueling_DQN,0,53.318641662597656
Dueling_DQN,0,53.127193450927734
Dueling_DQN,0,51.8750114440918
Dueling_DQN,0,50.80146789550781
Dueling_DQN,0,51.7783203125
Dueling_DQN,0,51.66049575805664
Dueling_DQN,0,53.14490509033203
Dueling_DQN,0,52.1234016418457
Dueling_DQN,0,53.51424789428711
Dueling_DQN,0,53.215457916259766
Dueling_DQN,0,50.706790924072266
Dueling_DQN,0,49.62583923339844
Dueling_DQN,0,50.756134033203125
Dueling_DQN,0,50.635658264160156
Dueling_DQN,0,49.49659729003906
Dueling_DQN,0,48.35254669189453
Dueling_DQN,0,49.30088424682617
Dueling_DQN,0,49.38644027709961
Dueling_DQN,0,50.828914642333984
Dueling_DQN,0,49.775611877441406
Dueling_DQN,0,51.0659294128418
Dueling_DQN,0,50.94380187988281
Dueling_DQN,0,49.35802459716797
Dueling_DQN,0,48.156917572021484
Dueling_DQN,0,49.290611267089844
Dueling_DQN,0,49.47249221801758
Dueling_DQN,0,51.8216438293457
Dueling_DQN,0,50.90785598754883
Dueling_DQN,0,52.09737777709961
Dueling_DQN,0,51.71209716796875
Dueling_DQN,0,48.77257537841797
Dueling_DQN,0,47.66294860839844
Dueling_DQN,0,48.45653533935547
Dueling_DQN,0,48.485294342041016
Dueling_DQN,0,46.36980056762695
Dueling_DQN,0,45.12097930908203
Dueling_DQN,0,45.4797477722168
Dueling_DQN,0,45.93461990356445
Dueling_DQN,0,47.75072479248047
Dueling_DQN,0,46.598724365234375
Dueling_DQN,0,47.32245635986328
Dueling_DQN,0,47.54195785522461
Dueling_DQN,0,49.117671966552734
Dueling_DQN,0,48.026031494140625
Dueling_DQN,0,49.16641616821289
Dueling_DQN,0,49.18736267089844
Dueling_DQN,0,51.78837966918945
Dueling_DQN,0,50.95274353027344
Dueling_DQN,0,52.08676528930664
Dueling_DQN,0,51.498023986816406
Dueling_DQN,0,49.276153564453125
Dueling_DQN,0,48.27587127685547
Dueling_DQN,0,49.358699798583984
Dueling_DQN,0,48.94594955444336
Dueling_DQN,0,47.59018325805664
Dueling_DQN,0,46.54043960571289
Dueling_DQN,0,47.43746566772461
Dueling_DQN,0,47.22874450683594
Dueling_DQN,0,48.83999252319336
Dueling_DQN,0,47.86492156982422
Dueling_DQN,0,48.91691970825195
Dueling_DQN,0,48.59880828857422
Dueling_DQN,0,47.9152946472168
Dueling_DQN,0,46.89915466308594
Dueling_DQN,0,47.93159484863281
Dueling_DQN,0,47.68303298950195
Dueling_DQN,0,46.04313278198242
Dueling_DQN,0,44.89475631713867
Dueling_DQN,0,45.92864990234375
Dueling_DQN,0,45.762367248535156
Dueling_DQN,0,47.462772369384766
Dueling_DQN,0,46.37792205810547
Dueling_DQN,0,47.50687789916992
Dueling_DQN,0,47.264625549316406
Dueling_DQN,0,47.1107063293457
Dueling_DQN,0,46.043609619140625
Dueling_DQN,0,47.12953186035156
Dueling_DQN,0,46.93880844116211
Dueling_DQN,0,43.3838005065918
Dueling_DQN,0,42.191131591796875
Dueling_DQN,0,43.17937088012695
Dueling_DQN,0,43.13188171386719
Dueling_DQN,0,44.96672058105469
Dueling_DQN,0,43.8233528137207
Dueling_DQN,0,44.861045837402344
Dueling_DQN,0,44.79057693481445
Dueling_DQN,0,46.58424758911133
Dueling_DQN,0,45.497154235839844
Dueling_DQN,0,46.615665435791016
Dueling_DQN,0,46.492435455322266
Dueling_DQN,0,44.259422302246094
Dueling_DQN,0,43.110496520996094
Dueling_DQN,0,44.20642852783203
Dueling_DQN,0,44.139259338378906
Dueling_DQN,0,45.91033172607422
Dueling_DQN,0,44.81071472167969
Dueling_DQN,0,45.95979690551758
Dueling_DQN,0,45.86905288696289
Dueling_DQN,0,43.850555419921875
Dueling_DQN,0,42.711917877197266
Dueling_DQN,0,43.808658599853516
Dueling_DQN,0,43.790164947509766
Dueling_DQN,0,45.55036926269531
Dueling_DQN,0,44.459617614746094
Dueling_DQN,0,45.61687088012695
Dueling_DQN,0,45.574161529541016
Dueling_DQN,0,45.07585144042969
Dueling_DQN,0,43.9887809753418
Dueling_DQN,0,45.10854721069336
Dueling_DQN,0,45.12456512451172
Dueling_DQN,0,47.3963623046875
Dueling_DQN,0,46.464599609375
Dueling_DQN,0,47.50157165527344
Dueling_DQN,0,47.12428283691406
Dueling_DQN,0,43.9666862487793
Dueling_DQN,0,42.92569351196289
Dueling_DQN,0,43.865238189697266
Dueling_DQN,0,43.59547424316406
Dueling_DQN,0,45.49381637573242
Dueling_DQN,0,44.50701141357422
Dueling_DQN,0,45.480201721191406
Dueling_DQN,0,45.18817901611328
Dueling_DQN,0,46.9819450378418
Dueling_DQN,0,46.0579719543457
Dueling_DQN,0,47.110477447509766
Dueling_DQN,0,46.739418029785156
Dueling_DQN,0,46.47268295288086
Dueling_DQN,0,45.515995025634766
Dueling_DQN,0,46.73067092895508
Dueling_DQN,0,46.21494674682617
Dueling_DQN,0,42.93583679199219
Dueling_DQN,0,41.91290283203125
Dueling_DQN,0,43.044158935546875
Dueling_DQN,0,42.59388732910156
Dueling_DQN,0,40.81265640258789
Dueling_DQN,0,39.726829528808594
Dueling_DQN,0,41.0272331237793
Dueling_DQN,0,40.39722442626953
Dueling_DQN,0,37.98517608642578
Dueling_DQN,0,36.83085632324219
Dueling_DQN,0,38.21495056152344
Dueling_DQN,0,37.46839904785156
Dueling_DQN,0,34.979164123535156
Dueling_DQN,0,33.77195358276367
Dueling_DQN,0,35.12848663330078
Dueling_DQN,0,34.359012603759766
Dueling_DQN,0,32.71261978149414
Dueling_DQN,0,31.49874496459961
Dueling_DQN,0,32.65288543701172
Dueling_DQN,0,32.022850036621094
Dueling_DQN,0,34.212303161621094
Dueling_DQN,0,33.05067443847656
Dueling_DQN,0,34.23853302001953
Dueling_DQN,0,33.5654296875
Dueling_DQN,0,33.146663665771484
Dueling_DQN,0,32.00459671020508
Dueling_DQN,0,33.008148193359375
Dueling_DQN,0,32.469146728515625
Dueling_DQN,0,35.2683219909668
Dueling_DQN,0,34.176876068115234
Dueling_DQN,0,35.222930908203125
Dueling_DQN,0,34.640647888183594
Dueling_DQN,0,37.599525451660156
Dueling_DQN,0,36.55927658081055
Dueling_DQN,0,37.647823333740234
Dueling_DQN,0,37.0225830078125
Dueling_DQN,0,34.24627685546875
Dueling_DQN,0,33.156639099121094
Dueling_DQN,0,34.157169342041016
Dueling_DQN,0,33.551151275634766
Dueling_DQN,0,36.58020782470703
Dueling_DQN,0,35.54191589355469
Dueling_DQN,0,36.58423614501953
Dueling_DQN,0,35.93565368652344
Dueling_DQN,0,33.221981048583984
Dueling_DQN,0,32.178924560546875
Dueling_DQN,0,32.92405319213867
Dueling_DQN,0,32.487525939941406
Dueling_DQN,0,35.5872917175293
Dueling_DQN,0,34.59279251098633
Dueling_DQN,0,35.39152908325195
Dueling_DQN,0,34.91176986694336
Dueling_DQN,0,37.9459228515625
Dueling_DQN,0,37.00054931640625
Dueling_DQN,0,37.852874755859375
Dueling_DQN,0,37.33022689819336
Dueling_DQN,0,40.29664993286133
Dueling_DQN,0,39.40300750732422
Dueling_DQN,0,40.300811767578125
Dueling_DQN,0,39.7432746887207
Dueling_DQN,0,38.39214324951172
Dueling_DQN,0,37.470096588134766
Dueling_DQN,0,38.337806701660156
Dueling_DQN,0,37.753761291503906
Dueling_DQN,0,40.71351623535156
Dueling_DQN,0,39.84674835205078
Dueling_DQN,0,40.753719329833984
Dueling_DQN,0,40.134578704833984
Dueling_DQN,0,37.30835723876953
Dueling_DQN,0,36.423805236816406
Dueling_DQN,0,37.0827522277832
Dueling_DQN,0,36.6213493347168
Dueling_DQN,0,39.66444396972656
Dueling_DQN,0,38.83311462402344
Dueling_DQN,0,39.547855377197266
Dueling_DQN,0,39.038055419921875
Dueling_DQN,0,41.93049621582031
Dueling_DQN,0,41.184879302978516
Dueling_DQN,0,41.91596221923828
Dueling_DQN,0,41.340763092041016
Dueling_DQN,0,44.18960952758789
Dueling_DQN,0,43.53463363647461
Dueling_DQN,0,44.26592254638672
Dueling_DQN,0,43.64014434814453
Dueling_DQN,0,42.42647171020508
Dueling_DQN,0,41.70908737182617
Dueling_DQN,0,42.559513092041016
Dueling_DQN,0,41.77021408081055
Dueling_DQN,0,41.33209228515625
Dueling_DQN,0,40.51678466796875
Dueling_DQN,0,41.35044860839844
Dueling_DQN,0,40.476470947265625
Dueling_DQN,0,37.651039123535156
Dueling_DQN,0,36.845924377441406
Dueling_DQN,0,37.56189727783203
Dueling_DQN,0,36.783748626708984
Dueling_DQN,0,39.882625579833984
Dueling_DQN,0,39.16215133666992
Dueling_DQN,0,39.89685821533203
Dueling_DQN,0,39.03825378417969
Dueling_DQN,0,35.82771682739258
Dueling_DQN,0,35.06800842285156
Dueling_DQN,0,35.41814422607422
Dueling_DQN,0,34.883426666259766
Dueling_DQN,0,38.10312271118164
Dueling_DQN,0,37.424476623535156
Dueling_DQN,0,37.80728530883789
Dueling_DQN,0,37.191070556640625
Dueling_DQN,0,40.3721923828125
Dueling_DQN,0,39.77556610107422
Dueling_DQN,0,40.19072723388672
Dueling_DQN,0,39.492862701416016
Dueling_DQN,0,42.72562026977539
Dueling_DQN,0,42.21674346923828
Dueling_DQN,0,42.64494323730469
Dueling_DQN,0,41.88325500488281
Dueling_DQN,0,44.99058151245117
Dueling_DQN,0,44.57396697998047
Dueling_DQN,0,45.00072479248047
Dueling_DQN,0,44.1884651184082
Dueling_DQN,0,41.06751251220703
Dueling_DQN,0,40.58029556274414
Dueling_DQN,0,40.79314422607422
Dueling_DQN,0,40.132808685302734
Dueling_DQN,0,43.46526336669922
Dueling_DQN,0,43.07609558105469
Dueling_DQN,0,43.29844284057617
Dueling_DQN,0,42.56385803222656
Dueling_DQN,0,45.42144775390625
Dueling_DQN,0,45.148826599121094
Dueling_DQN,0,45.36882400512695
Dueling_DQN,0,44.538726806640625
Dueling_DQN,0,47.31155776977539
Dueling_DQN,0,47.15646743774414
Dueling_DQN,0,47.402679443359375
Dueling_DQN,0,46.44945526123047
Dueling_DQN,0,45.63172912597656
Dueling_DQN,0,45.43600845336914
Dueling_DQN,0,45.59664535522461
Dueling_DQN,0,44.67856979370117
Dueling_DQN,0,47.51328659057617
Dueling_DQN,0,47.44401168823242
Dueling_DQN,0,47.65359878540039
Dueling_DQN,0,46.6126594543457
Dueling_DQN,0,46.49217987060547
Dueling_DQN,0,46.47160720825195
Dueling_DQN,0,46.43286895751953
Dueling_DQN,0,45.54629135131836
Dueling_DQN,0,48.31239318847656
Dueling_DQN,0,48.4151725769043
Dueling_DQN,0,48.43717956542969
Dueling_DQN,0,47.42561340332031
Dueling_DQN,0,44.926734924316406
Dueling_DQN,0,44.92676544189453
Dueling_DQN,0,44.71936798095703
Dueling_DQN,0,43.88373947143555
Dueling_DQN,0,46.87770080566406
Dueling_DQN,0,47.00801086425781
Dueling_DQN,0,47.002899169921875
Dueling_DQN,0,46.171451568603516
Dueling_DQN,0,48.50121307373047
Dueling_DQN,0,48.72072219848633
Dueling_DQN,0,48.977291107177734
Dueling_DQN,0,48.07111358642578
Dueling_DQN,0,46.206153869628906
Dueling_DQN,0,46.36458969116211
Dueling_DQN,0,46.37297821044922
Dueling_DQN,0,45.74734878540039
Dueling_DQN,0,42.85716247558594
Dueling_DQN,0,42.94580078125
Dueling_DQN,0,42.77853012084961
Dueling_DQN,0,42.366825103759766
Dueling_DQN,0,44.392330169677734
Dueling_DQN,0,44.56719207763672
Dueling_DQN,0,44.775325775146484
Dueling_DQN,0,44.27442932128906
Dueling_DQN,0,41.751522064208984
Dueling_DQN,0,41.76570510864258
Dueling_DQN,0,41.92289733886719
Dueling_DQN,0,41.64548873901367
Dueling_DQN,0,40.35625457763672
Dueling_DQN,0,40.29898452758789
Dueling_DQN,0,40.54338836669922
Dueling_DQN,0,40.2537956237793
Dueling_DQN,0,38.28755187988281
Dueling_DQN,0,38.164100646972656
Dueling_DQN,0,38.37845230102539
Dueling_DQN,0,38.18178176879883
Dueling_DQN,0,36.85624694824219
Dueling_DQN,0,36.741676330566406
Dueling_DQN,0,36.81437301635742
Dueling_DQN,0,36.779571533203125
Dueling_DQN,0,40.14030456542969
Dueling_DQN,0,40.0988883972168
Dueling_DQN,0,40.18063735961914
Dueling_DQN,0,39.7911376953125
Dueling_DQN,0,37.50542068481445
Dueling_DQN,0,37.336204528808594
Dueling_DQN,0,37.46348571777344
Dueling_DQN,0,37.0965576171875
Dueling_DQN,0,39.819881439208984
Dueling_DQN,0,39.7396125793457
Dueling_DQN,0,39.9713020324707
Dueling_DQN,0,39.46179962158203
Dueling_DQN,0,38.98825454711914
Dueling_DQN,0,38.916534423828125
Dueling_DQN,0,39.05699157714844
Dueling_DQN,0,38.63111877441406
Dueling_DQN,0,38.07971954345703
Dueling_DQN,0,37.96437072753906
Dueling_DQN,0,38.138771057128906
Dueling_DQN,0,37.70294189453125
Dueling_DQN,0,35.91980743408203
Dueling_DQN,0,35.67070388793945
Dueling_DQN,0,35.86502456665039
Dueling_DQN,0,35.412109375
Dueling_DQN,0,37.838905334472656
Dueling_DQN,0,37.681678771972656
Dueling_DQN,0,37.95106887817383
Dueling_DQN,0,37.396575927734375
Dueling_DQN,0,36.17927932739258
Dueling_DQN,0,36.05281448364258
Dueling_DQN,0,36.1179084777832
Dueling_DQN,0,35.71994400024414
Dueling_DQN,0,38.441585540771484
Dueling_DQN,0,38.40100860595703
Dueling_DQN,0,38.57951354980469
Dueling_DQN,0,38.04072189331055
Dueling_DQN,0,37.661231994628906
Dueling_DQN,0,37.6158561706543
Dueling_DQN,0,37.763206481933594
Dueling_DQN,0,37.244163513183594
Dueling_DQN,0,37.42308044433594
Dueling_DQN,0,37.411865234375
Dueling_DQN,0,37.53636932373047
Dueling_DQN,0,37.0380744934082
Dueling_DQN,0,34.4758415222168
Dueling_DQN,0,34.39762496948242
Dueling_DQN,0,34.34547805786133
Dueling_DQN,0,34.01216506958008
Dueling_DQN,0,36.752628326416016
Dueling_DQN,0,36.75385284423828
Dueling_DQN,0,36.906124114990234
Dueling_DQN,0,36.396034240722656
Dueling_DQN,0,35.86320495605469
Dueling_DQN,0,35.85636901855469
Dueling_DQN,0,35.984989166259766
Dueling_DQN,0,35.50362777709961
Dueling_DQN,0,33.506256103515625
Dueling_DQN,0,33.52134704589844
Dueling_DQN,0,33.42630386352539
Dueling_DQN,0,33.1545524597168
Dueling_DQN,0,34.50048065185547
Dueling_DQN,0,34.752685546875
Dueling_DQN,0,35.134586334228516
Dueling_DQN,0,34.93454360961914
Dueling_DQN,0,32.02785110473633
Dueling_DQN,0,32.27018356323242
Dueling_DQN,0,32.54642868041992
Dueling_DQN,0,32.481021881103516
Dueling_DQN,0,32.28999710083008
Dueling_DQN,0,32.457000732421875
Dueling_DQN,0,32.86962127685547
Dueling_DQN,0,32.73015594482422
Dueling_DQN,0,28.944581985473633
Dueling_DQN,0,29.084020614624023
Dueling_DQN,0,29.325803756713867
Dueling_DQN,0,29.394990921020508
Dueling_DQN,0,32.25552749633789
Dueling_DQN,0,32.367462158203125
Dueling_DQN,0,32.74065399169922
Dueling_DQN,0,32.383941650390625
Dueling_DQN,0,29.15674591064453
Dueling_DQN,0,29.206260681152344
Dueling_DQN,0,29.404922485351562
Dueling_DQN,0,29.24199676513672
Dueling_DQN,0,28.18400764465332
Dueling_DQN,0,28.122411727905273
Dueling_DQN,0,28.323444366455078
Dueling_DQN,0,28.179948806762695
Dueling_DQN,0,29.32403564453125
Dueling_DQN,0,29.152406692504883
Dueling_DQN,0,29.65746307373047
Dueling_DQN,0,29.335416793823242
Dueling_DQN,0,28.956005096435547
Dueling_DQN,0,28.697250366210938
Dueling_DQN,0,29.120176315307617
Dueling_DQN,0,28.812580108642578
Dueling_DQN,0,27.024471282958984
Dueling_DQN,0,26.605857849121094
Dueling_DQN,0,26.819011688232422
Dueling_DQN,0,26.528261184692383
Dueling_DQN,0,29.372840881347656
Dueling_DQN,0,28.99357795715332
Dueling_DQN,0,29.53902816772461
Dueling_DQN,0,29.097787857055664
Dueling_DQN,0,28.022380828857422
Dueling_DQN,0,27.697790145874023
Dueling_DQN,0,28.070693969726562
Dueling_DQN,0,27.7425594329834
Dueling_DQN,0,25.280473709106445
Dueling_DQN,0,24.94879722595215
Dueling_DQN,0,24.951021194458008
Dueling_DQN,0,24.846784591674805
Dueling_DQN,0,27.548763275146484
Dueling_DQN,0,27.26426887512207
Dueling_DQN,0,27.63404083251953
Dueling_DQN,0,27.346935272216797
Dueling_DQN,0,26.43366241455078
Dueling_DQN,0,26.094594955444336
Dueling_DQN,0,26.308502197265625
Dueling_DQN,0,26.111637115478516
Dueling_DQN,0,28.658689498901367
Dueling_DQN,0,28.347257614135742
Dueling_DQN,0,28.948200225830078
Dueling_DQN,0,28.552499771118164
Dueling_DQN,0,27.13296890258789
Dueling_DQN,0,26.66855812072754
Dueling_DQN,0,27.010540008544922
Dueling_DQN,0,26.69478416442871
Dueling_DQN,0,29.33318519592285
Dueling_DQN,0,28.89380645751953
Dueling_DQN,0,29.618133544921875
Dueling_DQN,0,29.137914657592773
Dueling_DQN,0,28.593225479125977
Dueling_DQN,0,28.121097564697266
Dueling_DQN,0,28.738351821899414
Dueling_DQN,0,28.31484031677246
Dueling_DQN,0,25.605268478393555
Dueling_DQN,0,25.091928482055664
Dueling_DQN,0,25.212406158447266
Dueling_DQN,0,25.04524803161621
Dueling_DQN,0,27.768756866455078
Dueling_DQN,0,27.326480865478516
Dueling_DQN,0,27.8564510345459
Dueling_DQN,0,27.508739471435547
Dueling_DQN,0,24.419321060180664
Dueling_DQN,0,23.959945678710938
Dueling_DQN,0,23.986656188964844
Dueling_DQN,0,23.913785934448242
Dueling_DQN,0,26.615036010742188
Dueling_DQN,0,26.1911563873291
Dueling_DQN,0,26.62599754333496
Dueling_DQN,0,26.420175552368164
Dueling_DQN,0,26.214107513427734
Dueling_DQN,0,25.553634643554688
Dueling_DQN,0,25.73858070373535
Dueling_DQN,0,25.774372100830078
Dueling_DQN,0,28.360910415649414
Dueling_DQN,0,27.841358184814453
Dueling_DQN,0,28.430816650390625
Dueling_DQN,0,28.156274795532227
Dueling_DQN,0,26.525774002075195
Dueling_DQN,0,26.079910278320312
Dueling_DQN,0,26.5877628326416
Dueling_DQN,0,26.369037628173828
Dueling_DQN,0,28.728515625
Dueling_DQN,0,28.066312789916992
Dueling_DQN,0,28.56711196899414
Dueling_DQN,0,28.51654624938965
Dueling_DQN,0,30.857208251953125
Dueling_DQN,0,30.322811126708984
Dueling_DQN,0,31.219921112060547
Dueling_DQN,0,30.864503860473633
Dueling_DQN,0,29.255048751831055
Dueling_DQN,0,28.776700973510742
Dueling_DQN,0,29.612028121948242
Dueling_DQN,0,29.312307357788086
Dueling_DQN,0,31.907814025878906
Dueling_DQN,0,31.358654022216797
Dueling_DQN,0,32.330078125
Dueling_DQN,0,31.5819149017334
Dueling_DQN,0,28.388511657714844
Dueling_DQN,0,27.868478775024414
Dueling_DQN,0,28.381973266601562
Dueling_DQN,0,27.868635177612305
Dueling_DQN,0,30.57068634033203
Dueling_DQN,0,30.063034057617188
Dueling_DQN,0,30.882972717285156
Dueling_DQN,0,30.233800888061523
Dueling_DQN,0,26.54390525817871
Dueling_DQN,0,26.066043853759766
Dueling_DQN,0,26.387866973876953
Dueling_DQN,0,26.026466369628906
Dueling_DQN,0,28.70931625366211
Dueling_DQN,0,28.264015197753906
Dueling_DQN,0,28.944429397583008
Dueling_DQN,0,28.399621963500977
Dueling_DQN,0,27.767032623291016
Dueling_DQN,0,27.167041778564453
Dueling_DQN,0,27.465856552124023
Dueling_DQN,0,27.269702911376953
Dueling_DQN,0,29.88749122619629
Dueling_DQN,0,29.390432357788086
Dueling_DQN,0,30.08574104309082
Dueling_DQN,0,29.580678939819336
Dueling_DQN,0,29.274188995361328
Dueling_DQN,0,28.432052612304688
Dueling_DQN,0,28.56319808959961
Dueling_DQN,0,28.682632446289062
Dueling_DQN,0,31.387489318847656
Dueling_DQN,0,30.64158821105957
Dueling_DQN,0,31.1749267578125
Dueling_DQN,0,30.968900680541992
Dueling_DQN,0,33.51729965209961
Dueling_DQN,0,32.904502868652344
Dueling_DQN,0,33.81064987182617
Dueling_DQN,0,33.24342346191406
Dueling_DQN,0,33.19728469848633
Dueling_DQN,0,32.615135192871094
Dueling_DQN,0,33.50147247314453
Dueling_DQN,0,32.97050094604492
Dueling_DQN,0,31.950124740600586
Dueling_DQN,0,31.30384063720703
Dueling_DQN,0,31.967470169067383
Dueling_DQN,0,31.704452514648438
Dueling_DQN,0,29.96514892578125
Dueling_DQN,0,29.1678466796875
Dueling_DQN,0,29.39898681640625
Dueling_DQN,0,29.569229125976562
Dueling_DQN,0,32.07956314086914
Dueling_DQN,0,31.404125213623047
Dueling_DQN,0,32.031105041503906
Dueling_DQN,0,31.884660720825195
Dueling_DQN,0,34.08361053466797
Dueling_DQN,0,33.54030990600586
Dueling_DQN,0,34.545021057128906
Dueling_DQN,0,34.03578186035156
Dueling_DQN,0,33.201351165771484
Dueling_DQN,0,32.68657302856445
Dueling_DQN,0,33.61075210571289
Dueling_DQN,0,33.20693588256836
Dueling_DQN,0,32.87528991699219
Dueling_DQN,0,32.003257751464844
Dueling_DQN,0,32.435630798339844
Dueling_DQN,0,32.63666915893555
Dueling_DQN,0,34.9784049987793
Dueling_DQN,0,34.22803497314453
Dueling_DQN,0,35.04646301269531
Dueling_DQN,0,34.911033630371094
Dueling_DQN,0,32.53017044067383
Dueling_DQN,0,31.781085968017578
Dueling_DQN,0,32.33839797973633
Dueling_DQN,0,32.456512451171875
Dueling_DQN,0,34.494956970214844
Dueling_DQN,0,33.892757415771484
Dueling_DQN,0,34.83222961425781
Dueling_DQN,0,34.61267852783203
Dueling_DQN,0,35.80278396606445
Dueling_DQN,0,34.934837341308594
Dueling_DQN,0,35.682044982910156
Dueling_DQN,0,35.78860092163086
Dueling_DQN,0,37.538291931152344
Dueling_DQN,0,36.81044006347656
Dueling_DQN,0,37.926597595214844
Dueling_DQN,0,37.66033935546875
Dueling_DQN,0,36.9327278137207
Dueling_DQN,0,35.93180465698242
Dueling_DQN,0,36.60346221923828
Dueling_DQN,0,36.90424346923828
Dueling_DQN,0,38.66609573364258
Dueling_DQN,0,37.80625534057617
Dueling_DQN,0,38.844215393066406
Dueling_DQN,0,38.77355194091797
Dueling_DQN,0,37.22048568725586
Dueling_DQN,0,36.04433059692383
Dueling_DQN,0,36.44796371459961
Dueling_DQN,0,37.106082916259766
Dueling_DQN,0,39.08127212524414
Dueling_DQN,0,38.02302551269531
Dueling_DQN,0,38.808902740478516
Dueling_DQN,0,39.127262115478516
Dueling_DQN,0,40.948089599609375
Dueling_DQN,0,40.08376693725586
Dueling_DQN,0,41.080326080322266
Dueling_DQN,0,40.68409729003906
Dueling_DQN,0,40.424903869628906
Dueling_DQN,0,39.5670051574707
Dueling_DQN,0,40.468421936035156
Dueling_DQN,0,40.16791915893555
Dueling_DQN,0,38.54214096069336
Dueling_DQN,0,37.52815246582031
Dueling_DQN,0,37.92515182495117
Dueling_DQN,0,38.185386657714844
Dueling_DQN,0,40.2572021484375
Dueling_DQN,0,39.376670837402344
Dueling_DQN,0,40.12986373901367
Dueling_DQN,0,40.00967025756836
Dueling_DQN,0,41.99329376220703
Dueling_DQN,0,41.248905181884766
Dueling_DQN,0,42.3559684753418
Dueling_DQN,0,41.85228729248047
Dueling_DQN,0,43.453575134277344
Dueling_DQN,0,42.52971267700195
Dueling_DQN,0,43.37956619262695
Dueling_DQN,0,43.20589828491211
Dueling_DQN,0,45.3925666809082
Dueling_DQN,0,44.6141471862793
Dueling_DQN,0,45.805118560791016
Dueling_DQN,0,45.24502182006836
Dueling_DQN,0,44.99146270751953
Dueling_DQN,0,44.307167053222656
Dueling_DQN,0,45.523887634277344
Dueling_DQN,0,44.895042419433594
Dueling_DQN,0,43.40262222290039
Dueling_DQN,0,42.49923324584961
Dueling_DQN,0,43.12870407104492
Dueling_DQN,0,43.151554107666016
Dueling_DQN,0,45.54348373413086
Dueling_DQN,0,44.781917572021484
Dueling_DQN,0,45.75740432739258
Dueling_DQN,0,45.39621353149414
Dueling_DQN,0,44.81008529663086
Dueling_DQN,0,44.00475311279297
Dueling_DQN,0,44.75619125366211
Dueling_DQN,0,44.62489318847656
Dueling_DQN,0,46.9681282043457
Dueling_DQN,0,46.30467987060547
Dueling_DQN,0,47.40286636352539
Dueling_DQN,0,46.88665771484375
Dueling_DQN,0,45.079105377197266
Dueling_DQN,0,44.33769226074219
Dueling_DQN,0,45.051639556884766
Dueling_DQN,0,44.928504943847656
Dueling_DQN,0,47.24347686767578
Dueling_DQN,0,46.640926361083984
Dueling_DQN,0,47.706783294677734
Dueling_DQN,0,47.19866943359375
Dueling_DQN,0,45.64223861694336
Dueling_DQN,0,44.93683624267578
Dueling_DQN,0,45.60835647583008
Dueling_DQN,0,45.515785217285156
Dueling_DQN,0,48.12159729003906
Dueling_DQN,0,47.55329132080078
Dueling_DQN,0,48.58127212524414
Dueling_DQN,0,48.10123062133789
Dueling_DQN,0,46.72188949584961
Dueling_DQN,0,46.07675552368164
Dueling_DQN,0,46.76974105834961
Dueling_DQN,0,46.639892578125
Dueling_DQN,0,45.713584899902344
Dueling_DQN,0,44.895408630371094
Dueling_DQN,0,45.16220474243164
Dueling_DQN,0,45.50992965698242
Dueling_DQN,0,48.181800842285156
Dueling_DQN,0,47.49999237060547
Dueling_DQN,0,48.1183967590332
Dueling_DQN,0,48.09010314941406
Dueling_DQN,0,50.705223083496094
Dueling_DQN,0,50.16142654418945
Dueling_DQN,0,51.135982513427734
Dueling_DQN,0,50.719520568847656
Dueling_DQN,0,50.13617706298828
Dueling_DQN,0,49.73866271972656
Dueling_DQN,0,50.76970672607422
Dueling_DQN,0,50.2376594543457
Dueling_DQN,0,48.405555725097656
Dueling_DQN,0,47.679603576660156
Dueling_DQN,0,48.034080505371094
Dueling_DQN,0,48.274784088134766
Dueling_DQN,0,50.89678192138672
Dueling_DQN,0,50.320579528808594
Dueling_DQN,0,51.02434539794922
Dueling_DQN,0,50.89134979248047
Dueling_DQN,0,49.598941802978516
Dueling_DQN,0,49.1650505065918
Dueling_DQN,0,49.8715934753418
Dueling_DQN,0,49.67873001098633
Dueling_DQN,0,45.802860260009766
Dueling_DQN,0,45.25990676879883
Dueling_DQN,0,45.514835357666016
Dueling_DQN,0,45.76132583618164
Dueling_DQN,0,48.27570724487305
Dueling_DQN,0,47.89682388305664
Dueling_DQN,0,48.52618408203125
Dueling_DQN,0,48.383514404296875
Dueling_DQN,0,45.71090316772461
Dueling_DQN,0,45.1281623840332
Dueling_DQN,0,45.276390075683594
Dueling_DQN,0,45.65727996826172
Dueling_DQN,0,48.16844177246094
Dueling_DQN,0,47.74026107788086
Dueling_DQN,0,48.269203186035156
Dueling_DQN,0,48.28916549682617
Dueling_DQN,0,50.39628601074219
Dueling_DQN,0,50.200496673583984
Dueling_DQN,0,50.932674407958984
Dueling_DQN,0,50.017234802246094
PER_DQN,0,147.64068603515625
PER_DQN,0,149.1163787841797
PER_DQN,0,145.87387084960938
PER_DQN,0,144.18923950195312
PER_DQN,0,144.7025909423828
PER_DQN,0,146.29080200195312
PER_DQN,0,143.31593322753906
PER_DQN,0,141.5223388671875
PER_DQN,0,141.79837036132812
PER_DQN,0,143.61862182617188
PER_DQN,0,140.74978637695312
PER_DQN,0,138.95941162109375
PER_DQN,0,140.0638427734375
PER_DQN,0,142.26968383789062
PER_DQN,0,139.41836547851562
PER_DQN,0,137.99801635742188
PER_DQN,0,140.67372131347656
PER_DQN,0,143.07583618164062
PER_DQN,0,140.33242797851562
PER_DQN,0,139.5084991455078
PER_DQN,0,140.54335021972656
PER_DQN,0,143.2049560546875
PER_DQN,0,140.49774169921875
PER_DQN,0,140.42771911621094
PER_DQN,0,141.78524780273438
PER_DQN,0,144.5747528076172
PER_DQN,0,141.92062377929688
PER_DQN,0,142.2086639404297
PER_DQN,0,142.59536743164062
PER_DQN,0,145.4385223388672
PER_DQN,0,142.97488403320312
PER_DQN,0,143.5504150390625
PER_DQN,0,144.23959350585938
PER_DQN,0,147.00584411621094
PER_DQN,0,144.8812255859375
PER_DQN,0,145.92510986328125
PER_DQN,0,147.18826293945312
PER_DQN,0,149.77960205078125
PER_DQN,0,147.85263061523438
PER_DQN,0,149.4410858154297
PER_DQN,0,151.26983642578125
PER_DQN,0,153.7508544921875
PER_DQN,0,151.79544067382812
PER_DQN,0,154.27743530273438
PER_DQN,0,151.40431213378906
PER_DQN,0,153.6017608642578
PER_DQN,0,151.42523193359375
PER_DQN,0,152.87135314941406
PER_DQN,0,155.52745056152344
PER_DQN,0,157.54971313476562
PER_DQN,0,155.4189453125
PER_DQN,0,157.7213897705078
PER_DQN,0,157.77011108398438
PER_DQN,0,159.287841796875
PER_DQN,0,157.18316650390625
PER_DQN,0,158.69309997558594
PER_DQN,0,164.23497009277344
PER_DQN,0,165.28794860839844
PER_DQN,0,163.4918212890625
PER_DQN,0,166.09913635253906
PER_DQN,0,164.02481079101562
PER_DQN,0,163.78579711914062
PER_DQN,0,163.37344360351562
PER_DQN,0,164.69522094726562
PER_DQN,0,167.2022247314453
PER_DQN,0,164.83111572265625
PER_DQN,0,167.40811157226562
PER_DQN,0,167.0157012939453
PER_DQN,0,168.08816528320312
PER_DQN,0,165.18118286132812
PER_DQN,0,168.71682739257812
PER_DQN,0,168.11422729492188
PER_DQN,0,161.65513610839844
PER_DQN,0,159.4126739501953
PER_DQN,0,162.04782104492188
PER_DQN,0,161.36880493164062
PER_DQN,0,154.38352966308594
PER_DQN,0,153.2498016357422
PER_DQN,0,154.22994995117188
PER_DQN,0,153.83485412597656
PER_DQN,0,159.91152954101562
PER_DQN,0,157.27320861816406
PER_DQN,0,160.34194946289062
PER_DQN,0,159.59805297851562
PER_DQN,0,157.3433837890625
PER_DQN,0,154.88037109375
PER_DQN,0,157.89926147460938
PER_DQN,0,157.05332946777344
PER_DQN,0,156.46487426757812
PER_DQN,0,154.0806427001953
PER_DQN,0,156.841552734375
PER_DQN,0,156.29391479492188
PER_DQN,0,154.01171875
PER_DQN,0,152.00991821289062
PER_DQN,0,154.15106201171875
PER_DQN,0,153.8516082763672
PER_DQN,0,154.5651397705078
PER_DQN,0,152.23793029785156
PER_DQN,0,154.91925048828125
PER_DQN,0,154.54995727539062
PER_DQN,0,153.05508422851562
PER_DQN,0,150.69093322753906
PER_DQN,0,153.51409912109375
PER_DQN,0,152.9934844970703
PER_DQN,0,151.32278442382812
PER_DQN,0,148.6465301513672
PER_DQN,0,152.0665283203125
PER_DQN,0,150.80873107910156
PER_DQN,0,149.78900146484375
PER_DQN,0,147.52706909179688
PER_DQN,0,150.24929809570312
PER_DQN,0,149.37306213378906
PER_DQN,0,145.86386108398438
PER_DQN,0,144.02069091796875
PER_DQN,0,146.4562530517578
PER_DQN,0,145.1299285888672
PER_DQN,0,144.12307739257812
PER_DQN,0,142.45323181152344
PER_DQN,0,144.65701293945312
PER_DQN,0,142.7000732421875
PER_DQN,0,142.8095245361328
PER_DQN,0,141.35279846191406
PER_DQN,0,143.3111572265625
PER_DQN,0,141.40406799316406
PER_DQN,0,142.10934448242188
PER_DQN,0,140.77857971191406
PER_DQN,0,142.46499633789062
PER_DQN,0,140.12364196777344
PER_DQN,0,141.6956787109375
PER_DQN,0,140.7040557861328
PER_DQN,0,141.8982391357422
PER_DQN,0,140.028564453125
PER_DQN,0,141.28701782226562
PER_DQN,0,140.52783203125
PER_DQN,0,141.3343505859375
PER_DQN,0,139.7505645751953
PER_DQN,0,140.86846923828125
PER_DQN,0,140.20851135253906
PER_DQN,0,140.72991943359375
PER_DQN,0,138.9717254638672
PER_DQN,0,142.05166625976562
PER_DQN,0,140.9971160888672
PER_DQN,0,141.63455200195312
PER_DQN,0,139.0235595703125
PER_DQN,0,142.55661010742188
PER_DQN,0,141.095947265625
PER_DQN,0,141.84420776367188
PER_DQN,0,138.2424774169922
PER_DQN,0,143.9253387451172
PER_DQN,0,141.43389892578125
PER_DQN,0,143.24354553222656
PER_DQN,0,138.52806091308594
PER_DQN,0,142.5096435546875
PER_DQN,0,139.1920928955078
PER_DQN,0,142.8189697265625
PER_DQN,0,137.22836303710938
PER_DQN,0,143.08819580078125
PER_DQN,0,139.35806274414062
PER_DQN,0,143.46661376953125
PER_DQN,0,137.4025115966797
PER_DQN,0,143.84579467773438
PER_DQN,0,140.44378662109375
PER_DQN,0,143.11361694335938
PER_DQN,0,137.52088928222656
PER_DQN,0,145.35482788085938
PER_DQN,0,141.12596130371094
PER_DQN,0,145.5806884765625
PER_DQN,0,139.48048400878906
PER_DQN,0,145.98838806152344
PER_DQN,0,141.9595947265625
PER_DQN,0,145.59136962890625
PER_DQN,0,140.19497680664062
PER_DQN,0,146.6802215576172
PER_DQN,0,142.03623962402344
PER_DQN,0,146.93338012695312
PER_DQN,0,140.99378967285156
PER_DQN,0,145.61807250976562
PER_DQN,0,141.1937713623047
PER_DQN,0,145.353515625
PER_DQN,0,140.38612365722656
PER_DQN,0,146.2976837158203
PER_DQN,0,141.34022521972656
PER_DQN,0,146.6433868408203
PER_DQN,0,141.56802368164062
PER_DQN,0,144.43722534179688
PER_DQN,0,139.46688842773438
PER_DQN,0,144.6737823486328
PER_DQN,0,140.4066925048828
PER_DQN,0,143.7552947998047
PER_DQN,0,138.53770446777344
PER_DQN,0,144.18746948242188
PER_DQN,0,140.37802124023438
PER_DQN,0,144.68435668945312
PER_DQN,0,139.66537475585938
PER_DQN,0,144.38436889648438
PER_DQN,0,141.4244842529297
PER_DQN,0,145.50802612304688
PER_DQN,0,139.92001342773438
PER_DQN,0,145.9540252685547
PER_DQN,0,143.1739501953125
PER_DQN,0,143.85061645507812
PER_DQN,0,139.14508056640625
PER_DQN,0,142.5467529296875
PER_DQN,0,141.541259765625
PER_DQN,0,143.63160705566406
PER_DQN,0,138.25672912597656
PER_DQN,0,141.6336669921875
PER_DQN,0,142.45870971679688
PER_DQN,0,143.46092224121094
PER_DQN,0,137.33689880371094
PER_DQN,0,140.80789184570312
PER_DQN,0,143.47181701660156
PER_DQN,0,148.3826446533203
PER_DQN,0,140.57977294921875
PER_DQN,0,146.36190795898438
PER_DQN,0,148.86073303222656
PER_DQN,0,154.09788513183594
PER_DQN,0,144.17527770996094
PER_DQN,0,153.39822387695312
PER_DQN,0,154.8207244873047
PER_DQN,0,159.31922912597656
PER_DQN,0,146.80995178222656
PER_DQN,0,160.15985107421875
PER_DQN,0,160.9387969970703
PER_DQN,0,164.52210998535156
PER_DQN,0,149.37353515625
PER_DQN,0,166.78738403320312
PER_DQN,0,166.9629669189453
PER_DQN,0,166.5377960205078
PER_DQN,0,149.72364807128906
PER_DQN,0,170.46551513671875
PER_DQN,0,170.7522735595703
PER_DQN,0,164.33311462402344
PER_DQN,0,146.1612548828125
PER_DQN,0,170.6620635986328
PER_DQN,0,171.00979614257812
PER_DQN,0,163.1951446533203
PER_DQN,0,144.17384338378906
PER_DQN,0,171.66360473632812
PER_DQN,0,172.66932678222656
PER_DQN,0,161.273681640625
PER_DQN,0,141.48374938964844
PER_DQN,0,170.96665954589844
PER_DQN,0,173.71739196777344
PER_DQN,0,157.7640380859375
PER_DQN,0,138.64218139648438
PER_DQN,0,171.481689453125
PER_DQN,0,170.7740020751953
PER_DQN,0,151.4662628173828
PER_DQN,0,132.20484924316406
PER_DQN,0,163.7215576171875
PER_DQN,0,162.77745056152344
PER_DQN,0,148.05125427246094
PER_DQN,0,128.76312255859375
PER_DQN,0,159.53233337402344
PER_DQN,0,157.97018432617188
PER_DQN,0,142.92742919921875
PER_DQN,0,122.93153381347656
PER_DQN,0,153.6208953857422
PER_DQN,0,150.52120971679688
PER_DQN,0,145.34262084960938
PER_DQN,0,124.51966094970703
PER_DQN,0,155.25482177734375
PER_DQN,0,152.43394470214844
PER_DQN,0,148.34986877441406
PER_DQN,0,127.16645050048828
PER_DQN,0,158.9197235107422
PER_DQN,0,155.7317657470703
PER_DQN,0,148.43653869628906
PER_DQN,0,126.56917572021484
PER_DQN,0,158.30575561523438
PER_DQN,0,155.0873260498047
PER_DQN,0,145.4554443359375
PER_DQN,0,123.95471954345703
PER_DQN,0,157.17333984375
PER_DQN,0,152.37001037597656
PER_DQN,0,141.88265991210938
PER_DQN,0,120.81559753417969
PER_DQN,0,154.7962646484375
PER_DQN,0,148.9853973388672
PER_DQN,0,137.0359649658203
PER_DQN,0,116.2340087890625
PER_DQN,0,150.44058227539062
PER_DQN,0,143.90077209472656
PER_DQN,0,132.29368591308594
PER_DQN,0,111.08965301513672
PER_DQN,0,144.54611206054688
PER_DQN,0,136.76219177246094
PER_DQN,0,124.15081787109375
PER_DQN,0,103.27802276611328
PER_DQN,0,135.96719360351562
PER_DQN,0,127.15977478027344
PER_DQN,0,117.18546295166016
PER_DQN,0,97.43189239501953
PER_DQN,0,128.60800170898438
PER_DQN,0,119.59152221679688
PER_DQN,0,118.08915710449219
PER_DQN,0,98.20714569091797
PER_DQN,0,127.85257720947266
PER_DQN,0,120.56671905517578
PER_DQN,0,107.00419616699219
PER_DQN,0,87.95255279541016
PER_DQN,0,116.01384735107422
PER_DQN,0,109.11466979980469
PER_DQN,0,77.97737121582031
PER_DQN,0,49.56221389770508
PER_DQN,0,114.0384750366211
PER_DQN,0,47.4175910949707
PER_DQN,0,2.7959322929382324
PER_DQN,0,-27.722078323364258
PER_DQN,0,10.774234771728516
PER_DQN,0,-17.637866973876953
PER_DQN,0,-53.493534088134766
PER_DQN,0,-59.648895263671875
PER_DQN,0,-30.939449310302734
PER_DQN,0,-59.666629791259766
PER_DQN,0,-90.386962890625
PER_DQN,0,-85.15412139892578
PER_DQN,0,-53.25625228881836
PER_DQN,0,-114.37556457519531
PER_DQN,0,-74.44774627685547
PER_DQN,0,-55.510223388671875
PER_DQN,0,-44.727718353271484
PER_DQN,0,-105.28843688964844
PER_DQN,0,147.64068603515625
PER_DQN,0,149.1163787841797
PER_DQN,0,145.87387084960938
PER_DQN,0,144.18923950195312
PER_DQN,0,144.7025909423828
PER_DQN,0,146.29080200195312
PER_DQN,0,143.31593322753906
PER_DQN,0,141.5223388671875
PER_DQN,0,141.79837036132812
PER_DQN,0,143.61862182617188
PER_DQN,0,140.74978637695312
PER_DQN,0,138.95941162109375
PER_DQN,0,140.0638427734375
PER_DQN,0,142.26968383789062
PER_DQN,0,139.41836547851562
PER_DQN,0,137.99801635742188
PER_DQN,0,140.67372131347656
PER_DQN,0,143.07583618164062
PER_DQN,0,140.33242797851562
PER_DQN,0,139.5084991455078
PER_DQN,0,140.54335021972656
PER_DQN,0,143.2049560546875
PER_DQN,0,140.49774169921875
PER_DQN,0,140.42771911621094
PER_DQN,0,141.78524780273438
PER_DQN,0,144.5747528076172
PER_DQN,0,141.92062377929688
PER_DQN,0,142.2086639404297
PER_DQN,0,142.59536743164062
PER_DQN,0,145.4385223388672
PER_DQN,0,142.97488403320312
PER_DQN,0,143.5504150390625
PER_DQN,0,144.23959350585938
PER_DQN,0,147.00584411621094
PER_DQN,0,144.8812255859375
PER_DQN,0,145.92510986328125
PER_DQN,0,147.18826293945312
PER_DQN,0,149.77960205078125
PER_DQN,0,147.85263061523438
PER_DQN,0,149.4410858154297
PER_DQN,0,151.26983642578125
PER_DQN,0,153.7508544921875
PER_DQN,0,151.79544067382812
PER_DQN,0,154.27743530273438
PER_DQN,0,151.40431213378906
PER_DQN,0,153.6017608642578
PER_DQN,0,151.42523193359375
PER_DQN,0,152.87135314941406
PER_DQN,0,155.52745056152344
PER_DQN,0,157.54971313476562
PER_DQN,0,155.4189453125
PER_DQN,0,157.7213897705078
PER_DQN,0,157.77011108398438
PER_DQN,0,159.287841796875
PER_DQN,0,157.18316650390625
PER_DQN,0,158.69309997558594
PER_DQN,0,164.23497009277344
PER_DQN,0,165.28794860839844
PER_DQN,0,163.4918212890625
PER_DQN,0,166.09913635253906
PER_DQN,0,164.02481079101562
PER_DQN,0,163.78579711914062
PER_DQN,0,163.37344360351562
PER_DQN,0,164.69522094726562
PER_DQN,0,167.2022247314453
PER_DQN,0,164.83111572265625
PER_DQN,0,167.40811157226562
PER_DQN,0,167.0157012939453
PER_DQN,0,168.08816528320312
PER_DQN,0,165.18118286132812
PER_DQN,0,168.71682739257812
PER_DQN,0,168.11422729492188
PER_DQN,0,161.65513610839844
PER_DQN,0,159.4126739501953
PER_DQN,0,162.04782104492188
PER_DQN,0,161.36880493164062
PER_DQN,0,154.38352966308594
PER_DQN,0,153.2498016357422
PER_DQN,0,154.22994995117188
PER_DQN,0,153.83485412597656
PER_DQN,0,159.91152954101562
PER_DQN,0,157.27320861816406
PER_DQN,0,160.34194946289062
PER_DQN,0,159.59805297851562
PER_DQN,0,157.3433837890625
PER_DQN,0,154.88037109375
PER_DQN,0,157.89926147460938
PER_DQN,0,157.05332946777344
PER_DQN,0,156.46487426757812
PER_DQN,0,154.0806427001953
PER_DQN,0,156.841552734375
PER_DQN,0,156.29391479492188
PER_DQN,0,154.01171875
PER_DQN,0,152.00991821289062
PER_DQN,0,154.15106201171875
PER_DQN,0,153.8516082763672
PER_DQN,0,154.5651397705078
PER_DQN,0,152.23793029785156
PER_DQN,0,154.91925048828125
PER_DQN,0,154.54995727539062
PER_DQN,0,153.05508422851562
PER_DQN,0,150.69093322753906
PER_DQN,0,153.51409912109375
PER_DQN,0,152.9934844970703
PER_DQN,0,151.32278442382812
PER_DQN,0,148.6465301513672
PER_DQN,0,152.0665283203125
PER_DQN,0,150.80873107910156
PER_DQN,0,149.78900146484375
PER_DQN,0,147.52706909179688
PER_DQN,0,150.24929809570312
PER_DQN,0,149.37306213378906
PER_DQN,0,145.86386108398438
PER_DQN,0,144.02069091796875
PER_DQN,0,146.4562530517578
PER_DQN,0,145.1299285888672
PER_DQN,0,144.12307739257812
PER_DQN,0,142.45323181152344
PER_DQN,0,144.65701293945312
PER_DQN,0,142.7000732421875
PER_DQN,0,142.8095245361328
PER_DQN,0,141.35279846191406
PER_DQN,0,143.3111572265625
PER_DQN,0,141.40406799316406
PER_DQN,0,142.10934448242188
PER_DQN,0,140.77857971191406
PER_DQN,0,142.46499633789062
PER_DQN,0,140.12364196777344
PER_DQN,0,141.6956787109375
PER_DQN,0,140.7040557861328
PER_DQN,0,141.8982391357422
PER_DQN,0,140.028564453125
PER_DQN,0,141.28701782226562
PER_DQN,0,140.52783203125
PER_DQN,0,141.3343505859375
PER_DQN,0,139.7505645751953
PER_DQN,0,140.86846923828125
PER_DQN,0,140.20851135253906
PER_DQN,0,140.72991943359375
PER_DQN,0,138.9717254638672
PER_DQN,0,142.05166625976562
PER_DQN,0,140.9971160888672
PER_DQN,0,141.63455200195312
PER_DQN,0,139.0235595703125
PER_DQN,0,142.55661010742188
PER_DQN,0,141.095947265625
PER_DQN,0,141.84420776367188
PER_DQN,0,138.2424774169922
PER_DQN,0,143.9253387451172
PER_DQN,0,141.43389892578125
PER_DQN,0,143.24354553222656
PER_DQN,0,138.52806091308594
PER_DQN,0,142.5096435546875
PER_DQN,0,139.1920928955078
PER_DQN,0,142.8189697265625
PER_DQN,0,137.22836303710938
PER_DQN,0,143.08819580078125
PER_DQN,0,139.35806274414062
PER_DQN,0,143.46661376953125
PER_DQN,0,137.4025115966797
PER_DQN,0,143.84579467773438
PER_DQN,0,140.44378662109375
PER_DQN,0,143.11361694335938
PER_DQN,0,137.52088928222656
PER_DQN,0,145.35482788085938
PER_DQN,0,141.12596130371094
PER_DQN,0,145.5806884765625
PER_DQN,0,139.48048400878906
PER_DQN,0,145.98838806152344
PER_DQN,0,141.9595947265625
PER_DQN,0,145.59136962890625
PER_DQN,0,140.19497680664062
PER_DQN,0,146.6802215576172
PER_DQN,0,142.03623962402344
PER_DQN,0,146.93338012695312
PER_DQN,0,140.99378967285156
PER_DQN,0,145.61807250976562
PER_DQN,0,141.1937713623047
PER_DQN,0,145.353515625
PER_DQN,0,140.38612365722656
PER_DQN,0,146.2976837158203
PER_DQN,0,141.34022521972656
PER_DQN,0,146.6433868408203
PER_DQN,0,141.56802368164062
PER_DQN,0,144.43722534179688
PER_DQN,0,139.46688842773438
PER_DQN,0,144.6737823486328
PER_DQN,0,140.4066925048828
PER_DQN,0,143.7552947998047
PER_DQN,0,138.53770446777344
PER_DQN,0,144.18746948242188
PER_DQN,0,140.37802124023438
PER_DQN,0,144.68435668945312
PER_DQN,0,139.66537475585938
PER_DQN,0,144.38436889648438
PER_DQN,0,141.4244842529297
PER_DQN,0,145.50802612304688
PER_DQN,0,139.92001342773438
PER_DQN,0,145.9540252685547
PER_DQN,0,143.1739501953125
PER_DQN,0,143.85061645507812
PER_DQN,0,139.14508056640625
PER_DQN,0,142.5467529296875
PER_DQN,0,141.541259765625
PER_DQN,0,143.63160705566406
PER_DQN,0,138.25672912597656
PER_DQN,0,141.6336669921875
PER_DQN,0,142.45870971679688
PER_DQN,0,143.46092224121094
PER_DQN,0,137.33689880371094
PER_DQN,0,140.80789184570312
PER_DQN,0,143.47181701660156
PER_DQN,0,148.3826446533203
PER_DQN,0,140.57977294921875
PER_DQN,0,146.36190795898438
PER_DQN,0,148.86073303222656
PER_DQN,0,154.09788513183594
PER_DQN,0,144.17527770996094
PER_DQN,0,153.39822387695312
PER_DQN,0,154.8207244873047
PER_DQN,0,159.31922912597656
PER_DQN,0,146.80995178222656
PER_DQN,0,160.15985107421875
PER_DQN,0,160.9387969970703
PER_DQN,0,164.52210998535156
PER_DQN,0,149.37353515625
PER_DQN,0,166.78738403320312
PER_DQN,0,166.9629669189453
PER_DQN,0,166.5377960205078
PER_DQN,0,149.72364807128906
PER_DQN,0,170.46551513671875
PER_DQN,0,170.7522735595703
PER_DQN,0,164.33311462402344
PER_DQN,0,146.1612548828125
PER_DQN,0,170.6620635986328
PER_DQN,0,171.00979614257812
PER_DQN,0,163.1951446533203
PER_DQN,0,144.17384338378906
PER_DQN,0,171.66360473632812
PER_DQN,0,172.66932678222656
PER_DQN,0,161.273681640625
PER_DQN,0,141.48374938964844
PER_DQN,0,170.96665954589844
PER_DQN,0,173.71739196777344
PER_DQN,0,157.7640380859375
PER_DQN,0,138.64218139648438
PER_DQN,0,171.481689453125
PER_DQN,0,170.7740020751953
PER_DQN,0,151.4662628173828
PER_DQN,0,132.20484924316406
PER_DQN,0,163.7215576171875
PER_DQN,0,162.77745056152344
PER_DQN,0,148.05125427246094
PER_DQN,0,128.76312255859375
PER_DQN,0,159.53233337402344
PER_DQN,0,157.97018432617188
PER_DQN,0,142.92742919921875
PER_DQN,0,122.93153381347656
PER_DQN,0,153.6208953857422
PER_DQN,0,150.52120971679688
PER_DQN,0,145.34262084960938
PER_DQN,0,124.51966094970703
PER_DQN,0,155.25482177734375
PER_DQN,0,152.43394470214844
PER_DQN,0,148.34986877441406
PER_DQN,0,127.16645050048828
PER_DQN,0,158.9197235107422
PER_DQN,0,155.7317657470703
PER_DQN,0,148.43653869628906
PER_DQN,0,126.56917572021484
PER_DQN,0,158.30575561523438
PER_DQN,0,155.0873260498047
PER_DQN,0,145.4554443359375
PER_DQN,0,123.95471954345703
PER_DQN,0,157.17333984375
PER_DQN,0,152.37001037597656
PER_DQN,0,141.88265991210938
PER_DQN,0,120.81559753417969
PER_DQN,0,154.7962646484375
PER_DQN,0,148.9853973388672
PER_DQN,0,137.0359649658203
PER_DQN,0,116.2340087890625
PER_DQN,0,150.44058227539062
PER_DQN,0,143.90077209472656
PER_DQN,0,132.29368591308594
PER_DQN,0,111.08965301513672
PER_DQN,0,144.54611206054688
PER_DQN,0,136.76219177246094
PER_DQN,0,124.15081787109375
PER_DQN,0,103.27802276611328
PER_DQN,0,135.96719360351562
PER_DQN,0,127.15977478027344
PER_DQN,0,117.18546295166016
PER_DQN,0,97.43189239501953
PER_DQN,0,128.60800170898438
PER_DQN,0,119.59152221679688
PER_DQN,0,118.08915710449219
PER_DQN,0,98.20714569091797
PER_DQN,0,127.85257720947266
PER_DQN,0,120.56671905517578
PER_DQN,0,107.00419616699219
PER_DQN,0,87.95255279541016
PER_DQN,0,116.01384735107422
PER_DQN,0,109.11466979980469
PER_DQN,0,77.97737121582031
PER_DQN,0,49.56221389770508
PER_DQN,0,114.0384750366211
PER_DQN,0,47.4175910949707
PER_DQN,0,2.7959322929382324
PER_DQN,0,-27.722078323364258
PER_DQN,0,10.774234771728516
PER_DQN,0,-17.637866973876953
PER_DQN,0,-53.493534088134766
PER_DQN,0,-59.648895263671875
PER_DQN,0,-30.939449310302734
PER_DQN,0,-59.666629791259766
PER_DQN,0,-90.386962890625
PER_DQN,0,-85.15412139892578
PER_DQN,0,-53.25625228881836
PER_DQN,0,-114.37556457519531
PER_DQN,0,-74.44774627685547
PER_DQN,0,-55.510223388671875
PER_DQN,0,-44.727718353271484
PER_DQN,0,-105.28843688964844
PER_DQN,0,147.64068603515625
PER_DQN,0,149.1163787841797
PER_DQN,0,145.87387084960938
PER_DQN,0,144.18923950195312
PER_DQN,0,144.7025909423828
PER_DQN,0,146.29080200195312
PER_DQN,0,143.31593322753906
PER_DQN,0,141.5223388671875
PER_DQN,0,141.79837036132812
PER_DQN,0,143.61862182617188
PER_DQN,0,140.74978637695312
PER_DQN,0,138.95941162109375
PER_DQN,0,140.0638427734375
PER_DQN,0,142.26968383789062
PER_DQN,0,139.41836547851562
PER_DQN,0,137.99801635742188
PER_DQN,0,140.67372131347656
PER_DQN,0,143.07583618164062
PER_DQN,0,140.33242797851562
PER_DQN,0,139.5084991455078
PER_DQN,0,140.54335021972656
PER_DQN,0,143.2049560546875
PER_DQN,0,140.49774169921875
PER_DQN,0,140.42771911621094
PER_DQN,0,141.78524780273438
PER_DQN,0,144.5747528076172
PER_DQN,0,141.92062377929688
PER_DQN,0,142.2086639404297
PER_DQN,0,142.59536743164062
PER_DQN,0,145.4385223388672
PER_DQN,0,142.97488403320312
PER_DQN,0,143.5504150390625
PER_DQN,0,144.23959350585938
PER_DQN,0,147.00584411621094
PER_DQN,0,144.8812255859375
PER_DQN,0,145.92510986328125
PER_DQN,0,147.18826293945312
PER_DQN,0,149.77960205078125
PER_DQN,0,147.85263061523438
PER_DQN,0,149.4410858154297
PER_DQN,0,151.26983642578125
PER_DQN,0,153.7508544921875
PER_DQN,0,151.79544067382812
PER_DQN,0,154.27743530273438
PER_DQN,0,151.40431213378906
PER_DQN,0,153.6017608642578
PER_DQN,0,151.42523193359375
PER_DQN,0,152.87135314941406
PER_DQN,0,155.52745056152344
PER_DQN,0,157.54971313476562
PER_DQN,0,155.4189453125
PER_DQN,0,157.7213897705078
PER_DQN,0,157.77011108398438
PER_DQN,0,159.287841796875
PER_DQN,0,157.18316650390625
PER_DQN,0,158.69309997558594
PER_DQN,0,164.23497009277344
PER_DQN,0,165.28794860839844
PER_DQN,0,163.4918212890625
PER_DQN,0,166.09913635253906
PER_DQN,0,164.02481079101562
PER_DQN,0,163.78579711914062
PER_DQN,0,163.37344360351562
PER_DQN,0,164.69522094726562
PER_DQN,0,167.2022247314453
PER_DQN,0,164.83111572265625
PER_DQN,0,167.40811157226562
PER_DQN,0,167.0157012939453
PER_DQN,0,168.08816528320312
PER_DQN,0,165.18118286132812
PER_DQN,0,168.71682739257812
PER_DQN,0,168.11422729492188
PER_DQN,0,161.65513610839844
PER_DQN,0,159.4126739501953
PER_DQN,0,162.04782104492188
PER_DQN,0,161.36880493164062
PER_DQN,0,154.38352966308594
PER_DQN,0,153.2498016357422
PER_DQN,0,154.22994995117188
PER_DQN,0,153.83485412597656
PER_DQN,0,159.91152954101562
PER_DQN,0,157.27320861816406
PER_DQN,0,160.34194946289062
PER_DQN,0,159.59805297851562
PER_DQN,0,157.3433837890625
PER_DQN,0,154.88037109375
PER_DQN,0,157.89926147460938
PER_DQN,0,157.05332946777344
PER_DQN,0,156.46487426757812
PER_DQN,0,154.0806427001953
PER_DQN,0,156.841552734375
PER_DQN,0,156.29391479492188
PER_DQN,0,154.01171875
PER_DQN,0,152.00991821289062
PER_DQN,0,154.15106201171875
PER_DQN,0,153.8516082763672
PER_DQN,0,154.5651397705078
PER_DQN,0,152.23793029785156
PER_DQN,0,154.91925048828125
PER_DQN,0,154.54995727539062
PER_DQN,0,153.05508422851562
PER_DQN,0,150.69093322753906
PER_DQN,0,153.51409912109375
PER_DQN,0,152.9934844970703
PER_DQN,0,151.32278442382812
PER_DQN,0,148.6465301513672
PER_DQN,0,152.0665283203125
PER_DQN,0,150.80873107910156
PER_DQN,0,149.78900146484375
PER_DQN,0,147.52706909179688
PER_DQN,0,150.24929809570312
PER_DQN,0,149.37306213378906
PER_DQN,0,145.86386108398438
PER_DQN,0,144.02069091796875
PER_DQN,0,146.4562530517578
PER_DQN,0,145.1299285888672
PER_DQN,0,144.12307739257812
PER_DQN,0,142.45323181152344
PER_DQN,0,144.65701293945312
PER_DQN,0,142.7000732421875
PER_DQN,0,142.8095245361328
PER_DQN,0,141.35279846191406
PER_DQN,0,143.3111572265625
PER_DQN,0,141.40406799316406
PER_DQN,0,142.10934448242188
PER_DQN,0,140.77857971191406
PER_DQN,0,142.46499633789062
PER_DQN,0,140.12364196777344
PER_DQN,0,141.6956787109375
PER_DQN,0,140.7040557861328
PER_DQN,0,141.8982391357422
PER_DQN,0,140.028564453125
PER_DQN,0,141.28701782226562
PER_DQN,0,140.52783203125
PER_DQN,0,141.3343505859375
PER_DQN,0,139.7505645751953
PER_DQN,0,140.86846923828125
PER_DQN,0,140.20851135253906
PER_DQN,0,140.72991943359375
PER_DQN,0,138.9717254638672
PER_DQN,0,142.05166625976562
PER_DQN,0,140.9971160888672
PER_DQN,0,141.63455200195312
PER_DQN,0,139.0235595703125
PER_DQN,0,142.55661010742188
PER_DQN,0,141.095947265625
PER_DQN,0,141.84420776367188
PER_DQN,0,138.2424774169922
PER_DQN,0,143.9253387451172
PER_DQN,0,141.43389892578125
PER_DQN,0,143.24354553222656
PER_DQN,0,138.52806091308594
PER_DQN,0,142.5096435546875
PER_DQN,0,139.1920928955078
PER_DQN,0,142.8189697265625
PER_DQN,0,137.22836303710938
PER_DQN,0,143.08819580078125
PER_DQN,0,139.35806274414062
PER_DQN,0,143.46661376953125
PER_DQN,0,137.4025115966797
PER_DQN,0,143.84579467773438
PER_DQN,0,140.44378662109375
PER_DQN,0,143.11361694335938
PER_DQN,0,137.52088928222656
PER_DQN,0,145.35482788085938
PER_DQN,0,141.12596130371094
PER_DQN,0,145.5806884765625
PER_DQN,0,139.48048400878906
PER_DQN,0,145.98838806152344
PER_DQN,0,141.9595947265625
PER_DQN,0,145.59136962890625
PER_DQN,0,140.19497680664062
PER_DQN,0,146.6802215576172
PER_DQN,0,142.03623962402344
PER_DQN,0,146.93338012695312
PER_DQN,0,140.99378967285156
PER_DQN,0,145.61807250976562
PER_DQN,0,141.1937713623047
PER_DQN,0,145.353515625
PER_DQN,0,140.38612365722656
PER_DQN,0,146.2976837158203
PER_DQN,0,141.34022521972656
PER_DQN,0,146.6433868408203
PER_DQN,0,141.56802368164062
PER_DQN,0,144.43722534179688
PER_DQN,0,139.46688842773438
PER_DQN,0,144.6737823486328
PER_DQN,0,140.4066925048828
PER_DQN,0,143.7552947998047
PER_DQN,0,138.53770446777344
PER_DQN,0,144.18746948242188
PER_DQN,0,140.37802124023438
PER_DQN,0,144.68435668945312
PER_DQN,0,139.66537475585938
PER_DQN,0,144.38436889648438
PER_DQN,0,141.4244842529297
PER_DQN,0,145.50802612304688
PER_DQN,0,139.92001342773438
PER_DQN,0,145.9540252685547
PER_DQN,0,143.1739501953125
PER_DQN,0,143.85061645507812
PER_DQN,0,139.14508056640625
PER_DQN,0,142.5467529296875
PER_DQN,0,141.541259765625
PER_DQN,0,143.63160705566406
PER_DQN,0,138.25672912597656
PER_DQN,0,141.6336669921875
PER_DQN,0,142.45870971679688
PER_DQN,0,143.46092224121094
PER_DQN,0,137.33689880371094
PER_DQN,0,140.80789184570312
PER_DQN,0,143.47181701660156
PER_DQN,0,148.3826446533203
PER_DQN,0,140.57977294921875
PER_DQN,0,146.36190795898438
PER_DQN,0,148.86073303222656
PER_DQN,0,154.09788513183594
PER_DQN,0,144.17527770996094
PER_DQN,0,153.39822387695312
PER_DQN,0,154.8207244873047
PER_DQN,0,159.31922912597656
PER_DQN,0,146.80995178222656
PER_DQN,0,160.15985107421875
PER_DQN,0,160.9387969970703
PER_DQN,0,164.52210998535156
PER_DQN,0,149.37353515625
PER_DQN,0,166.78738403320312
PER_DQN,0,166.9629669189453
PER_DQN,0,166.5377960205078
PER_DQN,0,149.72364807128906
PER_DQN,0,170.46551513671875
PER_DQN,0,170.7522735595703
PER_DQN,0,164.33311462402344
PER_DQN,0,146.1612548828125
PER_DQN,0,170.6620635986328
PER_DQN,0,171.00979614257812
PER_DQN,0,163.1951446533203
PER_DQN,0,144.17384338378906
PER_DQN,0,171.66360473632812
PER_DQN,0,172.66932678222656
PER_DQN,0,161.273681640625
PER_DQN,0,141.48374938964844
PER_DQN,0,170.96665954589844
PER_DQN,0,173.71739196777344
PER_DQN,0,157.7640380859375
PER_DQN,0,138.64218139648438
PER_DQN,0,171.481689453125
PER_DQN,0,170.7740020751953
PER_DQN,0,151.4662628173828
PER_DQN,0,132.20484924316406
PER_DQN,0,163.7215576171875
PER_DQN,0,162.77745056152344
PER_DQN,0,148.05125427246094
PER_DQN,0,128.76312255859375
PER_DQN,0,159.53233337402344
PER_DQN,0,157.97018432617188
PER_DQN,0,142.92742919921875
PER_DQN,0,122.93153381347656
PER_DQN,0,153.6208953857422
PER_DQN,0,150.52120971679688
PER_DQN,0,145.34262084960938
PER_DQN,0,124.51966094970703
PER_DQN,0,155.25482177734375
PER_DQN,0,152.43394470214844
PER_DQN,0,148.34986877441406
PER_DQN,0,127.16645050048828
PER_DQN,0,158.9197235107422
PER_DQN,0,155.7317657470703
PER_DQN,0,148.43653869628906
PER_DQN,0,126.56917572021484
PER_DQN,0,158.30575561523438
PER_DQN,0,155.0873260498047
PER_DQN,0,145.4554443359375
PER_DQN,0,123.95471954345703
PER_DQN,0,157.17333984375
PER_DQN,0,152.37001037597656
PER_DQN,0,141.88265991210938
PER_DQN,0,120.81559753417969
PER_DQN,0,154.7962646484375
PER_DQN,0,148.9853973388672
PER_DQN,0,137.0359649658203
PER_DQN,0,116.2340087890625
PER_DQN,0,150.44058227539062
PER_DQN,0,143.90077209472656
PER_DQN,0,132.29368591308594
PER_DQN,0,111.08965301513672
PER_DQN,0,144.54611206054688
PER_DQN,0,136.76219177246094
PER_DQN,0,124.15081787109375
PER_DQN,0,103.27802276611328
PER_DQN,0,135.96719360351562
PER_DQN,0,127.15977478027344
PER_DQN,0,117.18546295166016
PER_DQN,0,97.43189239501953
PER_DQN,0,128.60800170898438
PER_DQN,0,119.59152221679688
PER_DQN,0,118.08915710449219
PER_DQN,0,98.20714569091797
PER_DQN,0,127.85257720947266
PER_DQN,0,120.56671905517578
PER_DQN,0,107.00419616699219
PER_DQN,0,87.95255279541016
PER_DQN,0,116.01384735107422
PER_DQN,0,109.11466979980469
PER_DQN,0,77.97737121582031
PER_DQN,0,49.56221389770508
PER_DQN,0,114.0384750366211
PER_DQN,0,47.4175910949707
PER_DQN,0,2.7959322929382324
PER_DQN,0,-27.722078323364258
PER_DQN,0,10.774234771728516
PER_DQN,0,-17.637866973876953
PER_DQN,0,-53.493534088134766
PER_DQN,0,-59.648895263671875
PER_DQN,0,-30.939449310302734
PER_DQN,0,-59.666629791259766
PER_DQN,0,-90.386962890625
PER_DQN,0,-85.15412139892578
PER_DQN,0,-53.25625228881836
PER_DQN,0,-114.37556457519531
PER_DQN,0,-74.44774627685547
PER_DQN,0,-55.510223388671875
PER_DQN,0,-44.727718353271484
PER_DQN,0,-105.28843688964844
PER_DQN,0,147.64068603515625
PER_DQN,0,149.1163787841797
PER_DQN,0,145.87387084960938
PER_DQN,0,144.18923950195312
PER_DQN,0,144.7025909423828
PER_DQN,0,146.29080200195312
PER_DQN,0,143.31593322753906
PER_DQN,0,141.5223388671875
PER_DQN,0,141.79837036132812
PER_DQN,0,143.61862182617188
PER_DQN,0,140.74978637695312
PER_DQN,0,138.95941162109375
PER_DQN,0,140.0638427734375
PER_DQN,0,142.26968383789062
PER_DQN,0,139.41836547851562
PER_DQN,0,137.99801635742188
PER_DQN,0,140.67372131347656
PER_DQN,0,143.07583618164062
PER_DQN,0,140.33242797851562
PER_DQN,0,139.5084991455078
PER_DQN,0,140.54335021972656
PER_DQN,0,143.2049560546875
PER_DQN,0,140.49774169921875
PER_DQN,0,140.42771911621094
PER_DQN,0,141.78524780273438
PER_DQN,0,144.5747528076172
PER_DQN,0,141.92062377929688
PER_DQN,0,142.2086639404297
PER_DQN,0,142.59536743164062
PER_DQN,0,145.4385223388672
PER_DQN,0,142.97488403320312
PER_DQN,0,143.5504150390625
PER_DQN,0,144.23959350585938
PER_DQN,0,147.00584411621094
PER_DQN,0,144.8812255859375
PER_DQN,0,145.92510986328125
PER_DQN,0,147.18826293945312
PER_DQN,0,149.77960205078125
PER_DQN,0,147.85263061523438
PER_DQN,0,149.4410858154297
PER_DQN,0,151.26983642578125
PER_DQN,0,153.7508544921875
PER_DQN,0,151.79544067382812
PER_DQN,0,154.27743530273438
PER_DQN,0,151.40431213378906
PER_DQN,0,153.6017608642578
PER_DQN,0,151.42523193359375
PER_DQN,0,152.87135314941406
PER_DQN,0,155.52745056152344
PER_DQN,0,157.54971313476562
PER_DQN,0,155.4189453125
PER_DQN,0,157.7213897705078
PER_DQN,0,157.77011108398438
PER_DQN,0,159.287841796875
PER_DQN,0,157.18316650390625
PER_DQN,0,158.69309997558594
PER_DQN,0,164.23497009277344
PER_DQN,0,165.28794860839844
PER_DQN,0,163.4918212890625
PER_DQN,0,166.09913635253906
PER_DQN,0,164.02481079101562
PER_DQN,0,163.78579711914062
PER_DQN,0,163.37344360351562
PER_DQN,0,164.69522094726562
PER_DQN,0,167.2022247314453
PER_DQN,0,164.83111572265625
PER_DQN,0,167.40811157226562
PER_DQN,0,167.0157012939453
PER_DQN,0,168.08816528320312
PER_DQN,0,165.18118286132812
PER_DQN,0,168.71682739257812
PER_DQN,0,168.11422729492188
PER_DQN,0,161.65513610839844
PER_DQN,0,159.4126739501953
PER_DQN,0,162.04782104492188
PER_DQN,0,161.36880493164062
PER_DQN,0,154.38352966308594
PER_DQN,0,153.2498016357422
PER_DQN,0,154.22994995117188
PER_DQN,0,153.83485412597656
PER_DQN,0,159.91152954101562
PER_DQN,0,157.27320861816406
PER_DQN,0,160.34194946289062
PER_DQN,0,159.59805297851562
PER_DQN,0,157.3433837890625
PER_DQN,0,154.88037109375
PER_DQN,0,157.89926147460938
PER_DQN,0,157.05332946777344
PER_DQN,0,156.46487426757812
PER_DQN,0,154.0806427001953
PER_DQN,0,156.841552734375
PER_DQN,0,156.29391479492188
PER_DQN,0,154.01171875
PER_DQN,0,152.00991821289062
PER_DQN,0,154.15106201171875
PER_DQN,0,153.8516082763672
PER_DQN,0,154.5651397705078
PER_DQN,0,152.23793029785156
PER_DQN,0,154.91925048828125
PER_DQN,0,154.54995727539062
PER_DQN,0,153.05508422851562
PER_DQN,0,150.69093322753906
PER_DQN,0,153.51409912109375
PER_DQN,0,152.9934844970703
PER_DQN,0,151.32278442382812
PER_DQN,0,148.6465301513672
PER_DQN,0,152.0665283203125
PER_DQN,0,150.80873107910156
PER_DQN,0,149.78900146484375
PER_DQN,0,147.52706909179688
PER_DQN,0,150.24929809570312
PER_DQN,0,149.37306213378906
PER_DQN,0,145.86386108398438
PER_DQN,0,144.02069091796875
PER_DQN,0,146.4562530517578
PER_DQN,0,145.1299285888672
PER_DQN,0,144.12307739257812
PER_DQN,0,142.45323181152344
PER_DQN,0,144.65701293945312
PER_DQN,0,142.7000732421875
PER_DQN,0,142.8095245361328
PER_DQN,0,141.35279846191406
PER_DQN,0,143.3111572265625
PER_DQN,0,141.40406799316406
PER_DQN,0,142.10934448242188
PER_DQN,0,140.77857971191406
PER_DQN,0,142.46499633789062
PER_DQN,0,140.12364196777344
PER_DQN,0,142.291259765625
PER_DQN,0,139.91891479492188
PER_DQN,0,143.32469177246094
PER_DQN,0,139.8462677001953
PER_DQN,0,139.98309326171875
PER_DQN,0,138.2384490966797
PER_DQN,0,140.67800903320312
PER_DQN,0,137.5036163330078
PER_DQN,0,139.6527862548828
PER_DQN,0,138.0845184326172
PER_DQN,0,140.0277099609375
PER_DQN,0,136.61111450195312
PER_DQN,0,139.3950958251953
PER_DQN,0,137.90745544433594
PER_DQN,0,139.51278686523438
PER_DQN,0,135.83218383789062
PER_DQN,0,138.6431884765625
PER_DQN,0,137.3560333251953
PER_DQN,0,138.58059692382812
PER_DQN,0,134.79164123535156
PER_DQN,0,139.24609375
PER_DQN,0,137.56748962402344
PER_DQN,0,138.847900390625
PER_DQN,0,134.08468627929688
PER_DQN,0,141.49215698242188
PER_DQN,0,138.78115844726562
PER_DQN,0,141.33538818359375
PER_DQN,0,135.51724243164062
PER_DQN,0,140.96432495117188
PER_DQN,0,137.77195739746094
PER_DQN,0,141.59518432617188
PER_DQN,0,135.0232696533203
PER_DQN,0,140.53099060058594
PER_DQN,0,137.57139587402344
PER_DQN,0,140.12197875976562
PER_DQN,0,133.80477905273438
PER_DQN,0,141.21063232421875
PER_DQN,0,137.57583618164062
PER_DQN,0,141.66107177734375
PER_DQN,0,134.7241973876953
PER_DQN,0,142.7532958984375
PER_DQN,0,139.47747802734375
PER_DQN,0,142.26014709472656
PER_DQN,0,135.967041015625
PER_DQN,0,144.33773803710938
PER_DQN,0,140.2823944091797
PER_DQN,0,144.73171997070312
PER_DQN,0,137.9207763671875
PER_DQN,0,144.93434143066406
PER_DQN,0,141.0352783203125
PER_DQN,0,144.80723571777344
PER_DQN,0,138.5586700439453
PER_DQN,0,145.5923309326172
PER_DQN,0,141.07395935058594
PER_DQN,0,146.14657592773438
PER_DQN,0,139.3718719482422
PER_DQN,0,144.5944061279297
PER_DQN,0,140.1134796142578
PER_DQN,0,144.92811584472656
PER_DQN,0,138.86048889160156
PER_DQN,0,143.8395233154297
PER_DQN,0,139.13665771484375
PER_DQN,0,144.36886596679688
PER_DQN,0,138.68873596191406
PER_DQN,0,144.39657592773438
PER_DQN,0,139.88670349121094
PER_DQN,0,144.23980712890625
PER_DQN,0,139.1416473388672
PER_DQN,0,145.00416564941406
PER_DQN,0,139.8503875732422
PER_DQN,0,145.6578826904297
PER_DQN,0,140.5380859375
PER_DQN,0,144.5960235595703
PER_DQN,0,139.97862243652344
PER_DQN,0,143.9209442138672
PER_DQN,0,139.947998046875
PER_DQN,0,144.9232177734375
PER_DQN,0,139.6339569091797
PER_DQN,0,144.62478637695312
PER_DQN,0,141.3008270263672
PER_DQN,0,145.4402618408203
PER_DQN,0,139.33619689941406
PER_DQN,0,144.43563842773438
PER_DQN,0,143.02748107910156
PER_DQN,0,147.06858825683594
PER_DQN,0,139.85922241210938
PER_DQN,0,145.56964111328125
PER_DQN,0,145.82044982910156
PER_DQN,0,149.24185180664062
PER_DQN,0,140.18577575683594
PER_DQN,0,148.00347900390625
PER_DQN,0,149.43875122070312
PER_DQN,0,156.3813934326172
PER_DQN,0,144.60629272460938
PER_DQN,0,156.45486450195312
PER_DQN,0,157.3517608642578
PER_DQN,0,162.32586669921875
PER_DQN,0,148.04393005371094
PER_DQN,0,163.79403686523438
PER_DQN,0,164.1212615966797
PER_DQN,0,165.0111541748047
PER_DQN,0,149.6781463623047
PER_DQN,0,167.74159240722656
PER_DQN,0,168.62794494628906
PER_DQN,0,165.13995361328125
PER_DQN,0,148.4794158935547
PER_DQN,0,169.80934143066406
PER_DQN,0,170.76976013183594
PER_DQN,0,163.41152954101562
PER_DQN,0,145.64564514160156
PER_DQN,0,170.326904296875
PER_DQN,0,171.6509552001953
PER_DQN,0,162.8064727783203
PER_DQN,0,144.3909149169922
PER_DQN,0,171.07737731933594
PER_DQN,0,174.02186584472656
PER_DQN,0,161.23846435546875
PER_DQN,0,142.64964294433594
PER_DQN,0,171.7394561767578
PER_DQN,0,174.8308563232422
PER_DQN,0,155.926513671875
PER_DQN,0,135.1851348876953
PER_DQN,0,169.22975158691406
PER_DQN,0,168.18104553222656
PER_DQN,0,151.96473693847656
PER_DQN,0,131.6196746826172
PER_DQN,0,165.019775390625
PER_DQN,0,163.34365844726562
PER_DQN,0,146.9007568359375
PER_DQN,0,128.68814086914062
PER_DQN,0,160.44171142578125
PER_DQN,0,157.65330505371094
PER_DQN,0,147.6587371826172
PER_DQN,0,128.5690460205078
PER_DQN,0,160.52606201171875
PER_DQN,0,157.84007263183594
PER_DQN,0,147.73489379882812
PER_DQN,0,125.99681854248047
PER_DQN,0,160.31915283203125
PER_DQN,0,157.2032470703125
PER_DQN,0,146.53335571289062
PER_DQN,0,123.84493255615234
PER_DQN,0,158.5790252685547
PER_DQN,0,155.6287384033203
PER_DQN,0,142.44715881347656
PER_DQN,0,117.28445434570312
PER_DQN,0,155.2510986328125
PER_DQN,0,150.54222106933594
PER_DQN,0,138.93896484375
PER_DQN,0,111.55726623535156
PER_DQN,0,151.39962768554688
PER_DQN,0,145.90074157714844
PER_DQN,0,135.05812072753906
PER_DQN,0,107.07498931884766
PER_DQN,0,147.31419372558594
PER_DQN,0,141.29750061035156
PER_DQN,0,132.815185546875
PER_DQN,0,108.26150512695312
PER_DQN,0,146.73544311523438
PER_DQN,0,139.73951721191406
PER_DQN,0,131.15516662597656
PER_DQN,0,111.12772369384766
PER_DQN,0,145.89059448242188
PER_DQN,0,137.8134002685547
PER_DQN,0,128.4549102783203
PER_DQN,0,108.74323272705078
PER_DQN,0,142.97344970703125
PER_DQN,0,135.1666717529297
PER_DQN,0,127.82234954833984
PER_DQN,0,107.87899017333984
PER_DQN,0,141.07200622558594
PER_DQN,0,134.9633331298828
PER_DQN,0,96.35592651367188
PER_DQN,0,62.22392272949219
PER_DQN,0,147.15049743652344
PER_DQN,0,66.86485290527344
PER_DQN,0,31.17373275756836
PER_DQN,0,-9.99501895904541
PER_DQN,0,51.79707717895508
PER_DQN,0,13.349108695983887
PER_DQN,0,-46.831600189208984
PER_DQN,0,-62.475982666015625
PER_DQN,0,-24.513134002685547
PER_DQN,0,-57.74221420288086
PER_DQN,0,-89.2802734375
PER_DQN,0,-91.59291076660156
PER_DQN,0,-52.5958366394043
PER_DQN,0,-117.13327026367188
PER_DQN,0,-101.34331512451172
PER_DQN,0,-88.56592559814453
PER_DQN,0,-65.1377182006836
PER_DQN,0,-140.91773986816406
PER_DQN,0,147.64068603515625
PER_DQN,0,149.1163787841797
PER_DQN,0,145.87387084960938
PER_DQN,0,144.18923950195312
PER_DQN,0,144.7025909423828
PER_DQN,0,146.29080200195312
PER_DQN,0,143.31593322753906
PER_DQN,0,141.5223388671875
PER_DQN,0,141.79837036132812
PER_DQN,0,143.61862182617188
PER_DQN,0,140.74978637695312
PER_DQN,0,138.95941162109375
PER_DQN,0,140.0638427734375
PER_DQN,0,142.26968383789062
PER_DQN,0,139.41836547851562
PER_DQN,0,137.99801635742188
PER_DQN,0,140.67372131347656
PER_DQN,0,143.07583618164062
PER_DQN,0,140.33242797851562
PER_DQN,0,139.5084991455078
PER_DQN,0,140.54335021972656
PER_DQN,0,143.2049560546875
PER_DQN,0,140.49774169921875
PER_DQN,0,140.42771911621094
PER_DQN,0,141.78524780273438
PER_DQN,0,144.5747528076172
PER_DQN,0,141.92062377929688
PER_DQN,0,142.2086639404297
PER_DQN,0,142.59536743164062
PER_DQN,0,145.4385223388672
PER_DQN,0,142.97488403320312
PER_DQN,0,143.5504150390625
PER_DQN,0,144.23959350585938
PER_DQN,0,147.00584411621094
PER_DQN,0,144.8812255859375
PER_DQN,0,145.92510986328125
PER_DQN,0,147.18826293945312
PER_DQN,0,149.77960205078125
PER_DQN,0,147.85263061523438
PER_DQN,0,149.4410858154297
PER_DQN,0,151.26983642578125
PER_DQN,0,153.7508544921875
PER_DQN,0,151.79544067382812
PER_DQN,0,154.27743530273438
PER_DQN,0,151.40431213378906
PER_DQN,0,153.6017608642578
PER_DQN,0,151.42523193359375
PER_DQN,0,152.87135314941406
PER_DQN,0,155.52745056152344
PER_DQN,0,157.54971313476562
PER_DQN,0,155.4189453125
PER_DQN,0,157.7213897705078
PER_DQN,0,157.77011108398438
PER_DQN,0,159.287841796875
PER_DQN,0,157.18316650390625
PER_DQN,0,158.69309997558594
PER_DQN,0,164.23497009277344
PER_DQN,0,165.28794860839844
PER_DQN,0,163.4918212890625
PER_DQN,0,166.09913635253906
PER_DQN,0,164.02481079101562
PER_DQN,0,163.78579711914062
PER_DQN,0,163.37344360351562
PER_DQN,0,164.69522094726562
PER_DQN,0,167.2022247314453
PER_DQN,0,164.83111572265625
PER_DQN,0,167.40811157226562
PER_DQN,0,167.0157012939453
PER_DQN,0,168.08816528320312
PER_DQN,0,165.18118286132812
PER_DQN,0,168.71682739257812
PER_DQN,0,168.11422729492188
PER_DQN,0,161.65513610839844
PER_DQN,0,159.4126739501953
PER_DQN,0,162.04782104492188
PER_DQN,0,161.36880493164062
PER_DQN,0,154.38352966308594
PER_DQN,0,153.2498016357422
PER_DQN,0,154.22994995117188
PER_DQN,0,153.83485412597656
PER_DQN,0,159.91152954101562
PER_DQN,0,157.27320861816406
PER_DQN,0,160.34194946289062
PER_DQN,0,159.59805297851562
PER_DQN,0,157.3433837890625
PER_DQN,0,154.88037109375
PER_DQN,0,157.89926147460938
PER_DQN,0,157.05332946777344
PER_DQN,0,156.46487426757812
PER_DQN,0,154.0806427001953
PER_DQN,0,156.841552734375
PER_DQN,0,156.29391479492188
PER_DQN,0,154.01171875
PER_DQN,0,152.00991821289062
PER_DQN,0,154.15106201171875
PER_DQN,0,153.8516082763672
PER_DQN,0,154.5651397705078
PER_DQN,0,152.23793029785156
PER_DQN,0,154.91925048828125
PER_DQN,0,154.54995727539062
PER_DQN,0,153.05508422851562
PER_DQN,0,150.69093322753906
PER_DQN,0,153.51409912109375
PER_DQN,0,152.9934844970703
PER_DQN,0,151.32278442382812
PER_DQN,0,148.6465301513672
PER_DQN,0,152.0665283203125
PER_DQN,0,150.80873107910156
PER_DQN,0,149.78900146484375
PER_DQN,0,147.52706909179688
PER_DQN,0,150.24929809570312
PER_DQN,0,149.37306213378906
PER_DQN,0,145.86386108398438
PER_DQN,0,144.02069091796875
PER_DQN,0,146.4562530517578
PER_DQN,0,145.1299285888672
PER_DQN,0,144.12307739257812
PER_DQN,0,142.45323181152344
PER_DQN,0,144.65701293945312
PER_DQN,0,142.7000732421875
PER_DQN,0,142.8095245361328
PER_DQN,0,141.35279846191406
PER_DQN,0,143.3111572265625
PER_DQN,0,141.40406799316406
PER_DQN,0,142.10934448242188
PER_DQN,0,140.77857971191406
PER_DQN,0,142.46499633789062
PER_DQN,0,140.12364196777344
PER_DQN,0,141.6956787109375
PER_DQN,0,140.7040557861328
PER_DQN,0,141.8982391357422
PER_DQN,0,140.028564453125
PER_DQN,0,141.28701782226562
PER_DQN,0,140.52783203125
PER_DQN,0,141.3343505859375
PER_DQN,0,139.7505645751953
PER_DQN,0,140.86846923828125
PER_DQN,0,140.20851135253906
PER_DQN,0,140.72991943359375
PER_DQN,0,138.9717254638672
PER_DQN,0,140.68353271484375
PER_DQN,0,140.06201171875
PER_DQN,0,140.3973388671875
PER_DQN,0,138.45057678222656
PER_DQN,0,141.94332885742188
PER_DQN,0,140.92527770996094
PER_DQN,0,141.37359619140625
PER_DQN,0,138.5860595703125
PER_DQN,0,142.52874755859375
PER_DQN,0,141.10267639160156
PER_DQN,0,141.65884399414062
PER_DQN,0,137.893310546875
PER_DQN,0,143.04278564453125
PER_DQN,0,140.58753967285156
PER_DQN,0,142.1043243408203
PER_DQN,0,137.35548400878906
PER_DQN,0,142.63705444335938
PER_DQN,0,139.19773864746094
PER_DQN,0,142.5395050048828
PER_DQN,0,136.9185791015625
PER_DQN,0,144.0441131591797
PER_DQN,0,139.80984497070312
PER_DQN,0,144.849609375
PER_DQN,0,138.6507110595703
PER_DQN,0,145.70167541503906
PER_DQN,0,141.17532348632812
PER_DQN,0,146.38592529296875
PER_DQN,0,139.98719787597656
PER_DQN,0,146.1976318359375
PER_DQN,0,141.9154510498047
PER_DQN,0,146.19552612304688
PER_DQN,0,140.4715118408203
PER_DQN,0,146.8386688232422
PER_DQN,0,141.94192504882812
PER_DQN,0,147.49484252929688
PER_DQN,0,141.20726013183594
PER_DQN,0,146.49124145507812
PER_DQN,0,141.84120178222656
PER_DQN,0,146.5426483154297
PER_DQN,0,141.21376037597656
PER_DQN,0,146.1019287109375
PER_DQN,0,141.3292236328125
PER_DQN,0,146.19546508789062
PER_DQN,0,141.3811492919922
PER_DQN,0,144.2564239501953
PER_DQN,0,139.47213745117188
PER_DQN,0,144.23562622070312
PER_DQN,0,140.23248291015625
PER_DQN,0,144.9796142578125
PER_DQN,0,139.65065002441406
PER_DQN,0,145.5660858154297
PER_DQN,0,141.48687744140625
PER_DQN,0,145.9342041015625
PER_DQN,0,140.77110290527344
PER_DQN,0,145.74679565429688
PER_DQN,0,142.46128845214844
PER_DQN,0,146.91943359375
PER_DQN,0,141.099365234375
PER_DQN,0,147.30557250976562
PER_DQN,0,144.34873962402344
PER_DQN,0,144.77345275878906
PER_DQN,0,139.85232543945312
PER_DQN,0,143.40374755859375
PER_DQN,0,142.21420288085938
PER_DQN,0,144.57081604003906
PER_DQN,0,138.97547912597656
PER_DQN,0,142.50094604492188
PER_DQN,0,143.0943145751953
PER_DQN,0,144.86314392089844
PER_DQN,0,138.41299438476562
PER_DQN,0,142.21798706054688
PER_DQN,0,144.7315216064453
PER_DQN,0,146.45748901367188
PER_DQN,0,138.4385986328125
PER_DQN,0,144.19635009765625
PER_DQN,0,148.30393981933594
PER_DQN,0,152.35845947265625
PER_DQN,0,142.1754913330078
PER_DQN,0,151.2889404296875
PER_DQN,0,154.5481719970703
PER_DQN,0,158.48944091796875
PER_DQN,0,145.6220245361328
PER_DQN,0,158.81344604492188
PER_DQN,0,161.38368225097656
PER_DQN,0,164.5486297607422
PER_DQN,0,149.22601318359375
PER_DQN,0,166.17306518554688
PER_DQN,0,168.31336975097656
PER_DQN,0,167.07579040527344
PER_DQN,0,150.5241241455078
PER_DQN,0,170.10336303710938
PER_DQN,0,172.59144592285156
PER_DQN,0,165.23406982421875
PER_DQN,0,147.45375061035156
PER_DQN,0,170.48611450195312
PER_DQN,0,173.12855529785156
PER_DQN,0,163.98587036132812
PER_DQN,0,145.3118438720703
PER_DQN,0,171.2813720703125
PER_DQN,0,174.63368225097656
PER_DQN,0,165.2269287109375
PER_DQN,0,145.4972381591797
PER_DQN,0,174.13221740722656
PER_DQN,0,178.6702117919922
PER_DQN,0,163.75253295898438
PER_DQN,0,143.57907104492188
PER_DQN,0,176.62844848632812
PER_DQN,0,177.5771484375
PER_DQN,0,156.62783813476562
PER_DQN,0,133.31887817382812
PER_DQN,0,172.54067993164062
PER_DQN,0,168.5797882080078
PER_DQN,0,152.54795837402344
PER_DQN,0,129.7740020751953
PER_DQN,0,168.08578491210938
PER_DQN,0,163.52406311035156
PER_DQN,0,147.60079956054688
PER_DQN,0,127.02350616455078
PER_DQN,0,164.2293243408203
PER_DQN,0,158.36021423339844
PER_DQN,0,145.1838836669922
PER_DQN,0,123.93457794189453
PER_DQN,0,160.93980407714844
PER_DQN,0,154.97137451171875
PER_DQN,0,145.56649780273438
PER_DQN,0,121.49903106689453
PER_DQN,0,160.81410217285156
PER_DQN,0,154.3270721435547
PER_DQN,0,144.9189910888672
PER_DQN,0,119.82366943359375
PER_DQN,0,159.56568908691406
PER_DQN,0,153.2908172607422
PER_DQN,0,140.1717071533203
PER_DQN,0,112.72241973876953
PER_DQN,0,155.05458068847656
PER_DQN,0,147.0889892578125
PER_DQN,0,134.50250244140625
PER_DQN,0,105.58717346191406
PER_DQN,0,149.10755920410156
PER_DQN,0,140.04261779785156
PER_DQN,0,130.3786163330078
PER_DQN,0,100.7347640991211
PER_DQN,0,144.57952880859375
PER_DQN,0,135.1194610595703
PER_DQN,0,127.15714263916016
PER_DQN,0,100.99057006835938
PER_DQN,0,142.6808319091797
PER_DQN,0,132.60829162597656
PER_DQN,0,125.16577911376953
PER_DQN,0,105.11161041259766
PER_DQN,0,142.0004119873047
PER_DQN,0,131.33531188964844
PER_DQN,0,120.78052520751953
PER_DQN,0,102.48958587646484
PER_DQN,0,137.83871459960938
PER_DQN,0,128.39639282226562
PER_DQN,0,89.31855010986328
PER_DQN,0,42.585540771484375
PER_DQN,0,145.5746307373047
PER_DQN,0,52.753475189208984
PER_DQN,0,13.076961517333984
PER_DQN,0,-23.23124122619629
PER_DQN,0,40.4144172668457
PER_DQN,0,-3.296398639678955
PER_DQN,0,-58.05721664428711
PER_DQN,0,-75.24698638916016
PER_DQN,0,-29.390010833740234
PER_DQN,0,-74.54066467285156
PER_DQN,0,-91.40033721923828
PER_DQN,0,-103.7162857055664
PER_DQN,0,-57.923274993896484
PER_DQN,0,-117.72988891601562
PER_DQN,0,-106.37287139892578
PER_DQN,0,-109.46187591552734
PER_DQN,0,-65.28104400634766
PER_DQN,0,-147.4553680419922
PER_DQN,0,147.64068603515625
PER_DQN,0,149.1163787841797
PER_DQN,0,145.87387084960938
PER_DQN,0,144.18923950195312
PER_DQN,0,144.7025909423828
PER_DQN,0,146.29080200195312
PER_DQN,0,143.31593322753906
PER_DQN,0,141.5223388671875
PER_DQN,0,141.79837036132812
PER_DQN,0,143.61862182617188
PER_DQN,0,140.74978637695312
PER_DQN,0,138.95941162109375
PER_DQN,0,140.0638427734375
PER_DQN,0,142.26968383789062
PER_DQN,0,139.41836547851562
PER_DQN,0,137.99801635742188
PER_DQN,0,140.67372131347656
PER_DQN,0,143.07583618164062
PER_DQN,0,140.33242797851562
PER_DQN,0,139.5084991455078
PER_DQN,0,140.54335021972656
PER_DQN,0,143.2049560546875
PER_DQN,0,140.49774169921875
PER_DQN,0,140.42771911621094
PER_DQN,0,141.78524780273438
PER_DQN,0,144.5747528076172
PER_DQN,0,141.92062377929688
PER_DQN,0,142.2086639404297
PER_DQN,0,142.59536743164062
PER_DQN,0,145.4385223388672
PER_DQN,0,142.97488403320312
PER_DQN,0,143.5504150390625
PER_DQN,0,144.23959350585938
PER_DQN,0,147.00584411621094
PER_DQN,0,144.8812255859375
PER_DQN,0,145.92510986328125
PER_DQN,0,147.18826293945312
PER_DQN,0,149.77960205078125
PER_DQN,0,147.85263061523438
PER_DQN,0,149.4410858154297
PER_DQN,0,151.26983642578125
PER_DQN,0,153.7508544921875
PER_DQN,0,151.79544067382812
PER_DQN,0,154.27743530273438
PER_DQN,0,151.40431213378906
PER_DQN,0,153.6017608642578
PER_DQN,0,151.42523193359375
PER_DQN,0,152.87135314941406
PER_DQN,0,155.52745056152344
PER_DQN,0,157.54971313476562
PER_DQN,0,155.4189453125
PER_DQN,0,157.7213897705078
PER_DQN,0,157.77011108398438
PER_DQN,0,159.287841796875
PER_DQN,0,157.18316650390625
PER_DQN,0,158.69309997558594
PER_DQN,0,164.23497009277344
PER_DQN,0,165.28794860839844
PER_DQN,0,163.4918212890625
PER_DQN,0,166.09913635253906
PER_DQN,0,164.02481079101562
PER_DQN,0,163.78579711914062
PER_DQN,0,163.37344360351562
PER_DQN,0,164.69522094726562
PER_DQN,0,167.2022247314453
PER_DQN,0,164.83111572265625
PER_DQN,0,167.40811157226562
PER_DQN,0,167.0157012939453
PER_DQN,0,168.08816528320312
PER_DQN,0,165.18118286132812
PER_DQN,0,168.71682739257812
PER_DQN,0,168.11422729492188
PER_DQN,0,161.65513610839844
PER_DQN,0,159.4126739501953
PER_DQN,0,162.04782104492188
PER_DQN,0,161.36880493164062
PER_DQN,0,154.38352966308594
PER_DQN,0,153.2498016357422
PER_DQN,0,154.22994995117188
PER_DQN,0,153.83485412597656
PER_DQN,0,159.91152954101562
PER_DQN,0,157.27320861816406
PER_DQN,0,160.34194946289062
PER_DQN,0,159.59805297851562
PER_DQN,0,157.3433837890625
PER_DQN,0,154.88037109375
PER_DQN,0,157.89926147460938
PER_DQN,0,157.05332946777344
PER_DQN,0,156.46487426757812
PER_DQN,0,154.0806427001953
PER_DQN,0,156.841552734375
PER_DQN,0,156.29391479492188
PER_DQN,0,154.01171875
PER_DQN,0,152.00991821289062
PER_DQN,0,154.15106201171875
PER_DQN,0,153.8516082763672
PER_DQN,0,154.5651397705078
PER_DQN,0,152.23793029785156
PER_DQN,0,154.91925048828125
PER_DQN,0,154.54995727539062
PER_DQN,0,153.05508422851562
PER_DQN,0,150.69093322753906
PER_DQN,0,153.51409912109375
PER_DQN,0,152.9934844970703
PER_DQN,0,151.32278442382812
PER_DQN,0,148.6465301513672
PER_DQN,0,152.0665283203125
PER_DQN,0,150.80873107910156
PER_DQN,0,149.78900146484375
PER_DQN,0,147.52706909179688
PER_DQN,0,150.24929809570312
PER_DQN,0,149.37306213378906
PER_DQN,0,145.86386108398438
PER_DQN,0,144.02069091796875
PER_DQN,0,146.4562530517578
PER_DQN,0,145.1299285888672
PER_DQN,0,144.12307739257812
PER_DQN,0,142.45323181152344
PER_DQN,0,144.65701293945312
PER_DQN,0,142.7000732421875
PER_DQN,0,142.8095245361328
PER_DQN,0,141.35279846191406
PER_DQN,0,143.3111572265625
PER_DQN,0,141.40406799316406
PER_DQN,0,142.10934448242188
PER_DQN,0,140.77857971191406
PER_DQN,0,142.46499633789062
PER_DQN,0,140.12364196777344
PER_DQN,0,141.6956787109375
PER_DQN,0,140.7040557861328
PER_DQN,0,141.8982391357422
PER_DQN,0,140.028564453125
PER_DQN,0,141.28701782226562
PER_DQN,0,140.52783203125
PER_DQN,0,141.3343505859375
PER_DQN,0,139.7505645751953
PER_DQN,0,140.86846923828125
PER_DQN,0,140.20851135253906
PER_DQN,0,140.72991943359375
PER_DQN,0,138.9717254638672
PER_DQN,0,142.05166625976562
PER_DQN,0,140.9971160888672
PER_DQN,0,141.63455200195312
PER_DQN,0,139.0235595703125
PER_DQN,0,142.55661010742188
PER_DQN,0,141.095947265625
PER_DQN,0,141.84420776367188
PER_DQN,0,138.2424774169922
PER_DQN,0,143.9253387451172
PER_DQN,0,141.43389892578125
PER_DQN,0,143.24354553222656
PER_DQN,0,138.52806091308594
PER_DQN,0,142.5096435546875
PER_DQN,0,139.1920928955078
PER_DQN,0,142.8189697265625
PER_DQN,0,137.22836303710938
PER_DQN,0,143.08819580078125
PER_DQN,0,139.35806274414062
PER_DQN,0,143.46661376953125
PER_DQN,0,137.4025115966797
PER_DQN,0,143.84579467773438
PER_DQN,0,140.44378662109375
PER_DQN,0,143.11361694335938
PER_DQN,0,137.52088928222656
PER_DQN,0,145.35482788085938
PER_DQN,0,141.12596130371094
PER_DQN,0,145.5806884765625
PER_DQN,0,139.48048400878906
PER_DQN,0,145.98838806152344
PER_DQN,0,141.9595947265625
PER_DQN,0,145.59136962890625
PER_DQN,0,140.19497680664062
PER_DQN,0,146.6802215576172
PER_DQN,0,142.03623962402344
PER_DQN,0,146.93338012695312
PER_DQN,0,140.99378967285156
PER_DQN,0,145.61807250976562
PER_DQN,0,141.1937713623047
PER_DQN,0,145.353515625
PER_DQN,0,140.38612365722656
PER_DQN,0,146.2976837158203
PER_DQN,0,141.34022521972656
PER_DQN,0,146.6433868408203
PER_DQN,0,141.56802368164062
PER_DQN,0,144.43722534179688
PER_DQN,0,139.46688842773438
PER_DQN,0,144.6737823486328
PER_DQN,0,140.4066925048828
PER_DQN,0,143.7552947998047
PER_DQN,0,138.53770446777344
PER_DQN,0,144.18746948242188
PER_DQN,0,140.37802124023438
PER_DQN,0,144.68435668945312
PER_DQN,0,139.66537475585938
PER_DQN,0,144.38436889648438
PER_DQN,0,141.4244842529297
PER_DQN,0,145.50802612304688
PER_DQN,0,139.92001342773438
PER_DQN,0,145.9540252685547
PER_DQN,0,143.1739501953125
PER_DQN,0,143.85061645507812
PER_DQN,0,139.14508056640625
PER_DQN,0,142.5467529296875
PER_DQN,0,141.541259765625
PER_DQN,0,143.63160705566406
PER_DQN,0,138.25672912597656
PER_DQN,0,141.6336669921875
PER_DQN,0,142.45870971679688
PER_DQN,0,143.46092224121094
PER_DQN,0,137.33689880371094
PER_DQN,0,140.80789184570312
PER_DQN,0,143.47181701660156
PER_DQN,0,148.3826446533203
PER_DQN,0,140.57977294921875
PER_DQN,0,146.36190795898438
PER_DQN,0,148.86073303222656
PER_DQN,0,154.09788513183594
PER_DQN,0,144.17527770996094
PER_DQN,0,153.39822387695312
PER_DQN,0,154.8207244873047
PER_DQN,0,159.31922912597656
PER_DQN,0,146.80995178222656
PER_DQN,0,160.15985107421875
PER_DQN,0,160.9387969970703
PER_DQN,0,164.52210998535156
PER_DQN,0,149.37353515625
PER_DQN,0,166.78738403320312
PER_DQN,0,166.9629669189453
PER_DQN,0,166.5377960205078
PER_DQN,0,149.72364807128906
PER_DQN,0,170.46551513671875
PER_DQN,0,170.7522735595703
PER_DQN,0,164.33311462402344
PER_DQN,0,146.1612548828125
PER_DQN,0,170.6620635986328
PER_DQN,0,171.00979614257812
PER_DQN,0,163.1951446533203
PER_DQN,0,144.17384338378906
PER_DQN,0,171.66360473632812
PER_DQN,0,172.66932678222656
PER_DQN,0,161.273681640625
PER_DQN,0,141.48374938964844
PER_DQN,0,170.96665954589844
PER_DQN,0,173.71739196777344
PER_DQN,0,157.7640380859375
PER_DQN,0,138.64218139648438
PER_DQN,0,171.481689453125
PER_DQN,0,170.7740020751953
PER_DQN,0,151.4662628173828
PER_DQN,0,132.20484924316406
PER_DQN,0,163.7215576171875
PER_DQN,0,162.77745056152344
PER_DQN,0,148.05125427246094
PER_DQN,0,128.76312255859375
PER_DQN,0,159.53233337402344
PER_DQN,0,157.97018432617188
PER_DQN,0,142.92742919921875
PER_DQN,0,122.93153381347656
PER_DQN,0,153.6208953857422
PER_DQN,0,150.52120971679688
PER_DQN,0,145.34262084960938
PER_DQN,0,124.51966094970703
PER_DQN,0,155.25482177734375
PER_DQN,0,152.43394470214844
PER_DQN,0,148.34986877441406
PER_DQN,0,127.16645050048828
PER_DQN,0,158.9197235107422
PER_DQN,0,155.7317657470703
PER_DQN,0,148.43653869628906
PER_DQN,0,126.56917572021484
PER_DQN,0,158.30575561523438
PER_DQN,0,155.0873260498047
PER_DQN,0,141.44180297851562
PER_DQN,0,121.36035919189453
PER_DQN,0,156.75592041015625
PER_DQN,0,149.13523864746094
PER_DQN,0,138.2847137451172
PER_DQN,0,115.77916717529297
PER_DQN,0,153.4925079345703
PER_DQN,0,145.06234741210938
PER_DQN,0,135.48348999023438
PER_DQN,0,111.67078399658203
PER_DQN,0,150.035888671875
PER_DQN,0,141.1606903076172
PER_DQN,0,131.02671813964844
PER_DQN,0,111.14954376220703
PER_DQN,0,146.02117919921875
PER_DQN,0,136.01856994628906
PER_DQN,0,122.51215362548828
PER_DQN,0,103.1110610961914
PER_DQN,0,136.8414306640625
PER_DQN,0,125.90397644042969
PER_DQN,0,113.68392181396484
PER_DQN,0,95.55852508544922
PER_DQN,0,128.06788635253906
PER_DQN,0,117.17970275878906
PER_DQN,0,113.1775131225586
PER_DQN,0,94.90364837646484
PER_DQN,0,126.02444458007812
PER_DQN,0,117.25646209716797
PER_DQN,0,103.69161224365234
PER_DQN,0,86.3237533569336
PER_DQN,0,115.75627899169922
PER_DQN,0,108.10783386230469
PER_DQN,0,4.350368022918701
PER_DQN,0,-29.5529727935791
PER_DQN,0,22.302631378173828
PER_DQN,0,-10.712437629699707
PER_DQN,0,-63.27254867553711
PER_DQN,0,-70.5663070678711
PER_DQN,0,-38.24343490600586
PER_DQN,0,-73.17633056640625
PER_DQN,0,-83.25308990478516
PER_DQN,0,-93.28803253173828
PER_DQN,0,-56.659725189208984
PER_DQN,0,-103.83729553222656
PER_DQN,0,-93.22210693359375
PER_DQN,0,-89.12065887451172
PER_DQN,0,-59.473445892333984
PER_DQN,0,-127.47445678710938
PER_DQN,0,-93.2848892211914
PER_DQN,0,-125.47410583496094
PER_DQN,0,-175.95535278320312
PER_DQN,0,-174.2986602783203
PER_DQN,0,-99.66266632080078
PER_DQN,0,-119.3298110961914
PER_DQN,0,-167.66726684570312
PER_DQN,0,-178.6938934326172
PER_DQN,0,147.64068603515625
PER_DQN,0,149.1163787841797
PER_DQN,0,145.87387084960938
PER_DQN,0,144.18923950195312
PER_DQN,0,144.7025909423828
PER_DQN,0,146.29080200195312
PER_DQN,0,143.31593322753906
PER_DQN,0,141.5223388671875
PER_DQN,0,141.79837036132812
PER_DQN,0,143.61862182617188
PER_DQN,0,140.74978637695312
PER_DQN,0,138.95941162109375
PER_DQN,0,140.0638427734375
PER_DQN,0,142.26968383789062
PER_DQN,0,139.41836547851562
PER_DQN,0,137.99801635742188
PER_DQN,0,140.67372131347656
PER_DQN,0,143.07583618164062
PER_DQN,0,140.33242797851562
PER_DQN,0,139.5084991455078
PER_DQN,0,140.54335021972656
PER_DQN,0,143.2049560546875
PER_DQN,0,140.49774169921875
PER_DQN,0,140.42771911621094
PER_DQN,0,141.78524780273438
PER_DQN,0,144.5747528076172
PER_DQN,0,141.92062377929688
PER_DQN,0,142.2086639404297
PER_DQN,0,142.59536743164062
PER_DQN,0,145.4385223388672
PER_DQN,0,142.97488403320312
PER_DQN,0,143.5504150390625
PER_DQN,0,144.23959350585938
PER_DQN,0,147.00584411621094
PER_DQN,0,144.8812255859375
PER_DQN,0,145.92510986328125
PER_DQN,0,147.18826293945312
PER_DQN,0,149.77960205078125
PER_DQN,0,147.85263061523438
PER_DQN,0,149.4410858154297
PER_DQN,0,151.26983642578125
PER_DQN,0,153.7508544921875
PER_DQN,0,151.79544067382812
PER_DQN,0,154.27743530273438
PER_DQN,0,151.40431213378906
PER_DQN,0,153.6017608642578
PER_DQN,0,151.42523193359375
PER_DQN,0,152.87135314941406
PER_DQN,0,155.52745056152344
PER_DQN,0,157.54971313476562
PER_DQN,0,155.4189453125
PER_DQN,0,157.7213897705078
PER_DQN,0,157.77011108398438
PER_DQN,0,159.287841796875
PER_DQN,0,157.18316650390625
PER_DQN,0,158.69309997558594
PER_DQN,0,164.23497009277344
PER_DQN,0,165.28794860839844
PER_DQN,0,163.4918212890625
PER_DQN,0,166.09913635253906
PER_DQN,0,164.02481079101562
PER_DQN,0,163.78579711914062
PER_DQN,0,163.37344360351562
PER_DQN,0,164.69522094726562
PER_DQN,0,167.2022247314453
PER_DQN,0,164.83111572265625
PER_DQN,0,167.40811157226562
PER_DQN,0,167.0157012939453
PER_DQN,0,168.08816528320312
PER_DQN,0,165.18118286132812
PER_DQN,0,168.71682739257812
PER_DQN,0,168.11422729492188
PER_DQN,0,161.65513610839844
PER_DQN,0,159.4126739501953
PER_DQN,0,162.04782104492188
PER_DQN,0,161.36880493164062
PER_DQN,0,154.38352966308594
PER_DQN,0,153.2498016357422
PER_DQN,0,154.22994995117188
PER_DQN,0,153.83485412597656
PER_DQN,0,159.91152954101562
PER_DQN,0,157.27320861816406
PER_DQN,0,160.34194946289062
PER_DQN,0,159.59805297851562
PER_DQN,0,157.3433837890625
PER_DQN,0,154.88037109375
PER_DQN,0,157.89926147460938
PER_DQN,0,157.05332946777344
PER_DQN,0,156.46487426757812
PER_DQN,0,154.0806427001953
PER_DQN,0,156.841552734375
PER_DQN,0,156.29391479492188
PER_DQN,0,154.01171875
PER_DQN,0,152.00991821289062
PER_DQN,0,154.15106201171875
PER_DQN,0,153.8516082763672
PER_DQN,0,154.5651397705078
PER_DQN,0,152.23793029785156
PER_DQN,0,154.91925048828125
PER_DQN,0,154.54995727539062
PER_DQN,0,153.05508422851562
PER_DQN,0,150.69093322753906
PER_DQN,0,153.51409912109375
PER_DQN,0,152.9934844970703
PER_DQN,0,151.32278442382812
PER_DQN,0,148.6465301513672
PER_DQN,0,152.0665283203125
PER_DQN,0,150.80873107910156
PER_DQN,0,149.78900146484375
PER_DQN,0,147.52706909179688
PER_DQN,0,150.24929809570312
PER_DQN,0,149.37306213378906
PER_DQN,0,145.86386108398438
PER_DQN,0,144.02069091796875
PER_DQN,0,146.4562530517578
PER_DQN,0,145.1299285888672
PER_DQN,0,144.12307739257812
PER_DQN,0,142.45323181152344
PER_DQN,0,144.65701293945312
PER_DQN,0,142.7000732421875
PER_DQN,0,142.8095245361328
PER_DQN,0,141.35279846191406
PER_DQN,0,143.3111572265625
PER_DQN,0,141.40406799316406
PER_DQN,0,142.10934448242188
PER_DQN,0,140.77857971191406
PER_DQN,0,142.46499633789062
PER_DQN,0,140.12364196777344
PER_DQN,0,141.6956787109375
PER_DQN,0,140.7040557861328
PER_DQN,0,141.8982391357422
PER_DQN,0,140.028564453125
PER_DQN,0,141.28701782226562
PER_DQN,0,140.52783203125
PER_DQN,0,141.3343505859375
PER_DQN,0,139.7505645751953
PER_DQN,0,140.86846923828125
PER_DQN,0,140.20851135253906
PER_DQN,0,140.72991943359375
PER_DQN,0,138.9717254638672
PER_DQN,0,142.05166625976562
PER_DQN,0,140.9971160888672
PER_DQN,0,141.63455200195312
PER_DQN,0,139.0235595703125
PER_DQN,0,142.55661010742188
PER_DQN,0,141.095947265625
PER_DQN,0,141.84420776367188
PER_DQN,0,138.2424774169922
PER_DQN,0,143.9253387451172
PER_DQN,0,141.43389892578125
PER_DQN,0,143.24354553222656
PER_DQN,0,138.52806091308594
PER_DQN,0,142.5096435546875
PER_DQN,0,139.1920928955078
PER_DQN,0,142.8189697265625
PER_DQN,0,137.22836303710938
PER_DQN,0,143.08819580078125
PER_DQN,0,139.35806274414062
PER_DQN,0,143.46661376953125
PER_DQN,0,137.4025115966797
PER_DQN,0,143.84579467773438
PER_DQN,0,140.44378662109375
PER_DQN,0,143.11361694335938
PER_DQN,0,137.52088928222656
PER_DQN,0,145.35482788085938
PER_DQN,0,141.12596130371094
PER_DQN,0,145.5806884765625
PER_DQN,0,139.48048400878906
PER_DQN,0,145.98838806152344
PER_DQN,0,141.9595947265625
PER_DQN,0,145.59136962890625
PER_DQN,0,140.19497680664062
PER_DQN,0,146.6802215576172
PER_DQN,0,142.03623962402344
PER_DQN,0,146.93338012695312
PER_DQN,0,140.99378967285156
PER_DQN,0,145.61807250976562
PER_DQN,0,141.1937713623047
PER_DQN,0,145.353515625
PER_DQN,0,140.38612365722656
PER_DQN,0,146.2976837158203
PER_DQN,0,141.34022521972656
PER_DQN,0,146.6433868408203
PER_DQN,0,141.56802368164062
PER_DQN,0,144.43722534179688
PER_DQN,0,139.46688842773438
PER_DQN,0,144.6737823486328
PER_DQN,0,140.4066925048828
PER_DQN,0,143.7552947998047
PER_DQN,0,138.53770446777344
PER_DQN,0,144.18746948242188
PER_DQN,0,140.37802124023438
PER_DQN,0,144.68435668945312
PER_DQN,0,139.66537475585938
PER_DQN,0,144.38436889648438
PER_DQN,0,141.4244842529297
PER_DQN,0,145.50802612304688
PER_DQN,0,139.92001342773438
PER_DQN,0,145.9540252685547
PER_DQN,0,143.1739501953125
PER_DQN,0,143.85061645507812
PER_DQN,0,139.14508056640625
PER_DQN,0,142.5467529296875
PER_DQN,0,141.541259765625
PER_DQN,0,143.63160705566406
PER_DQN,0,138.25672912597656
PER_DQN,0,141.6336669921875
PER_DQN,0,142.45870971679688
PER_DQN,0,143.46092224121094
PER_DQN,0,137.33689880371094
PER_DQN,0,140.80789184570312
PER_DQN,0,143.47181701660156
PER_DQN,0,148.3826446533203
PER_DQN,0,140.57977294921875
PER_DQN,0,146.36190795898438
PER_DQN,0,148.86073303222656
PER_DQN,0,154.09788513183594
PER_DQN,0,144.17527770996094
PER_DQN,0,153.39822387695312
PER_DQN,0,154.8207244873047
PER_DQN,0,159.31922912597656
PER_DQN,0,146.80995178222656
PER_DQN,0,160.15985107421875
PER_DQN,0,160.9387969970703
PER_DQN,0,164.52210998535156
PER_DQN,0,149.37353515625
PER_DQN,0,166.78738403320312
PER_DQN,0,166.9629669189453
PER_DQN,0,166.5377960205078
PER_DQN,0,149.72364807128906
PER_DQN,0,170.46551513671875
PER_DQN,0,170.7522735595703
PER_DQN,0,164.33311462402344
PER_DQN,0,146.1612548828125
PER_DQN,0,170.6620635986328
PER_DQN,0,171.00979614257812
PER_DQN,0,163.1951446533203
PER_DQN,0,144.17384338378906
PER_DQN,0,171.66360473632812
PER_DQN,0,172.66932678222656
PER_DQN,0,161.273681640625
PER_DQN,0,141.48374938964844
PER_DQN,0,170.96665954589844
PER_DQN,0,173.71739196777344
PER_DQN,0,157.7640380859375
PER_DQN,0,138.64218139648438
PER_DQN,0,171.481689453125
PER_DQN,0,170.7740020751953
PER_DQN,0,151.4662628173828
PER_DQN,0,132.20484924316406
PER_DQN,0,163.7215576171875
PER_DQN,0,162.77745056152344
PER_DQN,0,148.05125427246094
PER_DQN,0,128.76312255859375
PER_DQN,0,159.53233337402344
PER_DQN,0,157.97018432617188
PER_DQN,0,142.92742919921875
PER_DQN,0,122.93153381347656
PER_DQN,0,153.6208953857422
PER_DQN,0,150.52120971679688
PER_DQN,0,145.34262084960938
PER_DQN,0,124.51966094970703
PER_DQN,0,155.25482177734375
PER_DQN,0,152.43394470214844
PER_DQN,0,148.34986877441406
PER_DQN,0,127.16645050048828
PER_DQN,0,158.9197235107422
PER_DQN,0,155.7317657470703
PER_DQN,0,148.43653869628906
PER_DQN,0,126.56917572021484
PER_DQN,0,158.30575561523438
PER_DQN,0,155.0873260498047
PER_DQN,0,145.4554443359375
PER_DQN,0,123.95471954345703
PER_DQN,0,157.17333984375
PER_DQN,0,152.37001037597656
PER_DQN,0,141.88265991210938
PER_DQN,0,120.81559753417969
PER_DQN,0,154.7962646484375
PER_DQN,0,148.9853973388672
PER_DQN,0,137.0359649658203
PER_DQN,0,116.2340087890625
PER_DQN,0,150.44058227539062
PER_DQN,0,143.90077209472656
PER_DQN,0,132.29368591308594
PER_DQN,0,111.08965301513672
PER_DQN,0,144.54611206054688
PER_DQN,0,136.76219177246094
PER_DQN,0,124.15081787109375
PER_DQN,0,103.27802276611328
PER_DQN,0,135.96719360351562
PER_DQN,0,127.15977478027344
PER_DQN,0,117.18546295166016
PER_DQN,0,97.43189239501953
PER_DQN,0,128.60800170898438
PER_DQN,0,119.59152221679688
PER_DQN,0,118.08915710449219
PER_DQN,0,98.20714569091797
PER_DQN,0,127.85257720947266
PER_DQN,0,120.56671905517578
PER_DQN,0,107.00419616699219
PER_DQN,0,87.95255279541016
PER_DQN,0,116.01384735107422
PER_DQN,0,109.11466979980469
PER_DQN,0,77.97737121582031
PER_DQN,0,49.56221389770508
PER_DQN,0,114.0384750366211
PER_DQN,0,47.4175910949707
PER_DQN,0,2.7959322929382324
PER_DQN,0,-27.722078323364258
PER_DQN,0,10.774234771728516
PER_DQN,0,-17.637866973876953
PER_DQN,0,-53.493534088134766
PER_DQN,0,-59.648895263671875
PER_DQN,0,-30.939449310302734
PER_DQN,0,-59.666629791259766
PER_DQN,0,-90.386962890625
PER_DQN,0,-85.15412139892578
PER_DQN,0,-53.25625228881836
PER_DQN,0,-114.37556457519531
PER_DQN,0,-74.44774627685547
PER_DQN,0,-55.510223388671875
PER_DQN,0,-44.727718353271484
PER_DQN,0,-105.28843688964844
PER_DQN,0,147.64068603515625
PER_DQN,0,149.1163787841797
PER_DQN,0,145.87387084960938
PER_DQN,0,144.18923950195312
PER_DQN,0,144.7025909423828
PER_DQN,0,146.29080200195312
PER_DQN,0,143.31593322753906
PER_DQN,0,141.5223388671875
PER_DQN,0,141.79837036132812
PER_DQN,0,143.61862182617188
PER_DQN,0,140.74978637695312
PER_DQN,0,138.95941162109375
PER_DQN,0,140.0638427734375
PER_DQN,0,142.26968383789062
PER_DQN,0,139.41836547851562
PER_DQN,0,137.99801635742188
PER_DQN,0,140.67372131347656
PER_DQN,0,143.07583618164062
PER_DQN,0,140.33242797851562
PER_DQN,0,139.5084991455078
PER_DQN,0,140.54335021972656
PER_DQN,0,143.2049560546875
PER_DQN,0,140.49774169921875
PER_DQN,0,140.42771911621094
PER_DQN,0,141.78524780273438
PER_DQN,0,144.5747528076172
PER_DQN,0,141.92062377929688
PER_DQN,0,142.2086639404297
PER_DQN,0,142.59536743164062
PER_DQN,0,145.4385223388672
PER_DQN,0,142.97488403320312
PER_DQN,0,143.5504150390625
PER_DQN,0,144.23959350585938
PER_DQN,0,147.00584411621094
PER_DQN,0,144.8812255859375
PER_DQN,0,145.92510986328125
PER_DQN,0,147.18826293945312
PER_DQN,0,149.77960205078125
PER_DQN,0,147.85263061523438
PER_DQN,0,149.4410858154297
PER_DQN,0,151.26983642578125
PER_DQN,0,153.7508544921875
PER_DQN,0,151.79544067382812
PER_DQN,0,154.27743530273438
PER_DQN,0,151.40431213378906
PER_DQN,0,153.6017608642578
PER_DQN,0,151.42523193359375
PER_DQN,0,152.87135314941406
PER_DQN,0,155.52745056152344
PER_DQN,0,157.54971313476562
PER_DQN,0,155.4189453125
PER_DQN,0,157.7213897705078
PER_DQN,0,157.77011108398438
PER_DQN,0,159.287841796875
PER_DQN,0,157.18316650390625
PER_DQN,0,158.69309997558594
PER_DQN,0,164.23497009277344
PER_DQN,0,165.28794860839844
PER_DQN,0,163.4918212890625
PER_DQN,0,166.09913635253906
PER_DQN,0,164.02481079101562
PER_DQN,0,163.78579711914062
PER_DQN,0,163.37344360351562
PER_DQN,0,164.69522094726562
PER_DQN,0,167.2022247314453
PER_DQN,0,164.83111572265625
PER_DQN,0,167.40811157226562
PER_DQN,0,167.0157012939453
PER_DQN,0,168.08816528320312
PER_DQN,0,165.18118286132812
PER_DQN,0,168.71682739257812
PER_DQN,0,168.11422729492188
PER_DQN,0,161.65513610839844
PER_DQN,0,159.4126739501953
PER_DQN,0,162.04782104492188
PER_DQN,0,161.36880493164062
PER_DQN,0,154.38352966308594
PER_DQN,0,153.2498016357422
PER_DQN,0,154.22994995117188
PER_DQN,0,153.83485412597656
PER_DQN,0,159.91152954101562
PER_DQN,0,157.27320861816406
PER_DQN,0,160.34194946289062
PER_DQN,0,159.59805297851562
PER_DQN,0,157.3433837890625
PER_DQN,0,154.88037109375
PER_DQN,0,157.89926147460938
PER_DQN,0,157.05332946777344
PER_DQN,0,156.46487426757812
PER_DQN,0,154.0806427001953
PER_DQN,0,156.841552734375
PER_DQN,0,156.29391479492188
PER_DQN,0,154.01171875
PER_DQN,0,152.00991821289062
PER_DQN,0,154.15106201171875
PER_DQN,0,153.8516082763672
PER_DQN,0,154.5651397705078
PER_DQN,0,152.23793029785156
PER_DQN,0,154.91925048828125
PER_DQN,0,154.54995727539062
PER_DQN,0,153.05508422851562
PER_DQN,0,150.69093322753906
PER_DQN,0,153.51409912109375
PER_DQN,0,152.9934844970703
PER_DQN,0,151.32278442382812
PER_DQN,0,148.6465301513672
PER_DQN,0,152.0665283203125
PER_DQN,0,150.80873107910156
PER_DQN,0,149.78900146484375
PER_DQN,0,147.52706909179688
PER_DQN,0,150.24929809570312
PER_DQN,0,149.37306213378906
PER_DQN,0,145.86386108398438
PER_DQN,0,144.02069091796875
PER_DQN,0,146.4562530517578
PER_DQN,0,145.1299285888672
PER_DQN,0,144.12307739257812
PER_DQN,0,142.45323181152344
PER_DQN,0,144.65701293945312
PER_DQN,0,142.7000732421875
PER_DQN,0,142.8095245361328
PER_DQN,0,141.35279846191406
PER_DQN,0,143.3111572265625
PER_DQN,0,141.40406799316406
PER_DQN,0,142.10934448242188
PER_DQN,0,140.77857971191406
PER_DQN,0,142.46499633789062
PER_DQN,0,140.12364196777344
PER_DQN,0,141.6956787109375
PER_DQN,0,140.7040557861328
PER_DQN,0,141.8982391357422
PER_DQN,0,140.028564453125
PER_DQN,0,141.28701782226562
PER_DQN,0,140.52783203125
PER_DQN,0,141.3343505859375
PER_DQN,0,139.7505645751953
PER_DQN,0,140.86846923828125
PER_DQN,0,140.20851135253906
PER_DQN,0,140.72991943359375
PER_DQN,0,138.9717254638672
PER_DQN,0,142.05166625976562
PER_DQN,0,140.9971160888672
PER_DQN,0,141.63455200195312
PER_DQN,0,139.0235595703125
PER_DQN,0,142.55661010742188
PER_DQN,0,141.095947265625
PER_DQN,0,141.84420776367188
PER_DQN,0,138.2424774169922
PER_DQN,0,143.9253387451172
PER_DQN,0,141.43389892578125
PER_DQN,0,143.24354553222656
PER_DQN,0,138.52806091308594
PER_DQN,0,142.5096435546875
PER_DQN,0,139.1920928955078
PER_DQN,0,142.8189697265625
PER_DQN,0,137.22836303710938
PER_DQN,0,143.08819580078125
PER_DQN,0,139.35806274414062
PER_DQN,0,143.46661376953125
PER_DQN,0,137.4025115966797
PER_DQN,0,143.84579467773438
PER_DQN,0,140.44378662109375
PER_DQN,0,143.11361694335938
PER_DQN,0,137.52088928222656
PER_DQN,0,145.35482788085938
PER_DQN,0,141.12596130371094
PER_DQN,0,145.5806884765625
PER_DQN,0,139.48048400878906
PER_DQN,0,145.98838806152344
PER_DQN,0,141.9595947265625
PER_DQN,0,145.59136962890625
PER_DQN,0,140.19497680664062
PER_DQN,0,146.6802215576172
PER_DQN,0,142.03623962402344
PER_DQN,0,146.93338012695312
PER_DQN,0,140.99378967285156
PER_DQN,0,145.61807250976562
PER_DQN,0,141.1937713623047
PER_DQN,0,145.353515625
PER_DQN,0,140.38612365722656
PER_DQN,0,146.2976837158203
PER_DQN,0,141.34022521972656
PER_DQN,0,146.6433868408203
PER_DQN,0,141.56802368164062
PER_DQN,0,144.43722534179688
PER_DQN,0,139.46688842773438
PER_DQN,0,144.6737823486328
PER_DQN,0,140.4066925048828
PER_DQN,0,143.7552947998047
PER_DQN,0,138.53770446777344
PER_DQN,0,144.18746948242188
PER_DQN,0,140.37802124023438
PER_DQN,0,144.68435668945312
PER_DQN,0,139.66537475585938
PER_DQN,0,144.38436889648438
PER_DQN,0,141.4244842529297
PER_DQN,0,145.50802612304688
PER_DQN,0,139.92001342773438
PER_DQN,0,145.9540252685547
PER_DQN,0,143.1739501953125
PER_DQN,0,143.85061645507812
PER_DQN,0,139.14508056640625
PER_DQN,0,142.5467529296875
PER_DQN,0,141.541259765625
PER_DQN,0,143.63160705566406
PER_DQN,0,138.25672912597656
PER_DQN,0,141.6336669921875
PER_DQN,0,142.45870971679688
PER_DQN,0,143.46092224121094
PER_DQN,0,137.33689880371094
PER_DQN,0,140.80789184570312
PER_DQN,0,143.47181701660156
PER_DQN,0,148.3826446533203
PER_DQN,0,140.57977294921875
PER_DQN,0,146.36190795898438
PER_DQN,0,148.86073303222656
PER_DQN,0,154.09788513183594
PER_DQN,0,144.17527770996094
PER_DQN,0,153.39822387695312
PER_DQN,0,154.8207244873047
PER_DQN,0,159.31922912597656
PER_DQN,0,146.80995178222656
PER_DQN,0,160.15985107421875
PER_DQN,0,160.9387969970703
PER_DQN,0,164.52210998535156
PER_DQN,0,149.37353515625
PER_DQN,0,166.78738403320312
PER_DQN,0,166.9629669189453
PER_DQN,0,166.5377960205078
PER_DQN,0,149.72364807128906
PER_DQN,0,170.46551513671875
PER_DQN,0,170.7522735595703
PER_DQN,0,164.33311462402344
PER_DQN,0,146.1612548828125
PER_DQN,0,170.6620635986328
PER_DQN,0,171.00979614257812
PER_DQN,0,163.1951446533203
PER_DQN,0,144.17384338378906
PER_DQN,0,171.66360473632812
PER_DQN,0,172.66932678222656
PER_DQN,0,161.273681640625
PER_DQN,0,141.48374938964844
PER_DQN,0,170.96665954589844
PER_DQN,0,173.71739196777344
PER_DQN,0,157.7640380859375
PER_DQN,0,138.64218139648438
PER_DQN,0,171.481689453125
PER_DQN,0,170.7740020751953
PER_DQN,0,151.4662628173828
PER_DQN,0,132.20484924316406
PER_DQN,0,163.7215576171875
PER_DQN,0,162.77745056152344
PER_DQN,0,148.05125427246094
PER_DQN,0,128.76312255859375
PER_DQN,0,159.53233337402344
PER_DQN,0,157.97018432617188
PER_DQN,0,142.92742919921875
PER_DQN,0,122.93153381347656
PER_DQN,0,153.6208953857422
PER_DQN,0,150.52120971679688
PER_DQN,0,145.34262084960938
PER_DQN,0,124.51966094970703
PER_DQN,0,155.25482177734375
PER_DQN,0,152.43394470214844
PER_DQN,0,148.34986877441406
PER_DQN,0,127.16645050048828
PER_DQN,0,158.9197235107422
PER_DQN,0,155.7317657470703
PER_DQN,0,148.43653869628906
PER_DQN,0,126.56917572021484
PER_DQN,0,158.30575561523438
PER_DQN,0,155.0873260498047
PER_DQN,0,145.4554443359375
PER_DQN,0,123.95471954345703
PER_DQN,0,157.17333984375
PER_DQN,0,152.37001037597656
PER_DQN,0,141.88265991210938
PER_DQN,0,120.81559753417969
PER_DQN,0,154.7962646484375
PER_DQN,0,148.9853973388672
PER_DQN,0,137.0359649658203
PER_DQN,0,116.2340087890625
PER_DQN,0,150.44058227539062
PER_DQN,0,143.90077209472656
PER_DQN,0,132.29368591308594
PER_DQN,0,111.08965301513672
PER_DQN,0,144.54611206054688
PER_DQN,0,136.76219177246094
PER_DQN,0,124.15081787109375
PER_DQN,0,103.27802276611328
PER_DQN,0,135.96719360351562
PER_DQN,0,127.15977478027344
PER_DQN,0,117.18546295166016
PER_DQN,0,97.43189239501953
PER_DQN,0,128.60800170898438
PER_DQN,0,119.59152221679688
PER_DQN,0,118.08915710449219
PER_DQN,0,98.20714569091797
PER_DQN,0,127.85257720947266
PER_DQN,0,120.56671905517578
PER_DQN,0,107.00419616699219
PER_DQN,0,87.95255279541016
PER_DQN,0,116.01384735107422
PER_DQN,0,109.11466979980469
PER_DQN,0,77.97737121582031
PER_DQN,0,49.56221389770508
PER_DQN,0,114.0384750366211
PER_DQN,0,47.4175910949707
PER_DQN,0,2.7959322929382324
PER_DQN,0,-27.722078323364258
PER_DQN,0,10.774234771728516
PER_DQN,0,-17.637866973876953
PER_DQN,0,-53.493534088134766
PER_DQN,0,-59.648895263671875
PER_DQN,0,-30.939449310302734
PER_DQN,0,-59.666629791259766
PER_DQN,0,-90.386962890625
PER_DQN,0,-85.15412139892578
PER_DQN,0,-53.25625228881836
PER_DQN,0,-114.37556457519531
PER_DQN,0,-74.44774627685547
PER_DQN,0,-55.510223388671875
PER_DQN,0,-44.727718353271484
PER_DQN,0,-105.28843688964844
PER_DQN,0,147.64068603515625
PER_DQN,0,149.1163787841797
PER_DQN,0,145.87387084960938
PER_DQN,0,144.18923950195312
PER_DQN,0,144.7025909423828
PER_DQN,0,146.29080200195312
PER_DQN,0,143.31593322753906
PER_DQN,0,141.5223388671875
PER_DQN,0,141.79837036132812
PER_DQN,0,143.61862182617188
PER_DQN,0,140.74978637695312
PER_DQN,0,138.95941162109375
PER_DQN,0,140.0638427734375
PER_DQN,0,142.26968383789062
PER_DQN,0,139.41836547851562
PER_DQN,0,137.99801635742188
PER_DQN,0,140.67372131347656
PER_DQN,0,143.07583618164062
PER_DQN,0,140.33242797851562
PER_DQN,0,139.5084991455078
PER_DQN,0,140.54335021972656
PER_DQN,0,143.2049560546875
PER_DQN,0,140.49774169921875
PER_DQN,0,140.42771911621094
PER_DQN,0,141.78524780273438
PER_DQN,0,144.5747528076172
PER_DQN,0,141.92062377929688
PER_DQN,0,142.2086639404297
PER_DQN,0,142.59536743164062
PER_DQN,0,145.4385223388672
PER_DQN,0,142.97488403320312
PER_DQN,0,143.5504150390625
PER_DQN,0,144.23959350585938
PER_DQN,0,147.00584411621094
PER_DQN,0,144.8812255859375
PER_DQN,0,145.92510986328125
PER_DQN,0,147.18826293945312
PER_DQN,0,149.77960205078125
PER_DQN,0,147.85263061523438
PER_DQN,0,149.4410858154297
PER_DQN,0,151.26983642578125
PER_DQN,0,153.7508544921875
PER_DQN,0,151.79544067382812
PER_DQN,0,154.27743530273438
PER_DQN,0,151.40431213378906
PER_DQN,0,153.6017608642578
PER_DQN,0,151.42523193359375
PER_DQN,0,152.87135314941406
PER_DQN,0,155.52745056152344
PER_DQN,0,157.54971313476562
PER_DQN,0,155.4189453125
PER_DQN,0,157.7213897705078
PER_DQN,0,157.77011108398438
PER_DQN,0,159.287841796875
PER_DQN,0,157.18316650390625
PER_DQN,0,158.69309997558594
PER_DQN,0,164.23497009277344
PER_DQN,0,165.28794860839844
PER_DQN,0,163.4918212890625
PER_DQN,0,166.09913635253906
PER_DQN,0,164.02481079101562
PER_DQN,0,163.78579711914062
PER_DQN,0,163.37344360351562
PER_DQN,0,164.69522094726562
PER_DQN,0,167.2022247314453
PER_DQN,0,164.83111572265625
PER_DQN,0,167.40811157226562
PER_DQN,0,167.0157012939453
PER_DQN,0,168.08816528320312
PER_DQN,0,165.18118286132812
PER_DQN,0,168.71682739257812
PER_DQN,0,168.11422729492188
PER_DQN,0,161.65513610839844
PER_DQN,0,159.4126739501953
PER_DQN,0,162.04782104492188
PER_DQN,0,161.36880493164062
PER_DQN,0,154.38352966308594
PER_DQN,0,153.2498016357422
PER_DQN,0,154.22994995117188
PER_DQN,0,153.83485412597656
PER_DQN,0,159.91152954101562
PER_DQN,0,157.27320861816406
PER_DQN,0,160.34194946289062
PER_DQN,0,159.59805297851562
PER_DQN,0,157.3433837890625
PER_DQN,0,154.88037109375
PER_DQN,0,157.89926147460938
PER_DQN,0,157.05332946777344
PER_DQN,0,156.46487426757812
PER_DQN,0,154.0806427001953
PER_DQN,0,156.841552734375
PER_DQN,0,156.29391479492188
PER_DQN,0,154.01171875
PER_DQN,0,152.00991821289062
PER_DQN,0,154.15106201171875
PER_DQN,0,153.8516082763672
PER_DQN,0,154.5651397705078
PER_DQN,0,152.23793029785156
PER_DQN,0,154.91925048828125
PER_DQN,0,154.54995727539062
PER_DQN,0,153.05508422851562
PER_DQN,0,150.69093322753906
PER_DQN,0,153.51409912109375
PER_DQN,0,152.9934844970703
PER_DQN,0,151.32278442382812
PER_DQN,0,148.6465301513672
PER_DQN,0,152.0665283203125
PER_DQN,0,150.80873107910156
PER_DQN,0,149.78900146484375
PER_DQN,0,147.52706909179688
PER_DQN,0,150.24929809570312
PER_DQN,0,149.37306213378906
PER_DQN,0,145.86386108398438
PER_DQN,0,144.02069091796875
PER_DQN,0,146.4562530517578
PER_DQN,0,145.1299285888672
PER_DQN,0,144.12307739257812
PER_DQN,0,142.45323181152344
PER_DQN,0,144.65701293945312
PER_DQN,0,142.7000732421875
PER_DQN,0,142.8095245361328
PER_DQN,0,141.35279846191406
PER_DQN,0,143.3111572265625
PER_DQN,0,141.40406799316406
PER_DQN,0,142.10934448242188
PER_DQN,0,140.77857971191406
PER_DQN,0,142.46499633789062
PER_DQN,0,140.12364196777344
PER_DQN,0,141.6956787109375
PER_DQN,0,140.7040557861328
PER_DQN,0,141.8982391357422
PER_DQN,0,140.028564453125
PER_DQN,0,141.28701782226562
PER_DQN,0,140.52783203125
PER_DQN,0,141.3343505859375
PER_DQN,0,139.7505645751953
PER_DQN,0,140.86846923828125
PER_DQN,0,140.20851135253906
PER_DQN,0,140.72991943359375
PER_DQN,0,138.9717254638672
PER_DQN,0,142.05166625976562
PER_DQN,0,140.9971160888672
PER_DQN,0,141.63455200195312
PER_DQN,0,139.0235595703125
PER_DQN,0,142.55661010742188
PER_DQN,0,141.095947265625
PER_DQN,0,141.84420776367188
PER_DQN,0,138.2424774169922
PER_DQN,0,143.9253387451172
PER_DQN,0,141.43389892578125
PER_DQN,0,143.24354553222656
PER_DQN,0,138.52806091308594
PER_DQN,0,142.5096435546875
PER_DQN,0,139.1920928955078
PER_DQN,0,142.8189697265625
PER_DQN,0,137.22836303710938
PER_DQN,0,143.08819580078125
PER_DQN,0,139.35806274414062
PER_DQN,0,143.46661376953125
PER_DQN,0,137.4025115966797
PER_DQN,0,143.84579467773438
PER_DQN,0,140.44378662109375
PER_DQN,0,143.11361694335938
PER_DQN,0,137.52088928222656
PER_DQN,0,145.35482788085938
PER_DQN,0,141.12596130371094
PER_DQN,0,145.5806884765625
PER_DQN,0,139.48048400878906
PER_DQN,0,145.98838806152344
PER_DQN,0,141.9595947265625
PER_DQN,0,145.59136962890625
PER_DQN,0,140.19497680664062
PER_DQN,0,146.6802215576172
PER_DQN,0,142.03623962402344
PER_DQN,0,146.93338012695312
PER_DQN,0,140.99378967285156
PER_DQN,0,145.61807250976562
PER_DQN,0,141.1937713623047
PER_DQN,0,145.353515625
PER_DQN,0,140.38612365722656
PER_DQN,0,146.2976837158203
PER_DQN,0,141.34022521972656
PER_DQN,0,146.6433868408203
PER_DQN,0,141.56802368164062
PER_DQN,0,144.43722534179688
PER_DQN,0,139.46688842773438
PER_DQN,0,144.6737823486328
PER_DQN,0,140.4066925048828
PER_DQN,0,143.7552947998047
PER_DQN,0,138.53770446777344
PER_DQN,0,144.18746948242188
PER_DQN,0,140.37802124023438
PER_DQN,0,144.68435668945312
PER_DQN,0,139.66537475585938
PER_DQN,0,144.38436889648438
PER_DQN,0,141.4244842529297
PER_DQN,0,145.50802612304688
PER_DQN,0,139.92001342773438
PER_DQN,0,145.9540252685547
PER_DQN,0,143.1739501953125
PER_DQN,0,143.85061645507812
PER_DQN,0,139.14508056640625
PER_DQN,0,142.5467529296875
PER_DQN,0,141.541259765625
PER_DQN,0,143.63160705566406
PER_DQN,0,138.25672912597656
PER_DQN,0,141.6336669921875
PER_DQN,0,142.45870971679688
PER_DQN,0,143.46092224121094
PER_DQN,0,137.33689880371094
PER_DQN,0,140.80789184570312
PER_DQN,0,143.47181701660156
PER_DQN,0,148.3826446533203
PER_DQN,0,140.57977294921875
PER_DQN,0,146.36190795898438
PER_DQN,0,148.86073303222656
PER_DQN,0,154.09788513183594
PER_DQN,0,144.17527770996094
PER_DQN,0,153.39822387695312
PER_DQN,0,154.8207244873047
PER_DQN,0,159.31922912597656
PER_DQN,0,146.80995178222656
PER_DQN,0,160.15985107421875
PER_DQN,0,160.9387969970703
PER_DQN,0,164.52210998535156
PER_DQN,0,149.37353515625
PER_DQN,0,166.78738403320312
PER_DQN,0,166.9629669189453
PER_DQN,0,166.5377960205078
PER_DQN,0,149.72364807128906
PER_DQN,0,170.46551513671875
PER_DQN,0,170.7522735595703
PER_DQN,0,164.33311462402344
PER_DQN,0,146.1612548828125
PER_DQN,0,170.6620635986328
PER_DQN,0,171.00979614257812
PER_DQN,0,163.1951446533203
PER_DQN,0,144.17384338378906
PER_DQN,0,171.66360473632812
PER_DQN,0,172.66932678222656
PER_DQN,0,161.273681640625
PER_DQN,0,141.48374938964844
PER_DQN,0,170.96665954589844
PER_DQN,0,173.71739196777344
PER_DQN,0,157.7640380859375
PER_DQN,0,138.64218139648438
PER_DQN,0,171.481689453125
PER_DQN,0,170.7740020751953
PER_DQN,0,151.4662628173828
PER_DQN,0,132.20484924316406
PER_DQN,0,163.7215576171875
PER_DQN,0,162.77745056152344
PER_DQN,0,148.05125427246094
PER_DQN,0,128.76312255859375
PER_DQN,0,159.53233337402344
PER_DQN,0,157.97018432617188
PER_DQN,0,142.92742919921875
PER_DQN,0,122.93153381347656
PER_DQN,0,153.6208953857422
PER_DQN,0,150.52120971679688
PER_DQN,0,145.34262084960938
PER_DQN,0,124.51966094970703
PER_DQN,0,155.25482177734375
PER_DQN,0,152.43394470214844
PER_DQN,0,148.34986877441406
PER_DQN,0,127.16645050048828
PER_DQN,0,158.9197235107422
PER_DQN,0,155.7317657470703
PER_DQN,0,148.43653869628906
PER_DQN,0,126.56917572021484
PER_DQN,0,158.30575561523438
PER_DQN,0,155.0873260498047
PER_DQN,0,145.4554443359375
PER_DQN,0,123.95471954345703
PER_DQN,0,157.17333984375
PER_DQN,0,152.37001037597656
PER_DQN,0,141.88265991210938
PER_DQN,0,120.81559753417969
PER_DQN,0,154.7962646484375
PER_DQN,0,148.9853973388672
PER_DQN,0,137.0359649658203
PER_DQN,0,116.2340087890625
PER_DQN,0,150.44058227539062
PER_DQN,0,143.90077209472656
PER_DQN,0,132.29368591308594
PER_DQN,0,111.08965301513672
PER_DQN,0,144.54611206054688
PER_DQN,0,136.76219177246094
PER_DQN,0,124.15081787109375
PER_DQN,0,103.27802276611328
PER_DQN,0,135.96719360351562
PER_DQN,0,127.15977478027344
PER_DQN,0,117.18546295166016
PER_DQN,0,97.43189239501953
PER_DQN,0,128.60800170898438
PER_DQN,0,119.59152221679688
PER_DQN,0,118.08915710449219
PER_DQN,0,98.20714569091797
PER_DQN,0,127.85257720947266
PER_DQN,0,120.56671905517578
PER_DQN,0,107.00419616699219
PER_DQN,0,87.95255279541016
PER_DQN,0,116.01384735107422
PER_DQN,0,109.11466979980469
PER_DQN,0,77.97737121582031
PER_DQN,0,49.56221389770508
PER_DQN,0,114.0384750366211
PER_DQN,0,47.4175910949707
PER_DQN,0,2.7959322929382324
PER_DQN,0,-27.722078323364258
PER_DQN,0,10.774234771728516
PER_DQN,0,-17.637866973876953
PER_DQN,0,-53.493534088134766
PER_DQN,0,-59.648895263671875
PER_DQN,0,-30.939449310302734
PER_DQN,0,-59.666629791259766
PER_DQN,0,-90.386962890625
PER_DQN,0,-85.15412139892578
PER_DQN,0,-53.25625228881836
PER_DQN,0,-114.37556457519531
PER_DQN,0,-74.44774627685547
PER_DQN,0,-55.510223388671875
PER_DQN,0,-44.727718353271484
PER_DQN,0,-105.28843688964844
PER_DQN,0,147.64068603515625
PER_DQN,0,149.1163787841797
PER_DQN,0,145.87387084960938
PER_DQN,0,144.18923950195312
PER_DQN,0,144.7025909423828
PER_DQN,0,146.29080200195312
PER_DQN,0,143.31593322753906
PER_DQN,0,141.5223388671875
PER_DQN,0,141.79837036132812
PER_DQN,0,143.61862182617188
PER_DQN,0,140.74978637695312
PER_DQN,0,138.95941162109375
PER_DQN,0,140.0638427734375
PER_DQN,0,142.26968383789062
PER_DQN,0,139.41836547851562
PER_DQN,0,137.99801635742188
PER_DQN,0,140.67372131347656
PER_DQN,0,143.07583618164062
PER_DQN,0,140.33242797851562
PER_DQN,0,139.5084991455078
PER_DQN,0,140.54335021972656
PER_DQN,0,143.2049560546875
PER_DQN,0,140.49774169921875
PER_DQN,0,140.42771911621094
PER_DQN,0,141.78524780273438
PER_DQN,0,144.5747528076172
PER_DQN,0,141.92062377929688
PER_DQN,0,142.2086639404297
PER_DQN,0,142.59536743164062
PER_DQN,0,145.4385223388672
PER_DQN,0,142.97488403320312
PER_DQN,0,143.5504150390625
PER_DQN,0,144.23959350585938
PER_DQN,0,147.00584411621094
PER_DQN,0,144.8812255859375
PER_DQN,0,145.92510986328125
PER_DQN,0,147.18826293945312
PER_DQN,0,149.77960205078125
PER_DQN,0,147.85263061523438
PER_DQN,0,149.4410858154297
PER_DQN,0,151.26983642578125
PER_DQN,0,153.7508544921875
PER_DQN,0,151.79544067382812
PER_DQN,0,154.27743530273438
PER_DQN,0,151.40431213378906
PER_DQN,0,153.6017608642578
PER_DQN,0,151.42523193359375
PER_DQN,0,152.87135314941406
PER_DQN,0,155.52745056152344
PER_DQN,0,157.54971313476562
PER_DQN,0,155.4189453125
PER_DQN,0,157.7213897705078
PER_DQN,0,157.77011108398438
PER_DQN,0,159.287841796875
PER_DQN,0,157.18316650390625
PER_DQN,0,158.69309997558594
PER_DQN,0,164.23497009277344
PER_DQN,0,165.28794860839844
PER_DQN,0,163.4918212890625
PER_DQN,0,166.09913635253906
PER_DQN,0,164.02481079101562
PER_DQN,0,163.78579711914062
PER_DQN,0,163.37344360351562
PER_DQN,0,164.69522094726562
PER_DQN,0,167.2022247314453
PER_DQN,0,164.83111572265625
PER_DQN,0,167.40811157226562
PER_DQN,0,167.0157012939453
PER_DQN,0,168.08816528320312
PER_DQN,0,165.18118286132812
PER_DQN,0,168.71682739257812
PER_DQN,0,168.11422729492188
PER_DQN,0,161.65513610839844
PER_DQN,0,159.4126739501953
PER_DQN,0,162.04782104492188
PER_DQN,0,161.36880493164062
PER_DQN,0,154.38352966308594
PER_DQN,0,153.2498016357422
PER_DQN,0,154.22994995117188
PER_DQN,0,153.83485412597656
PER_DQN,0,159.91152954101562
PER_DQN,0,157.27320861816406
PER_DQN,0,160.34194946289062
PER_DQN,0,159.59805297851562
PER_DQN,0,157.3433837890625
PER_DQN,0,154.88037109375
PER_DQN,0,157.89926147460938
PER_DQN,0,157.05332946777344
PER_DQN,0,156.46487426757812
PER_DQN,0,154.0806427001953
PER_DQN,0,156.841552734375
PER_DQN,0,156.29391479492188
PER_DQN,0,154.01171875
PER_DQN,0,152.00991821289062
PER_DQN,0,154.15106201171875
PER_DQN,0,153.8516082763672
PER_DQN,0,154.5651397705078
PER_DQN,0,152.23793029785156
PER_DQN,0,154.91925048828125
PER_DQN,0,154.54995727539062
PER_DQN,0,156.8349151611328
PER_DQN,0,153.47962951660156
PER_DQN,0,158.13990783691406
PER_DQN,0,156.9320068359375
PER_DQN,0,154.54078674316406
PER_DQN,0,151.1034393310547
PER_DQN,0,156.17478942871094
PER_DQN,0,154.6221923828125
PER_DQN,0,153.12635803222656
PER_DQN,0,150.04273986816406
PER_DQN,0,154.52735900878906
PER_DQN,0,153.2418670654297
PER_DQN,0,149.64561462402344
PER_DQN,0,146.86268615722656
PER_DQN,0,150.69834899902344
PER_DQN,0,149.0060272216797
PER_DQN,0,147.4703369140625
PER_DQN,0,144.8014678955078
PER_DQN,0,148.35475158691406
PER_DQN,0,145.8345489501953
PER_DQN,0,145.86766052246094
PER_DQN,0,143.3632354736328
PER_DQN,0,146.59674072265625
PER_DQN,0,144.0145721435547
PER_DQN,0,147.9717559814453
PER_DQN,0,144.80442810058594
PER_DQN,0,149.32374572753906
PER_DQN,0,145.73690795898438
PER_DQN,0,145.50775146484375
PER_DQN,0,143.0446319580078
PER_DQN,0,145.76611328125
PER_DQN,0,142.47119140625
PER_DQN,0,143.23158264160156
PER_DQN,0,141.3897705078125
PER_DQN,0,143.00938415527344
PER_DQN,0,140.00616455078125
PER_DQN,0,143.96817016601562
PER_DQN,0,141.1280059814453
PER_DQN,0,144.79307556152344
PER_DQN,0,140.43182373046875
PER_DQN,0,143.0665740966797
PER_DQN,0,140.24688720703125
PER_DQN,0,143.501953125
PER_DQN,0,138.8582000732422
PER_DQN,0,143.20498657226562
PER_DQN,0,140.5195770263672
PER_DQN,0,142.65753173828125
PER_DQN,0,137.8912811279297
PER_DQN,0,142.3453826904297
PER_DQN,0,138.83169555664062
PER_DQN,0,142.81968688964844
PER_DQN,0,137.26463317871094
PER_DQN,0,142.65499877929688
PER_DQN,0,139.35064697265625
PER_DQN,0,141.93045043945312
PER_DQN,0,136.5434112548828
PER_DQN,0,144.24307250976562
PER_DQN,0,140.09939575195312
PER_DQN,0,144.4105682373047
PER_DQN,0,138.4813995361328
PER_DQN,0,144.53712463378906
PER_DQN,0,140.5845489501953
PER_DQN,0,143.96487426757812
PER_DQN,0,138.65171813964844
PER_DQN,0,145.40231323242188
PER_DQN,0,140.79776000976562
PER_DQN,0,145.5125732421875
PER_DQN,0,139.6739959716797
PER_DQN,0,145.78634643554688
PER_DQN,0,141.43429565429688
PER_DQN,0,145.19332885742188
PER_DQN,0,140.19342041015625
PER_DQN,0,145.75308227539062
PER_DQN,0,140.83981323242188
PER_DQN,0,145.86007690429688
PER_DQN,0,140.78955078125
PER_DQN,0,144.16781616210938
PER_DQN,0,139.4429473876953
PER_DQN,0,143.8223114013672
PER_DQN,0,139.83787536621094
PER_DQN,0,144.91445922851562
PER_DQN,0,139.63539123535156
PER_DQN,0,145.17787170410156
PER_DQN,0,141.14254760742188
PER_DQN,0,143.1345977783203
PER_DQN,0,137.82040405273438
PER_DQN,0,143.28436279296875
PER_DQN,0,140.12620544433594
PER_DQN,0,142.23841857910156
PER_DQN,0,136.90325927734375
PER_DQN,0,142.56158447265625
PER_DQN,0,140.1372833251953
PER_DQN,0,142.80303955078125
PER_DQN,0,138.0462188720703
PER_DQN,0,141.98745727539062
PER_DQN,0,140.8566436767578
PER_DQN,0,143.33888244628906
PER_DQN,0,137.93093872070312
PER_DQN,0,141.85777282714844
PER_DQN,0,142.4949493408203
PER_DQN,0,143.50328063964844
PER_DQN,0,137.40362548828125
PER_DQN,0,141.26724243164062
PER_DQN,0,143.83763122558594
PER_DQN,0,146.40028381347656
PER_DQN,0,139.13040161132812
PER_DQN,0,144.20849609375
PER_DQN,0,147.22711181640625
PER_DQN,0,151.36166381835938
PER_DQN,0,142.25009155273438
PER_DQN,0,150.0586395263672
PER_DQN,0,152.8407745361328
PER_DQN,0,157.63046264648438
PER_DQN,0,146.0471954345703
PER_DQN,0,157.6855010986328
PER_DQN,0,159.61109924316406
PER_DQN,0,163.99685668945312
PER_DQN,0,149.6287841796875
PER_DQN,0,165.71804809570312
PER_DQN,0,166.54115295410156
PER_DQN,0,168.41709899902344
PER_DQN,0,152.1769561767578
PER_DQN,0,171.46481323242188
PER_DQN,0,172.22337341308594
PER_DQN,0,167.4593963623047
PER_DQN,0,150.09954833984375
PER_DQN,0,172.367431640625
PER_DQN,0,173.6102752685547
PER_DQN,0,165.7783966064453
PER_DQN,0,147.3927459716797
PER_DQN,0,172.78573608398438
PER_DQN,0,174.6255645751953
PER_DQN,0,164.92201232910156
PER_DQN,0,145.80673217773438
PER_DQN,0,173.61634826660156
PER_DQN,0,176.7130126953125
PER_DQN,0,163.845947265625
PER_DQN,0,143.66549682617188
PER_DQN,0,174.83909606933594
PER_DQN,0,177.78587341308594
PER_DQN,0,159.19619750976562
PER_DQN,0,137.85928344726562
PER_DQN,0,173.9092254638672
PER_DQN,0,172.0875701904297
PER_DQN,0,155.45166015625
PER_DQN,0,136.30938720703125
PER_DQN,0,169.4708251953125
PER_DQN,0,167.52769470214844
PER_DQN,0,149.97415161132812
PER_DQN,0,130.4058074951172
PER_DQN,0,162.91709899902344
PER_DQN,0,160.5191192626953
PER_DQN,0,148.06459045410156
PER_DQN,0,127.8905258178711
PER_DQN,0,160.47329711914062
PER_DQN,0,157.43287658691406
PER_DQN,0,145.44229125976562
PER_DQN,0,123.98358917236328
PER_DQN,0,157.15933227539062
PER_DQN,0,152.7322998046875
PER_DQN,0,147.96131896972656
PER_DQN,0,125.62079620361328
PER_DQN,0,158.8794403076172
PER_DQN,0,154.68626403808594
PER_DQN,0,148.3501739501953
PER_DQN,0,126.00765991210938
PER_DQN,0,159.88629150390625
PER_DQN,0,155.32501220703125
PER_DQN,0,145.16700744628906
PER_DQN,0,122.81553649902344
PER_DQN,0,156.21771240234375
PER_DQN,0,151.69268798828125
PER_DQN,0,140.7579345703125
PER_DQN,0,119.1258544921875
PER_DQN,0,153.8508758544922
PER_DQN,0,147.4593048095703
PER_DQN,0,136.1343536376953
PER_DQN,0,114.87023162841797
PER_DQN,0,150.56210327148438
PER_DQN,0,143.08506774902344
PER_DQN,0,132.40353393554688
PER_DQN,0,111.4756851196289
PER_DQN,0,146.85678100585938
PER_DQN,0,139.1455841064453
PER_DQN,0,129.17474365234375
PER_DQN,0,108.13858795166016
PER_DQN,0,142.0728302001953
PER_DQN,0,134.0247344970703
PER_DQN,0,119.80034637451172
PER_DQN,0,99.76105499267578
PER_DQN,0,131.45883178710938
PER_DQN,0,122.9775161743164
PER_DQN,0,113.1007080078125
PER_DQN,0,94.11441802978516
PER_DQN,0,124.56063079833984
PER_DQN,0,117.01669311523438
PER_DQN,0,87.33001708984375
PER_DQN,0,59.53416442871094
PER_DQN,0,130.88088989257812
PER_DQN,0,61.10019302368164
PER_DQN,0,4.129809856414795
PER_DQN,0,-29.049707412719727
PER_DQN,0,18.38986587524414
PER_DQN,0,-13.130436897277832
PER_DQN,0,-56.346248626708984
PER_DQN,0,-63.015785217285156
PER_DQN,0,-30.734432220458984
PER_DQN,0,-63.1019401550293
PER_DQN,0,-89.88028717041016
PER_DQN,0,-83.52363586425781
PER_DQN,0,-52.501399993896484
PER_DQN,0,-113.62931823730469
PER_DQN,0,-85.0285873413086
PER_DQN,0,-66.12398529052734
PER_DQN,0,-53.76766586303711
PER_DQN,0,-118.05914306640625
PER_DQN,0,-78.50080108642578
PER_DQN,0,-105.32300567626953
PER_DQN,0,-141.07308959960938
PER_DQN,0,-154.0672149658203
PER_DQN,0,147.64068603515625
PER_DQN,0,149.1163787841797
PER_DQN,0,145.87387084960938
PER_DQN,0,144.18923950195312
PER_DQN,0,144.7025909423828
PER_DQN,0,146.29080200195312
PER_DQN,0,143.31593322753906
PER_DQN,0,141.5223388671875
PER_DQN,0,141.79837036132812
PER_DQN,0,143.61862182617188
PER_DQN,0,140.74978637695312
PER_DQN,0,138.95941162109375
PER_DQN,0,140.0638427734375
PER_DQN,0,142.26968383789062
PER_DQN,0,139.41836547851562
PER_DQN,0,137.99801635742188
PER_DQN,0,140.67372131347656
PER_DQN,0,143.07583618164062
PER_DQN,0,140.33242797851562
PER_DQN,0,139.5084991455078
PER_DQN,0,140.54335021972656
PER_DQN,0,143.2049560546875
PER_DQN,0,140.49774169921875
PER_DQN,0,140.42771911621094
PER_DQN,0,141.78524780273438
PER_DQN,0,144.5747528076172
PER_DQN,0,141.92062377929688
PER_DQN,0,142.2086639404297
PER_DQN,0,142.59536743164062
PER_DQN,0,145.4385223388672
PER_DQN,0,142.97488403320312
PER_DQN,0,143.5504150390625
PER_DQN,0,144.23959350585938
PER_DQN,0,147.00584411621094
PER_DQN,0,144.8812255859375
PER_DQN,0,145.92510986328125
PER_DQN,0,147.18826293945312
PER_DQN,0,149.77960205078125
PER_DQN,0,147.85263061523438
PER_DQN,0,149.4410858154297
PER_DQN,0,151.26983642578125
PER_DQN,0,153.7508544921875
PER_DQN,0,151.79544067382812
PER_DQN,0,154.27743530273438
PER_DQN,0,151.40431213378906
PER_DQN,0,153.6017608642578
PER_DQN,0,151.42523193359375
PER_DQN,0,152.87135314941406
PER_DQN,0,155.52745056152344
PER_DQN,0,157.54971313476562
PER_DQN,0,155.4189453125
PER_DQN,0,157.7213897705078
PER_DQN,0,157.77011108398438
PER_DQN,0,159.287841796875
PER_DQN,0,157.18316650390625
PER_DQN,0,158.69309997558594
PER_DQN,0,164.23497009277344
PER_DQN,0,165.28794860839844
PER_DQN,0,163.4918212890625
PER_DQN,0,166.09913635253906
PER_DQN,0,164.02481079101562
PER_DQN,0,163.78579711914062
PER_DQN,0,163.37344360351562
PER_DQN,0,164.69522094726562
PER_DQN,0,167.2022247314453
PER_DQN,0,164.83111572265625
PER_DQN,0,167.40811157226562
PER_DQN,0,167.0157012939453
PER_DQN,0,168.08816528320312
PER_DQN,0,165.18118286132812
PER_DQN,0,168.71682739257812
PER_DQN,0,168.11422729492188
PER_DQN,0,161.65513610839844
PER_DQN,0,159.4126739501953
PER_DQN,0,162.04782104492188
PER_DQN,0,161.36880493164062
PER_DQN,0,154.38352966308594
PER_DQN,0,153.2498016357422
PER_DQN,0,154.22994995117188
PER_DQN,0,153.83485412597656
PER_DQN,0,159.91152954101562
PER_DQN,0,157.27320861816406
PER_DQN,0,160.34194946289062
PER_DQN,0,159.59805297851562
PER_DQN,0,157.3433837890625
PER_DQN,0,154.88037109375
PER_DQN,0,157.89926147460938
PER_DQN,0,157.05332946777344
PER_DQN,0,156.46487426757812
PER_DQN,0,154.0806427001953
PER_DQN,0,156.841552734375
PER_DQN,0,156.29391479492188
PER_DQN,0,154.01171875
PER_DQN,0,152.00991821289062
PER_DQN,0,154.15106201171875
PER_DQN,0,153.8516082763672
PER_DQN,0,154.5651397705078
PER_DQN,0,152.23793029785156
PER_DQN,0,154.91925048828125
PER_DQN,0,154.54995727539062
PER_DQN,0,153.05508422851562
PER_DQN,0,150.69093322753906
PER_DQN,0,153.51409912109375
PER_DQN,0,152.9934844970703
PER_DQN,0,151.32278442382812
PER_DQN,0,148.6465301513672
PER_DQN,0,152.0665283203125
PER_DQN,0,150.80873107910156
PER_DQN,0,149.78900146484375
PER_DQN,0,147.52706909179688
PER_DQN,0,150.24929809570312
PER_DQN,0,149.37306213378906
PER_DQN,0,145.86386108398438
PER_DQN,0,144.02069091796875
PER_DQN,0,146.4562530517578
PER_DQN,0,145.1299285888672
PER_DQN,0,144.12307739257812
PER_DQN,0,142.45323181152344
PER_DQN,0,144.65701293945312
PER_DQN,0,142.7000732421875
PER_DQN,0,142.8095245361328
PER_DQN,0,141.35279846191406
PER_DQN,0,143.3111572265625
PER_DQN,0,141.40406799316406
PER_DQN,0,142.10934448242188
PER_DQN,0,140.77857971191406
PER_DQN,0,142.46499633789062
PER_DQN,0,140.12364196777344
PER_DQN,0,141.6956787109375
PER_DQN,0,140.7040557861328
PER_DQN,0,141.8982391357422
PER_DQN,0,140.028564453125
PER_DQN,0,141.28701782226562
PER_DQN,0,140.52783203125
PER_DQN,0,141.3343505859375
PER_DQN,0,139.7505645751953
PER_DQN,0,140.86846923828125
PER_DQN,0,140.20851135253906
PER_DQN,0,140.72991943359375
PER_DQN,0,138.9717254638672
PER_DQN,0,142.05166625976562
PER_DQN,0,140.9971160888672
PER_DQN,0,141.63455200195312
PER_DQN,0,139.0235595703125
PER_DQN,0,142.55661010742188
PER_DQN,0,141.095947265625
PER_DQN,0,141.84420776367188
PER_DQN,0,138.2424774169922
PER_DQN,0,143.9253387451172
PER_DQN,0,141.43389892578125
PER_DQN,0,143.24354553222656
PER_DQN,0,138.52806091308594
PER_DQN,0,142.5096435546875
PER_DQN,0,139.1920928955078
PER_DQN,0,142.8189697265625
PER_DQN,0,137.22836303710938
PER_DQN,0,143.08819580078125
PER_DQN,0,139.35806274414062
PER_DQN,0,143.46661376953125
PER_DQN,0,137.4025115966797
PER_DQN,0,143.84579467773438
PER_DQN,0,140.44378662109375
PER_DQN,0,143.11361694335938
PER_DQN,0,137.52088928222656
PER_DQN,0,145.35482788085938
PER_DQN,0,141.12596130371094
PER_DQN,0,145.5806884765625
PER_DQN,0,139.48048400878906
PER_DQN,0,145.98838806152344
PER_DQN,0,141.9595947265625
PER_DQN,0,145.59136962890625
PER_DQN,0,140.19497680664062
PER_DQN,0,146.6802215576172
PER_DQN,0,142.03623962402344
PER_DQN,0,146.93338012695312
PER_DQN,0,140.99378967285156
PER_DQN,0,145.61807250976562
PER_DQN,0,141.1937713623047
PER_DQN,0,145.353515625
PER_DQN,0,140.38612365722656
PER_DQN,0,146.2976837158203
PER_DQN,0,141.34022521972656
PER_DQN,0,146.6433868408203
PER_DQN,0,141.56802368164062
PER_DQN,0,144.43722534179688
PER_DQN,0,139.46688842773438
PER_DQN,0,144.6737823486328
PER_DQN,0,140.4066925048828
PER_DQN,0,143.7552947998047
PER_DQN,0,138.53770446777344
PER_DQN,0,144.18746948242188
PER_DQN,0,140.37802124023438
PER_DQN,0,144.68435668945312
PER_DQN,0,139.66537475585938
PER_DQN,0,144.38436889648438
PER_DQN,0,141.4244842529297
PER_DQN,0,145.50802612304688
PER_DQN,0,139.92001342773438
PER_DQN,0,145.9540252685547
PER_DQN,0,143.1739501953125
PER_DQN,0,143.85061645507812
PER_DQN,0,139.14508056640625
PER_DQN,0,142.5467529296875
PER_DQN,0,141.541259765625
PER_DQN,0,143.63160705566406
PER_DQN,0,138.25672912597656
PER_DQN,0,141.6336669921875
PER_DQN,0,142.45870971679688
PER_DQN,0,143.46092224121094
PER_DQN,0,137.33689880371094
PER_DQN,0,140.80789184570312
PER_DQN,0,143.47181701660156
PER_DQN,0,148.3826446533203
PER_DQN,0,140.57977294921875
PER_DQN,0,146.36190795898438
PER_DQN,0,148.86073303222656
PER_DQN,0,154.09788513183594
PER_DQN,0,144.17527770996094
PER_DQN,0,153.39822387695312
PER_DQN,0,154.8207244873047
PER_DQN,0,159.31922912597656
PER_DQN,0,146.80995178222656
PER_DQN,0,160.15985107421875
PER_DQN,0,160.9387969970703
PER_DQN,0,164.52210998535156
PER_DQN,0,149.37353515625
PER_DQN,0,166.78738403320312
PER_DQN,0,166.9629669189453
PER_DQN,0,166.5377960205078
PER_DQN,0,149.72364807128906
PER_DQN,0,170.46551513671875
PER_DQN,0,170.7522735595703
PER_DQN,0,164.33311462402344
PER_DQN,0,146.1612548828125
PER_DQN,0,170.6620635986328
PER_DQN,0,171.00979614257812
PER_DQN,0,163.1951446533203
PER_DQN,0,144.17384338378906
PER_DQN,0,171.66360473632812
PER_DQN,0,172.66932678222656
PER_DQN,0,161.273681640625
PER_DQN,0,141.48374938964844
PER_DQN,0,170.96665954589844
PER_DQN,0,173.71739196777344
PER_DQN,0,157.7640380859375
PER_DQN,0,138.64218139648438
PER_DQN,0,171.481689453125
PER_DQN,0,170.7740020751953
PER_DQN,0,151.4662628173828
PER_DQN,0,132.20484924316406
PER_DQN,0,163.7215576171875
PER_DQN,0,162.77745056152344
PER_DQN,0,148.05125427246094
PER_DQN,0,128.76312255859375
PER_DQN,0,159.53233337402344
PER_DQN,0,157.97018432617188
PER_DQN,0,142.92742919921875
PER_DQN,0,122.93153381347656
PER_DQN,0,153.6208953857422
PER_DQN,0,150.52120971679688
PER_DQN,0,145.34262084960938
PER_DQN,0,124.51966094970703
PER_DQN,0,155.25482177734375
PER_DQN,0,152.43394470214844
PER_DQN,0,148.34986877441406
PER_DQN,0,127.16645050048828
PER_DQN,0,158.9197235107422
PER_DQN,0,155.7317657470703
PER_DQN,0,148.43653869628906
PER_DQN,0,126.56917572021484
PER_DQN,0,158.30575561523438
PER_DQN,0,155.0873260498047
PER_DQN,0,145.4554443359375
PER_DQN,0,123.95471954345703
PER_DQN,0,157.17333984375
PER_DQN,0,152.37001037597656
PER_DQN,0,141.88265991210938
PER_DQN,0,120.81559753417969
PER_DQN,0,154.7962646484375
PER_DQN,0,148.9853973388672
PER_DQN,0,137.0359649658203
PER_DQN,0,116.2340087890625
PER_DQN,0,150.44058227539062
PER_DQN,0,143.90077209472656
PER_DQN,0,132.29368591308594
PER_DQN,0,111.08965301513672
PER_DQN,0,144.54611206054688
PER_DQN,0,136.76219177246094
PER_DQN,0,124.15081787109375
PER_DQN,0,103.27802276611328
PER_DQN,0,135.96719360351562
PER_DQN,0,127.15977478027344
PER_DQN,0,117.18546295166016
PER_DQN,0,97.43189239501953
PER_DQN,0,128.60800170898438
PER_DQN,0,119.59152221679688
PER_DQN,0,118.08915710449219
PER_DQN,0,98.20714569091797
PER_DQN,0,127.85257720947266
PER_DQN,0,120.56671905517578
PER_DQN,0,107.00419616699219
PER_DQN,0,87.95255279541016
PER_DQN,0,116.01384735107422
PER_DQN,0,109.11466979980469
PER_DQN,0,77.97737121582031
PER_DQN,0,49.56221389770508
PER_DQN,0,114.0384750366211
PER_DQN,0,47.4175910949707
PER_DQN,0,2.7959322929382324
PER_DQN,0,-27.722078323364258
PER_DQN,0,10.774234771728516
PER_DQN,0,-17.637866973876953
PER_DQN,0,-53.493534088134766
PER_DQN,0,-59.648895263671875
PER_DQN,0,-30.939449310302734
PER_DQN,0,-59.666629791259766
PER_DQN,0,-90.386962890625
PER_DQN,0,-85.15412139892578
PER_DQN,0,-53.25625228881836
PER_DQN,0,-114.37556457519531
PER_DQN,0,-74.44774627685547
PER_DQN,0,-55.510223388671875
PER_DQN,0,-44.727718353271484
PER_DQN,0,-105.28843688964844
PER_DQN,0,147.64068603515625
PER_DQN,0,149.1163787841797
PER_DQN,0,145.87387084960938
PER_DQN,0,144.18923950195312
PER_DQN,0,144.7025909423828
PER_DQN,0,146.29080200195312
PER_DQN,0,143.31593322753906
PER_DQN,0,141.5223388671875
PER_DQN,0,141.79837036132812
PER_DQN,0,143.61862182617188
PER_DQN,0,140.74978637695312
PER_DQN,0,138.95941162109375
PER_DQN,0,140.0638427734375
PER_DQN,0,142.26968383789062
PER_DQN,0,139.41836547851562
PER_DQN,0,137.99801635742188
PER_DQN,0,140.67372131347656
PER_DQN,0,143.07583618164062
PER_DQN,0,140.33242797851562
PER_DQN,0,139.5084991455078
PER_DQN,0,140.54335021972656
PER_DQN,0,143.2049560546875
PER_DQN,0,140.49774169921875
PER_DQN,0,140.42771911621094
PER_DQN,0,141.78524780273438
PER_DQN,0,144.5747528076172
PER_DQN,0,141.92062377929688
PER_DQN,0,142.2086639404297
PER_DQN,0,142.59536743164062
PER_DQN,0,145.4385223388672
PER_DQN,0,142.97488403320312
PER_DQN,0,143.5504150390625
PER_DQN,0,144.23959350585938
PER_DQN,0,147.00584411621094
PER_DQN,0,144.8812255859375
PER_DQN,0,145.92510986328125
PER_DQN,0,147.18826293945312
PER_DQN,0,149.77960205078125
PER_DQN,0,147.85263061523438
PER_DQN,0,149.4410858154297
PER_DQN,0,151.26983642578125
PER_DQN,0,153.7508544921875
PER_DQN,0,151.79544067382812
PER_DQN,0,154.27743530273438
PER_DQN,0,151.40431213378906
PER_DQN,0,153.6017608642578
PER_DQN,0,151.42523193359375
PER_DQN,0,152.87135314941406
PER_DQN,0,155.52745056152344
PER_DQN,0,157.54971313476562
PER_DQN,0,155.4189453125
PER_DQN,0,157.7213897705078
PER_DQN,0,157.77011108398438
PER_DQN,0,159.287841796875
PER_DQN,0,157.18316650390625
PER_DQN,0,158.69309997558594
PER_DQN,0,164.23497009277344
PER_DQN,0,165.28794860839844
PER_DQN,0,163.4918212890625
PER_DQN,0,166.09913635253906
PER_DQN,0,164.02481079101562
PER_DQN,0,163.78579711914062
PER_DQN,0,163.37344360351562
PER_DQN,0,164.69522094726562
PER_DQN,0,167.2022247314453
PER_DQN,0,164.83111572265625
PER_DQN,0,167.40811157226562
PER_DQN,0,167.0157012939453
PER_DQN,0,168.08816528320312
PER_DQN,0,165.18118286132812
PER_DQN,0,168.71682739257812
PER_DQN,0,168.11422729492188
PER_DQN,0,161.65513610839844
PER_DQN,0,159.4126739501953
PER_DQN,0,162.04782104492188
PER_DQN,0,161.36880493164062
PER_DQN,0,154.38352966308594
PER_DQN,0,153.2498016357422
PER_DQN,0,154.22994995117188
PER_DQN,0,153.83485412597656
PER_DQN,0,159.91152954101562
PER_DQN,0,157.27320861816406
PER_DQN,0,160.34194946289062
PER_DQN,0,159.59805297851562
PER_DQN,0,157.3433837890625
PER_DQN,0,154.88037109375
PER_DQN,0,157.89926147460938
PER_DQN,0,157.05332946777344
PER_DQN,0,156.46487426757812
PER_DQN,0,154.0806427001953
PER_DQN,0,156.841552734375
PER_DQN,0,156.29391479492188
PER_DQN,0,154.01171875
PER_DQN,0,152.00991821289062
PER_DQN,0,154.15106201171875
PER_DQN,0,153.8516082763672
PER_DQN,0,154.5651397705078
PER_DQN,0,152.23793029785156
PER_DQN,0,154.91925048828125
PER_DQN,0,154.54995727539062
PER_DQN,0,153.05508422851562
PER_DQN,0,150.69093322753906
PER_DQN,0,153.51409912109375
PER_DQN,0,152.9934844970703
PER_DQN,0,151.32278442382812
PER_DQN,0,148.6465301513672
PER_DQN,0,152.0665283203125
PER_DQN,0,150.80873107910156
PER_DQN,0,149.78900146484375
PER_DQN,0,147.52706909179688
PER_DQN,0,150.24929809570312
PER_DQN,0,149.37306213378906
PER_DQN,0,145.86386108398438
PER_DQN,0,144.02069091796875
PER_DQN,0,146.4562530517578
PER_DQN,0,145.1299285888672
PER_DQN,0,144.12307739257812
PER_DQN,0,142.45323181152344
PER_DQN,0,144.65701293945312
PER_DQN,0,142.7000732421875
PER_DQN,0,142.8095245361328
PER_DQN,0,141.35279846191406
PER_DQN,0,143.3111572265625
PER_DQN,0,141.40406799316406
PER_DQN,0,142.10934448242188
PER_DQN,0,140.77857971191406
PER_DQN,0,142.46499633789062
PER_DQN,0,140.12364196777344
PER_DQN,0,141.6956787109375
PER_DQN,0,140.7040557861328
PER_DQN,0,141.8982391357422
PER_DQN,0,140.028564453125
PER_DQN,0,141.28701782226562
PER_DQN,0,140.52783203125
PER_DQN,0,141.3343505859375
PER_DQN,0,139.7505645751953
PER_DQN,0,140.86846923828125
PER_DQN,0,140.20851135253906
PER_DQN,0,140.72991943359375
PER_DQN,0,138.9717254638672
PER_DQN,0,142.05166625976562
PER_DQN,0,140.9971160888672
PER_DQN,0,141.63455200195312
PER_DQN,0,139.0235595703125
PER_DQN,0,142.55661010742188
PER_DQN,0,141.095947265625
PER_DQN,0,141.84420776367188
PER_DQN,0,138.2424774169922
PER_DQN,0,143.9253387451172
PER_DQN,0,141.43389892578125
PER_DQN,0,143.24354553222656
PER_DQN,0,138.52806091308594
PER_DQN,0,142.5096435546875
PER_DQN,0,139.1920928955078
PER_DQN,0,142.8189697265625
PER_DQN,0,137.22836303710938
PER_DQN,0,143.08819580078125
PER_DQN,0,139.35806274414062
PER_DQN,0,143.46661376953125
PER_DQN,0,137.4025115966797
PER_DQN,0,143.84579467773438
PER_DQN,0,140.44378662109375
PER_DQN,0,143.11361694335938
PER_DQN,0,137.52088928222656
PER_DQN,0,145.35482788085938
PER_DQN,0,141.12596130371094
PER_DQN,0,145.5806884765625
PER_DQN,0,139.48048400878906
PER_DQN,0,145.98838806152344
PER_DQN,0,141.9595947265625
PER_DQN,0,145.59136962890625
PER_DQN,0,140.19497680664062
PER_DQN,0,146.6802215576172
PER_DQN,0,142.03623962402344
PER_DQN,0,146.93338012695312
PER_DQN,0,140.99378967285156
PER_DQN,0,145.61807250976562
PER_DQN,0,141.1937713623047
PER_DQN,0,145.353515625
PER_DQN,0,140.38612365722656
PER_DQN,0,146.2976837158203
PER_DQN,0,141.34022521972656
PER_DQN,0,146.6433868408203
PER_DQN,0,141.56802368164062
PER_DQN,0,144.43722534179688
PER_DQN,0,139.46688842773438
PER_DQN,0,144.6737823486328
PER_DQN,0,140.4066925048828
PER_DQN,0,143.7552947998047
PER_DQN,0,138.53770446777344
PER_DQN,0,144.18746948242188
PER_DQN,0,140.37802124023438
PER_DQN,0,144.68435668945312
PER_DQN,0,139.66537475585938
PER_DQN,0,144.38436889648438
PER_DQN,0,141.4244842529297
PER_DQN,0,145.50802612304688
PER_DQN,0,139.92001342773438
PER_DQN,0,145.9540252685547
PER_DQN,0,143.1739501953125
PER_DQN,0,143.85061645507812
PER_DQN,0,139.14508056640625
PER_DQN,0,142.5467529296875
PER_DQN,0,141.541259765625
PER_DQN,0,143.63160705566406
PER_DQN,0,138.25672912597656
PER_DQN,0,141.6336669921875
PER_DQN,0,142.45870971679688
PER_DQN,0,143.46092224121094
PER_DQN,0,137.33689880371094
PER_DQN,0,140.80789184570312
PER_DQN,0,143.47181701660156
PER_DQN,0,148.3826446533203
PER_DQN,0,140.57977294921875
PER_DQN,0,146.36190795898438
PER_DQN,0,148.86073303222656
PER_DQN,0,154.09788513183594
PER_DQN,0,144.17527770996094
PER_DQN,0,153.39822387695312
PER_DQN,0,154.8207244873047
PER_DQN,0,159.31922912597656
PER_DQN,0,146.80995178222656
PER_DQN,0,160.15985107421875
PER_DQN,0,160.9387969970703
PER_DQN,0,164.52210998535156
PER_DQN,0,149.37353515625
PER_DQN,0,166.78738403320312
PER_DQN,0,166.9629669189453
PER_DQN,0,166.5377960205078
PER_DQN,0,149.72364807128906
PER_DQN,0,170.46551513671875
PER_DQN,0,170.7522735595703
PER_DQN,0,164.33311462402344
PER_DQN,0,146.1612548828125
PER_DQN,0,170.6620635986328
PER_DQN,0,171.00979614257812
PER_DQN,0,163.1951446533203
PER_DQN,0,144.17384338378906
PER_DQN,0,171.66360473632812
PER_DQN,0,172.66932678222656
PER_DQN,0,161.273681640625
PER_DQN,0,141.48374938964844
PER_DQN,0,170.96665954589844
PER_DQN,0,173.71739196777344
PER_DQN,0,157.7640380859375
PER_DQN,0,138.64218139648438
PER_DQN,0,171.481689453125
PER_DQN,0,170.7740020751953
PER_DQN,0,151.4662628173828
PER_DQN,0,132.20484924316406
PER_DQN,0,163.7215576171875
PER_DQN,0,162.77745056152344
PER_DQN,0,148.05125427246094
PER_DQN,0,128.76312255859375
PER_DQN,0,159.53233337402344
PER_DQN,0,157.97018432617188
PER_DQN,0,142.92742919921875
PER_DQN,0,122.93153381347656
PER_DQN,0,153.6208953857422
PER_DQN,0,150.52120971679688
PER_DQN,0,145.34262084960938
PER_DQN,0,124.51966094970703
PER_DQN,0,155.25482177734375
PER_DQN,0,152.43394470214844
PER_DQN,0,148.34986877441406
PER_DQN,0,127.16645050048828
PER_DQN,0,158.9197235107422
PER_DQN,0,155.7317657470703
PER_DQN,0,148.43653869628906
PER_DQN,0,126.56917572021484
PER_DQN,0,158.30575561523438
PER_DQN,0,155.0873260498047
PER_DQN,0,145.4554443359375
PER_DQN,0,123.95471954345703
PER_DQN,0,157.17333984375
PER_DQN,0,152.37001037597656
PER_DQN,0,141.88265991210938
PER_DQN,0,120.81559753417969
PER_DQN,0,154.7962646484375
PER_DQN,0,148.9853973388672
PER_DQN,0,137.0359649658203
PER_DQN,0,116.2340087890625
PER_DQN,0,150.44058227539062
PER_DQN,0,143.90077209472656
PER_DQN,0,132.29368591308594
PER_DQN,0,111.08965301513672
PER_DQN,0,144.54611206054688
PER_DQN,0,136.76219177246094
PER_DQN,0,124.15081787109375
PER_DQN,0,103.27802276611328
PER_DQN,0,135.96719360351562
PER_DQN,0,127.15977478027344
PER_DQN,0,117.18546295166016
PER_DQN,0,97.43189239501953
PER_DQN,0,128.60800170898438
PER_DQN,0,119.59152221679688
PER_DQN,0,118.08915710449219
PER_DQN,0,98.20714569091797
PER_DQN,0,127.85257720947266
PER_DQN,0,120.56671905517578
PER_DQN,0,107.00419616699219
PER_DQN,0,87.95255279541016
PER_DQN,0,116.01384735107422
PER_DQN,0,109.11466979980469
PER_DQN,0,77.97737121582031
PER_DQN,0,49.56221389770508
PER_DQN,0,114.0384750366211
PER_DQN,0,47.4175910949707
PER_DQN,0,2.7959322929382324
PER_DQN,0,-27.722078323364258
PER_DQN,0,10.774234771728516
PER_DQN,0,-17.637866973876953
PER_DQN,0,-53.493534088134766
PER_DQN,0,-59.648895263671875
PER_DQN,0,-30.939449310302734
PER_DQN,0,-59.666629791259766
PER_DQN,0,-90.386962890625
PER_DQN,0,-85.15412139892578
PER_DQN,0,-53.25625228881836
PER_DQN,0,-114.37556457519531
PER_DQN,0,-74.44774627685547
PER_DQN,0,-55.510223388671875
PER_DQN,0,-44.727718353271484
PER_DQN,0,-105.28843688964844
PER_DQN,0,147.64068603515625
PER_DQN,0,149.1163787841797
PER_DQN,0,145.87387084960938
PER_DQN,0,144.18923950195312
PER_DQN,0,144.7025909423828
PER_DQN,0,146.29080200195312
PER_DQN,0,143.31593322753906
PER_DQN,0,141.5223388671875
PER_DQN,0,141.79837036132812
PER_DQN,0,143.61862182617188
PER_DQN,0,140.74978637695312
PER_DQN,0,138.95941162109375
PER_DQN,0,140.0638427734375
PER_DQN,0,142.26968383789062
PER_DQN,0,139.41836547851562
PER_DQN,0,137.99801635742188
PER_DQN,0,140.67372131347656
PER_DQN,0,143.07583618164062
PER_DQN,0,140.33242797851562
PER_DQN,0,139.5084991455078
PER_DQN,0,140.54335021972656
PER_DQN,0,143.2049560546875
PER_DQN,0,140.49774169921875
PER_DQN,0,140.42771911621094
PER_DQN,0,141.78524780273438
PER_DQN,0,144.5747528076172
PER_DQN,0,141.92062377929688
PER_DQN,0,142.2086639404297
PER_DQN,0,142.59536743164062
PER_DQN,0,145.4385223388672
PER_DQN,0,142.97488403320312
PER_DQN,0,143.5504150390625
PER_DQN,0,144.23959350585938
PER_DQN,0,147.00584411621094
PER_DQN,0,144.8812255859375
PER_DQN,0,145.92510986328125
PER_DQN,0,147.18826293945312
PER_DQN,0,149.77960205078125
PER_DQN,0,147.85263061523438
PER_DQN,0,149.4410858154297
PER_DQN,0,151.26983642578125
PER_DQN,0,153.7508544921875
PER_DQN,0,151.79544067382812
PER_DQN,0,154.27743530273438
PER_DQN,0,151.40431213378906
PER_DQN,0,153.6017608642578
PER_DQN,0,151.42523193359375
PER_DQN,0,152.87135314941406
PER_DQN,0,155.52745056152344
PER_DQN,0,157.54971313476562
PER_DQN,0,155.4189453125
PER_DQN,0,157.7213897705078
PER_DQN,0,157.77011108398438
PER_DQN,0,159.287841796875
PER_DQN,0,157.18316650390625
PER_DQN,0,158.69309997558594
PER_DQN,0,164.23497009277344
PER_DQN,0,165.28794860839844
PER_DQN,0,163.4918212890625
PER_DQN,0,166.09913635253906
PER_DQN,0,164.02481079101562
PER_DQN,0,163.78579711914062
PER_DQN,0,163.37344360351562
PER_DQN,0,164.69522094726562
PER_DQN,0,167.2022247314453
PER_DQN,0,164.83111572265625
PER_DQN,0,167.40811157226562
PER_DQN,0,167.0157012939453
PER_DQN,0,168.08816528320312
PER_DQN,0,165.18118286132812
PER_DQN,0,168.71682739257812
PER_DQN,0,168.11422729492188
PER_DQN,0,161.65513610839844
PER_DQN,0,159.4126739501953
PER_DQN,0,162.04782104492188
PER_DQN,0,161.36880493164062
PER_DQN,0,154.38352966308594
PER_DQN,0,153.2498016357422
PER_DQN,0,154.22994995117188
PER_DQN,0,153.83485412597656
PER_DQN,0,159.91152954101562
PER_DQN,0,157.27320861816406
PER_DQN,0,160.34194946289062
PER_DQN,0,159.59805297851562
PER_DQN,0,157.3433837890625
PER_DQN,0,154.88037109375
PER_DQN,0,157.89926147460938
PER_DQN,0,157.05332946777344
PER_DQN,0,156.46487426757812
PER_DQN,0,154.0806427001953
PER_DQN,0,156.841552734375
PER_DQN,0,156.29391479492188
PER_DQN,0,154.01171875
PER_DQN,0,152.00991821289062
PER_DQN,0,154.15106201171875
PER_DQN,0,153.8516082763672
PER_DQN,0,154.5651397705078
PER_DQN,0,152.23793029785156
PER_DQN,0,154.91925048828125
PER_DQN,0,154.54995727539062
PER_DQN,0,153.05508422851562
PER_DQN,0,150.69093322753906
PER_DQN,0,153.51409912109375
PER_DQN,0,152.9934844970703
PER_DQN,0,151.32278442382812
PER_DQN,0,148.6465301513672
PER_DQN,0,152.0665283203125
PER_DQN,0,150.80873107910156
PER_DQN,0,149.78900146484375
PER_DQN,0,147.52706909179688
PER_DQN,0,150.24929809570312
PER_DQN,0,149.37306213378906
PER_DQN,0,145.86386108398438
PER_DQN,0,144.02069091796875
PER_DQN,0,146.4562530517578
PER_DQN,0,145.1299285888672
PER_DQN,0,144.12307739257812
PER_DQN,0,142.45323181152344
PER_DQN,0,144.65701293945312
PER_DQN,0,142.7000732421875
PER_DQN,0,142.8095245361328
PER_DQN,0,141.35279846191406
PER_DQN,0,143.3111572265625
PER_DQN,0,141.40406799316406
